message_id,user_id,action_name,channel,send_time,open_time,click_time,conversion_time,experiment_id
a815218d-e054-482e-a583-6a0956a8879f,156b8969-f41c-5070-bf45-9fd3875e9214,send_reengagement_message,push,2026-04-01 03:47:57+00:00,2026-04-01 06:47:57+00:00,2026-04-01 07:40:57+00:00,,
db9acd48-5e7d-48c7-b23d-81ff920bd64f,a8376540-000d-5855-b682-9aa197e52914,complete_onboarding,in_app,2026-04-29 09:40:15+00:00,,,,
bcfd2cdb-f928-4c4f-8795-34764d609a28,a57fbc32-4b1b-5992-8e8b-6c615f3b8ea4,complete_onboarding,in_app,2026-04-21 03:58:12+00:00,,,,
ccd328db-b709-4d85-83f9-48088f41dfb5,ae13867b-fc5a-59ab-b810-ff986182d58d,complete_onboarding,in_app,2026-04-06 06:46:56+00:00,,,,
75f54b7c-e6c5-4925-a34d-dca48fffab43,6dfabb24-2054-5c13-8ef8-23c6a0a3f76c,complete_onboarding,email,2026-04-05 21:04:22+00:00,,,,
c150acc7-5b63-4f61-be84-9d5fd0ecc5e0,7accd51b-5cc2-57d0-986c-14a0ea1d5337,complete_onboarding,in_app,2026-05-05 05:50:16+00:00,,,,
d2bd510f-930c-4e8d-b2f4-6bc79aa2bc72,e1ed019c-9f3f-5021-beb9-a98ac99f0bc9,complete_onboarding,email,2026-03-12 22:19:32+00:00,2026-03-13 20:19:32+00:00,,,
6bacb333-e93e-4cee-9df7-688e440ea9e8,d77ed0c7-11d5-54cb-99c7-bb8a93d35702,complete_onboarding,push,2026-04-24 02:50:28+00:00,,,,
0f1e9d8b-4a62-4c88-ad42-2fbb335fcdc2,2a68e4e1-34d3-5855-ab5b-60f01584a0cf,send_reengagement_message,push,2026-04-01 11:57:26+00:00,,,,
20c1d8f2-efbc-4082-8a43-2102682b0321,f4828567-a783-5a3c-848d-34aabf732a71,complete_onboarding,in_app,2026-04-12 07:50:56+00:00,,,,
012ce76b-bb78-417e-9a46-18d619eb4e20,428387bf-1c71-542f-9d68-55b76fe22a02,complete_onboarding,in_app,2026-05-13 07:37:49+00:00,2026-05-14 03:37:49+00:00,,,
825042d9-aa4c-4b0b-bd36-9bbb0ff5e424,fd8bb877-6add-56dd-82c9-4d8d68e08367,complete_onboarding,in_app,2026-04-26 18:24:20+00:00,,,,
cb8c2ae9-5123-4b8d-985b-473bc0097af0,00f01125-7d4e-5810-a8e9-8d6cbdf5f55a,complete_onboarding,push,2026-04-28 12:26:49+00:00,,,,
bedf60c5-4829-4667-95eb-7feb60941154,dad25142-5873-507b-bba0-a35ee88f801c,complete_onboarding,email,2026-04-25 12:08:31+00:00,2026-04-26 06:08:31+00:00,2026-04-26 06:27:31+00:00,,
8d78c14c-aa40-4d38-ae80-6c7ccd29a440,b97163de-4ad1-5c72-b3d2-d3d786d07326,complete_onboarding,in_app,2026-04-30 05:43:19+00:00,2026-04-30 06:43:19+00:00,,,
32c51291-377a-426a-98b7-7a6e1e5307f9,e3c5f824-9653-5968-8782-57a8cb65a8f2,send_reengagement_message,in_app,2026-04-30 09:54:10+00:00,,,,
08e92e58-5b86-4afd-b76b-e449f1e532bf,14be18d2-4bab-5761-b539-6eab4716ce7a,send_reengagement_message,email,2026-05-22 22:37:22+00:00,,,,
4f8657a3-826f-4468-856a-eb0f4d290f16,84f8f083-372b-5872-b012-986f9ebec92d,send_reengagement_message,push,2026-04-26 01:50:19+00:00,,,,
8e62df8a-b5f9-447b-a84a-60ce9fc33680,9a7478cc-93e2-5737-84fd-b8551a7d8984,complete_onboarding,email,2026-04-10 12:34:56+00:00,,,,
42db8f60-c384-4a42-95eb-64d5fee1d3ee,c31a4d7d-f6f7-5dbc-abe8-40701bf34301,complete_onboarding,in_app,2026-04-01 14:02:28+00:00,,,,
c154eb9d-20f1-490d-9f1c-6dfef6fb6038,58787f61-e4cf-514e-a896-d990ba049fbf,send_reengagement_message,in_app,2026-04-07 14:18:06+00:00,,,,
0feb3eed-da5e-418f-bf57-511d996c6212,c993aad0-c33b-5914-995c-8311b1dcb1cf,send_reengagement_message,push,2026-05-28 22:43:21+00:00,,,,
e63c775e-b503-41ed-81a6-ebd41abde15c,a941e836-0a79-5a68-92f9-2a7d9c781aff,complete_onboarding,in_app,2026-04-29 22:16:31+00:00,,,,
a3c54478-6624-440f-b7a6-d70e1329a434,23d4583a-8cd4-51c0-92d2-d18753b4adde,send_reengagement_message,in_app,2026-05-09 10:14:25+00:00,,,,
d64439b6-4fdd-48ff-8156-c3d872ea7690,eea22772-8da6-508b-9ee1-d05be784bf3d,send_reengagement_message,push,2026-04-22 18:23:52+00:00,2026-04-24 06:23:52+00:00,,,
0dc40d66-c45f-40ad-81c5-aa184a90efd5,0fd3b4a7-6ae5-5bab-9b27-31bbfb22d08b,complete_onboarding,in_app,2026-05-02 18:29:34+00:00,,,,
0399ecec-b150-40ce-9718-a0d6165fabb2,16a9fd4f-b49d-5012-8456-ac70aa9be1e9,send_reengagement_message,email,2026-05-02 15:13:49+00:00,2026-05-04 02:13:49+00:00,,,
6c9d7e3b-09fb-48fa-807c-78a3f3fc84f2,90d995fb-841e-5d69-a4bb-a4072118637d,complete_onboarding,push,2026-04-06 14:17:37+00:00,,,,
e8352c7d-4827-4d68-8ade-9120a11b2fee,03a3fc85-5e22-5ae0-b2a6-049a2681be8c,send_reengagement_message,push,2026-04-26 01:57:38+00:00,2026-04-27 08:57:38+00:00,,,
b9a182f2-c3ca-4df2-bb8b-bfe58dfaa63e,4f215547-bc6a-54b6-96c3-14de03d686aa,complete_onboarding,in_app,2026-03-22 16:18:25+00:00,2026-03-24 02:18:25+00:00,2026-03-24 02:45:25+00:00,,
e298ccbe-fcf9-4899-82a5-1c53db5aa713,0b6530e0-bdcf-5c20-8886-70bc7fd5628a,send_reengagement_message,push,2026-04-01 08:34:36+00:00,,,,
c35ac248-8b9f-4503-9dc1-cdd6514075ef,bba0985d-42bf-59aa-ae7d-c56ba9dfbb19,complete_onboarding,email,2026-04-14 06:23:31+00:00,,,,
8b02136f-08e7-4c02-92d8-2c91a017b33b,cc3b6de8-1426-5d98-8eb6-ca8f5d43e03e,complete_onboarding,in_app,2026-03-11 09:40:51+00:00,2026-03-11 15:40:51+00:00,,,
18bc7911-de70-4130-bb58-8e637ed20a69,76f32d5d-a5c0-5278-bc4a-2629a8180174,send_reengagement_message,push,2026-05-24 05:19:48+00:00,,,,
e02ec8c4-6daf-4ac1-82a7-d364fae0aae5,7a9e174f-0889-5f14-a7ad-0a7ced67b9ec,send_reengagement_message,email,2026-05-22 02:33:24+00:00,,,,
565bf71f-de27-4710-85e0-00e47a3ac21c,650ccdbc-cd8c-5e32-84e1-447cdf614852,complete_onboarding,in_app,2026-03-26 02:18:49+00:00,,,,
7a884fc7-0f90-495f-902a-a3cfe8bd1c0e,bbfb57da-47df-56d9-bc1d-494f8745d808,send_reengagement_message,push,2026-05-08 14:02:09+00:00,,,,
cae44d78-793d-48b2-a965-f6a28270063d,e988c487-5e6d-567e-9f2f-6a99b43cd611,send_reengagement_message,push,2026-04-06 09:37:08+00:00,,,,
97542693-b5ab-4988-a9d9-4790492b87eb,bb2a5e34-323d-5568-a788-cf1f2476f9ab,complete_onboarding,email,2026-04-28 07:23:34+00:00,2026-04-28 08:23:34+00:00,2026-04-28 08:41:34+00:00,,
e9b0334e-cac1-4f31-81f0-1896fc918d34,50fd8e8a-3ddd-5947-b40f-cf81899605f3,complete_onboarding,email,2026-04-24 08:03:56+00:00,,,,
aabe084a-2b7a-4b5b-8f9c-44f3336e536f,14d27e13-82ca-5cf1-95d3-f1850047d202,send_reengagement_message,push,2026-03-30 16:28:30+00:00,,,,
a5c6a522-3e58-472f-8b21-57ad893dbfe7,e929c47b-9a39-55a8-a07f-eb58017c8097,send_reengagement_message,email,2026-05-31 23:28:32+00:00,2026-06-02 06:28:32+00:00,,,
f4e6a2a9-5746-4d54-8da8-11b756071b8d,54f02b1a-f482-568c-9ec4-696b31f27244,send_reengagement_message,email,2026-04-25 18:03:29+00:00,,,,
af78d301-21b3-4af8-9ada-85054df4c931,6ecff957-50b9-52f4-b240-fc6b58fa6884,complete_onboarding,email,2026-05-07 15:00:29+00:00,,,,
524feee5-58aa-4988-bd99-7d83ffb5fb25,d619668d-46b8-5173-b0b0-b6f1cb64b3c3,send_reengagement_message,email,2026-05-11 18:38:00+00:00,,,,
4e427ef3-52a4-41a3-a55b-bb3b9c9570ca,396ca7d4-6801-530d-bedd-b7ef65add8e8,send_reengagement_message,email,2026-05-18 17:00:10+00:00,2026-05-19 01:00:10+00:00,,,
a240a519-4e3a-412e-9137-a7525ca93cf2,890c1a16-2568-5f26-8886-9558a8387d0b,complete_onboarding,push,2026-04-28 10:23:35+00:00,,,,
d0b6d5be-b554-4c7d-9610-11a896ba2ed4,f289d90e-2085-5c3b-b37e-94949747f642,complete_onboarding,push,2026-03-20 10:19:17+00:00,2026-03-20 23:19:17+00:00,,,
fc3ced7a-220f-4881-a01c-770859361f84,5015807f-9463-5309-81d2-c57de67f8002,complete_onboarding,email,2026-04-01 02:37:41+00:00,,,,
4ac49721-2b58-4cb9-acdb-806600bad1c1,41edb944-92bf-5a13-bf32-ef26a530548d,complete_onboarding,email,2026-04-08 04:53:22+00:00,,,,
b76dde0d-5219-4631-9bbb-fe83a42b758a,4d413292-cc70-52a7-a775-883b0bb393a2,send_reengagement_message,email,2026-04-29 08:20:33+00:00,,,,
b260b4d8-7ea0-4f88-80e9-4a7b41e3521b,c3eefba9-eaa8-5ea6-9ea8-aae6096a9773,send_reengagement_message,email,2026-03-29 00:32:19+00:00,,,,
72ccd58e-6854-4b54-bb77-2e0a2a55116f,8d3c19c7-0332-56c8-ad69-1b082c9033c6,send_reengagement_message,email,2026-05-02 17:07:07+00:00,2026-05-02 18:07:07+00:00,,,
6c681ef6-c32c-49a2-a6b3-064a4ecad89b,946b304f-64bf-5072-b07a-1d7c12944f6e,complete_onboarding,push,2026-03-17 15:30:11+00:00,,,,
1a97831c-c1de-478f-8a5a-19bc9202a25b,d3e4645a-3bfb-58ec-823e-cf8a8250c913,complete_onboarding,push,2026-04-27 07:01:48+00:00,,,,
35ce286b-1266-4d4e-91e0-e765e565186b,343a180f-8098-55a1-b41d-07180c7d4025,complete_onboarding,push,2026-04-23 03:07:43+00:00,2026-04-23 07:07:43+00:00,,,
e98c53a6-bc6b-456b-a620-f74d83cf7e73,f0458768-9a9a-5902-8961-ac03237b26d2,send_reengagement_message,push,2026-05-28 15:42:20+00:00,,,,
0806033e-4f7c-4f64-8300-1a96b43c028b,69de2c69-0869-5e44-8871-cebff35cd4e3,complete_onboarding,in_app,2026-04-27 09:19:33+00:00,,,,
60e80800-01e1-42ec-aafa-381a54e6a6dd,e4aa26cb-55d5-55c2-91f7-4fd50f5a55a7,complete_onboarding,email,2026-04-01 07:09:35+00:00,,,,
477a5da1-bb51-483f-b06a-9971b5a0d328,2d6690b2-80f4-5417-b67c-68aa1bf58193,send_reengagement_message,email,2026-05-31 18:11:45+00:00,,,,
3e3fdc60-62b3-427c-a770-f2d517d97f45,3139e0b2-b2eb-5b1e-9e57-7bc1506eb810,complete_onboarding,in_app,2026-04-04 08:22:04+00:00,,,,
20d84a24-2524-4f26-a275-c67f6aac1cbd,140a5cc9-3d70-5e0a-bcc9-95de78cefc37,complete_onboarding,email,2026-03-29 11:33:59+00:00,,,,
eee2b706-f88f-4e92-b4da-e0aa91019118,07234249-5754-54cd-b00a-42b999b54371,complete_onboarding,in_app,2026-05-08 11:34:01+00:00,,,,
bd6233da-eda5-495e-9d75-911fce593861,a892dca6-2136-5761-b5b7-6322a9c5b580,complete_onboarding,push,2026-04-01 13:28:51+00:00,,,,
579f2325-90a1-439a-8f35-fa77d14f136b,5f2c34da-8606-51cf-aed2-8a1d5a5e8046,send_reengagement_message,in_app,2026-03-31 06:25:26+00:00,2026-04-01 05:25:26+00:00,,,
4662890d-9495-42dc-8353-719eaaea1947,1919a46b-3242-5f97-a955-16760d67532f,send_reengagement_message,push,2026-04-27 09:35:02+00:00,2026-04-29 07:35:02+00:00,,,
cc4c6467-c4e5-4566-b109-4d3f418e1a2a,9e7d83d1-9c7d-5af1-8982-32d9123d006f,complete_onboarding,email,2026-04-30 21:38:44+00:00,,,,
53d10c73-ad7c-48ab-bfd4-1b1aa9e67332,f203ef2a-ed75-5535-80ed-457d4cb81983,send_reengagement_message,push,2026-04-08 01:45:51+00:00,,,,
57b57a53-ec09-48b6-b59f-1129dd987cb8,791094a8-d4c1-560a-bd27-b33c6aa157c1,complete_onboarding,email,2026-04-07 22:37:45+00:00,,,,
35b95b75-95b2-4358-9900-6b131287da23,77b99a34-f561-5ea6-928a-7ee9d877a2da,send_reengagement_message,in_app,2026-04-03 23:08:59+00:00,,,,
d0a6bfe6-9a91-4e2b-b84b-b6151538ed3c,3732fa0b-ce2e-52ab-99b2-2466f84bc1e4,send_reengagement_message,push,2026-05-12 08:48:27+00:00,,,,
3c49ee1b-ce9d-4e0d-98dc-4b260c70f7bc,5db0fa1d-bb40-5a44-af77-4b27ffa33de2,complete_onboarding,push,2026-04-08 19:46:01+00:00,,,,
77342bfa-b667-4fd4-a09e-bcecc218ffe0,7779dfba-d3c3-5806-bb46-f695c35e27df,complete_onboarding,push,2026-03-29 18:48:17+00:00,,,,
4b795251-433e-4063-9e8a-5f211f5af87a,9f7cee05-1b06-5e28-93b2-b912b923f104,complete_onboarding,push,2026-03-22 15:45:41+00:00,,,,
e8e846d9-30bd-4b37-b54c-d9d0740c127c,a5692f6c-ce51-5017-954d-51953b021132,send_reengagement_message,in_app,2026-05-03 22:48:41+00:00,,,,
07395d3d-b4b8-4bac-a576-7b963364092e,c4e6defb-1365-52f0-902a-defc337babd0,send_reengagement_message,email,2026-05-11 05:12:42+00:00,,,,
9f49be4b-d108-4130-a185-3388449b2958,a06708a1-545b-51d8-b968-7486973be4e0,send_reengagement_message,email,2026-05-29 21:08:47+00:00,,,,
1cf89539-b912-49d6-a26e-d6b3a0e1bbe1,76e690b8-65df-565f-8aa7-6cf7e94e92fe,send_reengagement_message,push,2026-04-25 03:55:23+00:00,2026-04-25 20:55:23+00:00,2026-04-25 21:47:23+00:00,,
4ce49ca6-91c9-4edd-a50c-c7cd1b3f54df,c5dfff90-fe8e-5e80-a36d-31a29c66ed52,send_reengagement_message,in_app,2026-04-06 02:05:57+00:00,,,,
53d4bb5d-5232-4cc6-a49e-dcaed1346882,672c9ce5-bef7-585c-8060-df41de43c558,complete_onboarding,email,2026-05-03 10:54:53+00:00,,,,
85f3c975-2575-430c-9738-5e1e4ac7ff53,caff0515-cb19-5e39-9d43-d9df84ad1476,complete_onboarding,email,2026-04-19 10:53:21+00:00,,,,
5f57b879-75fa-49c9-ad8c-6357a924ee9f,cd9543d0-0f11-5aa4-9143-4a6aa12700d5,complete_onboarding,in_app,2026-03-13 17:00:25+00:00,,,,
f03ddf7d-bfbd-4564-a58d-75f5d2183ff3,3ae6e71e-ac3f-502f-bfc9-ed6224de994f,complete_onboarding,push,2026-03-28 13:16:43+00:00,,,,
4749568d-8ccb-447f-97ce-ba24684ace26,b9e7ff0a-128a-5bf6-8f96-3eebfbb8c3e8,complete_onboarding,email,2026-04-28 23:32:57+00:00,,,,
da47b6a6-55b1-4226-819d-a50e12fe9c15,e745d1e0-0693-5d11-8e6c-a69f7387e5cb,complete_onboarding,email,2026-04-06 00:43:06+00:00,,,,
ca98d772-c5e6-4564-8952-b322d1cfb85a,7983a0f2-08f4-5ce5-bd52-8f9b6f9850aa,send_reengagement_message,in_app,2026-05-20 12:41:22+00:00,,,,
b97a22e2-debb-4f1d-a237-beb6e5db419b,a663910c-1d4b-51d6-8997-5855b4ef0f6d,complete_onboarding,push,2026-04-02 17:39:50+00:00,,,,
da2f4f9d-affd-4186-b862-7c09ebc62daf,f62c7a99-8b41-5f20-986d-6ca2e2960361,complete_onboarding,in_app,2026-03-26 21:28:15+00:00,,,,
f7f47b50-3dfa-4807-9cab-af1c7c030830,51326bc6-b9e2-5ba1-9265-332eeb4e4786,complete_onboarding,email,2026-03-23 12:42:26+00:00,2026-03-24 18:42:26+00:00,,,
02e11ab4-f9b7-4302-b3dd-fd59e8c2d5a9,92944d26-1610-562e-a63d-842f2c2b171c,complete_onboarding,in_app,2026-04-23 02:12:44+00:00,2026-04-24 10:12:44+00:00,,,
3abe5b9e-0ea2-407f-9a1e-0b873f2fb5ea,385d831b-f2f1-5766-a202-fcfeec40a291,complete_onboarding,in_app,2026-04-19 22:28:38+00:00,,,,
ca2d372b-eb77-4a2f-917f-5fda35a87b19,da6dd4f0-b1ef-5621-8e13-173d18388e1d,complete_onboarding,push,2026-05-03 11:00:42+00:00,,,,
4a8a58a7-70d8-4d07-bf18-dd9ccc95203d,6c2c80d8-b802-5cc4-9f42-b32a9c3bb143,complete_onboarding,push,2026-03-20 19:02:51+00:00,,,,
d1ac0bca-3ef2-4de4-9847-7665e0eea5a2,49ec10f5-170b-5a00-97a6-0b5f146b017c,send_reengagement_message,push,2026-05-20 12:54:45+00:00,2026-05-21 18:54:45+00:00,2026-05-21 19:13:45+00:00,,
117e5c08-6dbf-4292-a50d-369c03c64a56,612841e6-7900-5c1b-a0a6-6bd81ac42666,send_reengagement_message,email,2026-05-19 23:34:15+00:00,,,,
ecdba743-2e29-45d7-bf4d-f442c45c959a,08300bcf-d639-5c4f-8ca3-7de93855f26b,complete_onboarding,push,2026-04-30 07:08:47+00:00,,,,
7a589d37-7fe2-49b6-bc90-b6e5847233a0,474337b0-bcc3-581c-8d49-ef733f32aa5b,complete_onboarding,in_app,2026-04-29 20:16:58+00:00,,,,
bc345bd5-db56-47d6-9ac3-19e768940a71,81614459-831a-5b63-9bf3-e902b99aecf7,complete_onboarding,email,2026-04-21 20:59:33+00:00,,,,
b052e908-6939-4d7d-9bcb-03129eaf8fed,9abaaa70-159c-571c-aa47-a74a4541e6fd,send_reengagement_message,email,2026-04-27 12:54:53+00:00,,,,
90fd7c74-47bf-438a-9e13-bccf9b02cb33,c7feed4b-c511-5c9f-b94c-d38ae996dbf5,send_reengagement_message,email,2026-05-13 15:45:12+00:00,,,,
e8f0f316-e924-43a5-8691-fc057113a41a,43497bbe-5a3b-5aa9-86f5-7050598369ea,complete_onboarding,push,2026-03-26 02:54:47+00:00,,,,
45c25223-b7c9-4b33-8843-63920dd6fb15,f5e780e7-ed4f-5927-bf62-47a85cfd08d1,complete_onboarding,push,2026-04-29 20:53:13+00:00,,,,
9bd61cc8-0430-493f-b2f6-a983b238631a,73255bf5-5187-58e9-949d-3c3703371b51,send_reengagement_message,in_app,2026-05-03 08:09:03+00:00,2026-05-04 02:09:03+00:00,,,
6d66b377-6ac1-4250-866f-4feff9aeb074,6cc88392-8d3c-5042-9660-3f001b8fc088,complete_onboarding,in_app,2026-04-10 21:17:01+00:00,,,,
645ce5d3-1968-4f09-93a3-1acd1ee2a7c8,6a341ca0-8390-58b5-97d4-0e343fc85265,complete_onboarding,in_app,2026-04-15 05:50:06+00:00,,,,
59bc74a7-2ca3-4467-bf51-ca37e99b961d,13e22ec7-cf2e-552a-be23-6db2c0b627c7,complete_onboarding,push,2026-03-09 13:42:21+00:00,,,,
e54460a5-aa74-4fdd-b40b-a818697c3217,9f10c02c-83dc-5c4c-9d09-ffa7bbd2d201,send_reengagement_message,push,2026-04-11 22:30:59+00:00,,,,
e5fa524a-3386-4a0d-ab5f-5a6dd351b5e8,ba451cf9-c761-5fe6-b2b2-d8f96b7811e3,complete_onboarding,push,2026-03-14 21:39:41+00:00,,,,
74ef42ff-1498-4cc2-8b35-1668fb7c4251,964632a8-a52a-5f8d-b6db-7f405637bbd5,complete_onboarding,push,2026-04-06 07:59:59+00:00,,,,
94f041de-c75a-4d23-bfc3-2eb3c133858d,a39c5bfe-f901-559b-b50f-1c5949ba287e,send_reengagement_message,push,2026-05-11 02:52:30+00:00,2026-05-12 22:52:30+00:00,2026-05-12 23:02:30+00:00,,
acb9762e-ff8e-4e0c-a5a4-68d2212f2fd8,563e7551-c2bd-5d60-a6a4-6aab389688d7,complete_onboarding,email,2026-04-21 03:44:02+00:00,,,,
869af99e-5e5d-4eee-80c2-ed1def523747,ec5550bc-2ecb-53a0-abc2-1ee8aa8f7d75,send_reengagement_message,in_app,2026-04-27 12:08:06+00:00,,,,
3cd53f7c-3870-4981-8efe-7de4c2b7c0d7,b8a3df33-c2f5-59d3-b16b-97153b0619d5,complete_onboarding,in_app,2026-05-05 00:00:43+00:00,,,,
2604c892-48fe-4d19-b2e7-a22d5cb2b2c3,bea26999-90b9-5630-aa59-2757dc106ffe,complete_onboarding,in_app,2026-04-15 00:01:50+00:00,,,,
fa141f19-995f-4199-8437-b3cbbc3ad0e3,a33126e8-c696-5994-9862-694d0e223f35,complete_onboarding,push,2026-04-28 18:50:16+00:00,2026-04-28 20:50:16+00:00,2026-04-28 20:53:16+00:00,,
329adf4f-4c5d-47f7-924e-e46161a516fe,ba41ad68-1c26-52b9-80a3-873982ba0daf,complete_onboarding,email,2026-04-19 19:05:35+00:00,2026-04-21 05:05:35+00:00,,,
27a593d0-dd8c-46d9-be23-50285a2ffb05,4364997d-37e4-5adf-b700-25d57bd3160e,send_reengagement_message,email,2026-05-04 00:15:28+00:00,,,,
b13c467d-39ec-4c62-98af-ac0bb0b1d207,da56222a-b947-5cdd-8338-8ceb00baac42,send_reengagement_message,in_app,2026-05-03 04:43:37+00:00,2026-05-05 01:43:37+00:00,,,
6ce31f50-ccb7-4082-a70e-51611e1ff93a,15db2520-2fed-595b-a3d5-263a87a2d583,send_reengagement_message,email,2026-04-01 05:58:39+00:00,,,,
62ff1d51-47d6-47d9-b29c-b7cd7ccb9dfe,e3e5e48f-76e1-50b5-bde2-e7016818f208,send_reengagement_message,in_app,2026-05-03 14:02:48+00:00,,,,
ac6a1688-9213-4bc3-a825-749e6be258a3,a856c982-a872-5344-a542-06de8245a020,send_reengagement_message,email,2026-05-19 20:22:30+00:00,2026-05-21 02:22:30+00:00,,,
258872eb-8e59-474c-b432-1c55000d53dd,6f544f84-0155-5c49-b312-6e33b2f76b17,complete_onboarding,push,2026-04-17 14:17:59+00:00,,,,
2946a439-f203-4f6a-9005-9e0976640d53,1b6af1ad-691b-5182-8c32-0d16e01c7257,send_reengagement_message,in_app,2026-03-28 03:02:02+00:00,,,,
1ad942ab-fa1b-4e07-bc4b-41e6e76eed13,55aa44f2-8ff6-547b-9673-1030162c6894,send_reengagement_message,email,2026-04-18 23:27:30+00:00,2026-04-20 09:27:30+00:00,,,
e5f0ffe7-f27c-4e5d-9804-1876fad16ac4,f816d7b1-6c41-59f5-a7fa-b81ce54f7695,complete_onboarding,in_app,2026-04-06 03:12:13+00:00,,,,
4c5ba61f-660d-42cb-930d-12d8381a020e,deb3a5f6-5d26-5269-91c9-697c0760ac54,complete_onboarding,email,2026-05-13 19:24:52+00:00,,,,
2a1ea8e6-abd7-4412-bcd4-3ac1f63ba246,fc41b5d0-1620-55c0-9aa6-deda167bb5f1,complete_onboarding,in_app,2026-03-21 19:21:06+00:00,,,,
2c7c635d-72cf-483b-bcab-305ffd09e067,33de9eac-4b82-5684-9d80-70f54a89aa92,complete_onboarding,in_app,2026-03-26 01:57:49+00:00,,,,
8d99a337-f655-420e-b982-0909c94f4065,ce60558c-a7d7-59ef-a53a-f3256f34e8b5,complete_onboarding,in_app,2026-04-04 04:31:23+00:00,,,,
bafd1483-63c0-409e-a736-c6c412266e75,dee34152-abee-5a1a-a7ad-b43430a205cc,send_reengagement_message,email,2026-06-02 11:51:14+00:00,2026-06-04 07:51:14+00:00,,,
e46bf0fa-fcc0-405f-abbd-9359569db94f,e5983aec-a983-582b-a4e4-d5846b7e55dc,complete_onboarding,email,2026-05-04 21:14:06+00:00,2026-05-06 00:14:06+00:00,2026-05-06 00:26:06+00:00,,
78bd8bdc-2b5e-49a9-9753-3e10342fb2fd,b6b5a513-0390-5f5d-b353-2c420948ff0a,send_reengagement_message,in_app,2026-03-28 09:27:04+00:00,,,,
50500426-1b7e-4ed7-94b4-0db185fa54c1,239add91-6190-5a83-afb9-de29ef78d9be,send_reengagement_message,push,2026-04-11 03:24:12+00:00,,,,
4023689b-ccae-4326-909a-ecd455a5cff1,69acccbe-d428-5269-8675-79b0fa6e1839,send_reengagement_message,email,2026-05-21 16:41:33+00:00,2026-05-23 03:41:33+00:00,2026-05-23 04:16:33+00:00,,
ed3fb331-2cc9-49b6-84ca-cd7527c2d0db,47362eda-3c8c-5988-80a3-a6bc609c4ee3,complete_onboarding,in_app,2026-03-11 00:32:56+00:00,,,,
55992128-ad65-4365-ac94-4c3791cd7b0e,caea2139-99e0-5e90-8984-32b86afcc8f6,send_reengagement_message,email,2026-05-24 00:59:26+00:00,,,,
dd5ceb22-17c5-4d94-8cf6-d8101bca6716,a07e87fe-eb08-5787-ab41-8e498385811f,send_reengagement_message,email,2026-04-14 09:58:17+00:00,,,,
fcc8577c-fa2d-49ec-8aba-990a0460f303,08731266-ce3c-5036-946c-820fca4b3c90,complete_onboarding,email,2026-05-09 07:37:53+00:00,,,,
c44c7584-b1e0-4629-9227-20d02090f835,42141a09-3fe5-520a-a643-6a5c094673ee,send_reengagement_message,push,2026-04-15 06:11:27+00:00,,,,
5b0cfaf9-b55f-4050-9d57-ca3c372e56d8,da9f04ea-3022-516a-9769-80222ec5174f,complete_onboarding,push,2026-04-05 23:13:42+00:00,,,,
4d60b72a-a3f6-4195-a214-b4a26bb6f989,8f5ea733-b308-5d72-b252-8b91a2174a23,send_reengagement_message,push,2026-05-10 16:08:00+00:00,2026-05-12 14:08:00+00:00,,,
1c9556a5-1ca0-4e6d-8d0f-a9140308eb23,611eadf6-e396-5c08-916c-fa69900fc416,send_reengagement_message,in_app,2026-04-03 17:07:14+00:00,,,,
c4890e1d-70cc-4627-aff4-07db82513282,7dbc8409-dbcf-5087-bf04-b36e26b3d139,send_reengagement_message,email,2026-05-03 10:26:41+00:00,,,,
d2a62c4f-760f-43ea-bd43-dec0c0313489,718cab10-e6d0-5ed7-857a-67c8f00508ac,complete_onboarding,in_app,2026-04-10 20:18:19+00:00,,,,
b0f60a2f-4e75-42ca-8180-265c4097ae11,6cee2f20-764f-5c54-b6d1-b67259b3b077,send_reengagement_message,push,2026-05-19 02:08:06+00:00,2026-05-20 16:08:06+00:00,2026-05-20 16:27:06+00:00,,
3a9da4c3-968c-4363-94e2-c0794f5ab98b,caaad341-549c-5147-a09d-ad16061d762f,send_reengagement_message,in_app,2026-06-02 17:33:09+00:00,,,,
19914782-444e-4401-bdc5-536e7bdfc9ac,37166b19-c54f-553d-aa2b-5aea9b6c4e86,send_reengagement_message,push,2026-04-23 05:36:44+00:00,,,,
4e2a7dc1-b92d-4810-94cd-6ea3a355f5de,31fe79e9-c155-54f8-ad1e-ab6efe25d2e0,send_reengagement_message,in_app,2026-04-23 00:58:34+00:00,2026-04-24 04:58:34+00:00,,,
2217b2f6-74e9-4a15-b87e-a4b3aeb196b4,5eff8510-1b91-5f58-969f-fe78f1b6e626,send_reengagement_message,push,2026-04-23 20:08:21+00:00,,,,
8b439d91-714e-4887-bcfb-025bf6ab37ee,72eecfb0-3273-58dd-9f23-fc86df20af30,send_reengagement_message,in_app,2026-05-21 04:01:02+00:00,,,,
eb6aa5d7-5295-4d52-a007-1e25ac268798,a8cb04d4-42d4-5d9e-a2fc-3811903b7fe6,send_reengagement_message,email,2026-04-17 03:55:58+00:00,,,,
d86ff94d-d1dd-4736-b8c2-8235fc53c3cb,9e192bee-178e-5816-90fa-95d08d5dceda,send_reengagement_message,push,2026-04-06 12:30:24+00:00,,,,
0d1ba58a-8e96-4c46-9894-7cf0c75ccacd,d909ea62-579e-51f7-a6ea-e88b792f31d2,send_reengagement_message,push,2026-04-18 01:35:10+00:00,,,,
4671e95e-996a-4fa0-95e8-9e7bb19dc84b,9555fc85-a045-557b-a728-9299a1100654,complete_onboarding,push,2026-03-14 07:46:18+00:00,,,,
a9e4e974-1f74-44a6-babe-2064af6a8bf0,ed908457-5ef7-521d-833e-ae85bb121125,complete_onboarding,push,2026-04-29 05:41:25+00:00,2026-04-29 22:41:25+00:00,,,
430d5451-3f97-4243-82d9-0c06cd4d73a6,9413b454-2691-551a-b10b-84b366253f95,send_reengagement_message,push,2026-05-14 20:13:36+00:00,,,,
eeb9f262-265d-46bb-ad99-608053b99e97,5184ca1b-b79b-5a0c-ba76-4c4df550031c,complete_onboarding,in_app,2026-04-24 01:51:07+00:00,,,,
673492de-4115-4f3e-8495-05a9245301f4,5c4421b3-2562-57ee-972c-db1335c78da4,send_reengagement_message,in_app,2026-04-26 20:52:06+00:00,,,,
a68b3c95-6ea9-493d-b3c4-08f066d0411c,291939ac-98e6-5101-af60-219ebecdf53f,send_reengagement_message,email,2026-04-06 03:03:56+00:00,,,,
75194147-d40e-4d8b-811a-c0f8fd448f60,e72cced0-252d-52a2-9f1f-57ee92c4141c,complete_onboarding,in_app,2026-04-10 13:43:47+00:00,,,,
eea19eb7-9027-4809-ac97-3bbe34b78279,baa6e45a-8806-5d87-9901-03c679d6b318,send_reengagement_message,in_app,2026-05-29 17:24:46+00:00,,,,
6ba52e25-ed5e-4f44-b524-84277c36849d,1b25121e-a313-50b4-9504-c88d3e49881a,complete_onboarding,in_app,2026-04-10 07:34:41+00:00,,,,
441335ec-a000-44fe-bd60-fce88f12d9b4,25dac7cb-be81-59fa-a69f-27633e747999,send_reengagement_message,in_app,2026-05-13 01:06:22+00:00,,,,
35008926-adab-49e5-ac6e-4af41b366150,4c8e9b09-45e0-5d2a-9aef-b0ae66574065,send_reengagement_message,in_app,2026-04-29 04:45:22+00:00,2026-04-29 10:45:22+00:00,2026-04-29 11:04:22+00:00,,
401ea1fe-f563-4423-a311-0ae67bb8afea,7f80174c-ea56-5980-84a7-6297754172cd,complete_onboarding,email,2026-04-06 18:50:04+00:00,,,,
13a8387a-89b2-454a-8ae9-e768130b9d98,bb47d899-8667-5cb7-868f-b763a8195af0,send_reengagement_message,in_app,2026-04-06 11:15:00+00:00,,,,
25946994-d87d-4c1d-b820-e1fc485d9d64,b7d2f6f2-6a47-5171-8121-31d77124aec4,complete_onboarding,email,2026-04-02 06:58:15+00:00,,,,
24fd7f19-6b08-4c51-b630-401807ca4625,7e903022-4bca-5aa7-ab80-999d0550e721,complete_onboarding,in_app,2026-03-23 11:23:47+00:00,2026-03-23 21:23:47+00:00,,,
60c44936-229b-4782-8df2-d3b80fe2b745,bf1e39a9-4d20-5428-9eb4-ea28b129ab4f,complete_onboarding,in_app,2026-03-27 19:18:13+00:00,,,,
a6c00748-3bfe-4ceb-b5ba-4fa3bdb8880d,e996f0e4-f787-55f6-927d-f91bc94df46f,send_reengagement_message,push,2026-05-12 04:12:28+00:00,,,,
905a1001-bcb5-4486-898f-c59239ca1a0c,59499486-c728-5e8f-a62f-6d507b76793b,complete_onboarding,email,2026-04-17 21:31:01+00:00,,,,
90b25a08-752c-44e7-bb71-5bd8e5d32c06,670f586f-1cbf-55a6-9f39-3cec85d1a831,send_reengagement_message,in_app,2026-04-19 23:09:41+00:00,,,,
a5c4d6d2-0c07-4bdc-ab09-43c8ccabc5a3,89831d70-6101-5d50-9ce6-33c3872965c6,complete_onboarding,email,2026-05-12 05:15:02+00:00,,,,
372da2f3-c298-4417-8f0b-94deaf2e3c04,55cdcfc6-d802-531f-9152-a65dc59f84bf,complete_onboarding,email,2026-03-13 01:08:52+00:00,,,,
734bb5c2-3572-4f86-acc1-8aebc33ee6ea,fb1298c8-8974-506b-ad45-b661e7d7f728,complete_onboarding,in_app,2026-03-30 15:19:48+00:00,2026-03-31 04:19:48+00:00,,,
690d718d-ca87-411f-9506-47316520d88f,b24f5245-b425-5e6a-b075-33fb7e371bb4,complete_onboarding,in_app,2026-03-30 09:17:26+00:00,,,,
3104cc20-6b6e-48a9-8948-1a1b61601b7b,796d5162-d917-5806-9ee0-989077c5cd25,complete_onboarding,email,2026-05-12 08:54:08+00:00,,,,
5318a2d4-3a2f-466d-b993-02c36c9abf84,5bb6da5b-a31d-5c3e-b1f1-44cfc798e5f4,complete_onboarding,push,2026-04-01 06:31:55+00:00,,,,
516d10bb-1f2d-478a-aa02-eb79be239fcf,fa0d2ca7-31d1-52a4-9f58-4d8631c2b4b2,complete_onboarding,email,2026-05-08 16:36:33+00:00,2026-05-10 10:36:33+00:00,,,
4f26e6e0-651a-4a76-bcea-5a72ca9e820a,27d0e1ae-43e6-5ce1-b724-c338d5b88ae9,send_reengagement_message,push,2026-04-29 03:49:42+00:00,2026-04-30 18:49:42+00:00,,,
57a71db3-1a2e-4b65-b8ef-1aec63084801,95d8d26b-d936-5be6-bc9c-5881bbf570be,complete_onboarding,in_app,2026-04-24 06:42:53+00:00,,,,
d869c254-08e0-466b-9a4c-e4f897c3e396,b16ab0db-5955-5662-a548-e574779c4760,complete_onboarding,push,2026-04-07 13:28:59+00:00,,,,
d2a1c79f-eccd-44b0-a28d-f6bb623d342b,aa482b3e-07fb-5b0c-a756-4a7c39d099f2,complete_onboarding,email,2026-03-25 08:16:49+00:00,,,,
9fffd283-be41-40bb-b455-87267f67f86a,9c28dc3f-72fc-52ba-ab9e-8242d771edc0,complete_onboarding,in_app,2026-05-12 20:57:20+00:00,,,,
63d5184d-bd5f-422f-9ee4-f459e9dad82c,a0daec2c-24e4-52cf-b41e-8d679f580e65,complete_onboarding,in_app,2026-03-25 04:23:48+00:00,,,,
cd8e1eab-b0d6-4571-bf76-d5aee03363be,22ca9af4-5939-5831-a345-6c76d4f6e123,complete_onboarding,in_app,2026-03-25 00:26:51+00:00,,,,
60d77044-c87e-44b2-a6eb-4f8e554a9b6c,71efbb99-8cb8-587f-bb93-c0c8403a0b8e,send_reengagement_message,in_app,2026-05-14 11:10:11+00:00,2026-05-15 03:10:11+00:00,,,
e77c7505-2312-44c2-8c43-01f519a344a6,9e5617ea-4441-5a4a-9423-cb4fc0c34324,complete_onboarding,in_app,2026-04-30 10:35:40+00:00,,,,
44a220ed-7846-424e-b722-5f4c4db7d25e,011e7c41-9604-5265-985a-3fcb71749868,send_reengagement_message,push,2026-04-26 00:08:32+00:00,,,,
b338f0ec-577e-432e-85b6-411a653d3a40,e1c7370e-7e5f-5ac5-87e7-2668c259f108,complete_onboarding,in_app,2026-04-26 20:20:18+00:00,2026-04-28 05:20:18+00:00,,,
ede0b43d-e0e8-4e29-8cde-4503d7c95eec,67c8813a-5dc9-5b49-92db-c31e31efc617,send_reengagement_message,push,2026-04-13 18:49:54+00:00,2026-04-15 04:49:54+00:00,,,
616db74b-5c46-401a-9dd1-b770e7cfa0ed,dccb4cab-d2bb-5e0b-9f20-c03b6e05247f,complete_onboarding,in_app,2026-03-12 11:14:36+00:00,2026-03-13 04:14:36+00:00,2026-03-13 04:53:36+00:00,2026-03-13 19:53:36+00:00,
5295cfb2-bb31-4533-8649-139ab389e841,20dbfdb2-377a-50f4-a65c-086ca62d87ae,complete_onboarding,in_app,2026-03-13 15:37:23+00:00,,,,
4793190c-7877-4210-a94e-293979f5955d,557f3dd7-f54d-5482-a81e-df6e8b3fc728,send_reengagement_message,in_app,2026-04-25 20:16:15+00:00,,,,
58da47c2-0de1-4a0c-92d4-f23fef15911d,fb648a92-4439-5287-bcfe-085dff4a0f48,complete_onboarding,in_app,2026-05-08 06:42:33+00:00,,,,
444744ff-6a9a-464a-abb2-a854a5c1e1f9,82ce052c-16bb-50af-8b03-fa1f3cca2e1b,complete_onboarding,push,2026-03-15 19:16:01+00:00,,,,
fc6237b2-b3b3-45c3-9844-619ced3f9342,5fe5e30a-64d9-587b-bcd1-0578a9afba49,send_reengagement_message,email,2026-04-26 10:45:54+00:00,2026-04-27 17:45:54+00:00,2026-04-27 17:50:54+00:00,,
81170552-be63-43d3-889d-5ec287d7d73f,1714e5c3-c1c4-5239-8ac1-c4342ec5dae3,complete_onboarding,in_app,2026-04-24 13:52:36+00:00,,,,
6ec3a13b-fade-4cf5-b7e3-2c3730b4b11c,7c5f767f-b6e9-59b3-80b9-d512ede004ad,send_reengagement_message,push,2026-04-08 23:06:48+00:00,,,,
660b3d5f-1b3a-49df-8048-a2878211059a,d503d16e-f21e-5b0b-8850-8e86dcd42d5e,complete_onboarding,in_app,2026-04-25 18:59:47+00:00,,,,
550ca64d-bd42-4868-9bf7-c4632744b61b,8a79ff48-1d3f-5561-a986-5fc9599c4f97,complete_onboarding,in_app,2026-05-01 19:08:30+00:00,,,,
280a374f-b957-4a4f-93d3-5d149e37ae02,811fbc53-7e1c-509e-a3a5-31ff630f42c1,complete_onboarding,in_app,2026-04-15 23:11:14+00:00,,,,
6fff8656-3ef8-4069-953c-714bac552a0b,3fcee84b-74ff-5a13-9272-c28a5ac47c77,complete_onboarding,in_app,2026-04-13 17:40:41+00:00,,,,
ac5aac07-6a21-44de-aed8-5baac65e35e0,8105a48c-a361-51d9-98a5-126980c53eb5,complete_onboarding,in_app,2026-03-19 04:44:07+00:00,,,,
7f179304-db78-4215-9db1-e585f2574652,3bf148fb-c6a2-51ad-a84d-118dad0cb843,send_reengagement_message,push,2026-04-26 23:04:07+00:00,,,,
19159a23-3d06-4070-b0d3-e290b16f02a8,179b3f68-6330-50c9-8013-01c63a3f1580,complete_onboarding,in_app,2026-05-05 02:33:10+00:00,,,,
fc899b11-c2ed-4697-80e8-d775e8911478,8d9182b3-e090-5943-899b-6295e9e4b81c,complete_onboarding,in_app,2026-04-10 00:00:51+00:00,,,,
419b5508-e10d-4feb-aee0-79c9fb44db52,f605f9d9-31a4-5511-a73c-2a2952f2e5a0,complete_onboarding,email,2026-04-25 15:25:49+00:00,,,,
52c5163d-ba7d-4117-95a4-8364265cd7d1,3cde4d43-f807-5dce-8270-29b196e73a57,complete_onboarding,in_app,2026-04-21 18:25:16+00:00,,,,
330ee212-3204-42f7-8164-6f903eecdea2,3224a560-71cc-5d7f-9f8c-dda60aa3a808,complete_onboarding,email,2026-04-05 19:32:44+00:00,,,,
5bbb3b20-65ac-4867-92ea-5638c852f5a7,7463cbde-6778-5f14-bf3c-5ea5ad43c9bd,send_reengagement_message,push,2026-04-16 07:09:09+00:00,,,,
ceb1fe8a-094d-4e67-abf7-beee41e8d8a1,441de2dc-7909-5e3c-aa5a-6f56cef565c8,send_reengagement_message,push,2026-05-08 06:49:23+00:00,2026-05-10 05:49:23+00:00,,,
9fbafa60-fbb5-4e2e-8313-edafd3201c8f,2ca7b43b-53ca-5fd7-96bf-b3150cdbcefa,complete_onboarding,email,2026-03-16 16:12:40+00:00,,,,
c7720807-6db0-49e2-a9b4-84487b10c89f,e2119a60-1993-5638-a804-1e18d5c191ea,complete_onboarding,in_app,2026-04-16 07:15:57+00:00,2026-04-16 13:15:57+00:00,2026-04-16 13:48:57+00:00,2026-04-17 06:48:57+00:00,
04cf6869-812d-4a57-b24b-9ac0c331abb4,ddf3a950-5c04-55a1-baeb-ac58bebee60d,complete_onboarding,push,2026-04-19 09:12:06+00:00,,,,
ac5cb737-0295-49c3-bb97-117d7fa743de,a2ed1b6f-ede2-539d-b9c2-f54ec879a9b2,complete_onboarding,email,2026-03-12 19:50:22+00:00,2026-03-13 00:50:22+00:00,2026-03-13 01:00:22+00:00,,
2b4f01b3-b8af-40e3-b39c-e744e4a5fec2,d729ea1d-a84d-5ccc-b239-e77d941125a6,complete_onboarding,push,2026-04-28 06:23:58+00:00,,,,
281360ba-bc0c-4d78-b067-0033599c0031,19bd4ee3-a51a-50b3-ba0a-523c22cdcb57,send_reengagement_message,in_app,2026-04-23 16:34:36+00:00,,,,
6dd8dc6a-a18c-4c92-9bb1-7f4f9207059b,c8caa692-b530-5c3a-87e3-db5dd88ac66d,send_reengagement_message,in_app,2026-05-19 07:05:01+00:00,,,,
092318f7-8ed7-4f24-97d3-295517998462,d2269551-085b-5b2b-b9e2-33de4dd124cf,send_reengagement_message,email,2026-03-28 20:54:46+00:00,,,,
29295e85-ed09-4e51-927b-8a31df427487,96881d49-646c-582f-ad78-7a5f97634c3e,complete_onboarding,in_app,2026-03-19 09:10:46+00:00,,,,
b32a523b-c062-4e61-ae0b-00ba69d7d392,67c67307-8049-5dc3-8c40-611098faf657,send_reengagement_message,push,2026-04-29 02:02:54+00:00,,,,
6cd917cc-0f59-4de4-9a91-13473e2edb1f,d306f749-e6eb-5a7f-bb5c-74c944edf451,complete_onboarding,email,2026-03-29 18:14:59+00:00,2026-03-30 17:14:59+00:00,2026-03-30 17:52:59+00:00,,
009f73f3-862f-4d86-96c4-31e5ee79110c,be039761-6175-5642-a409-9aa1dcbcfe69,complete_onboarding,in_app,2026-04-21 13:57:06+00:00,2026-04-22 12:57:06+00:00,2026-04-22 13:51:06+00:00,,
220c0956-21e8-43e6-8ba4-541205d80179,ba398dee-41c8-585d-b332-773c618def36,send_reengagement_message,in_app,2026-04-04 23:19:54+00:00,2026-04-05 15:19:54+00:00,,,
ac567dae-be02-4dca-af99-d52be6de66c7,446e023a-b519-584a-bc1e-c250750c2212,complete_onboarding,push,2026-04-22 18:16:32+00:00,2026-04-24 02:16:32+00:00,,,
1a79b999-bf6e-4e2f-bf46-6fa449271555,5bd58cbf-f908-59aa-a649-0df6c1669d20,complete_onboarding,in_app,2026-03-14 03:14:06+00:00,,,,
a5b2dba8-92f0-4df4-a606-20147a3d5b81,8431fc5c-e874-527b-bb1c-6bf5bcad76bf,complete_onboarding,in_app,2026-03-19 02:06:22+00:00,,,,
f2a6923a-f430-44d2-9e67-8e3d59f22e24,70881aac-e7bf-5ea9-8e8d-50c36c577e85,send_reengagement_message,email,2026-05-05 13:08:20+00:00,,,,
70a07929-17b4-4851-9e57-e3c183446650,105c0e84-9935-5721-a324-8919e7652291,complete_onboarding,in_app,2026-04-30 18:00:28+00:00,,,,
e9f8b1ed-3edb-47b4-b24c-bb11a3961273,093d3cb3-8a22-5fc0-9d2f-13ed9c3522fc,complete_onboarding,in_app,2026-03-18 18:30:06+00:00,,,,
56ca7bd7-6633-4a62-9351-9999f4e0fed0,f023d162-ffd8-524b-aa8f-81d7b5c5f17d,complete_onboarding,email,2026-03-27 16:47:16+00:00,,,,
79ff78a0-2658-46c3-a53f-d7d936b18586,eff4986b-ad15-5da8-b673-7fa910a522a4,complete_onboarding,push,2026-05-09 19:59:55+00:00,,,,
97456d87-26c6-4c41-9f1a-a47617d159e3,22a894bc-34bb-501f-b6d7-9e55bf7a4d60,send_reengagement_message,email,2026-06-02 06:54:57+00:00,,,,
d2ca4b69-c89c-43e6-a13a-b387c8ca7435,56706701-ab4d-5263-a21d-88a18ea31dd8,complete_onboarding,in_app,2026-04-16 02:14:13+00:00,,,,
4906b0e0-2ba8-46fc-a893-ff2a2ba64dd8,16629b2f-82a8-5194-a2ff-75edd339f3ac,complete_onboarding,in_app,2026-04-06 20:17:41+00:00,2026-04-06 21:17:41+00:00,,,
1e0e9540-dce5-4f7e-b075-d62ff13a85ba,9e38474c-84f0-52a2-9b8f-ec5b7409fb87,complete_onboarding,in_app,2026-03-30 22:24:58+00:00,,,,
104807ac-4df5-4838-9d83-46003a23c57c,ef9a2272-dc68-5fca-8ce8-46395a8432c8,send_reengagement_message,email,2026-05-07 06:13:12+00:00,2026-05-08 04:13:12+00:00,,,
1a9d20ba-baa8-4b33-961d-89015fa34983,7ca281b8-f8ca-5153-9bbc-e64ee72eb554,send_reengagement_message,email,2026-05-05 18:33:20+00:00,2026-05-06 17:33:20+00:00,,,
81d2c496-f468-47f3-a148-580a0480f651,de6f33ac-ed1b-52c9-a184-bf19fc985f71,complete_onboarding,in_app,2026-03-27 08:06:38+00:00,,,,
e2037fc1-b429-4f29-afd2-f6509a8f65e6,ee70d0ab-d549-5f2b-900d-f04b98d11f27,send_reengagement_message,email,2026-03-27 13:45:46+00:00,,,,
bc79edb0-ff91-4d02-8cd5-1f03e84214ea,f835d86d-45f2-5ae8-b96c-3c84cef2055e,send_reengagement_message,email,2026-04-05 10:52:51+00:00,,,,
34f6aa7e-7212-4c50-bce2-76cf7056f54c,9acb27a9-0731-5a3b-89c8-83a3db7ab603,complete_onboarding,in_app,2026-05-12 03:22:25+00:00,,,,
a92454c0-375c-4a8c-a59c-f76782b48053,c9029764-f4c7-55f2-8164-cedfcecec9ab,send_reengagement_message,in_app,2026-04-23 20:27:51+00:00,,,,
7af77df3-e8e2-4564-9bbd-96b639d63c2d,b08c3341-db16-5db0-897b-d010358c0298,send_reengagement_message,push,2026-04-28 06:41:39+00:00,,,,
dab8c7a7-48d4-44bd-8a75-99b167bac2b9,805bdd50-94de-574c-a66d-ae2343bfc3db,send_reengagement_message,push,2026-04-27 05:31:47+00:00,,,,
d0762eb6-843d-4a69-aa6d-1fd7a94d698c,bf1b488e-7772-5a45-b670-c0e5df8937a8,complete_onboarding,in_app,2026-04-30 00:12:33+00:00,,,,
3dfcaaf0-bfa6-4525-b3e2-488fbef30dea,687ceec9-f80b-5fe6-bd62-0f9e77a0e711,send_reengagement_message,email,2026-03-30 11:34:04+00:00,,,,
fd63226e-945b-41e0-adfd-eaff0b2b07ff,5ae8614f-f946-5147-9caf-7c0c1e4cb7c9,send_reengagement_message,email,2026-03-31 17:00:02+00:00,,,,
8a57ea9e-3b83-416c-a1ab-362879906b10,2f52713a-dc37-5b13-b2da-3ab28c540ad5,send_reengagement_message,email,2026-04-14 00:48:09+00:00,,,,
597db884-d2cb-4a49-8792-e9ab94aae731,18eafa05-d3cb-514d-8f67-f4927b1aed7e,send_reengagement_message,email,2026-04-28 13:54:21+00:00,,,,
c756aebe-ef8d-40f8-89fd-76bff182e47f,968fdce7-f010-5b78-946b-07197c8fc1eb,send_reengagement_message,email,2026-05-11 07:22:52+00:00,,,,
67f32738-e412-488c-a3f2-1e91466a137b,d5e04ee4-ece1-586d-a332-e823bdae53a7,send_reengagement_message,email,2026-04-28 20:36:37+00:00,,,,
a2bf5f85-3215-44f9-987b-99f191065d8a,8cb728ae-4b74-50d6-bc05-0c0abfea6c19,send_reengagement_message,push,2026-04-25 10:34:26+00:00,2026-04-27 05:34:26+00:00,2026-04-27 06:24:26+00:00,,
b32141ef-19ec-423a-a77c-1c84ad0e3066,35eddd38-3ebb-5a21-9e33-706a485056f2,complete_onboarding,email,2026-05-10 17:02:25+00:00,2026-05-12 07:02:25+00:00,,,
6e3aa9cc-3468-4b40-9e3a-6ff087b05c41,b39695d2-a605-5d7c-bdab-37160d1208d0,complete_onboarding,email,2026-03-18 02:38:49+00:00,,,,
7cf43699-3f60-418d-bed7-4608a1f4dbf7,4028f09e-2a1f-5ed3-af2f-d61af47a89ef,complete_onboarding,email,2026-04-15 10:46:52+00:00,,,,
a6f11019-2eca-4610-9ee8-614a296d4a92,0edabb5b-5850-53b2-b695-e705f020a6bc,send_reengagement_message,email,2026-04-27 16:05:53+00:00,,,,
9eb85867-bf21-4bac-8df6-02c2996de302,9d16a219-d8ec-566a-9568-34ad3079b681,complete_onboarding,email,2026-05-01 17:22:51+00:00,,,,
7b87448a-8bc6-476a-949a-3044eb1187ed,10f8c573-5c2c-50eb-9583-376da2d5b13b,send_reengagement_message,email,2026-04-13 10:06:41+00:00,2026-04-13 17:06:41+00:00,,,
967fe9ce-c140-4efe-a8ed-b7a893ae2c1d,2f39d795-e4ae-5445-ab3b-092d97d97890,send_reengagement_message,email,2026-05-30 19:26:51+00:00,,,,
27822adf-7737-439b-92b7-bce3f5583a31,45a4d182-44c8-5d16-9fbd-a0149345e6e8,complete_onboarding,in_app,2026-03-29 21:04:40+00:00,,,,
691535c2-cfcd-4c8c-864d-49c0e7962093,77e1f682-f44d-5e73-a474-09634709ffed,complete_onboarding,in_app,2026-04-13 14:31:37+00:00,,,,
b82fa814-a7be-4856-a266-5480c538e209,81d0ae84-40d7-58cd-badd-cc2aff42179e,send_reengagement_message,push,2026-04-30 22:13:59+00:00,2026-05-01 01:13:59+00:00,,,
c0c9cb5f-318b-43d9-b437-ca2855b7fa6b,747b968f-e375-5004-863c-f985c1f3bf50,complete_onboarding,in_app,2026-04-06 06:50:13+00:00,2026-04-07 01:50:13+00:00,2026-04-07 02:25:13+00:00,2026-04-07 09:25:13+00:00,
d4819390-5732-4595-a75d-9dc836a96381,2a3830a5-9712-587e-9bdc-99806b1d8baf,send_reengagement_message,email,2026-04-14 15:13:45+00:00,,,,
7820bed0-970c-48a6-b877-929dea1ccf5c,9d573e8f-f7bc-5c11-aa6d-41e197a70206,send_reengagement_message,email,2026-03-27 11:47:21+00:00,2026-03-28 08:47:21+00:00,,,
74f6c16c-1f78-4cb6-8103-a054fd79eb4b,95dbf442-309d-5c26-a6e4-94dc3d4c330c,send_reengagement_message,push,2026-04-20 02:15:03+00:00,,,,
8e50fc05-6a18-4461-a4a2-626eb0ef0282,3f11bf8e-624e-56f8-94e9-d35b87ac18c7,complete_onboarding,email,2026-05-03 00:20:20+00:00,2026-05-04 04:20:20+00:00,,,
3fd73443-9f8c-4fa2-a03f-9244c83a3b08,fa911d87-a280-5f11-b1b5-c04820b1f6db,complete_onboarding,push,2026-03-07 16:25:15+00:00,,,,
7532d327-ed4a-41ac-a7d5-284147ce5747,1a7ab541-7ec7-5df3-949c-f1df63e1c228,send_reengagement_message,email,2026-05-26 20:02:31+00:00,,,,
7c54eddf-dc41-465d-9e35-8d471104fcdb,16630f6b-fc3f-56b3-ae89-e58d8f9e052b,send_reengagement_message,push,2026-05-02 10:55:16+00:00,,,,
41a007b2-31cc-4299-a800-2512d0e4ff87,dc499373-096c-54d3-a03b-24e6bd4519b8,send_reengagement_message,email,2026-04-04 16:15:07+00:00,,,,
e4694d9e-741a-4967-8053-3da0cd274a4e,a43e3062-c828-5485-a89a-e93c68bdfe4e,complete_onboarding,push,2026-03-27 20:24:31+00:00,2026-03-27 21:24:31+00:00,,,
f80debf4-cda0-42ef-82db-5dc67d34fde7,ed2fb2ef-de3b-5ef7-b999-2ba6a8e73aa5,complete_onboarding,email,2026-04-14 05:29:00+00:00,,,,
427cdff5-7f57-44c3-a19a-ecce76424390,27a7cf18-78ae-51a0-b0a8-103b98adbfae,send_reengagement_message,email,2026-04-16 18:47:09+00:00,,,,
89238320-d1e3-472c-ac41-d9030e26c567,84777cc8-9eb9-5d18-ad81-6f7474d52e2d,send_reengagement_message,push,2026-04-02 11:48:04+00:00,2026-04-04 09:48:04+00:00,2026-04-04 09:50:04+00:00,,
35d30a4a-ae1a-467c-bbc5-bd6b3d8d58c8,eeebfdb2-b2c9-5dc9-9e08-5d3b0249f6ef,complete_onboarding,push,2026-04-21 22:52:38+00:00,2026-04-22 09:52:38+00:00,2026-04-22 09:58:38+00:00,,
8e965f1f-5d12-44bd-8338-3ebf32dbabd6,d3689b40-db05-525f-be67-5e75510c1bf1,complete_onboarding,push,2026-04-22 09:13:45+00:00,,,,
6d9b7190-a6d1-44d6-9980-18f68022a5b2,fb56eb67-9cb2-5467-af04-53c44eead7ff,complete_onboarding,in_app,2026-03-15 04:51:19+00:00,,,,
be39d2ea-3e7f-42f9-9622-0726654b8e2f,923b7224-3407-590b-9eb3-5189d74cdd65,complete_onboarding,email,2026-03-26 09:43:22+00:00,2026-03-28 00:43:22+00:00,,,
3a853652-dcd3-49fd-b996-874d291718ff,9027f67c-1675-5928-8e8f-4c6fc3c893e3,complete_onboarding,push,2026-03-23 19:51:13+00:00,,,,
0ec69336-56af-44ea-af9d-e5464f9cac2c,543e675e-5894-51f7-a8a5-e9e4eaf18f0e,send_reengagement_message,email,2026-05-10 12:00:12+00:00,,,,
9c0a4b4e-eec7-483d-97c8-96b8c0fda341,2ea104d7-fee6-5a34-80e9-fb88ce5fd009,send_reengagement_message,email,2026-05-15 09:22:09+00:00,,,,
830e95bd-0324-4875-a7bb-67212a5cc0d2,3c099503-27fe-5095-884f-ad3315d2cd45,complete_onboarding,push,2026-04-26 03:54:10+00:00,,,,
5972ff0e-d994-4743-99a8-f23f0f2e5f28,43497311-b14a-5152-b51f-ac85b6da0a05,send_reengagement_message,push,2026-05-29 18:35:18+00:00,,,,
4475fa2a-24a1-4561-aaeb-8013fdd4c4a3,542d20d4-c430-5667-a60c-c8a33975fc27,complete_onboarding,in_app,2026-04-29 00:52:47+00:00,2026-04-29 05:52:47+00:00,,,
f99e74b2-b34e-4723-8cd1-92a64f6a7e6f,0a4398ea-f768-5b7b-a489-40154ff5af0d,send_reengagement_message,in_app,2026-04-17 03:02:41+00:00,,,,
d3b6b6f2-264a-4e46-ba82-cb231aebb7fd,ce3edfef-991c-5fe9-893d-fb10127ab5b2,send_reengagement_message,in_app,2026-04-02 10:25:07+00:00,,,,
2885991c-3d76-4fd6-8c20-964881026868,74fd5acd-063c-583a-bafa-14916866d52a,complete_onboarding,in_app,2026-04-18 09:50:53+00:00,,,,
1e4a4c28-bf96-4b0b-9052-cabbb6f3f538,09bf1a26-8638-53d7-a3ef-668858090387,send_reengagement_message,email,2026-05-28 04:54:55+00:00,,,,
63a14d27-6f10-422a-adf5-57cf0190325c,336f6e94-81a1-5ea7-a843-715969243766,complete_onboarding,email,2026-05-13 06:51:24+00:00,2026-05-14 07:51:24+00:00,,,
c8718b7e-e995-465d-b79e-45fac929a77b,967b7c81-9bc2-5d9f-a589-75a4b2768deb,complete_onboarding,in_app,2026-03-22 21:14:02+00:00,,,,
2d263bac-0ae3-41f7-bcfe-972a22ba8b58,088b7153-9560-5ab2-aec2-60093f5dbc3e,send_reengagement_message,push,2026-04-11 07:34:11+00:00,,,,
2d51ea3a-35cf-4dde-8ec0-521ed408d49a,d30f2653-f5ed-57bd-a190-9b665e6cb7ba,send_reengagement_message,in_app,2026-03-28 13:57:17+00:00,2026-03-30 08:57:17+00:00,,,
6afbd59e-94fa-4694-990e-4c49017318a1,b4bb8249-6ac0-50ae-a5b5-40fa036d8b09,send_reengagement_message,push,2026-05-03 06:50:07+00:00,2026-05-03 23:50:07+00:00,,,
29ea42cb-37b1-483e-a06e-4bd8060883c2,372350a5-567a-56cd-be46-3864fc9ebb70,complete_onboarding,in_app,2026-04-13 17:30:21+00:00,,,,
7599658e-6041-4a21-b813-306deb7e8376,6ce5979e-1991-537b-af7f-33195d0bdc40,complete_onboarding,email,2026-04-01 14:14:49+00:00,,,,
875e048a-c557-4961-936a-fc686661596e,ce8bf30c-bf4c-589c-af40-9d7f3eea6792,complete_onboarding,push,2026-03-28 09:17:09+00:00,,,,
7d852107-6242-43ba-9b89-2602ff0a4cd8,f402e9fb-19ac-515b-abf7-cfab30a80b8a,complete_onboarding,email,2026-05-03 06:07:53+00:00,2026-05-04 17:07:53+00:00,2026-05-04 17:36:53+00:00,,
f1d07a50-f7d7-4676-b614-1744aa08f506,8f935543-0bdc-5af8-b6f9-5b307a15a87f,send_reengagement_message,in_app,2026-04-26 17:48:57+00:00,,,,
95e0c862-6028-4575-b08c-8fbafd2e42c7,b66c9ad5-5f8c-5092-a411-88c88cf119ff,complete_onboarding,in_app,2026-05-01 18:27:50+00:00,2026-05-01 22:27:50+00:00,2026-05-01 23:02:50+00:00,2026-05-02 10:02:50+00:00,
f5b6b732-3799-450e-af1d-7b5547f737f9,d41e62f6-b071-58e0-ae7b-b171c365acfa,send_reengagement_message,push,2026-05-31 11:04:42+00:00,,,,
25b480fc-0f91-4049-9b9e-6dacc09c38f1,bb815448-cdf6-5b8c-8433-fd277490b6b4,complete_onboarding,in_app,2026-03-28 21:10:54+00:00,,,,
5110ddfb-7b6f-46e3-a0a6-b74791b81da8,0f159c23-c719-53f0-849d-adfca56d11b2,complete_onboarding,in_app,2026-03-20 23:44:03+00:00,,,,
6735f1e6-68e2-4b21-9ed2-e1c19e3d50fb,174f5348-ec2d-57a1-8e13-076b521c6282,complete_onboarding,in_app,2026-05-11 18:00:04+00:00,,,,
33b5b76f-9346-4319-8170-b6f42de28b70,5fb3df64-0ffa-538d-b135-29e2b7a9dc03,complete_onboarding,push,2026-04-19 19:16:48+00:00,2026-04-19 22:16:48+00:00,,,
a1fd6d94-c795-4ac3-94aa-fe8d5a6912cf,1b4f0d16-5c47-597d-906f-0cd098f55df3,complete_onboarding,in_app,2026-03-27 01:45:34+00:00,,,,
7de39a53-e897-431a-a19a-bff6599df18c,0bffaabd-65d5-5187-998b-a60c0d7fc6c6,complete_onboarding,email,2026-04-18 21:47:59+00:00,,,,
e340410f-ee02-493a-9360-5a975d6e011c,e5aef322-f3c8-5488-b670-f288bb8e4b3b,send_reengagement_message,in_app,2026-04-30 12:56:03+00:00,,,,
49c3b561-96bc-4d6e-9d31-59f0dd7adb93,08b553cd-43a9-5198-86fe-477499e903c3,send_reengagement_message,push,2026-05-27 11:33:39+00:00,2026-05-28 15:33:39+00:00,,,
003d74e8-f827-403d-aef4-4f4d1fec481b,4209aeb2-f862-514f-9134-519b1d08398c,complete_onboarding,in_app,2026-03-24 15:52:40+00:00,,,,
2260f208-b9db-49e3-9ac4-8291e9680f90,51f19515-4a54-5993-8025-f9a4715a71be,send_reengagement_message,in_app,2026-06-02 09:43:46+00:00,,,,
26a36f16-2353-4f5d-9af6-89cb9440d455,6f725a9e-6379-5775-b5cf-c2b80a21aacd,send_reengagement_message,in_app,2026-05-29 14:05:16+00:00,,,,
96bd5325-1635-452a-a689-17dfe0f6768c,c4d05d31-50cf-51f7-aad1-0b7ae5db2ab9,send_reengagement_message,push,2026-04-07 11:14:32+00:00,,,,
5fa74891-7a26-4f01-90a3-20080099e00e,39157d6a-2a2e-58bd-a5f8-04aa34334664,complete_onboarding,in_app,2026-03-18 08:35:24+00:00,2026-03-19 20:35:24+00:00,,,
8cabfdd7-b7c0-4b61-9a79-73fa8e17de0f,e43d1e91-493f-5f9a-923d-5d9697b9c9d7,complete_onboarding,email,2026-04-12 18:54:26+00:00,,,,
ed36def2-f694-4fa7-8c24-4aaa71712fdb,0acd2d3d-f4cf-5231-b7fb-880572d677bf,complete_onboarding,in_app,2026-03-10 02:22:18+00:00,,,,
123e6bb2-2c54-4a7a-8513-666984123400,001ece54-40c7-5b75-b2b7-4a81edd9b543,send_reengagement_message,push,2026-04-15 14:48:32+00:00,,,,
3da89bf0-f75f-4e1b-9fb1-504150cdb3fa,0544d3c3-0464-54e1-a439-c399682c41a8,complete_onboarding,email,2026-05-12 21:16:54+00:00,,,,
6b8eaa5f-eaca-4a70-ad34-59dc5c13d66a,5be3ace8-c2d9-5f91-a6e6-2ed5f307ba01,complete_onboarding,email,2026-05-14 11:22:25+00:00,2026-05-14 18:22:25+00:00,,,
f9fe6f07-3b2c-4c5d-98a1-9f7f6053e1dc,1ddf2368-0c5e-55c8-a2a1-4f471bf117f2,complete_onboarding,email,2026-03-17 10:56:59+00:00,,,,
4c5cffee-ebd5-4f46-b59f-0a0fb105b272,ae75e159-ae56-5327-af09-81a6cba9c49d,send_reengagement_message,email,2026-05-26 12:37:02+00:00,,,,
14ed4526-718c-4714-b318-d2a356c63e0f,4d7441f9-0c71-5426-b631-68d5ee09d8e4,complete_onboarding,in_app,2026-03-13 06:34:40+00:00,,,,
82e410c6-4dcd-4dac-98eb-336356b59612,6f574fda-3b6a-5739-92bb-d289ba8696f9,complete_onboarding,in_app,2026-04-27 15:41:40+00:00,,,,
a993bbb1-c4cd-4b91-a4d0-2a35f45fe7ee,6009f753-cd20-5908-a08b-853ab1070194,complete_onboarding,in_app,2026-05-04 08:23:02+00:00,,,,
0da11be9-72e5-4d51-9b4e-fe60deaefcf1,c664bb95-141f-57e6-a5a9-94fa15518e95,complete_onboarding,email,2026-05-07 11:09:07+00:00,,,,
d577e99a-d773-4d47-a681-169a939f970c,fe356194-17f1-5a1b-ad32-7de200d60114,send_reengagement_message,email,2026-04-10 09:58:47+00:00,,,,
958bff27-7b46-431e-ac1a-deecd714c419,f0c1bf4a-154d-5e26-88e9-c744f97ff5a8,complete_onboarding,push,2026-05-07 15:32:50+00:00,,,,
b4f455f2-96d4-4b78-b12a-d56642e46054,b466d678-fbb9-5024-8b79-02dcdb35a3f6,complete_onboarding,in_app,2026-03-15 00:03:50+00:00,,,,
bb45ee0a-e890-4053-beb9-aa30e38c50a7,5938c3e8-dd00-5137-87a1-5b37d139fc7d,complete_onboarding,in_app,2026-04-11 19:13:45+00:00,,,,
b41a2e80-bdff-487a-9661-c674868ccb00,d1389777-5a97-5d1b-baa4-e4c47766096c,complete_onboarding,in_app,2026-04-08 09:34:00+00:00,,,,
0e116723-ee20-494b-a5be-f092b363cf1f,4b490e51-5029-50a2-9a4d-bbac5d3560a3,complete_onboarding,push,2026-03-28 19:10:41+00:00,,,,
4c3773e1-e718-4466-a307-293b61884d9c,ed902662-952a-5416-94aa-29baab279dbd,send_reengagement_message,email,2026-03-27 12:37:14+00:00,,,,
9ce1c064-5a99-4d6f-9594-0a3126310835,761f00bb-740e-52a2-afeb-501efbece80c,send_reengagement_message,push,2026-05-18 06:27:08+00:00,,,,
e8248d50-90ed-4be9-859f-c26df3caded6,6390824e-5cb7-5eaa-b134-ee2e704a069e,send_reengagement_message,push,2026-04-18 03:43:34+00:00,,,,
b68defb3-d441-4193-8fac-0635c1d70186,cd562658-7102-5e0d-aaf0-32da95ddde4c,complete_onboarding,in_app,2026-04-21 15:42:38+00:00,,,,
e09a0020-57c8-4bb0-83cc-b6c938e1a305,3e5ef85f-e93d-5e1a-bcc0-ea1e83aa1f15,complete_onboarding,push,2026-04-04 07:19:26+00:00,,,,
00c19ab8-f1f1-4781-a21e-4fccbbf86ee3,ba51d5b8-5fda-5ec9-a1d0-dff7aea3ed8c,complete_onboarding,email,2026-04-01 18:46:36+00:00,,,,
6019f1ed-3827-45d2-9967-f210b6720d3d,67f543c1-9e52-578a-bcfa-5b82efa53459,complete_onboarding,push,2026-05-07 03:42:20+00:00,,,,
f8c42782-6ad4-4fc1-a200-b79e89d272ea,c11767f1-bab2-5183-a45b-21257812932f,send_reengagement_message,in_app,2026-04-01 12:26:11+00:00,,,,
e2f31b85-6488-4d2e-bb5e-d1bdc35439df,12f47481-301d-5177-8866-d422bea079ea,complete_onboarding,email,2026-04-26 19:50:17+00:00,,,,
49c4e445-cfa8-418e-9336-11d01fca9505,2a50ec9f-3821-507f-a9f0-a2167d852b9c,complete_onboarding,in_app,2026-04-27 12:40:59+00:00,,,,
89ec9dbe-6c6a-4acc-a3c5-c935caa5c019,df92a2bd-6678-5e73-bdc4-7cf780455f8e,complete_onboarding,in_app,2026-04-02 05:15:56+00:00,,,,
9d7c5a0a-0e07-441d-a2cb-b629314cb189,89f33000-035b-5da1-8e7e-bc32bdff17c6,send_reengagement_message,email,2026-04-13 02:38:03+00:00,,,,
55b8ada4-63a4-4b2e-8cd2-0d59b0fcfb2f,3f7640f9-fdac-57d7-a3f5-c6cb0ccdceb9,complete_onboarding,email,2026-03-07 08:47:17+00:00,,,,
94dab77a-64f0-427d-8c6f-754e707ff745,de8eb4b8-c0e5-5d55-be49-432eebe8c622,complete_onboarding,push,2026-05-10 15:21:44+00:00,,,,
6731c8c6-173e-4393-94fb-6cb1e994c9c5,2e091160-4617-5155-9994-2511d13c7b73,complete_onboarding,email,2026-05-11 09:26:34+00:00,,,,
c5a9277a-6054-4d28-a960-96adf9cfbfee,6fe7bc16-4088-54b6-afb9-83d393653099,complete_onboarding,email,2026-03-23 15:02:49+00:00,,,,
91b230e8-0897-4aa5-804f-76af04ce78aa,e1f6bb7b-565b-535f-b4f2-fc3beefcff39,send_reengagement_message,push,2026-03-28 04:50:39+00:00,,,,
8a88ffd9-97df-4160-99de-e70812d391f9,2f7987e2-a9e7-5687-975c-b65c36f9e696,complete_onboarding,email,2026-03-15 11:17:12+00:00,,,,
a4369493-e547-4728-bd81-6e9411d1b97f,71af1c2b-d80d-5757-ae0f-9f2e8ec397f2,complete_onboarding,email,2026-03-11 16:00:58+00:00,,,,
19a696ab-a706-4613-a863-7e02ab9fa1fe,dc0c8e93-0d62-5f31-a902-3174ddee7a33,send_reengagement_message,push,2026-05-22 08:19:20+00:00,,,,
33c8ce18-e6b4-4510-b370-b55ef2609008,3e23bfcf-d3e2-5808-857b-2df62356785c,send_reengagement_message,push,2026-04-05 13:50:18+00:00,,,,
10360b99-8ffe-4380-ba9f-6acd4155fd2b,b12e1255-0b17-55cc-9e39-a2d2d24eadb6,send_reengagement_message,email,2026-05-16 12:36:00+00:00,,,,
da3869d4-61a0-4683-bb95-3a0f39ee7e09,e9bb8d60-0203-5ac8-a555-018386fa721a,complete_onboarding,email,2026-04-01 08:05:52+00:00,,,,
69cdda23-96ba-426b-9876-5d8b326090fb,bb2565ac-340d-53ee-b69f-a130e2e17014,send_reengagement_message,email,2026-05-06 08:34:39+00:00,,,,
ce2c183d-b183-4bd1-9827-e5b1f7e2b170,ba32da36-a029-5fee-a7cc-e382785e098f,send_reengagement_message,email,2026-05-14 16:11:54+00:00,,,,
d4c22716-5063-40ac-be20-46ecc7213f83,c2bc08dd-66dd-53c3-a522-d07695e65bd3,complete_onboarding,in_app,2026-03-10 02:09:48+00:00,,,,
7ab33378-1bcc-4144-bd11-a08a09e604a9,8184a960-3be1-56df-b1cf-b7e3ad3e91cc,complete_onboarding,email,2026-03-20 13:17:43+00:00,,,,
298287e1-d3b4-4809-b19a-42f5d8aa0dd5,2185d9b6-a340-5d0e-a2ed-de4b8da3a78f,complete_onboarding,email,2026-03-26 08:31:19+00:00,,,,
44bb9aad-a08c-4630-adc7-eda6934ef0c1,43e67025-b130-5a4d-ad2d-0b790db14e6c,complete_onboarding,email,2026-03-28 09:53:44+00:00,,,,
0b9d72be-21ce-43e4-88ba-4324bd70e113,02d3f9d1-954d-5379-84d6-940b74061eb0,complete_onboarding,in_app,2026-04-29 15:22:55+00:00,,,,
3894fcf3-9503-434c-b92a-7fa2a83e7e56,4d817dd5-8148-5a2f-b0c0-1e037aaebe66,send_reengagement_message,push,2026-04-17 02:36:38+00:00,,,,
7f5a2611-ad83-469f-a703-a54b6198ab48,6bbd2a2e-f829-5831-829b-69e1a68534bf,complete_onboarding,push,2026-05-13 01:20:39+00:00,,,,
f276a447-59a6-4768-b007-d8a37ce3bb87,d5d3b7f7-be23-5d49-8265-12d700cee6bb,complete_onboarding,in_app,2026-04-10 10:51:07+00:00,,,,
f6558ec2-95b6-4693-ac9e-f895f74266db,4908e47b-420c-5c56-b1ad-2770716053a3,complete_onboarding,push,2026-04-10 13:13:37+00:00,,,,
1684706f-7eec-4fbd-94af-83c2f493807a,726b69d2-da83-5a6f-80ab-6117865fb60d,complete_onboarding,email,2026-04-05 22:12:18+00:00,,,,
64435004-e765-46e5-ad44-05e64f75f5ee,7a52d9ed-4322-5c63-9e43-77434781585f,complete_onboarding,push,2026-03-16 22:17:38+00:00,2026-03-18 08:17:38+00:00,,,
ca51eda3-96df-49f9-94d5-55432d08f41a,79490007-e8cb-5a6c-857e-fa8c0a9bbbc2,complete_onboarding,email,2026-05-10 11:19:13+00:00,,,,
5d21f563-320c-401d-bdeb-70f97c5b7b2d,1d470264-56da-5159-81e7-5ed471de558b,complete_onboarding,in_app,2026-03-07 23:04:41+00:00,,,,
94406074-1d48-4d6a-829e-73b4bd044acf,49f7c448-2b9f-54ba-bd1e-3e5f11522725,complete_onboarding,in_app,2026-03-19 00:36:17+00:00,,,,
7ffe94f8-610c-4728-a3c6-4ab026195239,7c205ac4-3d04-5a26-adeb-7a9666e69284,send_reengagement_message,push,2026-04-10 20:18:36+00:00,,,,
963b1697-2c7b-42a3-9092-bd4d2c02217b,6a345819-6b06-5b98-bd28-2cb8a3656d2e,complete_onboarding,email,2026-03-26 06:30:59+00:00,2026-03-27 21:30:59+00:00,,,
5d832341-6031-49b3-a612-2b7895f63029,e0053732-98d0-56e1-982d-8daefe875fa6,send_reengagement_message,in_app,2026-04-04 02:17:50+00:00,2026-04-04 16:17:50+00:00,,,
43046591-4a15-4f7c-886f-23661aded9e9,c34179f6-e12b-5cff-941c-0da356812cb6,send_reengagement_message,in_app,2026-03-27 05:44:37+00:00,,,,
1b0528fb-1268-409d-b9f9-3327cbb2c168,f6e7bcbc-728f-5a67-a318-9c2b2032c9a9,send_reengagement_message,email,2026-05-11 18:12:08+00:00,,,,
2feff8e9-662c-442e-bc99-cedcf10eb188,2720ac8a-d001-5c15-a9e9-95c318b62259,complete_onboarding,push,2026-05-12 21:10:36+00:00,,,,
6300b46a-247b-41ee-b75d-a82167e81036,b5893f6e-a3d9-5464-acee-03be9e5ee746,complete_onboarding,email,2026-03-15 09:45:15+00:00,,,,
5e08c608-e7b9-4802-8aba-e4f667e21b31,86d3e72a-cada-5538-81c6-3935f8b48690,complete_onboarding,push,2026-03-27 11:03:43+00:00,,,,
659fbdb9-58b9-440f-8939-73d631783a09,f2ebbe4a-c21d-5a1d-819f-730552acfd70,send_reengagement_message,in_app,2026-04-29 22:28:55+00:00,,,,
0fc1e5a5-5176-41ca-a713-174be2be8a71,57673f38-ee99-5f03-9429-2327539cf1ae,send_reengagement_message,in_app,2026-05-28 23:56:37+00:00,,,,
89f7deed-1eb3-43b4-a121-26932ea46188,79ead828-5242-5d4a-b86b-1c84936bc42c,send_reengagement_message,in_app,2026-05-12 21:41:53+00:00,,,,
d27db06b-6fe5-4f61-bbe7-e237c0e94a6f,e0cb4bb1-8ee2-50fe-8b65-2347706c7d73,complete_onboarding,push,2026-04-16 02:19:43+00:00,,,,
6ac9fe36-5e90-44d7-840f-5b3e1de014b1,49ebe677-b022-5cd6-a54b-5c8266c4174c,complete_onboarding,email,2026-04-04 18:36:39+00:00,,,,
715488d2-0123-4406-8b35-2d8151483bba,86326a76-817f-5c90-a4e8-e1b994e9da23,complete_onboarding,push,2026-03-20 18:49:41+00:00,,,,
2c9c39d1-2af5-45af-aaa7-5106b0a00f62,c7487ef5-7517-5e52-8397-855947a9ceca,complete_onboarding,push,2026-05-05 15:18:15+00:00,,,,
f55a71a0-493c-4c97-9ded-c52fe8f6d77a,4d490817-cc8f-5203-9b5c-9f81cef84dcd,complete_onboarding,email,2026-05-01 11:37:47+00:00,2026-05-02 03:37:47+00:00,,,
be8be81a-a05a-43f4-a61d-89afe9dae896,64306062-72b1-556d-8627-8e8e8c659fff,complete_onboarding,in_app,2026-03-08 17:34:03+00:00,,,,
1f2a9d51-e337-462c-b158-fc2d710483e3,af810b70-296d-5573-9de6-c47e53b77568,complete_onboarding,push,2026-04-25 08:42:50+00:00,,,,
b57195f5-005d-4127-9562-e9d0a6a64b02,afbb1620-5153-5084-b808-1888c91f750e,send_reengagement_message,push,2026-03-31 19:44:47+00:00,,,,
f0cd036d-98bf-4ec8-ad3d-e0dc92f54050,14d2441d-f888-584b-b3ef-92abf3bc7112,complete_onboarding,in_app,2026-04-26 23:45:26+00:00,2026-04-27 03:45:26+00:00,,,
78951ed8-61bc-4058-95e9-7d8b9bcd773f,6c82bef1-5d44-55dd-a753-d935dbe731e5,complete_onboarding,push,2026-03-16 01:01:52+00:00,,,,
d54f5e19-4bcb-4df8-bc9f-18892a5afb8e,4dba25c4-ccfa-5ec7-9c66-4520951c5f65,send_reengagement_message,push,2026-04-24 22:25:54+00:00,,,,
7f9fa4c9-ba1b-4db9-ad45-69cf68562af5,e1c3cd52-4573-50c3-a215-7653a8c26a00,complete_onboarding,email,2026-03-15 12:56:09+00:00,,,,
cdb787e8-23a0-4acf-a2f4-830fe0793c33,a4d0ef97-0d63-525a-8760-c82eb2280df5,send_reengagement_message,push,2026-05-29 00:02:35+00:00,,,,
b3e2c4e8-4d47-4a08-bc0f-3c38c3451452,e445a3ee-10b6-5a89-abc8-bdf4cbab68bb,complete_onboarding,in_app,2026-03-12 13:55:10+00:00,2026-03-13 20:55:10+00:00,2026-03-13 21:28:10+00:00,2026-03-14 14:28:10+00:00,
e1d1ada1-0ba5-4f51-9aae-04b4f8e16f0e,2ea6c924-b5ca-56a3-b8fd-3197974f236d,send_reengagement_message,email,2026-04-22 10:23:21+00:00,,,,
34026075-2e98-45f9-a3c4-4579060a9e15,e2929bf1-8722-5822-983e-e72f1dfd0e9d,complete_onboarding,push,2026-05-13 03:29:14+00:00,,,,
8e11bc5d-0160-455b-9ade-5f31483b7a1c,2adf798f-2fe6-5bb9-8a21-c8cbee130037,complete_onboarding,email,2026-03-27 18:22:14+00:00,,,,
22fcb351-7b09-4fff-a00c-a506310c201c,b561aec8-be09-5eb7-b7c2-dc36a6f5aa8a,send_reengagement_message,email,2026-04-04 02:57:02+00:00,,,,
263a9940-a6ac-4870-b2c8-36ec412e8773,d5bc056e-977a-5807-bad0-78f18f952098,send_reengagement_message,in_app,2026-04-28 17:05:41+00:00,,,,
60af9b1a-0884-4ca1-a0f0-7390277f18a8,6d7a0589-9591-5877-b71d-7a445d7dd5d0,send_reengagement_message,email,2026-04-30 01:51:52+00:00,2026-04-30 03:51:52+00:00,,,
1e5a8408-63c3-4df6-8c03-bddfb0f04bed,be4d8c74-7f9c-5054-9280-cd1ebe5459dd,send_reengagement_message,email,2026-05-10 17:42:10+00:00,2026-05-11 22:42:10+00:00,,,
ac2c35aa-02fc-4c42-a688-a33fe3d7d1b9,3d3f8b4e-f7d0-5e0b-8f69-c5427bfdecb4,complete_onboarding,email,2026-03-28 15:32:56+00:00,,,,
b57cf01b-4eb8-40e3-b9fd-186460a55e42,26250291-9f60-54f5-a93a-a2e06100de3f,complete_onboarding,email,2026-05-11 22:30:42+00:00,,,,
4e24e726-8672-4f59-ae00-38bc9447ba64,805797b0-547e-52be-ae71-71f917b0bd3b,send_reengagement_message,email,2026-04-30 22:48:48+00:00,2026-05-01 10:48:48+00:00,,,
11894db5-fc0c-44ba-a7d6-316a37bd8578,c17e319a-590e-56f6-94da-bc163c10d1f5,send_reengagement_message,email,2026-04-14 18:21:16+00:00,,,,
fa940601-b730-4a82-8b52-e6b0be2f1981,2f294cda-a8a9-5db3-9fdd-535283159f8f,send_reengagement_message,in_app,2026-05-31 06:13:50+00:00,,,,
c368ee06-3ba6-498c-a822-7ef350bdd5c5,63c13f4f-9b25-5177-af01-f344cf340601,send_reengagement_message,email,2026-04-29 10:36:59+00:00,,,,
d5c7ee26-2468-4de5-b942-e5823c417f82,4116b197-304e-5fd6-bb35-78c78f19124b,send_reengagement_message,in_app,2026-03-27 17:10:01+00:00,,,,
1e9ea2a9-41da-4a2f-9c94-4d8fd9488cbb,ce1122cb-ca8e-55b1-b43e-effc1211b225,complete_onboarding,in_app,2026-04-17 04:31:33+00:00,,,,
77890f16-651d-4250-b57f-0325fa356086,fa6ddf01-31e7-5787-8d26-d5b7175b1967,send_reengagement_message,push,2026-05-03 07:24:27+00:00,2026-05-05 01:24:27+00:00,,,
1ac7b0c2-2be5-452f-9263-3f9eb6b0e19d,54684136-d34c-5812-97cb-5c36b88854f4,complete_onboarding,in_app,2026-03-17 05:25:58+00:00,,,,
fb791f00-fe2e-4294-9f9e-87139bcf127d,4c32e36b-3c62-5965-87fc-4f54ba00cfca,complete_onboarding,push,2026-04-19 17:51:45+00:00,,,,
01af14c1-0d0b-4723-a4ca-3d48acbae0a3,92262713-3877-5d27-b04f-e75330ddd799,send_reengagement_message,email,2026-05-23 00:21:13+00:00,,,,
39a27b4b-ad54-4a71-8bda-042c2fde1422,8275824f-c312-5fac-86f7-6f5b324551d0,complete_onboarding,in_app,2026-03-14 07:21:56+00:00,,,,
2cab058d-c3ae-4bfd-b04b-50534dffb14c,99703c6c-8d24-5382-921a-f4f19e0bd3e1,send_reengagement_message,push,2026-05-14 21:49:19+00:00,2026-05-15 14:49:19+00:00,2026-05-15 14:55:19+00:00,,
1469fb96-1c1f-47d7-aebf-9a8020c5f9ce,f53b6282-4cce-5105-ad57-1f9fd88945e6,send_reengagement_message,email,2026-04-04 16:24:07+00:00,,,,
b36cc90a-ceda-4a0f-a1fe-ae5be06a8360,5d49df23-c530-5f08-ac04-3e6e94a61dd4,send_reengagement_message,email,2026-05-16 16:03:21+00:00,,,,
308a4fc0-dfbc-4591-9c53-8d064b937598,f6b83935-19f0-5e40-a785-be928b73d546,send_reengagement_message,push,2026-04-23 22:03:10+00:00,,,,
b43eecb7-463e-4764-ae40-959c8e310957,75c12a1e-632b-5af5-ac50-c35f28dd14db,complete_onboarding,push,2026-03-07 10:46:55+00:00,,,,
8832e95b-3afe-46c3-8cca-52c896e5c521,3cef351b-c04c-53ae-99cc-f796c64a1849,complete_onboarding,in_app,2026-05-12 16:04:47+00:00,2026-05-12 21:04:47+00:00,,,
0cdf2873-a651-41de-867b-5c26bd747484,793fddef-cfdd-5902-9cab-7e770f1289fc,send_reengagement_message,email,2026-04-06 10:50:48+00:00,2026-04-07 02:50:48+00:00,,,
796c5e5a-9c5e-4c74-a19f-c6cf5400f971,97c03bd0-0270-52eb-a02e-35484418dec9,send_reengagement_message,email,2026-05-06 03:02:46+00:00,,,,
1c155ca5-3150-40e5-bc24-a7a82f7a9bd4,d42b1e39-990d-5857-8903-253d997ddd37,send_reengagement_message,email,2026-04-07 12:30:39+00:00,,,,
b8087bd5-cadb-4df1-bb08-650f7e02a89c,5e6ee177-7674-5c85-8634-a92a385f2668,complete_onboarding,email,2026-05-10 09:05:10+00:00,,,,
73f36d22-a319-446d-929d-5d5d3541fc54,5427b5c0-ecfe-5af2-b8ec-79d5c04d16dd,complete_onboarding,in_app,2026-04-26 22:40:00+00:00,,,,
a3e9427c-120f-4d51-80dc-409dce4b7d7c,ade88c16-cc93-5fe3-b65a-f3410e8fb7ef,complete_onboarding,push,2026-05-01 12:01:17+00:00,,,,
25739af9-a906-43be-8170-3e113cfa2588,bb6fd9a5-1fb3-5f35-a17a-90b56d0a7134,send_reengagement_message,push,2026-04-24 19:31:26+00:00,,,,
b7378820-a307-44f2-b25b-d15d8c9afd71,56ebdba0-99a6-58ad-a821-7b9a453967d9,complete_onboarding,email,2026-04-08 05:59:01+00:00,,,,
c41b642d-04a9-4a39-8089-ea142dba7318,b9cedcd4-41e6-54ea-9b73-d5d052977feb,send_reengagement_message,email,2026-05-08 18:24:08+00:00,,,,
db4abddc-656e-49f4-b407-86ee930dba37,c263bb77-d8fa-51c3-a095-461d855086f7,send_reengagement_message,push,2026-05-19 03:34:04+00:00,2026-05-20 19:34:04+00:00,,,
ee50d136-5413-421c-ae62-c0d7c50afa99,d65e162b-4162-51db-94f9-b77ebc5d3fbc,complete_onboarding,email,2026-05-04 10:35:52+00:00,,,,
956adc38-09a7-4166-8c59-66f92ac11dda,769b3c63-2797-5235-9b50-3541d572bee0,send_reengagement_message,in_app,2026-03-27 05:32:14+00:00,,,,
69c9ab7d-c541-4b4b-847c-0c2049094ecd,0be7a6b7-cb1f-5ff1-81c4-01c140c21d4b,send_reengagement_message,push,2026-05-10 18:51:26+00:00,,,,
47e8b28c-3dcf-4c70-9496-455ef4032e2b,4f7406ae-31eb-5318-abca-5d0bb6ca1c7e,send_reengagement_message,email,2026-04-02 12:44:31+00:00,,,,
2225d297-7371-4620-9cc1-0ec497dafee9,1a32c7d1-dc90-55a3-8f2b-edb488ea2437,send_reengagement_message,push,2026-04-14 20:48:52+00:00,,,,
babeb1e1-966d-4b53-b6d3-2ce8b56ead13,746fb5c6-aeb3-5309-bca6-5418a77cf338,complete_onboarding,in_app,2026-05-03 05:32:00+00:00,,,,
53c26783-940a-4841-9127-8fa4a019c822,1e93aeae-05fa-5613-8e34-f715004a470e,complete_onboarding,email,2026-03-24 06:50:58+00:00,,,,
5c6c7907-a393-4de3-8458-e51106f62a57,1dcae3ed-ca07-5212-8c8f-9bda6d2718c9,complete_onboarding,in_app,2026-04-30 23:31:43+00:00,,,,
1d207d9c-ea01-4425-a495-c7af3cdeb56b,e04a6c77-6dc1-5681-bf05-347c37fda9c2,complete_onboarding,email,2026-04-07 22:44:26+00:00,2026-04-08 22:44:26+00:00,,,
3626f476-9db6-44dc-b0ac-17a695ecd93c,dcdf9d7b-b24d-513c-94ad-5bb9cd46608c,send_reengagement_message,push,2026-04-11 01:15:10+00:00,,,,
29b70373-12bc-455c-abdc-71b17b462356,9e47e865-5e17-53cb-a607-da7e2ff919d9,complete_onboarding,in_app,2026-03-30 01:30:29+00:00,,,,
f6168694-7852-48b2-bc10-7d5c20a4fe0a,b5b42e1d-1b50-5a8a-9cb4-17f34f00716c,send_reengagement_message,email,2026-05-01 14:57:14+00:00,,,,
ec68889f-ed63-48e9-be90-7d12432f983e,2bf08bed-f344-50b5-8118-15e89be75596,complete_onboarding,push,2026-04-28 19:05:00+00:00,2026-04-29 16:05:00+00:00,,,
a37f8477-7c40-4b91-8d21-64ab874590bc,c18582e5-b37b-565b-aaa4-b093d6a74c1f,send_reengagement_message,in_app,2026-05-06 19:33:42+00:00,,,,
b1a4a289-cde5-421a-9bd0-2e66ad7205ae,7f1d30fb-7e7b-5c9c-a9c0-17796ce36a2c,complete_onboarding,email,2026-05-10 09:25:06+00:00,,,,
9152e28e-0ec2-4073-9c6d-f7b600015541,2b30a43e-298b-50d1-b3f3-74cd4c7fd8ff,complete_onboarding,in_app,2026-05-05 20:58:31+00:00,2026-05-07 18:58:31+00:00,2026-05-07 19:44:31+00:00,,
5c2e3d1d-272c-4e1d-913a-d9dbe1921684,7a91a3bf-af95-5d6f-9246-3089a885c449,send_reengagement_message,in_app,2026-05-16 23:33:11+00:00,,,,
889727bf-8a02-4945-a588-eb945f11256a,1e95bb1f-673a-5679-8b9d-6acb03a3d9ee,complete_onboarding,in_app,2026-04-17 14:44:42+00:00,,,,
11b8aeb0-320c-4773-86fb-195937884d17,daefad1a-9663-55ee-a4d7-dae057eb70e1,complete_onboarding,in_app,2026-03-27 00:00:03+00:00,,,,
3626a04a-93e6-45ab-815e-5786645ff6e8,9b49f25b-bfc8-531d-b9b2-8cc121d12df7,send_reengagement_message,push,2026-04-23 11:13:05+00:00,,,,
37f96b17-c395-4b64-9340-b973937c4a29,580a4b7d-14e7-53d9-8519-cef3c6f74151,complete_onboarding,in_app,2026-03-15 04:53:19+00:00,,,,
e23560b6-50d9-4844-ad44-d6095a8ea353,17d8c4e9-477c-5b5c-8762-e978ab67bba4,complete_onboarding,push,2026-04-01 19:38:54+00:00,2026-04-01 22:38:54+00:00,,,
9028886e-89d0-427b-8954-389fba6429bd,401bfc91-daa0-5f62-8594-506b46d79246,send_reengagement_message,push,2026-05-28 22:14:15+00:00,,,,
f296fe4f-dcc7-4ca6-ac9f-275d7ff22778,8c78cae6-0cde-5e5a-89ba-35612c189e09,complete_onboarding,in_app,2026-04-05 09:15:37+00:00,,,,
81e28823-c8cc-4e95-a633-bf7bdd914b92,f77f443d-ba75-5f7c-a206-43104816ac02,complete_onboarding,push,2026-03-14 20:20:04+00:00,,,,
8b3bef0d-e741-4bc9-9199-2eb34559ce69,aaf36575-7ab9-56cc-9202-e8a68247833d,complete_onboarding,in_app,2026-05-12 10:05:23+00:00,,,,
b8a4d893-3922-480b-8446-c5eedbc472ee,2f0f0e13-b066-5685-b575-6798d3cca9c0,complete_onboarding,email,2026-03-25 21:52:13+00:00,,,,
f7ef879c-7ec1-4151-be0c-807fc0649d9f,5bbad057-9668-5e51-9c61-48c7dad55e02,complete_onboarding,email,2026-04-07 07:39:10+00:00,,,,
47e4e844-817e-4a80-bc25-13d6a183d97d,ba86be0c-addf-56e9-8229-50edb61871bc,complete_onboarding,push,2026-04-12 15:21:47+00:00,2026-04-13 21:21:47+00:00,2026-04-13 21:55:47+00:00,,
7907d7c4-379d-4b67-b969-d6f487905663,bd51f982-a047-5782-ac12-f42f335bf814,send_reengagement_message,push,2026-04-12 02:25:19+00:00,,,,
2ac260b0-f455-48fa-9716-8507a4d9c2ac,1079c191-4442-524f-b15e-824e7d1a3bfb,send_reengagement_message,email,2026-04-13 12:57:13+00:00,,,,
55c6efd1-741b-4da4-9256-6b2bc2be696e,188a55a2-9268-5aab-99f1-14f6aac353bd,send_reengagement_message,email,2026-04-11 07:54:45+00:00,,,,
b4373ba5-7050-4727-ae91-a0e1a2964872,166786b5-7e37-5d1d-9883-2f2d81c71c8a,send_reengagement_message,push,2026-06-02 15:01:34+00:00,2026-06-03 15:01:34+00:00,2026-06-03 15:32:34+00:00,,
4ed390f3-c599-4dad-a481-8a098fd243f2,7f46485e-0633-5027-a1dc-c53bc5c9e2e7,send_reengagement_message,email,2026-05-16 11:23:57+00:00,,,,
0992a264-bce5-43e4-8f3e-67a46bdbfca7,922d88f8-d83a-581b-8643-1744ad8f5df6,complete_onboarding,in_app,2026-05-04 00:27:28+00:00,,,,
61a8c2f0-cee3-4955-acde-a0abe7acb3ab,830e1072-3905-555e-816a-fd216fb6d2c2,send_reengagement_message,in_app,2026-05-21 08:14:15+00:00,,,,
3784a50e-058f-4178-9d93-ce7dd3a714e7,1a492e7d-dbac-5cdb-a922-b8a5aead727a,complete_onboarding,email,2026-05-12 04:20:28+00:00,2026-05-13 09:20:28+00:00,,,
70d06eb9-44da-418c-9ef8-4e476400e2e9,1885c5ad-4a4f-5197-8aed-dc3d6426123f,complete_onboarding,push,2026-03-14 06:20:24+00:00,,,,
d630bdff-880e-4c2c-9b55-1d1f67bc57ea,655d7922-3f9c-52cb-bf01-19e700c4f6bb,send_reengagement_message,push,2026-05-25 19:58:58+00:00,,,,
b7c814f8-f297-442d-bb2a-2ab21393b488,ada27414-a316-5af4-89ce-39570d25e593,send_reengagement_message,email,2026-03-15 14:13:16+00:00,,,,
ed52b017-1331-490b-9988-373faa7ae71e,ada27414-a316-5af4-89ce-39570d25e593,send_reengagement_message,email,2026-03-30 14:13:16+00:00,,,,
e7f130eb-be59-4a85-9bbe-bc5ead0531f4,019b9452-7e87-5370-bb76-e2669dfe9116,complete_onboarding,in_app,2026-04-08 19:17:48+00:00,,,,
85750e1b-d0e9-4e2e-bcc0-283c4e2b4ab2,bc815cf0-c23e-5aad-bd68-6f47dab05470,send_reengagement_message,email,2026-05-06 00:22:54+00:00,,,,
a13705c2-6da4-45ae-a411-2d73d0e94e63,b3d616ed-92d4-5db8-bb64-60fd26428486,complete_onboarding,email,2026-03-31 16:37:03+00:00,,,,
7c1e621c-8594-43ab-a5e9-95032983a668,9f108841-5bee-5830-a1a1-d57788ce713d,complete_onboarding,push,2026-03-17 02:03:45+00:00,,,,
b9877cbf-5b26-4606-a3b3-cb5df6aa6eb2,78606699-cce7-51fb-9e53-95dd2c22bbd0,complete_onboarding,in_app,2026-03-20 06:27:02+00:00,,,,
11d245bf-ccc7-4df9-8e3b-1f23a73082fa,56f106bc-70e3-51dc-81df-938420ec0ac6,send_reengagement_message,push,2026-05-21 21:38:37+00:00,2026-05-22 09:38:37+00:00,,,
a91f1383-ced1-410b-880b-0213e9f6720d,5d56425b-6719-516a-a3a5-2fe658576be6,send_reengagement_message,email,2026-04-16 23:48:23+00:00,,,,
96895352-b484-41dc-9cc8-981c3ad55ef4,384a8a02-4bcb-5e2b-b0c3-4691a2419e74,send_reengagement_message,push,2026-04-16 09:54:50+00:00,,,,
0a6ed4f9-8a46-40c7-8247-157b889f693e,4ff87f9f-2bfd-589c-9c8a-9ba70e13b1b6,send_reengagement_message,in_app,2026-04-04 22:15:05+00:00,,,,
560494a3-9653-43cb-9835-8a1680670d6c,6f2805e7-2e67-5ef3-8006-ffcb159ce9e4,send_reengagement_message,email,2026-05-28 03:40:54+00:00,,,,
fbda7627-a063-4c63-91e8-315ff23e327a,35d323eb-d7bc-5b94-bb7f-c62836b88c7f,complete_onboarding,in_app,2026-04-17 07:12:52+00:00,2026-04-17 17:12:52+00:00,,,
4c34ca27-cb5f-4dbd-b95e-7b174faaf84c,09b3f4f1-ff28-5890-b873-23c26048dc89,complete_onboarding,in_app,2026-03-18 10:07:12+00:00,,,,
6ad923d4-d555-40e6-a6e3-a7939837298e,6027e8e7-d5f6-594f-9a2b-25a3c775779b,complete_onboarding,in_app,2026-03-17 18:06:19+00:00,2026-03-19 00:06:19+00:00,,,
7ae72256-d8a6-4044-9ee2-361b0acfafd2,2678c330-2f15-5a86-9478-1b2a94f57690,complete_onboarding,email,2026-03-26 15:29:46+00:00,,,,
b4f5f83d-e99a-4788-add0-32efa130ed6f,4d784f2b-3075-58ee-baf6-093aca609450,send_reengagement_message,push,2026-05-04 20:12:00+00:00,,,,
d612105b-807e-4db3-9617-e0d1a53e0010,e804ca80-0fac-5358-9150-b1255be4eb0b,send_reengagement_message,in_app,2026-04-26 10:34:09+00:00,,,,
336e9580-dcff-46e2-a88c-dff2035d80a0,c1407296-34a3-585f-ab84-087013e7ec95,send_reengagement_message,push,2026-04-02 23:15:04+00:00,,,,
277925a3-9c66-42ca-9d52-dfcec71c5975,1de270b3-5573-53b5-aa71-fd899b3ebc00,complete_onboarding,email,2026-04-13 06:42:36+00:00,2026-04-14 13:42:36+00:00,,,
494c16bd-9b7e-4d81-bc56-32c1b8f9bcff,cba22ba5-f44f-5299-88cb-c7e828abb34d,complete_onboarding,push,2026-04-24 22:09:49+00:00,,,,
c2e019ae-dd05-4594-b832-470235c81b0c,4adb3147-a84a-533e-952b-29c2c425c32f,send_reengagement_message,push,2026-03-29 19:44:04+00:00,,,,
6e385959-ac4f-42f5-ba55-fcf92b0f25a4,477d2212-461d-5558-b7fc-7bc29da90a60,complete_onboarding,push,2026-03-20 10:37:28+00:00,,,,
b55131a1-f9b6-4cc3-bff5-cf62173ded30,a455fb8b-178b-5cda-8153-04de46662b89,complete_onboarding,email,2026-03-19 01:12:21+00:00,,,,
3325e03f-fce8-40b7-9b1e-6af4ce957ff9,a2bc433d-ba63-5bea-a4c6-085990d45a33,send_reengagement_message,in_app,2026-05-22 08:07:33+00:00,,,,
d3028f98-568e-47fb-9879-1bfda9e8bb60,9789100e-454e-5551-87af-ef9d13f091a0,complete_onboarding,push,2026-03-10 16:24:00+00:00,,,,
34b0e339-3f95-4123-8d3c-75bac456f365,31084a19-de68-539d-a852-3208f712fd70,complete_onboarding,in_app,2026-04-16 18:56:01+00:00,,,,
1ad259f2-3158-4b32-8300-56966e4b98e2,5d37424a-740c-55c2-bb2e-378902e1d7ca,complete_onboarding,email,2026-04-11 14:29:18+00:00,2026-04-11 22:29:18+00:00,2026-04-11 23:26:18+00:00,2026-04-12 18:26:18+00:00,
ee0d6fd9-df38-4ae5-9a41-a833ec7ce3de,54ab6f93-e1c5-5d14-b0be-819457301cd7,complete_onboarding,in_app,2026-04-22 23:15:46+00:00,,,,
807ad0a6-7c77-43e8-90da-9c0b0a369d72,3f01506a-e895-5820-8f29-7ad42e984267,send_reengagement_message,email,2026-05-20 09:56:07+00:00,,,,
f6cf8912-a1c4-4bb5-abf3-38e9f1b37af2,2c545255-c412-5e0e-bf88-f539345866c7,complete_onboarding,push,2026-04-03 03:51:06+00:00,2026-04-03 15:51:06+00:00,,,
9c95d135-5a9f-4b1c-93f2-0588def3cc7c,7fcf9075-905a-5cea-8be9-fc0157904072,send_reengagement_message,push,2026-05-22 03:31:42+00:00,,,,
a1a26faa-990d-484d-9521-ef747e064af7,d608ccc0-eb04-551b-abae-7f537e033d87,send_reengagement_message,push,2026-04-16 22:35:34+00:00,,,,
72c23479-00db-42fd-9bda-a56a8df91ee1,98a072d9-3e65-5fa7-95a1-8210e3e8e398,send_reengagement_message,email,2026-06-01 22:12:13+00:00,,,,
6e94b68f-a28b-42fe-91c9-041cd3f826b4,c679619a-e2b6-55da-968a-f550f7a967ec,send_reengagement_message,push,2026-04-29 19:29:42+00:00,,,,
78e6046b-65b0-4dc4-a1c7-c358f78f4916,4f93f608-b45e-530d-9970-80ea54b835a6,send_reengagement_message,email,2026-05-15 18:50:16+00:00,2026-05-16 05:50:16+00:00,,,
269c98e0-7d27-4e90-b821-b377e5bbcf6d,622aaf7e-8a81-5052-9567-9d7dcb67d34e,send_reengagement_message,push,2026-05-25 09:00:28+00:00,,,,
d2dc9e3d-6d76-43d5-908d-5edd7c585f15,f640907c-ccf6-51e5-bbda-14037d392cb4,send_reengagement_message,push,2026-05-19 16:37:48+00:00,,,,
b303a1e1-8a92-4995-8189-553bd86dda9b,231e277c-dee9-5904-ad04-e1689e7d996f,send_reengagement_message,email,2026-05-23 17:28:25+00:00,,,,
3f2c298e-3df1-4d7a-8f21-4c2bec99ebdd,e41a49b5-359f-57b4-a73e-e90692bfdbf6,complete_onboarding,push,2026-04-13 00:27:58+00:00,,,,
a7db37ad-9c63-4f7d-b187-f5501826d0ce,346c0292-fa58-5fc1-94d4-1f05c295ec66,complete_onboarding,push,2026-03-09 23:59:39+00:00,,,,
e9f20595-ee5f-433a-8e84-8bc0a548f453,ff22fcce-614d-5480-9dfb-150f52082b6f,complete_onboarding,in_app,2026-04-10 00:32:45+00:00,,,,
67a301aa-406a-430a-939d-d07eebb5c293,b685dcf0-e67c-57ad-bc7d-325c386b8cd1,complete_onboarding,in_app,2026-03-19 12:33:39+00:00,,,,
306d876f-0ecc-4554-b323-8cb91e27d295,cab781c6-219a-501c-bf52-865c45331c1e,send_reengagement_message,push,2026-05-26 08:22:36+00:00,2026-05-27 20:22:36+00:00,2026-05-27 21:15:36+00:00,,
d08fd093-cb71-4cd8-b740-acabb65b10ba,4d496a3e-8e48-5d89-9e2d-58c575605efb,complete_onboarding,in_app,2026-03-23 08:02:57+00:00,2026-03-23 18:02:57+00:00,,,
e61ef899-7519-4674-99f8-b698ec965280,d885985b-c65c-5564-bd12-6adcc4c02fa0,send_reengagement_message,email,2026-04-10 17:41:00+00:00,2026-04-12 05:41:00+00:00,,,
60aab896-d178-4ac7-8ba3-7d136551f144,affa2035-f064-58d7-a531-6980c95ae758,complete_onboarding,in_app,2026-03-24 04:59:07+00:00,,,,
6c23dcba-a01e-4cd3-b161-efed806482d1,82b5a97e-2aaf-5aea-9318-89fc14b56517,complete_onboarding,in_app,2026-04-20 08:05:22+00:00,2026-04-21 19:05:22+00:00,,,
50dc5421-350a-4e5d-a6b5-51b6aaf85cdb,d4639b38-4bec-5ac9-bf25-792150178612,send_reengagement_message,email,2026-05-04 09:57:39+00:00,,,,
429aa59f-96b5-472e-96de-096942ee08f7,023aafb7-e2a5-53c3-82b0-eb7c2d41fd0d,send_reengagement_message,email,2026-05-30 11:16:48+00:00,,,,
f8457020-1ed3-4073-a511-3ce120f0eac3,f7e504da-cc80-50c4-a186-fe6c15bb3ebb,complete_onboarding,in_app,2026-04-04 17:19:49+00:00,,,,
a6bad2bd-8e90-41b6-bf30-f1fffa166f13,4567eaf5-6226-5296-98b0-41eaaff74a8b,complete_onboarding,in_app,2026-03-26 11:27:08+00:00,,,,
25434db0-37aa-4b56-9991-641d4003361b,2375ceec-c741-5ec8-99ab-4836457dddd9,complete_onboarding,email,2026-03-10 09:33:52+00:00,,,,
0aaf0dec-ad1c-49d4-9a60-79bc620d0144,9436c9a2-d9fd-5c59-96e0-83774427bc6b,complete_onboarding,push,2026-04-01 18:42:17+00:00,2026-04-01 20:42:17+00:00,,,
6676cf64-9050-47a3-b882-e6a46233ccb3,ee0b8c29-fd0d-570e-9b5c-b880d52c24de,complete_onboarding,in_app,2026-05-09 21:09:11+00:00,,,,
f720cd52-50d6-4aa7-b98f-27505215a2f9,9fe9ab46-04e4-568f-bc35-f36d7fdfe3f1,send_reengagement_message,in_app,2026-05-01 03:20:04+00:00,,,,
b613dbbd-6b89-4c47-9c7d-0a8642de866f,4174e87a-c1e4-5eaf-99d3-73a9bce09fc9,complete_onboarding,in_app,2026-05-07 15:42:52+00:00,,,,
5b9fc2da-ded0-4fd4-bb14-8302539bde33,d0c9110b-7dfc-5c11-91a3-aa349f3a3828,complete_onboarding,in_app,2026-03-14 00:22:06+00:00,,,,
2e357294-5d70-4f7f-8208-c71251002d8f,210fc6a1-8fcc-581a-af11-fdc4187ccb63,complete_onboarding,in_app,2026-03-13 10:32:21+00:00,,,,
7cc5ed30-8dcf-4da4-a9bb-37dbdf2fa7a2,3dc0bc23-a0ce-5d2d-8df4-9602df70dbb0,complete_onboarding,in_app,2026-05-03 12:12:25+00:00,,,,
d6f8c0f0-9f1b-4f3f-a689-361bdc12515b,3d96a7c4-75d1-594c-999d-310c68a4d17b,complete_onboarding,push,2026-03-10 14:02:54+00:00,2026-03-11 19:02:54+00:00,2026-03-11 19:10:54+00:00,,
fbd14096-ed40-4b45-af9e-8b46a4d5d198,b32e6b1a-7194-55ce-a0af-70f86cacd138,complete_onboarding,push,2026-04-03 21:10:37+00:00,,,,
06115349-eff6-4d1f-860c-d326a011ac65,d9e6a503-21e7-5b2e-af8c-ac6acb6d393b,send_reengagement_message,push,2026-05-12 13:37:06+00:00,,,,
fa3ab6e9-a3d7-4abc-92a0-db791533512e,58b753dc-85d2-55c0-8cc2-cab968015c5a,send_reengagement_message,email,2026-04-01 20:07:51+00:00,,,,
a2155e52-7a36-4859-ae29-c84402f83de8,5038bbb4-335e-5486-b73e-146a15157a5f,complete_onboarding,in_app,2026-05-03 18:17:19+00:00,,,,
404ea988-7ac5-4732-8eab-fd6460697c64,cd55ba26-ee05-53e2-a50d-6c26f5f5ec40,send_reengagement_message,push,2026-05-23 04:57:35+00:00,2026-05-23 11:57:35+00:00,,,
6985e6d7-ca04-408f-baff-628814ed06e2,eb4f064a-b4a5-561c-a5c2-844b8b1cf5e8,complete_onboarding,push,2026-05-01 05:57:11+00:00,,,,
d26578f3-354d-4b19-9a01-9c8fc53ee902,56acd5fd-8de2-531b-98d9-77557349de77,complete_onboarding,email,2026-05-08 06:47:35+00:00,,,,
71eaaf6c-ff8b-4590-bb83-3c5ec153addf,a318c9dc-3fb3-583c-894a-c77cf46ed638,send_reengagement_message,push,2026-04-11 13:14:15+00:00,,,,
abc0548e-3050-4dda-a96c-1757d1c060a4,4f6a1414-417e-52cd-a6fb-3efc9ebe837d,complete_onboarding,in_app,2026-05-13 14:10:07+00:00,,,,
0989acc8-7af6-460d-901c-ef2a5be005da,eacf0583-8a78-5551-a547-78b52c3b0a08,send_reengagement_message,push,2026-04-17 03:04:22+00:00,,,,
156f9127-f467-4ec6-88d2-5ea9a234f99b,342976a4-e1e4-5772-b146-2bd8168869dc,send_reengagement_message,push,2026-05-20 08:09:16+00:00,,,,
0fc9d498-0d42-491d-b86c-dca62b5261ab,a594967a-6edc-5bed-90f3-2eb56b1992eb,complete_onboarding,in_app,2026-04-29 18:48:52+00:00,,,,
092bff3d-6f7d-439c-a8f8-f2ec538084bb,63b9cbd8-027e-5271-ab99-cc97ac25a80d,complete_onboarding,push,2026-04-19 07:40:07+00:00,,,,
48b0cde0-4166-4d06-9787-b088721f1d47,5d9bd845-5b34-5405-9fcf-05a13ccb86e7,send_reengagement_message,email,2026-05-09 07:57:07+00:00,,,,
1c3ac96c-6ec7-40a7-8955-ac56159f0dae,401ff947-4884-5396-974e-bcd97d654683,complete_onboarding,in_app,2026-04-18 12:33:58+00:00,,,,
82c118e9-35ec-4519-a91b-1f0290ae2b81,7e14023a-3bee-5a1a-afb1-ad22bfe8d193,complete_onboarding,in_app,2026-04-29 18:01:03+00:00,2026-04-30 05:01:03+00:00,,,
bd20162c-a64e-4dd3-bf0c-37428d2d68b0,8cdc7642-eb65-5f6b-9b81-e60719058c60,send_reengagement_message,email,2026-05-15 23:51:17+00:00,,,,
0b3de8da-5f52-4eb0-9797-dcbc0bdf80bf,9530e009-fd33-5024-aee1-672b54550837,complete_onboarding,email,2026-03-16 06:49:05+00:00,,,,
d86afcb6-5864-4ac1-8d13-06ada76190cc,61ea66a4-6ae7-5af0-9584-2e520a61634d,send_reengagement_message,email,2026-05-21 23:56:47+00:00,,,,
9fe1f31a-6761-4152-9193-fd7397dc69a5,d81afe8c-d52c-5640-a0ba-cdf00df3c7cb,complete_onboarding,email,2026-04-12 23:43:42+00:00,2026-04-13 15:43:42+00:00,2026-04-13 16:04:42+00:00,,
462421fa-31cb-4863-8a7a-9f54bebd5ab1,6e679fd6-31be-55cc-a44f-cf1dd1d428c0,complete_onboarding,in_app,2026-03-29 07:01:33+00:00,,,,
776fb856-b6c2-4715-b239-b79acc48a4fa,59cc5b32-ee5d-5c8e-af0c-8ac20f2fd75f,complete_onboarding,push,2026-04-11 11:33:10+00:00,,,,
66d71de5-7691-4d1f-ba86-ce0bca1c42e3,df8bc344-0cdb-5abd-8815-1520de57a7c9,send_reengagement_message,email,2026-05-31 17:19:27+00:00,,,,
f88a0af5-665d-4654-af9c-391a4d9e974a,aa6815dc-7186-51a7-afde-53acaae92470,send_reengagement_message,push,2026-05-24 04:08:21+00:00,,,,
3d706f2a-1f16-4176-a1c5-226738f5ecab,a7d27908-b69e-5817-af71-f2d511021ee7,complete_onboarding,push,2026-05-03 12:36:16+00:00,,,,
32c3890f-278d-49cb-ab96-32cc976a7805,f324f653-882c-5cc1-8485-8594b0f38978,complete_onboarding,push,2026-04-07 22:23:43+00:00,,,,
18bc9ba0-dd36-4c0e-9eb2-1432670624a5,5a93c51c-0b6b-5716-a234-24dce8b77a71,complete_onboarding,push,2026-04-30 02:31:55+00:00,,,,
1afa91b3-0eaf-4ab3-accc-f59552a3c333,dee45e85-506d-5b9c-9bad-4cf8207ddca9,complete_onboarding,email,2026-04-02 13:42:28+00:00,,,,
4980096e-c808-44c4-91ff-740e251de1e9,9b93203c-352a-5315-8065-ef219247702b,send_reengagement_message,push,2026-05-12 08:17:23+00:00,,,,
308cfd36-9aff-4ad4-8a3a-1ed974b5d332,7427df4f-af33-58a0-b608-ef1798477485,send_reengagement_message,email,2026-05-09 03:06:59+00:00,2026-05-09 18:06:59+00:00,2026-05-09 18:18:59+00:00,,
67cdae8d-0bbb-43a8-9f20-5d22e09582ef,ecd5c91b-505d-5ab8-b981-62792cfb9b06,complete_onboarding,push,2026-03-24 05:39:58+00:00,2026-03-25 16:39:58+00:00,,,
bcba0388-8fbd-4029-b4ad-5bca1a12263c,db2c9683-9126-5a17-94bd-744362163545,complete_onboarding,push,2026-03-25 09:15:46+00:00,,,,
22add1a5-d3d1-4ecc-a664-6d46b91d6bdd,a45b1dea-4cfc-505d-b980-e07d3a148163,send_reengagement_message,in_app,2026-03-30 05:14:10+00:00,,,,
3a929674-9ab6-4ea8-bbbb-d03a78a04b4f,072cdcb2-4e90-569e-a715-f8ae2dc5e98c,complete_onboarding,email,2026-03-16 15:27:22+00:00,,,,
cdcbb192-1001-476c-b4c2-f7cf0c2c8c12,688f3ba9-b2f6-5186-a37a-47066c01c8a0,complete_onboarding,email,2026-04-05 22:04:19+00:00,,,,
6e106a32-1c32-4dbc-9aea-86c017af3836,b7fcdb3f-cde5-5498-bdd4-ec29f403668e,complete_onboarding,email,2026-04-08 23:21:52+00:00,,,,
008b62f4-fa62-42bc-8351-d96069763d09,9afc6ad6-ae5d-54de-a53d-187845aae6ba,complete_onboarding,email,2026-03-18 09:26:22+00:00,2026-03-18 18:26:22+00:00,2026-03-18 19:02:22+00:00,,
94b2b6b8-fd90-4c1d-8a9c-0db5ce431972,76712b5c-941e-5f89-993f-b1b580ec2e60,send_reengagement_message,in_app,2026-04-23 18:22:06+00:00,,,,
5ef63b41-60f3-4238-924c-1949bb7f3f5b,359e0d1e-9c70-5c10-8a60-fc0f430cf525,send_reengagement_message,in_app,2026-05-06 16:31:03+00:00,2026-05-07 02:31:03+00:00,,,
bc8e944e-1766-4d69-aafa-cd34e744951e,57e68b6a-9e7f-5737-8673-47f201216f62,send_reengagement_message,push,2026-04-11 01:08:07+00:00,,,,
e3359a01-79c8-46ae-a774-2409810699f2,2cc678f4-b285-5a40-883a-0e4c647014df,complete_onboarding,in_app,2026-03-30 08:07:12+00:00,,,,
a3425a22-74f9-4463-828f-0cd451f00de2,c5568d1a-dd85-593a-9fa6-32aa1655a74f,complete_onboarding,email,2026-04-01 08:35:57+00:00,2026-04-02 09:35:57+00:00,,,
8884741e-ec63-4ff5-929d-14542aeacc30,3f8a7c3e-6330-5f6a-85cd-a5ae01899e80,complete_onboarding,in_app,2026-04-10 20:22:08+00:00,,,,
4a8846f6-81f2-4640-8795-9bfdb29cd96a,379007db-01b0-5e14-912c-b7a3631d3aaa,complete_onboarding,push,2026-04-01 06:44:44+00:00,,,,
37a0882c-d1c6-4f78-9081-de496329e716,f4939650-5ab2-5bc9-9d7a-9d10a072d33e,complete_onboarding,email,2026-03-29 14:19:56+00:00,,,,
0c047bcc-c598-4649-a0bc-f8a6d5461292,b059ff38-5c69-50b4-b46e-2b99509834be,send_reengagement_message,in_app,2026-04-24 22:31:57+00:00,2026-04-26 02:31:57+00:00,,,
035008bd-f2db-411a-b61c-3e35bb85ae3b,ff4dac62-790f-565d-94ac-e1354b3f73ae,send_reengagement_message,in_app,2026-04-21 04:23:32+00:00,,,,
a23f5b0a-320d-4405-aac8-9c32ce1a0839,fa00d6a5-ee89-5762-be39-53361e83b7f3,complete_onboarding,in_app,2026-03-19 14:54:29+00:00,,,,
e5773aa3-2612-4dec-abf7-5fb3e8549660,63d750a7-5935-5148-85e8-6cab411cf94e,complete_onboarding,in_app,2026-04-23 07:35:26+00:00,,,,
f6639275-7f1d-4ce1-b029-3c99f1b29f16,a398422b-bee1-5836-b477-e8b8622647ce,complete_onboarding,push,2026-03-23 05:53:54+00:00,,,,
f48c01c8-df67-42cb-804b-4a09ca5ce938,8fecad41-c670-5f87-8af5-9445ed0153fa,complete_onboarding,in_app,2026-03-27 11:37:37+00:00,2026-03-29 02:37:37+00:00,2026-03-29 03:30:37+00:00,,
e49eb95a-113f-430b-ab4e-725ecf83ae5a,4141987c-14e2-5c1f-b714-c7cdabba52c5,send_reengagement_message,push,2026-05-19 16:47:49+00:00,,,,
1a4161a5-ec70-40c4-8a37-4d893c48d4a5,6bf32b90-5789-5a4f-b8f6-f98c7a4a1a61,complete_onboarding,push,2026-05-11 11:18:30+00:00,,,,
fe0e1ff4-a7df-4281-8fb7-3f88e8a142ed,1089efa6-df10-518d-95a6-c6a61d89b876,send_reengagement_message,push,2026-05-11 06:54:57+00:00,2026-05-11 10:54:57+00:00,,,
6bf8cec4-79b6-4a98-908f-dfb0a9549486,2acba02d-c5d4-5aaf-b409-f9a2dfe54fff,send_reengagement_message,email,2026-05-28 05:28:19+00:00,,,,
2d9eb5fa-7002-46c0-b219-5f67ce7a4743,0a0fb720-1b4a-5546-9af8-4723f47246f7,send_reengagement_message,email,2026-05-23 22:32:21+00:00,,,,
81c44dcd-dee7-450b-9ffc-a37d610053ad,507f2c39-904f-5aef-8349-f6578c71c981,complete_onboarding,in_app,2026-04-09 04:23:14+00:00,2026-04-09 10:23:14+00:00,,,
36e8576b-8038-4d37-a369-2f471c8da8d9,106ff396-69bb-5969-9e00-2707f81c9c31,send_reengagement_message,email,2026-05-18 03:36:00+00:00,,,,
e1ef79e9-0839-4ea7-8cac-b59f8e1c1126,d9c8d54b-9c9d-5a90-b5b9-846d0462b1c0,complete_onboarding,email,2026-03-29 15:45:57+00:00,,,,
58201322-8ce4-4e67-b9ec-5b9ab2f9ab57,22fca7f9-18c6-5623-8fc2-5e53b051a3da,complete_onboarding,email,2026-04-07 18:34:58+00:00,,,,
b2d9f919-0341-40ac-aa69-5a51f0763c48,58871bb0-e017-55ac-aee5-c33392c8b0eb,complete_onboarding,in_app,2026-04-12 22:40:47+00:00,,,,
bd7d885d-1a9e-4f7b-8696-8dbc23d1de6f,ec9fea15-54b7-5d6f-9d3f-8596cc3884b5,send_reengagement_message,email,2026-05-31 06:34:34+00:00,,,,
df6cafb1-505a-4e81-99e0-04cced96aba4,a6841cab-247c-5146-8f66-ca2608b46b28,complete_onboarding,in_app,2026-05-04 13:12:57+00:00,,,,
38637ee9-c8d0-414c-89b8-f06995fd2a10,dad9ec14-9609-544d-ade4-b4065e3f192d,complete_onboarding,in_app,2026-04-09 18:12:09+00:00,,,,
966420f9-dfce-4d27-968b-cb9930601f3c,d8083013-3b77-5468-8854-ce1bd60d7b3d,send_reengagement_message,push,2026-04-25 00:41:03+00:00,2026-04-26 23:41:03+00:00,2026-04-27 00:39:03+00:00,,
f71b6cce-13ed-4531-b8f9-aac2618073bf,d8083013-3b77-5468-8854-ce1bd60d7b3d,send_reengagement_message,email,2026-05-10 00:41:03+00:00,2026-05-11 09:41:03+00:00,,,
21f36a6f-6b7d-49ef-9847-0533d12cb442,087aca7c-2707-57fa-811b-6a55dac24e41,complete_onboarding,push,2026-03-20 23:06:07+00:00,2026-03-22 05:06:07+00:00,,,
82353449-6c4f-4e87-bc6d-8051912cdc90,26f9ade8-7b71-5a60-83cb-5004e7b8528b,complete_onboarding,in_app,2026-05-01 12:04:21+00:00,2026-05-02 19:04:21+00:00,,,
e925f70c-a5c5-4fe7-8995-efeedbece4b6,eef9c436-fb8e-55a4-b17f-5ba1389bdfa0,complete_onboarding,push,2026-04-14 03:49:50+00:00,,,,
c3f47f65-0642-40bb-a85a-db025df535f1,2648e55f-f1b8-513f-a613-723b8458632c,complete_onboarding,push,2026-04-28 20:57:54+00:00,,,,
344e25cf-9291-40cc-831f-9d2fd4e65a30,7f528965-da83-56b3-8a28-00ee71f89b89,send_reengagement_message,push,2026-05-08 16:06:40+00:00,,,,
7ef52a4c-2cab-4e49-9518-000d27cb8c1b,03297971-8c6c-5450-b938-cc30301fb727,complete_onboarding,push,2026-03-12 00:00:18+00:00,,,,
6af1479d-2ff0-40c7-87c8-9a172a0cae87,4155fae6-7518-5c9f-8865-92aefe9fae76,send_reengagement_message,email,2026-04-14 21:11:07+00:00,,,,
312f162e-5e58-4d29-bbe1-be540dbf3af2,63cfcf5e-1031-5cc4-bf71-cea34524ac5a,complete_onboarding,in_app,2026-03-19 04:38:46+00:00,,,,
8b5ee385-c2c1-436b-b0af-b4b86293cb50,b2b491ab-e3d3-5699-82c4-7ac5939535a2,complete_onboarding,in_app,2026-04-26 16:58:58+00:00,,,,
e4daf0c7-f5e0-4a95-8052-ee92ac04980f,4d948f29-5f79-5b00-8713-4a73bbeecbd7,complete_onboarding,in_app,2026-03-09 10:12:12+00:00,2026-03-09 22:12:12+00:00,2026-03-09 22:45:12+00:00,,
c14f8cc9-28eb-4413-af24-708553913b30,c37d5312-6541-5d01-95af-50ca547d0683,complete_onboarding,in_app,2026-03-20 23:10:54+00:00,2026-03-22 21:10:54+00:00,,,
326e85a9-3924-47b5-b3fa-8086a14f66ba,e17ee79e-4dfd-5aa5-b549-f512ea85d718,complete_onboarding,push,2026-04-17 05:22:07+00:00,,,,
666374b8-d3c2-4b21-8e8d-8ac4af0925ee,69d0c578-15d0-5fce-af56-50e6b2f03166,complete_onboarding,push,2026-04-10 17:28:21+00:00,,,,
f8c603d3-4999-43a7-919a-0d55dbb468e1,44c37415-987a-5e95-b708-c8ae0eef8df6,complete_onboarding,email,2026-05-05 09:21:01+00:00,,,,
17bb152b-f217-4ecf-a81a-b66441ae904b,c6c6709e-3617-5c7c-b281-e1de57b7153c,send_reengagement_message,email,2026-05-28 09:45:52+00:00,2026-05-28 12:45:52+00:00,,,
c23b629b-9e9b-47d0-9268-e149709a183c,e7aaf371-f80d-5baa-b995-4e3f14b97aa0,send_reengagement_message,email,2026-04-04 02:45:43+00:00,,,,
378fd2ce-7d39-47f6-b768-e9afb77e03f5,9034a2be-1a25-553c-9774-1b0700f32822,send_reengagement_message,push,2026-05-30 17:21:29+00:00,,,,
e915b5ea-239e-487e-a90e-4b7a61c37136,a90a17c5-2438-5ca5-a91b-4d0eadaa174b,complete_onboarding,email,2026-04-18 09:24:45+00:00,,,,
466d0047-7dae-4483-a5ff-ed0cb591d40a,25e12611-fb14-5828-b401-1c33bc9e86d3,complete_onboarding,in_app,2026-04-19 21:34:43+00:00,2026-04-21 15:34:43+00:00,2026-04-21 15:36:43+00:00,,
6929c5c2-22ab-4ccd-bb31-0a5ea4ab4577,c06cb8f1-fa7c-50b2-b187-8c406fcde1a1,send_reengagement_message,push,2026-04-01 13:28:41+00:00,2026-04-02 22:28:41+00:00,,,
d8f0d892-d5af-4c85-a886-336c092dcbc2,cecf7a7b-da11-52b1-81cb-7ac511d625a5,send_reengagement_message,push,2026-05-07 21:49:10+00:00,,,,
dd9436eb-45bc-4b1b-9204-096a75ffbebb,2e85a50f-ab6f-5c9a-b144-05e87b7c2023,complete_onboarding,push,2026-04-26 01:47:05+00:00,,,,
71b99dc7-57fb-409c-8969-258b0d742439,1f325487-fa3e-5892-876c-2a3b2176e2cf,send_reengagement_message,push,2026-05-05 01:47:23+00:00,,,,
31c68d3b-a8b7-415b-aee8-fb07267c6608,77517ff9-4783-5bb9-a9ba-b7c35289544c,complete_onboarding,in_app,2026-03-12 19:55:13+00:00,,,,
460a0fe9-8a89-4fa8-ae7b-c4bbdd8a9bf0,022eff3c-358d-53ce-ad2b-21448c390611,complete_onboarding,in_app,2026-04-12 02:27:51+00:00,,,,
2a6e914c-6d8b-4f2e-911d-e43933d3726b,20dddd80-9f88-596c-823c-7c02f313cd59,send_reengagement_message,email,2026-05-29 13:54:57+00:00,,,,
ec399f84-6886-4729-962a-4105713d5b60,9bc09a12-408a-5e70-a05e-ff79c7a8e2e3,send_reengagement_message,email,2026-05-14 21:58:38+00:00,,,,
66541d7b-1f65-4e7a-9135-3ed45b469dd2,dd30d7f0-0939-5414-a2fc-fe22f6430f4a,send_reengagement_message,in_app,2026-04-04 11:32:50+00:00,2026-04-05 19:32:50+00:00,,,
04bf86a3-8745-4431-99cf-92ac0d9f3998,4da4c4cd-1798-55fa-b1e4-2c37098763a1,complete_onboarding,in_app,2026-05-12 05:39:28+00:00,,,,
6e391c39-8d52-4b2b-bba4-1a419c640bea,c309b369-18e8-5c35-885e-4fbc36f40211,complete_onboarding,push,2026-05-12 03:54:19+00:00,,,,
dbf74230-0442-404f-9018-0864f50291bb,672634dd-e99f-56bb-b319-ede47dd2be8d,send_reengagement_message,push,2026-04-06 16:31:07+00:00,,,,
eb84b058-e83b-4a27-ae48-2090519e0529,c6dd9aa8-e3d3-599c-8cac-fdfcf59e741f,send_reengagement_message,email,2026-05-20 06:15:50+00:00,,,,
319e9827-bd97-4045-b6f7-ab666151fa9f,62651224-e9b6-57f3-ac97-b198a480f778,complete_onboarding,in_app,2026-04-04 01:31:23+00:00,,,,
c1d617ca-0807-45b3-a7dd-b5b1338a2339,f6c3b856-eb16-5611-ad3d-a04e92bc691e,send_reengagement_message,in_app,2026-04-25 17:13:41+00:00,,,,
73e2a048-8c02-41f8-b931-baccd0c58bf2,95c91376-f6a0-59f2-80df-eb505236ffa4,send_reengagement_message,push,2026-05-19 00:01:30+00:00,,,,
39f2a353-7215-494a-894b-720ca1a988a9,59151035-126a-5451-846e-394e654a755e,send_reengagement_message,email,2026-06-02 18:28:06+00:00,2026-06-02 22:28:06+00:00,,,
f10bcd73-1377-4220-8208-6db91dedfc12,15b87c60-666e-5f62-8b87-02dc314502a6,complete_onboarding,push,2026-04-30 20:42:35+00:00,,,,
3edac1dd-71cd-4b14-b3b1-08cf704138d4,16b39eaf-c14a-5499-8798-2dd834cdc685,complete_onboarding,in_app,2026-05-10 06:21:02+00:00,2026-05-10 09:21:02+00:00,,,
c9e7c771-50e5-4e80-9fc1-714e6df20163,b71f38e1-7ce4-5aad-a4c6-3ebe987505dd,complete_onboarding,email,2026-05-11 06:37:13+00:00,,,,
5a0c8d9a-c79d-4e37-8bef-86855d07798b,994cd6b8-ea54-5053-953e-a83411ba19ac,send_reengagement_message,email,2026-04-01 05:12:51+00:00,,,,
e0d4d599-7f74-4e3a-8098-6cac4bb655a3,bbcac93a-5f82-59c4-bb6a-182db935ea04,complete_onboarding,in_app,2026-03-24 11:36:09+00:00,,,,
8fc6961d-85e3-4878-b11d-41743ebb6025,a77835c7-9dea-5568-a1a4-aee2be8892c5,send_reengagement_message,in_app,2026-05-14 19:23:39+00:00,,,,
f4b23f58-ae93-47af-a824-43d1dfa78120,7fca23ba-bde6-56ac-9b53-dd598c058d51,complete_onboarding,in_app,2026-04-16 17:09:55+00:00,,,,
143e2884-e369-48de-a84b-d07e266c856e,56722269-af4f-5887-a5d0-7bf556ef9779,send_reengagement_message,email,2026-03-29 11:02:30+00:00,,,,
dadc25fe-7887-4141-a309-347ffdb41bb6,d17ba6fb-3706-5893-8d5a-1bad81522a62,send_reengagement_message,push,2026-04-01 13:24:04+00:00,2026-04-03 10:24:04+00:00,2026-04-03 10:29:04+00:00,,
b2c86e77-b07e-4f00-9a36-57c3229d0dcd,d5451f20-6cad-5fdc-b759-f397c3e0c7e4,send_reengagement_message,email,2026-04-30 22:01:34+00:00,,,,
8c07e6ec-5228-4eeb-8ab7-4f852c7aafd9,2a4efc27-2185-5956-9cd2-7e99cb2a436e,complete_onboarding,email,2026-04-18 12:22:12+00:00,,,,
e1123cf5-da35-4dbe-9c62-f78d6dd9a8a9,7a17c96c-7219-53cb-b019-d3883c2be7d3,complete_onboarding,email,2026-03-18 13:44:34+00:00,,,,
1911ff1b-8a25-408a-9d6a-f0e9a846d6b8,652eacdf-0998-5cd0-9435-e44f55df94f6,complete_onboarding,email,2026-03-18 19:39:29+00:00,,,,
4c84c943-bcfe-40a4-b05a-b066372a8aa9,be45d57d-e542-5e17-90f8-6d0ce7a73f82,complete_onboarding,in_app,2026-03-15 22:11:13+00:00,,,,
24f7c4ce-a055-4185-a521-343640892bab,65e5c557-dd73-5ac8-96d2-b0d88afbdb85,send_reengagement_message,in_app,2026-05-03 23:33:28+00:00,,,,
0ffbf958-1752-4ccb-9263-f11d56180be1,9f5b676a-6e7a-5c13-96dc-8c071db0fcf9,complete_onboarding,in_app,2026-03-07 13:00:19+00:00,,,,
396e71ce-4e04-45f0-9333-a14773560023,a5c38ccc-34b2-5a86-bd67-1e93b3319810,send_reengagement_message,push,2026-04-27 20:08:15+00:00,,,,
9e2a6007-129e-440e-ae19-7bdecd5f5f05,e2716c3e-8555-5248-bd81-0fe9d94fcd77,send_reengagement_message,push,2026-04-27 03:40:16+00:00,2026-04-28 08:40:16+00:00,,,
dbf8ae56-aa20-4a79-85e5-5cf458322e9a,0233dc2d-bfb5-5c27-8e16-52a1e90772d2,complete_onboarding,in_app,2026-04-22 20:52:52+00:00,,,,
3322da1e-265d-44d2-a2ac-265666121195,7b6d64aa-8bd4-5a90-b85e-9f6dd5525527,complete_onboarding,email,2026-04-12 01:28:40+00:00,,,,
90995181-80a2-473d-9e56-65b55e392fb9,5ebee14d-2c7a-5e97-8a0c-d59297d87599,complete_onboarding,push,2026-04-26 05:09:05+00:00,,,,
e4687f30-8d6f-45fb-bbbb-7b6bcd46b3bd,14938ad0-8973-53dc-88b9-dd24b2fbdd0e,complete_onboarding,in_app,2026-04-28 17:03:24+00:00,,,,
0f0cd91b-cd99-4404-814e-9c497e9cfe18,306ae1a4-7c2f-5024-9518-cdd25baa4adb,complete_onboarding,email,2026-05-01 03:32:56+00:00,,,,
5b8fc035-2b38-4b6e-b035-adddfed2e502,110826fa-5e94-5320-8a1a-f25700472541,complete_onboarding,email,2026-04-11 17:19:16+00:00,,,,
79efe241-036b-4c5b-96f5-166cdcfd99f9,33f0c47b-d0b7-5263-87d0-51467fd73d87,complete_onboarding,in_app,2026-04-09 23:00:19+00:00,2026-04-11 09:00:19+00:00,,,
2dded2f9-352d-4648-8ad8-512a46dc12a5,3348bef4-ae69-511c-bd78-88a0fc8aa5d7,complete_onboarding,in_app,2026-03-23 06:19:59+00:00,,,,
9a8ef622-c769-4098-8736-7838f64d8fe4,2ec56ac0-ea43-5e96-8eab-d80dcb77c508,complete_onboarding,in_app,2026-04-17 08:55:35+00:00,,,,
40d0625f-4078-4ec9-8887-fdb234afb149,55025f24-ef99-5862-b1d9-b0023a17919e,complete_onboarding,email,2026-03-16 14:24:28+00:00,,,,
156cfce6-03b5-4f28-9359-3c4f5e431e0e,d29c3b57-6d1e-54cd-b841-b6c2d8fb894e,send_reengagement_message,push,2026-05-29 06:07:36+00:00,,,,
e303f99c-05bd-463d-bee6-a71831887704,cf750003-1640-535b-afe0-8ede429266a8,send_reengagement_message,email,2026-05-23 07:23:34+00:00,,,,
2df284d6-fcbe-4aa3-ae6e-14692e710161,c572029c-7093-52d5-8af9-1f7e91565fcd,complete_onboarding,push,2026-03-15 06:16:42+00:00,,,,
dfb131d2-c98b-42c0-911b-83924cbd6236,03e6bea2-ff34-532a-8528-87bc11f2bd27,complete_onboarding,in_app,2026-04-30 05:32:33+00:00,,,,
49147010-ab78-4d27-b05a-815252de9396,46bf0239-75b5-5c66-b10e-2a2315237810,complete_onboarding,push,2026-03-15 01:55:23+00:00,,,,
b86485a6-88e3-448d-99ae-d3f8692f5cac,771ed1c8-f664-590c-b7b3-8d0c5a50aab7,send_reengagement_message,push,2026-05-14 18:20:55+00:00,,,,
2695a983-0a6c-492e-b1ac-1c05923dab7b,ac0b5256-e88b-528a-9c7a-532dba7288ae,send_reengagement_message,push,2026-04-01 01:14:45+00:00,,,,
603378bb-5980-4c1d-b070-44d92a1c2735,48d09f8c-815a-5dbe-9a72-18fb452555bb,complete_onboarding,in_app,2026-04-09 16:26:52+00:00,2026-04-11 10:26:52+00:00,2026-04-11 11:08:52+00:00,,
96536239-7b34-4cf6-85fc-f37c8040af38,9457da1f-d054-56d6-9341-975d7e9d864d,complete_onboarding,in_app,2026-04-21 09:25:16+00:00,2026-04-22 07:25:16+00:00,,,
272b88ee-1a1f-4338-bf22-67cef3544630,74801d78-754d-5e53-bd17-a66ecbd44586,send_reengagement_message,email,2026-05-15 06:54:37+00:00,,,,
4e56e35e-999a-4406-9087-b986036eff59,2b728290-fd13-540f-81c7-21f216ca9b7b,complete_onboarding,in_app,2026-04-04 21:12:54+00:00,,,,
2009a42a-ca8a-45f1-b8ff-782ad6a4bdab,e62940b4-fc35-50d5-9e3e-38be3bb00ad4,complete_onboarding,in_app,2026-05-09 14:12:29+00:00,,,,
b6f82568-7495-46b1-987f-0b96995cc754,9a63a96e-6e40-5f25-a0c3-1972e452bb9d,send_reengagement_message,email,2026-05-18 10:16:33+00:00,,,,
0fbcbde0-e746-44e5-9687-7e127f4b1910,dea45e56-1c3e-55be-860a-96825e0f110d,send_reengagement_message,in_app,2026-04-09 08:53:10+00:00,,,,
7b5b92a8-0a62-481f-9465-c6918c080f7c,93a2e9b0-f2a5-52a0-aa88-e92dd249f56c,complete_onboarding,in_app,2026-04-22 07:33:32+00:00,2026-04-23 13:33:32+00:00,,,
f7114a34-1915-4a7b-8e6b-c9f68099578b,566bc16b-26e4-562e-b8a6-cb15ae7c2735,complete_onboarding,in_app,2026-04-26 09:45:53+00:00,2026-04-27 17:45:53+00:00,2026-04-27 17:49:53+00:00,,
c4e09cb9-357f-4be8-bcf9-2d1e84166a44,36271320-1cd7-5476-9d66-41f7c3289d47,complete_onboarding,in_app,2026-03-30 00:30:13+00:00,,,,
93f291d2-1d16-405d-a313-28e501e15d3a,07d81bc2-f64f-5038-add6-17b9da86d896,send_reengagement_message,push,2026-05-15 22:30:38+00:00,,,,
6d98455a-a564-43cc-93cb-bcc84e0a476b,fa2b2c87-7bad-52ed-997d-f1806078f701,complete_onboarding,push,2026-05-02 09:08:27+00:00,,,,
ecb78921-d4f6-4648-9d44-486b043410df,f2d7019d-c0f7-5c25-8160-79be5ba657e6,send_reengagement_message,push,2026-05-17 14:45:10+00:00,2026-05-18 06:45:10+00:00,2026-05-18 07:07:10+00:00,,
06a0748f-fa5b-4c59-bc80-40f101c26a87,e2536793-547a-5344-a117-cff454602906,complete_onboarding,push,2026-04-19 18:43:38+00:00,,,,
eb274c0f-c180-4f20-8039-b9ea15046983,00f9f9ea-2b89-511f-aacb-bbe703b993e3,send_reengagement_message,push,2026-04-13 16:00:20+00:00,,,,
c213dc35-01a1-4330-ad0f-c4f93cafe9d1,254b8942-8c07-5af6-a44b-fad211fc4540,send_reengagement_message,in_app,2026-05-19 20:53:20+00:00,,,,
7b067fa8-99bb-4941-8af2-89b59a000887,c1be3823-da00-5501-8cf6-e4bf88392987,send_reengagement_message,email,2026-04-20 03:06:06+00:00,,,,
3942ba2b-dd0e-4e0c-af52-c77ecc3be833,461ebdb3-ac75-5e73-a0bc-6a65eca222c0,send_reengagement_message,in_app,2026-05-01 17:19:03+00:00,,,,
796c6ada-9183-4ec4-a838-82cb10673f2e,9e056ece-3901-532a-afcb-8504fe13191b,send_reengagement_message,email,2026-04-16 16:42:44+00:00,,,,
3606cd89-e32f-463d-8ed2-1d5afc8406de,2a723cee-65aa-5417-be40-ec71549217c3,send_reengagement_message,email,2026-04-16 14:21:21+00:00,,,,
4a07148d-4821-40c4-84a4-b4c1d1ed1f34,c0aec95b-d40b-5e74-bbe1-b31c953d1302,complete_onboarding,in_app,2026-03-17 21:00:16+00:00,,,,
97b05f9b-781e-48f3-8f90-0737c9bd4ec8,ca4bb7f8-4e0e-500f-81c2-117b3687ec6e,complete_onboarding,email,2026-05-12 07:54:31+00:00,,,,
11dd1716-aede-4bf9-bcee-905769189687,62a22c21-ffc8-59c2-8d41-bb712bebde25,send_reengagement_message,email,2026-04-05 04:43:44+00:00,,,,
6448ca9d-8a78-4a8c-8bb4-77418c04ee8a,6fb3f40b-f648-5dbd-8e1a-a39df5609dbb,send_reengagement_message,in_app,2026-03-31 22:50:39+00:00,,,,
ba17293b-ee6d-4bbb-9a52-486c86db46b5,24084e05-8688-5586-a734-9281d700a39a,complete_onboarding,in_app,2026-05-10 14:13:36+00:00,,,,
f9afa187-d1ac-4a44-b71a-3d7d91f8d871,b82064bd-bb8f-5782-96d5-3766e6d2f8fc,complete_onboarding,in_app,2026-04-14 07:06:05+00:00,2026-04-14 12:06:05+00:00,,,
3e454f44-127d-4037-88f8-20a1e428894d,5d0c2c4b-c456-5afe-86ac-3f50cb8321c8,send_reengagement_message,push,2026-04-25 05:10:07+00:00,,,,
4034158a-03cc-4a68-b004-72af2b96e7bb,d6a167c3-01de-53dc-ad64-a8fd2689de64,send_reengagement_message,push,2026-05-15 21:17:07+00:00,,,,
8d29ac78-e2bd-4bb9-8a55-7d4c3635c052,4f83fe96-a31a-5c7e-8bd6-5de55a20e461,complete_onboarding,email,2026-04-02 10:46:38+00:00,,,,
9b5c7b17-5e8b-48e6-8255-b83bed1d61c1,37b57de0-2f69-536b-87d4-5194018a0c01,send_reengagement_message,email,2026-04-03 19:50:16+00:00,,,,
a53c74e1-a2e5-46ec-942c-f6be54100dd1,3dc127ab-9568-5f57-8701-d93707613d44,send_reengagement_message,in_app,2026-05-15 08:21:33+00:00,,,,
528e68b7-e633-4976-9606-ef9098fdfb95,cdc7be9f-1794-582f-9ec1-737e255f35fe,complete_onboarding,in_app,2026-03-19 03:27:17+00:00,,,,
fc873b09-0174-4fb0-8194-68ce90884471,daa9c4fa-d3a7-547a-8755-30689c1153d2,complete_onboarding,in_app,2026-04-14 03:45:22+00:00,,,,
4b39cae7-927d-4506-aff4-85a3efa8277b,f9bad985-73ee-5caa-bca7-702091a6d45f,send_reengagement_message,email,2026-05-30 11:39:11+00:00,,,,
0005e00e-3998-48c2-a1da-efc9d7d28e9a,a993d6b9-b8f3-5442-b77b-f92d6f290b4b,complete_onboarding,in_app,2026-05-10 14:14:51+00:00,,,,
a7db6083-6efd-4064-8bba-bed86b79bc5d,7b425cba-18e7-5ecc-afc6-9370e8d17b60,complete_onboarding,push,2026-03-31 21:27:22+00:00,,,,
0bb31039-348c-4f74-bdce-1423b9d5071c,895c12a2-2850-51bf-bf7c-02e50b01ae91,send_reengagement_message,push,2026-05-18 20:10:44+00:00,,,,
4f297664-47bd-4905-9bc4-5b55e4106eb5,3c95b629-5329-5242-98d2-d3c230439862,send_reengagement_message,email,2026-05-07 06:35:27+00:00,2026-05-08 02:35:27+00:00,2026-05-08 02:36:27+00:00,,
9a467fe4-89f9-4242-b244-eeddec7ab79c,4db32f38-78c3-5aa9-bfbc-853ffee114b7,send_reengagement_message,in_app,2026-04-28 01:50:08+00:00,,,,
d4e4c3ab-7267-42d7-8abc-ab588c98ee25,e324742f-4e2f-5467-a733-fd09b94900ce,send_reengagement_message,email,2026-04-04 15:43:14+00:00,,,,
de929a80-7b48-423f-b0a2-d074875d427b,abd301c8-04fc-50d4-a088-4e819b97bb7f,complete_onboarding,push,2026-04-01 23:15:03+00:00,,,,
f60da6c1-5db9-4402-bd5d-f507399200db,743826a5-b62d-568e-8dbe-9442eb16ca98,complete_onboarding,in_app,2026-04-20 23:34:33+00:00,2026-04-21 08:34:33+00:00,2026-04-21 08:40:33+00:00,,
0371bdd5-a87a-47cc-b81e-0e5a38b84129,c0674fe3-c9c9-5b6e-ba02-55c86344a171,complete_onboarding,in_app,2026-05-14 01:51:41+00:00,,,,
655915d0-e4e1-490d-b357-9f616e6824ef,edec6417-6b67-5001-bed7-5d4b91efe444,send_reengagement_message,push,2026-03-26 08:05:54+00:00,,,,
6eff5c06-e7a3-4901-a93b-9c1c4a081a26,48548bc2-aa80-5acc-be6d-23bd50f70194,complete_onboarding,in_app,2026-04-25 12:36:38+00:00,,,,
0b0c1f66-50ec-4c09-8f72-3e192b784b0b,b2a3e847-3237-58a6-ac9e-daa0137d8f15,complete_onboarding,email,2026-05-04 09:32:00+00:00,2026-05-05 12:32:00+00:00,,,
2e4e3554-925f-4184-918e-b19d5250afdf,d660911f-eb27-55ff-b337-e22ec4a16251,send_reengagement_message,in_app,2026-05-30 15:10:41+00:00,,,,
c17d88d3-9592-4383-9644-94c9ea47f093,57485d02-4990-5c05-986b-1274955d8ddc,complete_onboarding,in_app,2026-04-05 05:49:07+00:00,,,,
052a1244-810b-4fc4-86be-eb0febfafb7f,c28a816b-fdb1-5275-ad85-1ad5b51ab46e,send_reengagement_message,in_app,2026-04-03 04:12:00+00:00,,,,
effb960f-dc96-4511-ad8f-a7f102a63758,7b849320-d311-51bd-b811-bea3a1495070,send_reengagement_message,email,2026-04-13 16:43:16+00:00,,,,
9b3b5325-1560-4e28-9982-1069acb34763,7b22fe12-2ddc-58c9-a87c-648f85404d45,send_reengagement_message,push,2026-05-23 16:29:00+00:00,,,,
d03cc98a-8f9e-4836-a18c-995bf344aae4,04583cc8-46a6-5305-b7e3-7d4eb59740a6,complete_onboarding,email,2026-05-06 13:51:35+00:00,,,,
93ef16ef-f0c8-4e47-bcf7-efcad9b7d0d8,5b454fc9-42b4-57b5-9d5f-6aee05494d8b,complete_onboarding,push,2026-04-19 22:59:38+00:00,2026-04-20 22:59:38+00:00,2026-04-20 23:39:38+00:00,,
d02caa67-4ac1-45ce-b921-108dace1d049,72b41482-7d1e-5673-8955-6e9bf1df37c5,complete_onboarding,in_app,2026-03-15 11:15:28+00:00,2026-03-17 02:15:28+00:00,2026-03-17 03:13:28+00:00,2026-03-17 04:13:28+00:00,
f86a016d-3984-45d0-8982-987ee8f7de28,97d6718a-93e2-5abc-9813-aeb0534efdd0,complete_onboarding,in_app,2026-03-15 09:54:07+00:00,,,,
7684afe2-ebd8-4619-bc0c-9998343c2f09,ea91fb3e-2cf6-5f84-9867-4aca3a558004,send_reengagement_message,push,2026-04-27 23:51:09+00:00,,,,
a329267c-39e5-4ef2-b361-c3f3ca577e6e,924fa767-2c69-59ea-8cc7-0c1515120422,send_reengagement_message,push,2026-05-05 14:09:17+00:00,,,,
1c56b03c-33ea-4fcc-b5f3-41c4bd4dcdd0,1a2703ad-4265-5c51-9ca6-6ca411312b22,complete_onboarding,in_app,2026-03-09 05:37:07+00:00,,,,
69c003b9-76a4-4031-a72a-5a3b6ee4ac62,6c7ae71f-0d36-5caa-b5b7-9e3670e72050,send_reengagement_message,push,2026-05-02 13:42:29+00:00,,,,
94f7425f-ecbf-4344-b537-92b435b43b95,50d86bc5-8c77-55ba-965a-45d674053386,complete_onboarding,in_app,2026-03-07 20:22:22+00:00,2026-03-08 03:22:22+00:00,,,
0e411bc1-1f3e-4e1e-a40c-c5b66c8855e5,04426623-e3a3-5693-b992-79a220e49dd4,complete_onboarding,push,2026-03-13 14:26:30+00:00,,,,
28f6ec8b-2e01-4877-82e7-1abfc782994a,42253679-d6b1-517b-aca2-1783ca3194c6,complete_onboarding,in_app,2026-04-07 08:21:00+00:00,,,,
a44aec70-1bf8-41fd-800a-b2375295385d,10f6e09d-38e6-54fe-adcf-eb1c91d7c73b,send_reengagement_message,push,2026-05-14 20:36:04+00:00,2026-05-15 05:36:04+00:00,,,
138aafb4-96a0-4592-81f6-4c08c5f74379,2e14240f-bb97-5c20-a670-01945f0f57b1,complete_onboarding,in_app,2026-05-02 22:51:40+00:00,,,,
aa9bb12d-caaf-44af-8063-9ef2b99bad65,27c02a7b-f58b-5f33-afb5-5daaf62beebb,complete_onboarding,email,2026-04-05 18:14:06+00:00,,,,
b5bb6faf-41c3-4872-83f8-7424728624d7,9b2a3932-13eb-50e0-97a9-41c23babe6cf,send_reengagement_message,email,2026-04-15 09:06:51+00:00,,,,
f0867bc2-919f-47bc-8490-9780565609e1,0d78f7b8-8253-534b-b964-7dc0f1257fe9,send_reengagement_message,email,2026-04-26 15:21:19+00:00,,,,
3e2983a3-6788-49be-a356-c82ea1f39a79,d731eefd-b05d-5da4-9836-75e852273936,send_reengagement_message,push,2026-04-16 18:17:06+00:00,,,,
85bcb3c3-7d10-44b7-bff5-532eecf53100,853323fb-8568-56d0-8fe0-3d02c693c02b,complete_onboarding,in_app,2026-04-06 12:28:18+00:00,,,,
a486a4f8-6ba3-45d7-a421-b51586d840d9,c04d6530-f07d-51cb-9cc6-5db165836e80,send_reengagement_message,email,2026-03-26 20:01:24+00:00,,,,
7df7589a-60c8-4e5e-b13c-f4621583513e,3b69e09f-ea36-553d-bd37-aa11de9670bf,send_reengagement_message,push,2026-04-15 19:59:29+00:00,,,,
686aa9d6-11cc-4155-92d8-f13d42fe179f,186a3352-6418-5e76-be5f-a9b6de6ff4a6,complete_onboarding,in_app,2026-04-11 13:45:28+00:00,,,,
0cb577c9-f81c-4c60-b7cb-110bea9b3fb0,b233394a-e2b1-5143-9ff2-3c5d5626a409,complete_onboarding,in_app,2026-05-09 08:56:22+00:00,,,,
e58f9060-b22d-4ea5-a90a-3e5258a40cc6,5c1abce4-0561-5c67-86e8-1c72de2cf664,complete_onboarding,in_app,2026-04-26 22:30:07+00:00,,,,
782546b3-364d-44bf-8470-9fefd08ce891,85bdeca2-64de-58b3-b06a-1a7d2339c825,send_reengagement_message,email,2026-05-18 21:49:21+00:00,,,,
baba30bc-8d03-419b-b1c5-94542a2cd5cf,adddcd79-9894-528c-acdb-706b25d8aaa5,complete_onboarding,in_app,2026-03-14 15:08:02+00:00,2026-03-15 18:08:02+00:00,,,
c45f792d-4635-4f3f-93f2-f0a217ee35f1,de7680b9-7314-5085-b309-675f943001b6,complete_onboarding,email,2026-04-02 23:22:26+00:00,,,,
494671e5-596e-4624-874b-f936c33bde03,be09b268-1439-577a-8e40-d6ac8b244f2e,send_reengagement_message,push,2026-06-02 19:05:20+00:00,,,,
f0d8401a-402b-4235-a133-890c96b4f288,883c5592-3075-5dc7-a16c-b84cfa578cf8,complete_onboarding,email,2026-03-10 01:08:48+00:00,,,,
1e07b83d-8d82-460f-a658-12fffeab7d42,5949f035-bd52-58cb-8728-b2febfdf8a90,complete_onboarding,in_app,2026-05-06 15:57:17+00:00,2026-05-08 02:57:17+00:00,2026-05-08 03:51:17+00:00,,
878863da-02b3-46a7-909d-2fa45c092a60,e7c27940-0644-5d55-8114-94ea0cc1dba0,send_reengagement_message,in_app,2026-05-12 05:31:28+00:00,,,,
4b0495e2-bf6c-4f64-9a6d-7891d1285823,f7142cdc-9156-5601-8110-ed7c71c0544f,send_reengagement_message,email,2026-04-14 14:09:07+00:00,,,,
18029deb-a5a1-41e1-bf0e-1241a29393bc,db57ca5a-fae5-5800-a89a-e13489788a7c,send_reengagement_message,email,2026-05-18 16:20:56+00:00,,,,
3c137410-f5c1-415c-ad16-e62a2ad99e5c,4e694874-b737-546e-87a1-e3a391736e0d,send_reengagement_message,email,2026-05-22 17:54:01+00:00,,,,
ad3fbfe2-abf6-4b7d-9e86-08b6dd7d2b9f,dbaa6d31-2a1c-5539-a355-1ed38377f740,send_reengagement_message,push,2026-03-28 23:34:13+00:00,,,,
be1a8d1a-0a0e-4799-9903-fcb76941919a,95e0f918-23f1-56d3-bf8a-0c840066dcaa,complete_onboarding,in_app,2026-03-14 08:13:49+00:00,,,,
b37d4775-2978-49e2-9ee4-0df2f08f47d6,e265db7b-691d-5bc6-b23f-3fa1256fde2c,send_reengagement_message,email,2026-03-27 15:41:17+00:00,,,,
812ef4b9-3e01-4788-8dde-e0c710580c21,a0feafb3-c626-5361-bc8d-73e62ba5c708,complete_onboarding,in_app,2026-04-21 22:22:25+00:00,,,,
126bc3e8-054e-40da-9623-aed7a27f89ce,7f70db7d-311b-59a0-b8ed-36272560174c,complete_onboarding,push,2026-03-16 10:05:03+00:00,,,,
f92d298d-c9d7-4664-be1a-7d0b00950259,beb7a828-b7a7-59b2-ac9f-c45fcb51f34c,send_reengagement_message,push,2026-05-09 20:36:24+00:00,2026-05-10 21:36:24+00:00,2026-05-10 22:02:24+00:00,,
25684c69-6850-409a-b7c8-51300cffa330,1c35d4a0-d3f7-56e8-bffe-cdd14b291fe0,complete_onboarding,in_app,2026-04-19 00:12:32+00:00,,,,
ff40fd1e-d4ac-475a-88a4-34a13018f14e,a580b7ee-c75f-5ec0-a9cf-68a3e7f57724,complete_onboarding,in_app,2026-03-13 05:46:10+00:00,,,,
e223e1df-3b34-436b-8233-25b5e4db0025,3c9c188d-a4d6-543c-a106-01aed6fa5ad0,send_reengagement_message,in_app,2026-05-11 23:17:07+00:00,2026-05-12 12:17:07+00:00,,,
d4f50877-9173-4488-bf02-3e9502bc93ca,fc7c8ab9-ec8a-50cd-a2e3-44b3abae372b,complete_onboarding,in_app,2026-05-07 21:29:13+00:00,,,,
4b98d7a3-14a6-4bb1-83eb-296e6b197af1,e817437f-1c44-5cd6-be5b-355a3c87a119,send_reengagement_message,push,2026-05-24 13:51:44+00:00,,,,
14948487-190f-4c4a-8a78-450dba0a0005,2476a7a3-58c9-51eb-87d2-d7b8af1990bc,complete_onboarding,push,2026-03-09 00:01:22+00:00,,,,
ff7f07e9-e767-4fd5-8244-f0894f7abfd8,11a09d99-d9cf-5ad9-bea2-da453147c1da,complete_onboarding,in_app,2026-03-23 23:14:15+00:00,,,,
065156c9-583e-4ba8-9ce5-eac7c11e177d,81f28f8f-c3d1-5d6c-b6db-dd7dcde0bec6,complete_onboarding,in_app,2026-03-23 14:48:39+00:00,,,,
7178f9ba-0836-4d02-8b32-3ffb01fef9e0,31d61dff-94a4-52eb-91c0-b78cb7f5d21d,send_reengagement_message,email,2026-04-26 06:39:06+00:00,2026-04-27 12:39:06+00:00,,,
4f02377e-8f58-48f6-9164-9c7729cd2db1,38869100-4f25-55d9-9ba2-7bea07033f70,complete_onboarding,push,2026-03-16 20:50:38+00:00,,,,
57f6b2ee-7341-45b9-b262-d316abdc84ed,77ccddfa-edcb-520c-b1b9-01b14a35cf43,complete_onboarding,in_app,2026-05-04 22:47:51+00:00,,,,
ec71cdb7-2226-439f-822c-23964f3a37bd,85fd336f-7434-52b9-927a-23ffd23b9bf4,complete_onboarding,email,2026-04-29 14:19:38+00:00,2026-04-30 21:19:38+00:00,,,
09d05036-30bf-48f2-bffb-b580a2779167,d1f6f38c-9db6-57b9-893f-544b0962e473,send_reengagement_message,push,2026-05-20 18:37:36+00:00,,,,
0b29e099-51ce-48d3-8ba6-2ffededb5e7f,51d80672-572b-5a77-a499-23d71f5d0a30,send_reengagement_message,email,2026-04-08 16:13:33+00:00,,,,
d5a225c6-cd22-4ca8-8901-7ce10cdf52b9,9b3c8a78-a8c5-54e8-b229-ba80a2d5a2fa,complete_onboarding,push,2026-03-08 00:07:54+00:00,,,,
0144cbe1-1ab6-4e33-8105-ddd33713ca39,5b76e62b-4005-5358-aea9-af67da786321,complete_onboarding,in_app,2026-05-08 20:00:59+00:00,,,,
f5433bb3-dbcb-49ce-b4ac-d4ce4b59d92f,348e8585-ad7a-5e4e-a823-df901cf5a0b9,complete_onboarding,email,2026-03-26 22:25:55+00:00,2026-03-28 13:25:55+00:00,,,
0e1135d6-b248-4df4-aa6b-6081032e6c21,247c6cff-f74c-5fba-8ccd-b6c8a10b9bcf,send_reengagement_message,email,2026-05-10 06:46:52+00:00,,,,
adff4f5f-00a4-45dd-b676-4e053c8d2a78,cb263830-45ce-5b2e-9efd-54fe0d6335f6,complete_onboarding,email,2026-03-09 11:53:06+00:00,2026-03-10 00:53:06+00:00,,,
bd48d776-08a1-4199-b5f4-6d10756060ce,6081de41-a29d-532f-a30c-4363330f6e13,complete_onboarding,in_app,2026-03-07 09:03:49+00:00,2026-03-08 07:03:49+00:00,2026-03-08 07:24:49+00:00,,
38aa7ce5-a9af-44a7-aded-9204f7073367,7b7739c8-5191-5409-8248-8c63d9572081,send_reengagement_message,push,2026-03-26 08:59:29+00:00,,,,
59b191c4-219e-4275-bbbb-48940a8ef499,ef2a4fc4-7a03-55d3-8b92-cd64b519e0ee,complete_onboarding,email,2026-03-17 18:52:30+00:00,,,,
54280e05-226f-4cc3-9116-845e01c3e35d,35bffc4c-d48b-57dc-9fda-f500ec9514ec,complete_onboarding,push,2026-03-10 13:32:42+00:00,,,,
d04c9ff2-cfdf-4d26-b1c7-e0c8d3dba148,1a8c62d1-82c8-5743-b486-10f0282937ea,complete_onboarding,push,2026-05-02 13:53:16+00:00,2026-05-04 11:53:16+00:00,,,
98f5cd1c-0c77-4561-a8a7-b0b9a05553b6,5bbce2a9-0732-5a1f-b064-12874c1e7fcd,complete_onboarding,push,2026-04-17 19:24:42+00:00,2026-04-18 12:24:42+00:00,,,
e2f75675-4c23-47ee-9664-a838792ce138,686e3e8e-f56f-51b8-a352-5a3c11c67bc8,send_reengagement_message,push,2026-06-01 14:57:25+00:00,2026-06-01 22:57:25+00:00,2026-06-01 22:58:25+00:00,2026-06-02 18:58:25+00:00,
79470048-ba2d-4f6c-a540-bad93a0afb36,53897241-ee59-5112-8cc7-ed1cf0e453df,send_reengagement_message,in_app,2026-05-20 07:15:12+00:00,,,,
601582a0-7a42-4c33-b472-a7f336789515,f489aabc-6026-56d1-b27a-2b6a1a1b038f,complete_onboarding,push,2026-05-12 11:02:20+00:00,2026-05-12 17:02:20+00:00,,,
9cafe0a0-7d9c-4be2-ab11-2f6b9e9cf9de,957e1b0c-f442-5b5f-9fe4-e8517154890c,send_reengagement_message,email,2026-04-11 11:02:35+00:00,2026-04-12 02:02:35+00:00,,,
79adc9d9-69aa-45dd-bdc8-0a353a16d04d,59ccefce-6eea-549e-9530-8d922a93f445,complete_onboarding,push,2026-03-26 20:35:45+00:00,,,,
a6f409ff-43a8-4e2d-aebd-cde208cc1303,3d74ae32-17b6-5eb0-828f-8e090ebbdefb,send_reengagement_message,email,2026-05-23 14:37:14+00:00,,,,
a73a0734-6046-42b2-90b7-b93a7d700b21,a69a668a-badd-57f5-bb71-6647313cccb4,send_reengagement_message,push,2026-04-11 21:31:32+00:00,,,,
0eadfcfa-ab38-4297-a87f-894d208acd45,bafb0db1-d097-5130-8af5-9a4382757dba,complete_onboarding,in_app,2026-03-10 22:46:32+00:00,,,,
2c46b39a-c82e-4070-88a7-266e41dfe8f4,77927e28-6296-5bea-a011-139edfb7883b,send_reengagement_message,push,2026-05-11 04:04:45+00:00,,,,
f5e33689-69bd-44a9-85da-383bc6db2202,a3fa9e81-551e-51de-b96c-962f1691098b,send_reengagement_message,email,2026-05-20 06:23:45+00:00,,,,
75c9610c-8b59-41b0-ae94-ffe4020c65e5,b4586bfb-4b60-5a85-b169-a3e0bbe3d613,complete_onboarding,email,2026-05-12 19:19:57+00:00,,,,
f3a78c38-43e2-4890-9757-aa6fc4c0c6b2,af0e7819-d56c-5b69-9c74-f9914415a366,complete_onboarding,push,2026-05-10 00:25:44+00:00,2026-05-10 11:25:44+00:00,,,
0e9cc448-595b-4160-9229-5d95ad95c7aa,3d239d95-7ba1-5acb-a8ca-c9fb996a0472,complete_onboarding,in_app,2026-03-15 07:06:05+00:00,2026-03-17 04:06:05+00:00,,,
24dfd2f8-2287-4cb5-8564-d0e39904a35b,f88771e8-592d-5c5b-a2b6-132e6617a6cf,complete_onboarding,push,2026-04-29 06:36:40+00:00,,,,
a264af92-b7c6-476b-b9b3-068c80b0ce11,c5c49073-2467-53ab-afb5-12332f8d3434,complete_onboarding,in_app,2026-05-04 09:11:15+00:00,,,,
85eeaf62-ccd3-4673-a0b6-48474bd6a231,66689a64-bcea-5455-83f3-749ca9bf8ee0,send_reengagement_message,in_app,2026-05-13 04:05:15+00:00,2026-05-14 03:05:15+00:00,,,
d56e9d87-a640-4d60-8650-8a9e6c23ecb6,48eb1de8-c953-5461-91a5-5581930af75a,send_reengagement_message,push,2026-05-21 13:35:16+00:00,,,,
e7426992-b968-4fcb-98a8-344f867d9051,dfcc3924-1ec0-5feb-8226-8d6daf80adae,complete_onboarding,in_app,2026-05-03 19:41:41+00:00,,,,
388d65c6-4467-42ac-9659-d808b578a616,fcce59e0-ea56-5429-bb04-b5f09c861657,complete_onboarding,push,2026-04-06 19:29:12+00:00,,,,
6a85e1d3-4742-48b5-8ef7-0e8a68fad6ac,24eb28d4-28b3-599b-b051-2aae90c82ef6,complete_onboarding,in_app,2026-03-09 18:29:24+00:00,,,,
95bae23b-02cd-4011-8c99-f942f2219466,22b0cc24-f840-5e41-8887-de6588341f03,complete_onboarding,in_app,2026-04-07 11:27:27+00:00,,,,
48782312-5f67-47c8-ab7e-b0a3d840aedc,1e3757d2-d2c9-55a1-bf4c-85039b6a207c,send_reengagement_message,email,2026-04-08 22:09:03+00:00,,,,
7f5f422e-4b24-4f1c-bb4d-e21303885f38,c628a597-2b97-51e1-9777-6d8b44928c0b,send_reengagement_message,push,2026-04-02 20:20:08+00:00,2026-04-03 14:20:08+00:00,,,
c59f21e2-42ad-48d8-b9ef-f6222f0dc659,2e8032e0-cb8b-553b-b792-f9f61c403eec,send_reengagement_message,email,2026-04-03 14:52:24+00:00,,,,
0a47b873-39c5-44c5-8041-98b2ced80bbe,755ba86c-723f-5b19-8828-f6bc365c208b,send_reengagement_message,push,2026-05-13 02:51:03+00:00,2026-05-14 00:51:03+00:00,,,
5aab820c-9741-4b89-bc7a-66ae5f10bd20,bfe78d16-1e1c-5e39-a741-078940b65705,complete_onboarding,email,2026-04-10 19:30:10+00:00,,,,
59bd18f0-350d-4e9a-b088-1a788553815f,eaa1bf42-86b0-55bf-aaf7-86a479efd07c,send_reengagement_message,push,2026-05-02 05:58:21+00:00,,,,
de828c31-b501-443a-adf4-e0e90019d430,f69989ec-e901-528f-aa62-000d7b36adef,complete_onboarding,email,2026-04-27 10:01:52+00:00,,,,
8d2ea0a1-d1e9-4aea-b015-ff3797c61d61,d526c398-2ad8-543d-a2c7-4e3b41b672a9,send_reengagement_message,push,2026-05-02 19:55:52+00:00,,,,
4348190e-7656-4cae-84db-b9f2599d6779,283c3384-5dea-58ae-aaae-9c09323a6048,complete_onboarding,in_app,2026-04-19 11:17:57+00:00,2026-04-21 02:17:57+00:00,2026-04-21 02:53:57+00:00,,
537b9de0-38ac-4e3c-b8d8-a4ba23c804d0,0ba2193d-c6ae-52a7-9b17-c3bb657bf498,send_reengagement_message,push,2026-03-31 22:27:22+00:00,,,,
c1a228ef-fec3-4f15-86f6-7b0fe019bc43,f16918de-30c1-5d50-a7c0-f06ec693990e,send_reengagement_message,email,2026-05-23 17:28:22+00:00,,,,
b42861c8-1800-4046-bb50-6a6e0cdaf5d2,3cc4d0a7-d0a5-508f-bd88-643af54f2275,complete_onboarding,in_app,2026-04-06 23:10:50+00:00,,,,
2dd083f6-f61b-49fe-bc88-8f5aec33f27b,e74ffd85-c575-554e-94f5-565f33aee6b0,complete_onboarding,push,2026-03-17 17:01:56+00:00,,,,
997389cf-fef5-403b-a628-8270c74b14b1,152b2251-93f2-5ffc-99c5-988307706250,complete_onboarding,email,2026-05-02 02:52:18+00:00,,,,
47e0a4d4-7f25-4f70-8584-64f4d779cb9c,7ee27b45-0146-59e3-bf16-2439bf217cae,complete_onboarding,push,2026-04-26 16:31:56+00:00,2026-04-27 18:31:56+00:00,,,
699ee75d-db52-47dd-af29-6fb2e232a0ae,4fb4b2d2-5ec4-500b-93b6-f7293caa4fd4,complete_onboarding,in_app,2026-03-10 15:48:38+00:00,,,,
2f31310a-35ce-410b-8e97-352f8cbebbc7,c024b413-119c-5442-8cb6-40d01cc733a7,complete_onboarding,push,2026-03-20 07:40:35+00:00,,,,
bbcaaefa-b5b2-48fe-86eb-37da1c7f15ad,84301430-e2d3-5066-880d-22dd3394b464,send_reengagement_message,in_app,2026-03-27 02:04:50+00:00,,,,
30c63f7d-0e33-4807-9a09-fcee931a00fb,1c9a8ad4-6ea7-5862-9085-1f1ddc8eab23,complete_onboarding,push,2026-03-25 16:22:34+00:00,,,,
cd05c040-90cd-4789-b0f5-f24d4119cfe1,b789cb83-d7fb-534c-a653-b1faf4fa1595,complete_onboarding,in_app,2026-03-13 21:34:01+00:00,,,,
c13a0c0e-0ef6-41e2-b862-bf1115ecc438,ebbeb773-dc71-54a2-ae4c-fa425a2ca20c,complete_onboarding,email,2026-04-24 23:36:06+00:00,,,,
59569a3a-30d5-4bdf-beba-fdaa71487175,3aff3694-38e2-5f94-b848-07bfd18deb85,complete_onboarding,email,2026-04-12 01:20:51+00:00,,,,
d97d412e-91b8-465f-9a40-264b7bb9d0a7,8653f596-c7d5-5a9c-831c-2109c323a5d0,complete_onboarding,in_app,2026-05-13 15:13:07+00:00,,,,
9f5be9cc-95a2-4a9c-af32-ddf21a4b0061,3d057559-cc2b-539b-b46a-33ee332fa20f,complete_onboarding,email,2026-04-27 17:02:45+00:00,,,,
1ccf2428-0e08-4c69-9ad1-211f0824ad24,b187ced5-ce64-575a-a0d9-63bfe9c1aae7,complete_onboarding,in_app,2026-04-18 04:42:57+00:00,,,,
9c403514-02ff-4a65-9bf3-bd02e5388beb,c9a8c6d5-67f1-589d-b96a-eae354d1e330,send_reengagement_message,email,2026-04-30 03:25:21+00:00,2026-05-01 12:25:21+00:00,,,
3069d862-c733-4ffc-9123-033fb5332b6e,3d082982-865c-59ef-86fb-4645aa862c53,complete_onboarding,email,2026-03-10 18:15:08+00:00,,,,
8d8d2d85-47c9-41a8-83fb-2d03b8497f35,f063f82d-c325-52e1-88fe-e135aacbc8ac,send_reengagement_message,email,2026-03-30 20:15:10+00:00,2026-03-31 08:15:10+00:00,,,
8b4d62e4-43aa-4509-9889-eea4763eeccb,90e12bd8-bf0a-5e3b-be92-b889b3556f19,send_reengagement_message,email,2026-05-07 12:36:26+00:00,2026-05-09 07:36:26+00:00,,,
17169665-8022-4ec1-83fb-7b4b60aa4929,0d4db5bf-8ad4-5d01-afc6-93c58bc540bd,complete_onboarding,in_app,2026-03-07 07:15:05+00:00,2026-03-08 02:15:05+00:00,2026-03-08 02:59:05+00:00,,
c349903c-a62e-4cc9-8434-f07e69eab777,343145c7-72a4-5ab2-b71e-23b260a6affb,complete_onboarding,push,2026-03-09 22:07:56+00:00,2026-03-10 12:07:56+00:00,2026-03-10 13:05:56+00:00,,
fe479e9f-c0dd-4d1f-ae47-6a3df44dfb39,43ba9662-f46b-5b6c-bee6-b1d2b31f4345,complete_onboarding,in_app,2026-03-22 02:53:18+00:00,,,,
a45c615f-50d7-4887-8198-8305e23e61c2,7671df5e-b9bd-5816-9154-86688994fa12,complete_onboarding,in_app,2026-05-07 00:08:42+00:00,,,,
9a0cba78-f27f-4f1d-92cf-ab71785977a3,b3ed5a6e-145f-5dd6-af64-190fb1d5a09c,complete_onboarding,in_app,2026-04-07 15:59:16+00:00,2026-04-09 02:59:16+00:00,2026-04-09 03:34:16+00:00,,
d6793bf5-19a5-485f-aa07-ed15d5790eb9,cbd50deb-f9fe-5e63-91ec-910c1afcfbe3,send_reengagement_message,in_app,2026-05-13 23:03:40+00:00,,,,
a5eabc09-1fe1-4746-aad8-4164e57ece91,6dc0c361-a47f-52c0-a5c9-c3f231bdbede,send_reengagement_message,in_app,2026-04-23 09:32:48+00:00,,,,
3fb0a3f3-ba18-467b-9a8d-9e3d5f20df9b,3f96db40-0ef6-594f-b5af-5807d7827325,send_reengagement_message,in_app,2026-04-06 22:41:57+00:00,,,,
b05beed6-c5ca-419a-9bb9-0d3b6b356a3f,86a35ecb-a026-59e9-9817-9769065c3474,complete_onboarding,push,2026-04-01 14:38:05+00:00,,,,
db004180-2da3-4c99-b262-7e7c44bd50da,3daf0a9a-e477-5b22-809a-efb3f9c07004,complete_onboarding,email,2026-03-13 07:53:22+00:00,,,,
7e033cc9-5d6a-44f9-b556-59f77912005f,55ec23af-3004-55dc-852a-8f0c68967ad5,send_reengagement_message,push,2026-04-07 15:55:50+00:00,2026-04-09 13:55:50+00:00,2026-04-09 14:35:50+00:00,2026-04-10 11:35:50+00:00,
54e9e04c-e34e-4248-8583-faf5f84b8adc,7d3fec82-4dd9-5f38-97d3-acd7b1c82b12,complete_onboarding,push,2026-04-01 23:16:47+00:00,,,,
20190df7-9b85-47ff-a2e9-3654fee5dd49,fc160927-401c-5fb7-9284-288218ef2bae,complete_onboarding,push,2026-05-13 14:55:29+00:00,,,,
846dadab-14a1-4fe7-9ad2-b5755e6436a2,63bb72b7-bcba-554b-a39a-61c22539b1e3,complete_onboarding,push,2026-04-16 20:17:27+00:00,,,,
64e3ab8e-7e13-4833-8ca1-f2348a07ba87,6d6f1210-4645-530e-8127-a739afccd90c,complete_onboarding,email,2026-04-07 15:22:34+00:00,2026-04-09 06:22:34+00:00,,,
79745a84-db19-431b-a4a8-381c31c56cdd,422c2034-9d69-5857-9af2-b1f8b8cfc687,complete_onboarding,push,2026-04-13 11:13:43+00:00,,,,
eca8758d-462e-49ae-b7a0-04276308bf1f,26b50b63-c43b-5d11-a483-db1ef3826616,complete_onboarding,push,2026-04-30 02:26:15+00:00,,,,
c1ec27f8-b3bd-4260-88ec-50755da0f9e8,cd614431-c493-5e26-ab25-442e30f51a98,complete_onboarding,in_app,2026-03-24 13:25:17+00:00,,,,
633b8ca9-b2a8-491d-afb0-4c5224699f36,3fd46d1c-9f46-5b81-bbeb-74b13397e3c2,complete_onboarding,push,2026-04-19 21:53:30+00:00,,,,
f127ebc8-b8cc-4a7e-89fd-4ab52b2b0bd0,3511306d-0786-57c1-9f2c-f0eb1ebe3ef2,complete_onboarding,in_app,2026-05-06 05:10:36+00:00,,,,
e4885e38-bd18-492b-a85a-040e98c18310,33bdb411-2891-5db6-a6d8-2783080fe0bd,send_reengagement_message,push,2026-04-10 19:28:12+00:00,2026-04-12 02:28:12+00:00,,,
acd8c270-a265-4987-8ec0-daaad68ed277,33bdb411-2891-5db6-a6d8-2783080fe0bd,send_reengagement_message,email,2026-04-25 19:28:12+00:00,,,,
1f2f1d52-0e92-4957-8258-0e77757adffb,73f845f7-364c-5b3c-8d17-507332aef8e0,send_reengagement_message,email,2026-04-05 00:20:07+00:00,,,,
cea7b205-199d-428c-8c20-53704e92fa1f,bde4b72d-2858-52fb-bb12-fae89ffe43d6,complete_onboarding,push,2026-03-24 03:10:01+00:00,,,,
6fcb89e5-62c5-4e6b-81ce-ad2fd6906139,2e4574e9-aab5-5ff1-b595-7f8fd651400f,send_reengagement_message,in_app,2026-05-30 06:36:58+00:00,,,,
eda680f4-368a-4883-8f6b-def3c63478a3,26d070d7-84cf-588f-8e35-413e0c3636a0,complete_onboarding,in_app,2026-04-13 08:19:34+00:00,2026-04-13 09:19:34+00:00,,,
4953b241-6d0b-472e-978e-38f1313c0404,83d0ac7d-e11c-5a3b-9de8-8cb78fe9f37e,send_reengagement_message,push,2026-04-23 20:49:03+00:00,,,,
76a1eefe-08a2-4516-88bd-1998257e53b7,3bcff472-293a-506a-a975-08d47caa564b,send_reengagement_message,push,2026-05-04 21:11:46+00:00,,,,
7dde0b30-def6-43d9-8df6-9a3064086e68,8f3bee2b-c121-52fb-b99c-b30c1216817a,complete_onboarding,email,2026-04-13 02:10:40+00:00,,,,
77b81fc1-1d1d-4685-993b-7b6bdfa083fc,65aeae83-56f3-51b6-8361-6a66954cab48,send_reengagement_message,in_app,2026-05-13 06:49:43+00:00,,,,
5c6c472e-d864-4d04-a3cb-eeb7aa83a34e,8f5ef5f9-7508-55a7-b319-d40fcb4ac289,send_reengagement_message,push,2026-04-12 18:24:27+00:00,2026-04-13 15:24:27+00:00,,,
1ef69ede-f686-4016-ab6a-07da9f0a9c18,1b3a1025-3f57-56dd-b162-1c80285ba2e7,complete_onboarding,in_app,2026-04-20 19:07:47+00:00,,,,
61391ad1-4d14-445c-b0e6-6c7b2c87541a,358c07a9-0545-5cf2-a745-b4965cc34068,complete_onboarding,in_app,2026-04-06 13:04:23+00:00,2026-04-08 09:04:23+00:00,2026-04-08 09:27:23+00:00,,
ef3058fe-379f-4317-97e3-3f4d2b8decf7,2de365ee-83aa-5953-a166-6ce9eb07b95a,send_reengagement_message,email,2026-05-29 21:37:26+00:00,,,,
eedd26ee-aad3-459c-a315-54b39047ae40,350a3118-6eaf-5e46-b85b-465092dfc416,send_reengagement_message,in_app,2026-04-05 21:31:11+00:00,,,,
c818b432-6f9c-44e1-bffe-632ee5d07c59,1b318b7f-d0c6-58a8-80c1-6aec293b7375,complete_onboarding,email,2026-03-17 05:48:52+00:00,,,,
71abe2a1-2964-4d5f-b6d6-5a61eada21e5,ede9d0f3-24e4-5e10-9294-613977aa1cbc,send_reengagement_message,push,2026-04-26 20:30:22+00:00,2026-04-27 10:30:22+00:00,,,
3348a894-b883-4482-89e5-be5bcc503c6c,51013502-b87b-5fb0-ba96-9999bb3b22ae,complete_onboarding,push,2026-04-11 01:49:54+00:00,,,,
2496f12a-c148-4e26-99f5-41164f78ce43,00c282e7-c48c-5319-865e-55235c443e05,complete_onboarding,in_app,2026-04-23 16:05:20+00:00,,,,
baf4fb87-1a78-4d3c-a38e-a9ec9d7d1164,2c3e85d6-418d-532d-b7c0-95279b1151f9,complete_onboarding,in_app,2026-04-03 21:04:50+00:00,2026-04-04 11:04:50+00:00,2026-04-04 11:56:50+00:00,,
8802ca99-abe5-4fa3-8173-158ddf6354cb,2bf8e81b-4b27-52e8-9663-824c1060b330,send_reengagement_message,push,2026-05-28 01:06:47+00:00,,,,
602a1830-dc38-4de9-82c9-3debfbc15202,4e1bc2f4-3422-54a5-a7f3-334f1cbd2736,send_reengagement_message,push,2026-04-27 17:13:23+00:00,2026-04-28 13:13:23+00:00,2026-04-28 13:29:23+00:00,,
5489cf64-8afd-4cbc-9358-191b75bd5ea6,659d7b21-8a0a-5190-8bf6-79fa0f1eacf9,send_reengagement_message,email,2026-04-03 22:10:50+00:00,,,,
35827867-0525-4a80-ad1d-9aed51ff52a5,e35b3b62-23a4-5c05-b8f2-afcd3c73b4d3,send_reengagement_message,push,2026-04-03 05:25:26+00:00,2026-04-04 07:25:26+00:00,2026-04-04 08:14:26+00:00,,
7fd7b67c-270a-4f71-9f7e-d535689766b9,7a81d568-429d-5089-9f69-03e7b5d60013,complete_onboarding,in_app,2026-05-13 03:57:35+00:00,,,,
310b54b3-8e6d-426d-843c-c0daeb27f30f,c9373c18-676e-5790-b174-5124e3d47648,send_reengagement_message,push,2026-04-04 06:03:37+00:00,,,,
60509652-4e57-4165-a240-8d0611fc3aba,12751076-adf7-5538-8dee-664c68d30d77,send_reengagement_message,push,2026-05-30 09:38:28+00:00,,,,
dd24711d-f78b-48ae-9def-935afd4e9bc7,1984e5ae-412d-582a-b287-b2bf599db069,complete_onboarding,in_app,2026-03-26 04:29:34+00:00,,,,
f7c3ccb5-3619-4ac9-9667-dbe8110f8974,67cb4ae9-6712-5260-ab40-ebc54270b03c,complete_onboarding,push,2026-03-13 10:41:07+00:00,,,,
2c776ffc-1669-4e7f-9bfb-1d574f494f05,d57d1bba-4db1-5108-89f1-165ad38ff4d7,send_reengagement_message,email,2026-04-16 00:35:25+00:00,,,,
bdb62fe0-d47e-4b90-8431-e52348a5143f,4a3a2e05-a714-507a-9362-db63a42ed5d6,send_reengagement_message,email,2026-05-07 09:56:22+00:00,,,,
12bcc488-6f02-424e-9959-cc1f3ff77135,2a3ef290-e697-5fc0-a279-e4231727bbfb,complete_onboarding,email,2026-04-05 12:36:26+00:00,,,,
8939cbdd-a8c3-46b2-b3e0-1003352a9b64,1c962394-a87b-53fc-b934-4f927fbcb094,send_reengagement_message,in_app,2026-05-19 04:55:15+00:00,,,,
c7f09af5-c1a6-41f5-b284-9fb4eb992f95,64f7ff29-05db-5c18-9986-aa35b83b2169,complete_onboarding,email,2026-04-18 03:47:42+00:00,,,,
4c48ff38-00dd-412a-96c5-90f70a7270f0,eb10a443-55ef-5763-806f-7bf4cd933eea,send_reengagement_message,in_app,2026-04-22 15:41:52+00:00,,,,
d8dce59e-ec6b-4e64-b39a-2fbaf6c292c9,297f5dd5-496b-5a85-8d59-4e2fab9a6018,complete_onboarding,in_app,2026-04-19 18:56:43+00:00,,,,
674dc973-ba21-4c45-8e13-cf2badd55952,d9f6f5eb-eacf-556f-b0e0-59bea529aadf,complete_onboarding,email,2026-05-13 00:44:30+00:00,,,,
c79fc591-1c5a-4bb5-81bc-ded956efabe8,7c7bcc12-a089-52d2-a6ea-befcfd59348c,send_reengagement_message,push,2026-04-23 09:57:30+00:00,2026-04-24 06:57:30+00:00,2026-04-24 07:36:30+00:00,,
8bfceadf-3d8f-420f-bcd9-5e0e1024c4b2,312d49f9-0c08-5259-b0fe-803e01412461,send_reengagement_message,email,2026-04-05 14:06:08+00:00,,,,
0cde6ef3-dd24-4beb-9b95-6fd4fdf7b2fc,ea870719-5f0a-52ee-91d7-179098aa27e7,send_reengagement_message,push,2026-04-23 04:56:40+00:00,2026-04-23 13:56:40+00:00,2026-04-23 14:51:40+00:00,,
ab46bd88-3b0b-44f8-84d3-f634de2fdacb,d627d393-348d-5e35-817e-983220c3e948,send_reengagement_message,email,2026-05-22 23:13:48+00:00,,,,
c04eaf8a-e1aa-4a64-809b-bc8c1a41809b,c9371918-26d1-5490-8aa4-463bb6bea849,complete_onboarding,email,2026-03-22 00:23:33+00:00,,,,
672a992d-2235-4541-8273-b22157e8fe2f,19e6d9df-67a9-51fe-b57d-6278c43bbd5b,complete_onboarding,push,2026-05-11 11:46:48+00:00,,,,
38ca2c9f-dc57-458d-ba8e-4ea5211aed5f,82a87196-29cc-568f-857a-70c3519ffe84,send_reengagement_message,in_app,2026-05-05 14:14:05+00:00,,,,
9bf1edef-3a1d-4eca-901f-96afe901ed4a,0954b34c-76c0-55a3-960a-20b33c6a8d07,complete_onboarding,in_app,2026-04-17 12:12:18+00:00,,,,
ed6f681d-99cc-4172-b1e9-421b3a424040,a35b105d-d774-5d65-b8df-40500bbde08a,complete_onboarding,email,2026-03-28 21:01:10+00:00,,,,
4e3a81c7-9b2e-493e-ab89-56a285985447,61581be4-9af0-5722-9d11-cd5a8f0ed3a1,send_reengagement_message,email,2026-05-28 12:16:36+00:00,2026-05-29 10:16:36+00:00,,,
76bf2dec-1825-49b9-a4bc-224d23220764,e271ac64-3bda-5585-bab6-5d690c0cbfaa,send_reengagement_message,email,2026-03-28 11:42:53+00:00,,,,
c0b5c2db-0caa-413b-88a8-1374a36e5c1c,9ebf8b05-d5e3-5e10-b04b-f6f3673dafb0,complete_onboarding,in_app,2026-03-27 14:35:57+00:00,,,,
8e24a011-9682-431f-8ec1-f094fdaa914f,215da2d5-7eb5-5a4d-a943-f7aee286de64,send_reengagement_message,email,2026-04-23 20:52:12+00:00,,,,
6966ba05-40da-4aa9-a615-c8f1248128a9,a581ebf5-5b01-5b9c-a4bd-a8f2a58c8aaa,complete_onboarding,email,2026-04-08 22:22:04+00:00,,,,
5d315808-2a17-43af-b6cc-4d363a71084b,8c794982-37fa-5cd0-a494-476323494fc0,complete_onboarding,push,2026-04-08 17:09:48+00:00,,,,
8a9d3b21-28d5-4894-90ca-72cba2388c1b,ff76831a-610f-5e86-9124-423b0b39329b,send_reengagement_message,in_app,2026-04-05 04:57:45+00:00,,,,
a5db75f6-196f-43af-ab49-aeab6b895e33,6c062ee4-90c9-5318-8c16-904577128b4a,complete_onboarding,email,2026-03-22 13:34:53+00:00,,,,
20e6ec4b-09a5-46ad-b978-f49af60deaf4,5ad5784a-b0ff-5151-85da-2c23d4a1f5f6,complete_onboarding,in_app,2026-03-13 13:43:14+00:00,,,,
5b70adf9-12d8-41af-896d-dd32e9c8ad29,0f91be64-d699-5f34-8308-f135db57f716,complete_onboarding,push,2026-04-15 11:59:24+00:00,,,,
05c9df6b-5cfa-48fa-a6df-be7e30c1c314,159f2055-6cd5-5b4d-842c-64262d08d340,complete_onboarding,in_app,2026-03-31 05:02:17+00:00,,,,
a2db449d-b6e6-4c1a-8e06-e58fad1d9986,0db9d98a-1c50-5b94-be0e-cf0a0b47109d,complete_onboarding,in_app,2026-04-15 00:55:04+00:00,2026-04-16 12:55:04+00:00,2026-04-16 12:57:04+00:00,,
268e12c8-754c-4dfa-80ed-391201647093,c49d7be3-d3bd-5f47-bbf0-07f89b4d6a8a,send_reengagement_message,push,2026-05-05 16:34:00+00:00,,,,
54b93144-3b48-4683-96f5-e0a647d43761,73769424-135b-54e4-ac5b-1882c006eed3,send_reengagement_message,email,2026-05-13 10:30:55+00:00,,,,
c10b7469-bd84-4975-8541-1a9f616dbeae,99398040-4686-59af-9b2d-fbd956863f39,send_reengagement_message,email,2026-05-09 17:00:08+00:00,,,,
0303f431-0530-4199-80a9-49724a205fbe,c06fe44a-87c7-5088-a3e8-ced9b449ce4d,send_reengagement_message,push,2026-05-10 00:25:43+00:00,,,,
034f5d7c-1cea-43a5-92eb-b2ad6393d384,8e4f3ac9-dcb7-54aa-8b02-0110bb05167b,send_reengagement_message,email,2026-05-07 13:09:43+00:00,,,,
2d8b1ad3-37ad-403f-9d30-429952f51bc4,16ffc5aa-c03e-54e6-89ba-460bc1b78073,complete_onboarding,in_app,2026-03-28 19:39:01+00:00,,,,
e9520ff8-9d44-4769-b925-0e700aadf806,7f07e594-0812-5117-ac07-d3033917a137,send_reengagement_message,push,2026-04-11 23:50:48+00:00,,,,
68938760-34f0-4390-8d7c-1676930e2889,5d1fdc15-18b7-592f-955b-1af666130eda,complete_onboarding,in_app,2026-04-30 07:59:14+00:00,,,,
329e0447-8fb3-4a83-ae50-55a989721ff0,8e848275-f62b-5a64-ae66-b78f6249de03,send_reengagement_message,push,2026-04-18 15:30:51+00:00,,,,
143f5649-cc8e-42a7-ae8f-46807727c9ca,3a160f11-a309-5726-9280-b3268937c4f3,send_reengagement_message,in_app,2026-05-02 21:22:58+00:00,,,,
b4cc4279-4f63-489e-9d14-f61de29c37c8,e4aada06-5c6e-58ac-b8ae-3974c5846503,complete_onboarding,push,2026-03-20 14:11:13+00:00,2026-03-21 09:11:13+00:00,,,
1afc2eb4-b162-4c65-8da7-b9af54784ded,b9a5880d-75cc-5e73-96d2-e35463ab05b8,send_reengagement_message,email,2026-04-24 18:25:41+00:00,,,,
d65cadf6-8ce3-4bb7-878a-87130a72d6eb,39992b75-2abc-5a6c-97ed-ed0bb040c0c7,complete_onboarding,email,2026-04-12 13:07:22+00:00,2026-04-14 05:07:22+00:00,2026-04-14 05:53:22+00:00,,
6151f76b-53c9-4b0f-ae74-7d49e6a23ac2,a35688a3-725b-568a-ac36-a14f8dcf8968,complete_onboarding,in_app,2026-04-19 04:40:35+00:00,,,,
835e477f-f2e5-42f3-b3a7-522d1574ceb4,12023128-b664-5229-85d2-b46fbb9f3540,complete_onboarding,email,2026-04-12 07:40:46+00:00,,,,
499a8b67-0285-4dd8-a351-68ec53320985,1e18edc4-1db6-5971-9090-8f80820330fc,complete_onboarding,push,2026-03-31 21:14:53+00:00,,,,
79e474ad-949e-41a5-9928-87ff4f4f4072,b343e8ca-bdcc-5908-aa75-2123134a2d09,complete_onboarding,push,2026-05-12 08:41:34+00:00,,,,
fc315c9a-77f0-4479-a27e-85bdd1bfa94a,8478bcd3-3340-5f6d-885e-4014b41d2aba,send_reengagement_message,in_app,2026-04-30 09:05:45+00:00,,,,
b55bafdc-b70d-455a-8013-e472685049e6,69002600-7eb7-5cce-be74-e21c2870a880,complete_onboarding,in_app,2026-05-01 18:32:42+00:00,,,,
da65d051-90cb-4a18-92f0-28dc2e35d248,be511f58-ae70-521e-876c-8f0c77b27eaa,complete_onboarding,in_app,2026-04-26 19:59:03+00:00,,,,
6ce51dcc-998e-4eed-b081-4e18a1663324,a48c5b50-6729-558e-96aa-3da5bba71a7c,complete_onboarding,email,2026-04-14 12:34:22+00:00,,,,
6edf9b18-508c-4ac9-8bcb-5f1aff75330f,b5537385-9a38-53da-8a10-4641efabc821,send_reengagement_message,push,2026-05-26 03:52:58+00:00,2026-05-27 03:52:58+00:00,2026-05-27 04:43:58+00:00,,
49ffcaea-fc44-4f68-ae45-fe6549d5fd02,82ff0b99-b52b-56e0-a092-9d6f0ded20be,send_reengagement_message,push,2026-04-03 20:24:41+00:00,,,,
4c984e9f-821b-4255-b59d-837bb76a0202,5b8bac19-bab0-5911-b46a-ad6e6ada1195,send_reengagement_message,email,2026-05-28 13:16:13+00:00,,,,
b0e90c9f-bf61-4cd5-a583-2f1b4c82c637,e6225db3-0800-5555-987f-1c91dbca6564,send_reengagement_message,in_app,2026-05-23 15:58:26+00:00,,,,
34169bae-6178-4db6-a37a-6134502095e2,0ddf4aad-35f6-561d-875d-e0f2c5826f59,complete_onboarding,in_app,2026-04-26 14:29:48+00:00,,,,
7178691f-c19d-4ca8-91ff-5d28b6e1d980,a4b8e703-80c9-5954-b8fe-666f006ac196,complete_onboarding,email,2026-04-11 21:34:31+00:00,,,,
774d931a-baff-4bee-8583-cca5402a97e7,7bc4fa57-f860-549f-a2c3-14f27bea688a,complete_onboarding,push,2026-03-25 13:04:25+00:00,2026-03-26 03:04:25+00:00,2026-03-26 03:27:25+00:00,,
b7c48dca-b268-4ce8-b015-6430a10e2a1c,a8414a48-35bb-5848-966b-b32bb00e8086,complete_onboarding,in_app,2026-05-01 04:35:06+00:00,,,,
885376ef-a307-400c-bb63-5eff8e94f6cb,3cad13b7-a50f-573a-bbb6-1d3ab4a135d1,send_reengagement_message,push,2026-04-11 23:14:46+00:00,,,,
9f18f8f1-7905-4936-a473-97f5bbf68349,37fd98d2-2c81-54e3-9612-0ba8f3d37bee,complete_onboarding,email,2026-03-28 16:43:48+00:00,,,,
5004f1f2-6687-459c-a72d-2ab965d02487,82316dc8-b689-512a-94d7-4e467930322a,send_reengagement_message,in_app,2026-04-30 19:56:47+00:00,2026-05-02 07:56:47+00:00,,,
21010b74-9576-4bd4-8fdf-7a06868f3daf,db3da6b6-dc6d-5fb2-8d3f-9d8824799d7b,send_reengagement_message,in_app,2026-05-22 18:42:17+00:00,,,,
b87b52cc-dd7c-453d-ab3e-2afa923a4ee1,c0a90865-0577-5b68-9826-8aaf933f4331,send_reengagement_message,in_app,2026-04-21 11:46:52+00:00,,,,
d67d0973-4179-4cd2-abda-9844c7626acb,90802a49-a80f-5099-b796-d393992ab994,complete_onboarding,push,2026-04-10 02:17:53+00:00,,,,
7eeacb9f-a3f7-4b2e-95c4-48171da0a100,a2af1d50-ec6b-5bae-ac39-06ef7e3dbae5,send_reengagement_message,in_app,2026-03-28 20:59:50+00:00,,,,
4ec0c79e-6049-4cee-aa6f-cc145925fc97,919a13e2-1c3a-5b9b-a298-318402686a22,complete_onboarding,email,2026-03-14 23:51:30+00:00,,,,
1da86309-173a-4044-8a74-7b3d505ad754,1e539f98-0d03-541a-b89d-5c3773616875,complete_onboarding,email,2026-03-11 23:19:46+00:00,,,,
9b87278f-a79c-4bf2-94d3-b40f7c6f1ae2,908202d0-526b-5c10-a5a1-67ce6a8dc84d,complete_onboarding,email,2026-05-05 22:16:10+00:00,,,,
17e8318b-c7c0-4b17-88e0-1e03fcc6f0e4,02db769b-2ae4-5ad0-80d0-9ae7a15d6eb9,complete_onboarding,in_app,2026-05-04 02:20:25+00:00,,,,
2510a9b0-3772-48d0-adc6-322bd88dc764,aac7ac65-1aeb-52d2-86a6-d039a4412a35,complete_onboarding,email,2026-03-10 20:01:12+00:00,2026-03-11 14:01:12+00:00,,,
4422fc62-460b-4e0d-b964-7fad4383a1ba,abd3462a-8293-5560-a07d-d844627a8ffb,send_reengagement_message,email,2026-03-16 08:34:46+00:00,,,,
edb64dc6-5043-4bf0-b224-0e54c7f2958b,abd3462a-8293-5560-a07d-d844627a8ffb,send_reengagement_message,push,2026-03-31 08:34:46+00:00,2026-03-31 17:34:46+00:00,2026-03-31 17:47:46+00:00,,
5864cde5-44e0-491b-8f4d-cd19ead7a568,546a29e4-2502-5ae3-a2b4-f2bf2209f8e0,send_reengagement_message,push,2026-04-14 08:41:32+00:00,,,,
70e85485-6995-42a4-b6cc-8f89055c760e,3be4c2e5-9b05-54b7-9c6c-9d2d4a40b348,send_reengagement_message,in_app,2026-05-04 00:07:42+00:00,,,,
2cf6b4f7-5728-455d-b263-c110b6334aad,3c7b6ab7-bfae-52ab-b84d-2581d9a48d9b,complete_onboarding,email,2026-03-30 01:19:08+00:00,,,,
eeac8c3f-e856-4def-a0d4-5068e818578d,93c77c24-209a-556d-bac0-d2cdc99ebc03,complete_onboarding,push,2026-04-09 15:23:57+00:00,2026-04-10 05:23:57+00:00,2026-04-10 05:26:57+00:00,,
b8c6a3fa-afe9-4245-b3c0-bd8dd5fe2985,154b599b-25b7-5d71-b7ef-0125873c4be6,complete_onboarding,push,2026-03-18 22:28:42+00:00,,,,
53d30a27-7cd0-4957-b0f7-4f53561e55a5,e5e9238e-0b0a-5310-b0fd-a2337c5d9d05,send_reengagement_message,in_app,2026-05-15 10:10:05+00:00,,,,
dfe35415-cc98-4907-b589-ee9834ffcd65,8d0a12a6-ce8f-53c8-9aff-6a93277eb9b6,complete_onboarding,in_app,2026-03-28 15:48:25+00:00,,,,
fb25b752-64d9-471b-bc8f-a93b7f46e2d9,48d8252a-299a-5c1f-a230-19c6cd1a4a5d,complete_onboarding,push,2026-03-11 14:11:28+00:00,2026-03-13 11:11:28+00:00,,,
e1458620-c962-4f8a-996e-d6c7ab8f7add,de20f4bc-9fbb-5b90-978f-4b0143fe95a7,send_reengagement_message,in_app,2026-05-16 05:53:55+00:00,,,,
b15f09cc-2501-4105-bbdf-5784d1554f7b,bfa74393-d69c-5a0d-90bc-a2d47970c8e0,complete_onboarding,in_app,2026-05-08 07:01:02+00:00,,,,
3f71f401-6b1e-45c8-8205-2b1a67245222,76b60b0d-2da1-5a21-8c60-5d3b3b611381,complete_onboarding,email,2026-03-08 00:18:52+00:00,,,,
ffb0f064-4466-442c-9478-b79793eb298e,cb0cfb83-e269-51a9-bc22-82c74ad933cd,complete_onboarding,push,2026-04-06 03:07:49+00:00,,,,
bb26125c-ed62-4b30-88aa-1c64b3be628f,4be4fdb9-c240-548a-bc00-da4bc237fdf4,send_reengagement_message,in_app,2026-05-13 17:24:31+00:00,2026-05-15 16:24:31+00:00,,,
a257fed2-b894-4f44-9756-b65517e2f364,47f0b669-c553-5612-a8ee-9d5a26387577,send_reengagement_message,in_app,2026-05-24 02:26:35+00:00,,,,
d5b31320-2834-4cce-b030-367a3d60e862,16a97b55-7f73-5f13-b414-c30ac5a22067,complete_onboarding,push,2026-04-04 15:35:15+00:00,,,,
ba50e175-678f-459a-8079-2087da0a474c,87bffd99-e7f8-5eb0-8b1d-d3dcbad69af9,send_reengagement_message,email,2026-04-20 16:27:53+00:00,,,,
4ddd4494-e158-4900-8234-11795bbbf79f,916f830b-dec9-5a22-880f-f682a5c6489c,complete_onboarding,in_app,2026-04-24 22:23:42+00:00,,,,
9c9c8fd4-4c8d-4f3f-abd7-dbbdbdcecf5b,7c4d70c1-0021-54ae-b3f7-7ab2479609fc,complete_onboarding,email,2026-03-17 14:22:57+00:00,,,,
99a1cacf-81b2-4962-aa5c-8caeb26f0199,7ce20dd6-9dc5-5824-ab16-7a657cec44b6,complete_onboarding,in_app,2026-03-23 12:28:53+00:00,,,,
f4898f68-091f-4d19-b4b4-2e31e54b5cba,421fefb5-658c-5216-a79b-9640e713dc21,complete_onboarding,in_app,2026-04-17 10:59:29+00:00,,,,
5490b026-d3a8-4643-9ae4-357a366afa53,c11b2300-021e-59e8-98f9-546a3b45b289,complete_onboarding,in_app,2026-04-22 02:57:38+00:00,,,,
525109e6-10a2-49fc-90a3-09362dd6acc0,1e129e5f-1b27-53cd-a916-045d1d971c84,complete_onboarding,push,2026-03-15 06:10:38+00:00,2026-03-15 09:10:38+00:00,,,
b667b050-e315-4f3a-a461-156a79bc4a20,ebda3347-6a12-53c9-ba24-d7a79cd2bb25,send_reengagement_message,in_app,2026-04-30 01:45:41+00:00,,,,
7fc659c4-3eb6-4892-9fcc-ca0e515e85f5,db098f58-d739-5cef-a6ba-f6cdfbec391d,send_reengagement_message,push,2026-04-20 04:18:22+00:00,2026-04-21 03:18:22+00:00,,,
1095a653-24d2-4e79-a83c-01d9a6ddcbba,00c953f4-0505-5d67-8397-f053bb4f93c9,send_reengagement_message,push,2026-04-29 14:53:19+00:00,,,,
b46022e0-5f7a-43be-a4ed-07c8afc37431,d0e67f89-9030-52c7-b897-ce282aa2ffca,send_reengagement_message,email,2026-05-31 03:09:30+00:00,,,,
372ff5e9-2df2-4779-bccc-82ac41e6d1d8,7ec35963-5868-535c-bd9c-65bb7fd0fae7,complete_onboarding,in_app,2026-03-12 06:52:00+00:00,,,,
9076b079-b8a0-419e-84bc-039ed13759ea,fb5f23b4-5d07-5d8c-9926-e112d931e9e8,send_reengagement_message,push,2026-06-02 16:29:19+00:00,2026-06-03 23:29:19+00:00,2026-06-03 23:43:19+00:00,,
6e695316-14ec-4cad-b46b-9f63a10eea12,eadf4d94-a511-5257-8fb7-133bf5a19d00,complete_onboarding,in_app,2026-04-07 00:30:07+00:00,,,,
41845f48-0f31-479b-a889-91f8754908a5,ba6d452a-bd22-5b84-936b-470809ac7844,send_reengagement_message,in_app,2026-05-18 06:36:19+00:00,2026-05-19 00:36:19+00:00,,,
a3a46e3f-852c-4e39-aea3-9d809506acf7,b122dfc1-4e5f-5460-b5b9-e8bab47e4948,send_reengagement_message,email,2026-04-24 06:55:23+00:00,,,,
3640a2e5-5670-4658-895b-d1af05474c12,eba28da2-10d3-5d6c-a70c-7e855beabddf,send_reengagement_message,push,2026-04-16 10:57:07+00:00,,,,
dcffac9b-07e6-455d-b1f8-1e3e80ff8e9a,96f5940f-5146-5dfb-988d-60cda2942ad4,complete_onboarding,push,2026-04-29 04:06:46+00:00,2026-04-30 08:06:46+00:00,,,
e4c4bddd-d651-4381-9c63-85a08162214f,dca4b7a6-d2f5-550f-98c6-dfafeede52b2,send_reengagement_message,push,2026-05-12 10:46:22+00:00,2026-05-13 08:46:22+00:00,,,
24bc0b1c-1083-43e5-aded-bc6dac7d3b1c,a17e346f-13dd-5804-b5b9-10228024a5f7,complete_onboarding,in_app,2026-03-16 22:33:35+00:00,,,,
56426f31-b5c8-41d1-8347-19bf8dbe98b5,5edb40f7-6790-59b4-befe-e33936dc1ae9,complete_onboarding,email,2026-04-24 16:09:09+00:00,,,,
7b7e1a33-5bec-427f-b9d4-473c0c7d3423,15e83440-381e-5d5a-8a76-03ec48aca505,send_reengagement_message,in_app,2026-05-16 23:05:45+00:00,,,,
8c15f100-862d-4592-b5f3-1f805d9fde47,7b75bf83-13da-5c62-8185-2846cd633e16,send_reengagement_message,in_app,2026-04-21 18:15:56+00:00,,,,
fddd0b45-a84f-4fdb-800f-0c4928af944b,242525a8-2932-50eb-bc8e-943bd7e121d6,complete_onboarding,email,2026-05-09 20:52:31+00:00,,,,
c5bf0e32-6b19-4fdc-a73e-d8cb5a96b83e,3083d8d7-566f-5e0f-8240-2cef78bfe2bf,send_reengagement_message,in_app,2026-05-09 05:18:40+00:00,,,,
61c8063a-d9b1-49dd-997c-217248ea399e,d9453c5b-daf3-5783-b971-e7cf2c676660,send_reengagement_message,email,2026-04-18 00:29:17+00:00,2026-04-19 05:29:17+00:00,,,
c48d1e87-ceb3-4980-87b7-df1f6a43d1dc,1ced9662-01e8-5ed4-9fef-566fc27eae9c,complete_onboarding,push,2026-03-07 17:45:52+00:00,,,,
b2a5fc9b-7072-4de7-97d0-29ed7b9dc2a6,712a6a60-1afb-5342-9b05-d40f5fb151d3,send_reengagement_message,push,2026-05-11 13:44:02+00:00,,,,
37e1acd7-7342-4731-b7e5-1b5757828eb7,ad5dc090-4648-537f-a7aa-92f464af2177,complete_onboarding,in_app,2026-03-21 10:11:57+00:00,,,,
3c640b2b-84e6-4b58-a4c3-44ec4f1cc2ab,b0befe36-105c-5d84-a13a-c2b3aec985d7,send_reengagement_message,push,2026-05-01 05:32:45+00:00,2026-05-02 21:32:45+00:00,2026-05-02 22:14:45+00:00,,
f35104c1-90a2-45c1-9d5b-c77d6398ea09,b28d9d1d-0f8d-5a93-ad61-4a4e52ebe344,complete_onboarding,push,2026-04-08 04:53:56+00:00,,,,
3b0e1dfc-aa89-4079-b209-d51e4c14110d,b19b1040-3b11-5018-a6aa-83799b6415d8,send_reengagement_message,push,2026-04-06 07:10:18+00:00,,,,
93d10a70-7a2e-4e43-8f11-8749522cddff,821f5d43-c6f0-5120-a1aa-33df4c0581e3,complete_onboarding,in_app,2026-04-25 02:15:08+00:00,,,,
8c2c32c3-3f98-4a23-92a3-e6845faae916,a733352f-1ef2-5e40-a18c-84f3ab416fa3,complete_onboarding,push,2026-03-18 10:44:29+00:00,,,,
108e7956-bd98-41e7-8a24-98de60b66292,83420fba-c10d-5120-97be-6eddb1810bce,send_reengagement_message,in_app,2026-04-23 19:47:59+00:00,,,,
f0653c13-b3de-4c44-85df-20c2380747fd,691c1a5a-3bc8-5b2a-8a4c-76e14a3e3d9e,send_reengagement_message,email,2026-05-22 16:55:10+00:00,,,,
0ababfd2-281a-4633-ad54-80ade78f0b9c,fef68807-5917-5a93-a40d-1195efeafd1d,complete_onboarding,push,2026-05-09 12:07:32+00:00,,,,
70878e49-3905-4b98-9dd0-8b64e625065a,7cf17970-d7ae-51df-b4df-e43d37c21150,send_reengagement_message,push,2026-06-02 06:00:14+00:00,,,,
08681a42-88fe-4d51-a61a-4a3dc1ec232c,f0ba5a60-71b2-5bb8-83d8-c9976ef717bb,complete_onboarding,in_app,2026-05-12 02:28:03+00:00,,,,
0d29c6ae-0452-475e-987a-de91fba0b124,972d05e9-e7d1-5bb2-b9de-2a582df9b13a,send_reengagement_message,email,2026-04-08 19:59:43+00:00,2026-04-10 11:59:43+00:00,,,
6398b6bb-ce6d-46e6-a8f2-6af9f9c66e5d,ed7286f0-84fe-593d-b078-e10c8c7050fe,send_reengagement_message,email,2026-05-22 21:29:57+00:00,,,,
639fee54-4b8f-4468-a51a-f7d4f2970189,30085a38-d763-5fce-a158-051c47cf18b5,complete_onboarding,email,2026-05-01 07:29:59+00:00,,,,
95711ec7-a2b0-4c19-8f53-44ff9c5c56e9,5263ea19-926a-5982-8e92-e6850b9a7306,complete_onboarding,in_app,2026-05-14 07:58:20+00:00,,,,
714b2a4a-e1fc-4b24-b0c2-df6826d907ad,5ff032c0-821a-5b94-9d11-a5c49d54c2bd,send_reengagement_message,email,2026-05-09 21:58:09+00:00,,,,
537734a8-4d76-47fe-a5a3-9fd1749b89b6,2a14fa58-f75e-55ad-9971-34d9c6e8ac1e,complete_onboarding,in_app,2026-03-16 18:28:57+00:00,,,,
ffd76911-1163-476b-afea-5708761dbf6e,eb5a1d04-8891-546f-89cf-ba77a8fd9ab0,send_reengagement_message,email,2026-04-29 16:48:20+00:00,2026-04-30 10:48:20+00:00,,,
5391b67a-8005-4606-b5cd-4eeb1a535775,a567ba3e-cd11-554e-ba5b-63fac950df23,complete_onboarding,push,2026-04-06 22:17:40+00:00,2026-04-07 10:17:40+00:00,,,
aebfb8ac-e920-412c-b65e-e3bb2715e880,60b4f0eb-9add-5719-ae41-cb935c8cd470,send_reengagement_message,push,2026-05-23 03:55:13+00:00,,,,
670d9cb5-d8e4-4692-a48c-af102c45b8c8,fd35c58b-120a-545b-8e00-cb22d4c3ed63,send_reengagement_message,push,2026-04-22 02:06:00+00:00,,,,
b319af8c-b580-44a6-9cf3-d6c6420efc34,128c2ee5-350a-5f9e-b398-bbac652f3ffc,send_reengagement_message,push,2026-04-17 16:08:57+00:00,,,,
00b47e09-bbad-4396-94a6-6307b4a619ca,03fd87ed-f98c-546a-9adf-132084dba9ee,complete_onboarding,in_app,2026-03-12 12:33:40+00:00,2026-03-13 09:33:40+00:00,2026-03-13 10:02:40+00:00,,
1e0ecaed-82d6-4278-a478-fa185afaaa77,cd321ec1-3253-5580-9806-1c6ff3bb1502,complete_onboarding,in_app,2026-05-03 15:30:56+00:00,,,,
9b12ea3c-09c0-4a22-a506-b3887950d477,5927c213-a146-5244-90a4-f9476a71d3c3,complete_onboarding,in_app,2026-04-28 02:49:35+00:00,,,,
44e46820-5bdc-4b83-a4f3-6b715f7f9c63,81dfab13-8398-5da5-bb62-97b92e062381,complete_onboarding,email,2026-03-09 20:16:22+00:00,,,,
437af77d-9ac9-44e0-8a34-0934766e8311,f59ba184-a3b2-5431-a662-792a93b6238a,complete_onboarding,in_app,2026-04-05 22:20:16+00:00,2026-04-07 01:20:16+00:00,2026-04-07 01:34:16+00:00,,
ecc669dc-aee2-401f-b74c-dffa82b2b5de,7fa1b574-7301-55bf-9454-65f04b52db82,send_reengagement_message,push,2026-04-28 02:24:46+00:00,,,,
e27d63af-30a7-48c1-af5a-80c10febe3ac,21ac343a-761a-5426-ba11-5ae5afa7693b,send_reengagement_message,push,2026-04-27 09:12:18+00:00,,,,
72e91298-234f-4f1e-ab82-6c3286fee53d,25a18465-95c4-528f-b656-efa987a6009f,complete_onboarding,email,2026-05-09 09:44:59+00:00,,,,
c1d813ea-dfe8-4b21-be01-18d62caeb50b,fb397360-0de4-5b4d-8258-d56b3df159dd,send_reengagement_message,email,2026-04-05 09:30:50+00:00,,,,
b799380d-cf23-4853-8b9d-0eb6415a5833,3188433f-ddfd-5865-b1ca-3427422c1b40,complete_onboarding,in_app,2026-03-28 03:18:22+00:00,,,,
3557520a-0f34-43d3-ba01-babefc934c15,f9ad019c-4402-57d9-bc7a-f197c9c81631,send_reengagement_message,push,2026-04-07 11:36:51+00:00,,,,
be6a075e-989e-48f0-8f43-60a6af018d0a,cad2764d-68aa-5d6f-a0e4-53905ce73d92,complete_onboarding,email,2026-03-23 20:12:13+00:00,2026-03-25 02:12:13+00:00,,,
8aebd0bc-2184-4ea2-bc15-b0f5920b5c3d,30a273b3-73b3-510c-ab5f-07a90c220a54,complete_onboarding,in_app,2026-05-08 14:09:47+00:00,2026-05-09 13:09:47+00:00,2026-05-09 14:06:47+00:00,2026-05-09 19:06:47+00:00,
639e389f-1d55-482e-99bb-b5e17f80cf07,5077ccfe-2fce-5f11-8831-e9dfac30635e,send_reengagement_message,email,2026-05-29 21:50:08+00:00,,,,
a8a0ee33-5e90-4e9c-a0d4-9b1829e133e5,fc9ad713-d1a1-55c7-b359-199a6f81d2f3,complete_onboarding,push,2026-03-10 01:56:19+00:00,2026-03-11 03:56:19+00:00,,,
33ed7ac8-5136-4b94-a334-9e64f95fd641,1627039a-ea42-560b-96fe-19df88ed79c7,complete_onboarding,in_app,2026-04-19 14:44:37+00:00,2026-04-21 03:44:37+00:00,,,
54926d8c-eb66-4e5e-bf90-fd2dddca6ef9,279b65aa-f759-56c5-bebc-46a36d73920a,send_reengagement_message,push,2026-04-11 01:36:11+00:00,,,,
5430fe46-521c-4dde-aef1-a795fc0f789b,e6db6105-a5ba-5fda-ad5d-1ca98c6cb15f,complete_onboarding,in_app,2026-03-20 06:52:51+00:00,2026-03-21 03:52:51+00:00,,,
b5d204fa-b2e3-4058-b588-d63f15a2097b,8eecbda6-ebae-5db2-a301-d6bb1e66a0dc,send_reengagement_message,in_app,2026-04-15 03:38:59+00:00,2026-04-16 19:38:59+00:00,2026-04-16 20:10:59+00:00,,
c57efb00-244d-429b-beb1-f40958a718ab,33b06c10-a1cd-535d-8ccc-14dc1e490e76,complete_onboarding,email,2026-03-20 09:54:16+00:00,,,,
413e49ce-0ecc-4255-8c8c-29e4c9786535,e535192f-0417-52b8-8177-94297578cd85,send_reengagement_message,email,2026-04-28 19:46:00+00:00,,,,
5368bc17-2483-4002-9060-4b088b24fe88,704f2381-e0c1-5e75-bdb0-32d91ef55902,send_reengagement_message,in_app,2026-06-02 16:43:51+00:00,,,,
2d3b9097-cfd3-42b3-8dd0-d44095b0527e,dd8e315a-04f0-579b-9b8e-c5d0345b3700,send_reengagement_message,in_app,2026-05-14 21:41:25+00:00,,,,
81cad9fd-5973-404d-a008-4a2d6b03c1de,463d29b8-6f8a-5214-b67e-849be35db9c3,complete_onboarding,push,2026-04-10 00:53:16+00:00,,,,
26c59760-b9c2-4556-9510-ce164b78cd91,bf3c7e6f-2b5a-57d5-aaca-38cdd7c66fed,complete_onboarding,email,2026-03-07 23:01:48+00:00,,,,
809d8818-46af-49d3-a274-f0d4b4ca153b,23214812-5756-5068-a23f-5b14a31404db,complete_onboarding,in_app,2026-03-12 19:17:40+00:00,,,,
d62014ec-f33d-478e-b656-ad5afa6823ee,d2b6d760-87ae-5cd8-86cd-1aa9c3d0b6ad,complete_onboarding,in_app,2026-03-25 13:15:09+00:00,2026-03-26 08:15:09+00:00,,,
50a23a91-92bf-45a6-b12e-ad7faa8ed34e,a27bf11c-1544-51be-b8f4-c2469df03614,send_reengagement_message,email,2026-04-11 19:30:46+00:00,,,,
5fa10d13-4549-4881-9a3f-0fb9878f5724,0be23844-0901-5958-97bd-9456723d51bb,complete_onboarding,in_app,2026-05-03 23:59:57+00:00,2026-05-04 03:59:57+00:00,2026-05-04 04:39:57+00:00,,
129d0b13-ce93-4846-b8ff-86283aedf434,31b1e124-81d0-535e-8b93-43accf705368,complete_onboarding,in_app,2026-05-04 04:58:55+00:00,2026-05-04 13:58:55+00:00,,,
192ac178-e048-4c1c-afa2-0257e20ccb3f,d93f436e-7b5b-5013-963f-6bfda6e15293,complete_onboarding,push,2026-05-04 22:25:29+00:00,,,,
58764b79-a23f-4417-82cc-5cc6accd2508,e8ef7453-a363-5648-afc7-80ab21c90e23,complete_onboarding,push,2026-04-19 23:50:47+00:00,2026-04-20 02:50:47+00:00,,,
2d7a7a2e-24cc-4db3-9ced-bb676f1b656e,4aecd149-7cbf-581a-8d7b-9b250cc09919,send_reengagement_message,push,2026-05-03 09:01:20+00:00,2026-05-04 04:01:20+00:00,2026-05-04 04:48:20+00:00,,
5c745ede-029c-4c5e-97e5-ec02512bba7e,56983a71-31e3-5dc6-b413-52948c0996ab,complete_onboarding,in_app,2026-04-20 18:59:25+00:00,,,,
970af556-3b97-4c7d-896a-4361b0e50f7f,179a858f-ab1b-57f8-9428-2a766b8c8c6e,complete_onboarding,email,2026-04-04 01:40:18+00:00,2026-04-04 10:40:18+00:00,,,
5baf769d-d376-4f68-941a-428d020689b1,d087fa4d-6f42-5a1a-9f00-568bd1190d2b,complete_onboarding,email,2026-04-22 05:51:22+00:00,,,,
89abe4f8-428f-44ba-b4bb-1a012e0aac1e,b5c03415-dbb5-59f7-a815-8cfc308d8cd6,complete_onboarding,in_app,2026-04-30 19:35:48+00:00,,,,
576e421d-4cb3-475a-9150-439d9f2b9244,ba2c3f16-ca55-5cb2-8deb-b88f1417b4e4,send_reengagement_message,in_app,2026-05-17 15:22:01+00:00,,,,
f9e8e078-4872-496a-84b4-73da3ad161f4,da638c87-5d83-5e77-aba9-ca2ad82ee26f,complete_onboarding,in_app,2026-04-18 08:30:09+00:00,2026-04-18 19:30:09+00:00,2026-04-18 19:56:09+00:00,,
b53cb411-50ee-4427-9472-61d031945581,e6933eff-0d89-5c31-be5a-94a29d65d0f1,complete_onboarding,in_app,2026-03-11 00:13:38+00:00,2026-03-12 04:13:38+00:00,2026-03-12 04:14:38+00:00,,
ba2938c9-2965-4eb3-b197-50b872df891f,ea9adcc7-af21-55ad-8552-5376857d65d4,send_reengagement_message,email,2026-05-15 00:30:57+00:00,,,,
62481159-c647-4ced-a905-342837cd7ce1,73b0fffc-36a6-5ea4-8dbf-ad5351ba1255,send_reengagement_message,email,2026-04-20 07:06:11+00:00,,,,
879c6bb6-c2b1-44b1-b3ff-d4e000960323,a4c7827b-7d8b-568c-9c17-97deb67592f0,complete_onboarding,email,2026-04-27 07:30:45+00:00,,,,
4b03c169-0498-430b-9a5a-93d6de72cfb7,e9781fb4-6695-572c-a7dc-7bb254551522,complete_onboarding,email,2026-04-13 05:27:25+00:00,,,,
2f3f2ec2-0abb-4bfc-b12a-010b9a49df38,121fb6f0-deed-51ed-a5cb-a77f3960d8e0,send_reengagement_message,in_app,2026-05-25 19:14:36+00:00,,,,
0f1728df-c480-49c7-b2c6-3f09d7525d8f,49aff3cd-edf3-5437-96d9-42596d4ffdf7,complete_onboarding,in_app,2026-03-30 08:29:01+00:00,2026-03-31 07:29:01+00:00,2026-03-31 07:44:01+00:00,,
b813ba52-468b-4ad3-8252-ee7aa17b80d9,753b1997-362f-5570-95ac-1e231bc38bf7,send_reengagement_message,push,2026-05-29 06:23:18+00:00,,,,
0541baa1-0b41-4cd8-a761-5a0cf9e30b15,e8da1ada-de46-50d8-9bfe-a97a0147da0e,complete_onboarding,email,2026-05-04 06:27:24+00:00,,,,
e9eb00f9-5564-45a0-9f99-2a0fa3496e6c,cbaeb489-99ec-5540-9905-8d2367584909,send_reengagement_message,email,2026-04-17 20:18:46+00:00,2026-04-18 18:18:46+00:00,,,
9f98904a-29c6-4bcd-b883-872c86155160,636884cc-62fc-56cc-8515-cb7c60a3b3b0,send_reengagement_message,push,2026-04-28 07:08:23+00:00,,,,
a9376dca-be33-4ffc-ada6-af29d0ba4b75,c0dfd41d-f020-5545-91a8-268f7111c725,complete_onboarding,push,2026-04-12 15:54:43+00:00,,,,
95bc8651-632d-423e-b532-911bd2eb9dfa,58a51442-181c-51e5-a2ab-891aa1da595e,send_reengagement_message,push,2026-05-18 00:50:49+00:00,,,,
108717d9-8b4e-45a1-af3d-2146ccda9219,0bebd16e-89c1-5e40-a38f-e899b594161a,complete_onboarding,in_app,2026-04-23 13:14:38+00:00,,,,
ea0d8f21-6bad-4080-a3fc-bdabf55c48a9,02926c92-fe93-5915-8126-cf6d93a5fcde,send_reengagement_message,email,2026-05-23 18:56:14+00:00,,,,
1c3b44d7-a9e8-4e56-97d9-fb8f65f58eac,46a16a91-de9a-5407-b430-5961c9c17f11,complete_onboarding,email,2026-04-01 12:30:02+00:00,,,,
53a81b71-aebf-49f7-9bd4-d9ec1425d4dd,c6a6dc85-a885-535d-be63-8e0d7df14e6e,send_reengagement_message,email,2026-04-29 19:56:03+00:00,,,,
97ec100b-bceb-4a31-b640-1c4dc4b93678,1268b088-4ff1-5fcb-badb-8786c468afd4,complete_onboarding,email,2026-05-08 18:13:05+00:00,,,,
6c6ce98e-5d61-4f71-99bd-ef2802f7231e,d5a90240-e29e-5c9e-ab15-11e26f7bdf3b,complete_onboarding,in_app,2026-03-28 01:02:51+00:00,,,,
73e7cc59-ec08-423c-80f4-6ebf44036e61,e5a9df87-28b3-5476-a875-d2468e3ff97a,complete_onboarding,push,2026-04-16 12:16:37+00:00,2026-04-18 03:16:37+00:00,2026-04-18 04:09:37+00:00,,
8cf53fc2-414b-47de-bf0c-0c4cfb449346,c35e7d36-9ac7-58e9-bffa-b390eff23362,complete_onboarding,in_app,2026-03-15 06:59:41+00:00,,,,
ea8ad345-1483-4347-b92b-1a598dc953e1,cce6535f-c3ab-5255-b816-1f470e1590c5,complete_onboarding,in_app,2026-05-04 16:03:14+00:00,,,,
3475d4d0-bde9-4d59-9db6-c7522c5037b1,f40ca56f-8f66-5194-aead-370de500f0be,complete_onboarding,in_app,2026-04-02 12:15:52+00:00,,,,
e85bc169-5a26-40f9-8f85-9041053e3ffc,af67e0da-8d74-50fa-985f-b6179c84f640,complete_onboarding,push,2026-03-30 12:01:05+00:00,,,,
44153f5d-5640-41e1-819a-9fd80253db70,249a6eb1-9564-518c-9624-917233a1e114,complete_onboarding,in_app,2026-04-16 05:18:38+00:00,,,,
412bb800-4684-489c-b663-1c433b745383,42edbb71-cc6d-59fe-9cd2-57188dd4aceb,complete_onboarding,email,2026-04-10 10:02:26+00:00,,,,
7186e290-5d9d-4a8f-8044-5cf0012e7c76,1fb64dae-f5d0-5898-b95d-7f62eeec002c,send_reengagement_message,email,2026-05-23 12:14:54+00:00,,,,
757ce8cc-b78f-45ea-a6f5-be11e208873b,e18bec6a-1b24-54f2-a278-0e61861bbfc9,complete_onboarding,push,2026-04-12 16:00:59+00:00,,,,
04f0e48e-a1af-48ce-8e5b-c27af6716650,7e7bb9d1-32c6-542c-b60b-8fc7d0f10e80,complete_onboarding,push,2026-04-11 16:08:34+00:00,,,,
2e9f5e70-19d7-4383-a61e-45b9c91bf31e,35a78f30-57e1-5ba9-b580-b3dc91d13485,send_reengagement_message,push,2026-04-02 05:50:46+00:00,,,,
eae8f3ff-aacd-4394-9f6b-3e007f9725e8,5bdda576-69ed-56ad-b141-3ce249dff9a1,send_reengagement_message,push,2026-03-27 12:19:45+00:00,,,,
6c2540ec-e46b-49c9-be80-411e44094466,2da68a2a-c1e1-52ce-8141-aa4440f926cd,complete_onboarding,email,2026-04-03 12:00:09+00:00,2026-04-04 07:00:09+00:00,,,
4f9f4c50-cd23-46ba-a4d5-9811cec04e73,c0c36c3c-1f1c-5ef4-a762-08a3b598cb06,send_reengagement_message,push,2026-05-08 09:35:24+00:00,,,,
99075755-dfd3-45e3-ade2-b25c127a0f67,a3cdd94e-d9e9-53fb-90d6-a869ce70d3e7,send_reengagement_message,in_app,2026-05-08 12:39:28+00:00,,,,
a5ceb83d-12c5-4010-abaf-d8f68f4ff547,4749e571-db01-5d88-a926-3ed795e3fc7e,send_reengagement_message,email,2026-04-22 00:19:47+00:00,,,,
c0cdc5f9-5d48-4b39-8379-dc3bd1d24c82,a981ba25-6e6d-5835-be71-69a665b6d6ca,send_reengagement_message,in_app,2026-04-07 05:57:02+00:00,,,,
faf455dc-4dbd-4a78-8b9d-65c2c37a1818,de7fbeba-ed83-5188-a3ea-ad88bbd0aa39,complete_onboarding,in_app,2026-03-07 14:09:11+00:00,2026-03-09 01:09:11+00:00,,,
3fce8a1a-312e-4257-aced-33513e8cc5c7,a8fdc09d-db8c-5d83-a57b-6c8be9cb38e9,complete_onboarding,email,2026-03-30 09:08:40+00:00,,,,
cef5572c-2b78-4598-b37e-196c04430e74,cfffae3a-b766-5afe-b3e5-69c0cc855c9a,complete_onboarding,email,2026-03-28 20:04:15+00:00,,,,
29207843-e0c5-448c-bcf7-22924d3c5221,9357155b-8cd1-59a9-a6d7-37ef17b14271,complete_onboarding,in_app,2026-03-20 05:17:39+00:00,,,,
6ea9ec9b-aed8-4000-833c-6f68a95469b8,eb2ad038-a1a0-5f87-896e-b2fefec8c859,complete_onboarding,in_app,2026-03-24 21:10:49+00:00,,,,
342e52fc-f62e-425f-b720-77252940dec6,4e8ccf1f-2953-5cd7-98fb-2a1f01ef8cb5,complete_onboarding,email,2026-03-08 17:06:24+00:00,,,,
2129aa32-eb87-4d08-a739-6cfa1f86027f,2ebb8257-ed10-5955-9934-29df096f7bb2,send_reengagement_message,push,2026-05-06 22:46:54+00:00,,,,
ef7b83e2-a402-492d-9089-e109566658f1,0a95a136-c3c0-5244-a1b6-1d51420d747c,send_reengagement_message,push,2026-05-28 23:52:27+00:00,,,,
5a13386f-5234-425b-9c07-3b5e35fc35b4,d808878a-dfa3-5ef6-960f-49c67bfd1d3c,send_reengagement_message,push,2026-05-12 15:57:52+00:00,,,,
196e56af-44a0-40d5-a2a0-17f141f41fda,e2d6f9fc-4eae-5602-a7fc-a7c54cd88cea,send_reengagement_message,email,2026-04-25 22:13:51+00:00,,,,
d73c0e58-4622-4023-b5c4-5f5e24bf6184,63b4f62c-cc8e-58af-a5f6-8f5f8691a426,complete_onboarding,in_app,2026-04-04 23:57:49+00:00,,,,
bbf78507-d2b5-4a8d-9b23-beb7538d1b07,d7c5edc3-1cd6-59e8-964c-21f1e74a34ca,complete_onboarding,in_app,2026-03-28 05:16:40+00:00,,,,
959b1711-6a13-4bd3-9563-81dc2b0ce292,e5599142-4908-53b6-b372-20f9e68c04b2,send_reengagement_message,push,2026-04-04 19:49:27+00:00,2026-04-05 18:49:27+00:00,,,
bbb9106d-7df1-4e98-a663-1c658ecc5553,3e64a681-926e-5a03-892a-3d2b8e1e2dc9,send_reengagement_message,push,2026-05-04 02:09:48+00:00,,,,
c2153174-f95d-4dd2-a043-330b9fbc93a6,72f91303-772c-568f-8990-9bcaa9b6eb9c,complete_onboarding,in_app,2026-03-07 12:06:44+00:00,,,,
4c43582c-f30f-48d0-95cf-644b23485e71,d801cb75-172d-5bcf-924e-0ca41c8d892b,complete_onboarding,in_app,2026-04-04 16:06:12+00:00,,,,
bf61cc78-61f3-4e51-8c4e-d92b5128bb56,c7e5e420-c059-5d4c-83a4-c9c84d65d91a,send_reengagement_message,email,2026-04-14 04:24:15+00:00,2026-04-14 07:24:15+00:00,,,
b0f03503-a105-4816-a5ad-1cc83e3b6c9c,bcb48d5c-678e-5234-a33c-d0c7601bec01,send_reengagement_message,in_app,2026-04-06 17:59:10+00:00,2026-04-07 09:59:10+00:00,2026-04-07 10:48:10+00:00,2026-04-07 15:48:10+00:00,
c5b77fb9-fae9-44aa-baaa-9248f8164382,2eec2203-89f7-5d2f-abf0-c4fcddfeb0e2,complete_onboarding,in_app,2026-04-24 12:13:23+00:00,,,,
7d43d2e6-00cf-4890-a2dc-32bd96ab922d,360b11b5-34d4-5476-b6e9-ec65bf6c7832,complete_onboarding,in_app,2026-04-12 06:46:04+00:00,,,,
bc6e4398-aa3f-4d05-bedb-6236149a3b3a,289d8120-d7f6-5923-98c1-2c3c76a37472,send_reengagement_message,in_app,2026-05-08 17:31:20+00:00,2026-05-09 05:31:20+00:00,,,
34c4a396-236c-42a8-b10e-64701af3edff,9d63490f-44b4-5c64-807c-4df4ab7add5a,send_reengagement_message,email,2026-05-14 05:31:31+00:00,2026-05-15 21:31:31+00:00,2026-05-15 22:24:31+00:00,,
261ebbbf-b2df-4de0-8f03-21db0f6eb6e5,6975b053-8ab7-5b13-8817-490f169e833f,complete_onboarding,email,2026-05-13 17:52:13+00:00,,,,
77aa492a-38e2-4e7f-b6ed-793ebada22ec,6a8ac03f-ee95-5731-87dc-cbe01536dac9,complete_onboarding,in_app,2026-04-18 19:18:43+00:00,,,,
9c99283b-3f8d-4d01-acd4-e1365b1b15d0,0dc7df8a-8e1a-5059-9ef8-1f67415cec56,complete_onboarding,in_app,2026-05-06 15:39:33+00:00,2026-05-08 14:39:33+00:00,2026-05-08 14:43:33+00:00,,
4a50ccb2-c6d1-447f-abbf-b88cf8fce643,cc636c7c-5128-5016-bc63-701680a6d782,complete_onboarding,in_app,2026-04-08 22:44:58+00:00,,,,
0c42dfb7-9ee7-49f0-96f5-b6401723bafc,50075399-e524-53f5-b176-5a25ced19811,complete_onboarding,email,2026-05-13 22:46:23+00:00,,,,
6eb12748-b487-4bef-bcb9-3607cf59a7b9,9876f049-3ecf-5c51-bade-9f9fccadd87b,send_reengagement_message,in_app,2026-05-17 12:55:55+00:00,,,,
90087040-a14f-4d2a-bbb5-765ccdf3e013,3873ad55-e72c-5cd0-916c-642dba502a98,send_reengagement_message,in_app,2026-05-09 21:51:45+00:00,,,,
a69b84bd-7fd2-471b-90b7-93cdaf1dab5f,6b6d04f0-14d0-5700-9eee-aad92f00c99f,complete_onboarding,in_app,2026-05-08 07:54:38+00:00,,,,
c4070f20-aef8-4df5-b972-c2e38c328d0d,4705628f-bd93-54d0-b36e-5cfdcda7d3d4,send_reengagement_message,email,2026-04-30 12:58:13+00:00,2026-05-01 07:58:13+00:00,,,
f64f1c45-1783-476a-a4a7-cc9b1f806884,ff814ea6-e486-5bfa-b717-cc1bf88e1fcf,send_reengagement_message,email,2026-05-14 17:28:19+00:00,,,,
0f284a45-b10c-4f5b-aff8-2a892dc06835,ce01fd7b-d31e-5bf8-9cc7-1c3f7e2037fc,complete_onboarding,push,2026-03-26 15:30:50+00:00,2026-03-28 03:30:50+00:00,2026-03-28 03:51:50+00:00,,
824a3d5c-7c4c-457c-99ec-36be9515cc9d,cf2f0adf-44c9-5e6b-970a-4bfe552d6f9a,complete_onboarding,in_app,2026-05-12 11:04:39+00:00,,,,
245c8244-3495-46c0-97e0-b6c31ee6a3f3,5b00c057-7a87-59ad-84d4-61e8e5daf41a,send_reengagement_message,email,2026-05-08 00:17:46+00:00,,,,
1422f768-cc5b-4de7-8edd-ac1094a7b39b,484084d3-a15d-5365-8a8b-521b0901d41f,send_reengagement_message,email,2026-05-18 23:00:01+00:00,,,,
ea2e6836-7b9e-4cab-9d52-db44a6bec679,2840d5b8-d5b0-5365-b3e1-7e5f2e617cb5,complete_onboarding,in_app,2026-04-07 18:58:52+00:00,,,,
64faffe0-862c-4b42-9cdb-2f8e9718ab83,b3d84108-1f1e-5718-acdb-2953eedb3ccf,complete_onboarding,push,2026-05-05 19:25:22+00:00,,,,
2ac10c91-ef99-460d-a771-bf21a4f92be0,483e48b1-97fc-54ad-9e37-e4197af3dab3,complete_onboarding,email,2026-03-12 02:50:17+00:00,,,,
6e416f7e-a1a5-4a5c-9a99-e05d828a5482,6322160c-3571-543b-aa65-58c7ddedd21a,send_reengagement_message,email,2026-04-02 20:57:21+00:00,,,,
b130969c-04a9-49ea-9d81-2bcac9ebb2f8,0c00911d-ad53-56e7-a468-cdde626f5d39,send_reengagement_message,email,2026-04-29 23:47:04+00:00,2026-04-30 19:47:04+00:00,,,
2ff092d6-5411-4282-93d3-7ed4420fd059,822fb480-c722-591f-a434-e495e8239f59,send_reengagement_message,push,2026-05-15 12:52:35+00:00,,,,
79df054d-96dc-4110-bf93-c56ad3be78b4,46b2233d-0374-5f8a-95ff-2762c7710980,complete_onboarding,in_app,2026-05-01 20:03:59+00:00,,,,
53b06619-f199-45c9-bd33-435e4d6c6389,3f59897c-05a2-51cc-b778-a0de42375e5c,complete_onboarding,email,2026-04-06 08:47:11+00:00,,,,
6edac1fe-25d4-44f8-8447-2698cba35465,37678bb9-f7b2-5989-bb01-92a64d8482ab,complete_onboarding,in_app,2026-04-20 19:51:30+00:00,,,,
ad34713f-0398-4f5f-acde-f34a8b0c4c63,15757087-3335-5ad3-a1ec-536e8d34393d,complete_onboarding,push,2026-05-12 08:16:54+00:00,,,,
8f4adc4c-d7af-4bf0-a368-a67dcff3df09,de075902-671d-55b5-b6eb-cfd165e5f306,complete_onboarding,in_app,2026-04-21 03:11:35+00:00,,,,
8dc85c3d-bb46-4e40-b007-941566830bcd,bbc8c791-6576-5c29-bea0-adebe0de72f9,send_reengagement_message,email,2026-04-23 18:17:35+00:00,,,,
771f06dd-12ec-411d-99ea-b7f38f5f4e2f,fd62bf79-441a-5c9d-a9fb-0c78bf035b57,send_reengagement_message,push,2026-05-31 22:00:48+00:00,,,,
904254c2-ad59-4176-9baa-75da47bdad9a,da3816d1-3224-5a4e-9a1a-4940423045d4,complete_onboarding,in_app,2026-03-14 09:36:38+00:00,,,,
8d2a38c5-dbb1-4846-955f-697c7457031b,fdbe4fba-ebc0-5ba6-88cf-007d7496622c,complete_onboarding,push,2026-05-13 22:27:39+00:00,,,,
1391c67f-e21c-4bbe-a44b-2471029f723b,9c0c1daa-010d-55e3-b583-c406a739b6a0,complete_onboarding,push,2026-03-17 15:02:43+00:00,,,,
7f2f46d2-0eca-4890-8b23-dd7de736cd6d,7d3cc0a9-a4f3-5ffe-98f7-4616c3dd44f0,complete_onboarding,push,2026-03-26 21:18:20+00:00,,,,
7dda3d5d-2c93-40f3-b829-660ce6676f5c,4d17e7f3-7e38-5502-be86-a08409be6702,complete_onboarding,email,2026-05-02 16:21:14+00:00,,,,
77f73b76-b310-4769-bf75-2b1a3a37c134,981299b8-31f8-50b4-ae36-ce0793019e01,send_reengagement_message,push,2026-05-15 15:05:43+00:00,,,,
8478a91e-ffce-4ed9-ae1e-9a3155021537,8efff942-d271-51f8-b183-f3e405961500,send_reengagement_message,in_app,2026-05-31 22:54:22+00:00,,,,
1651b5c2-21fb-4311-b71a-09879e6e7726,f3a4c1ef-c52f-58c6-b8bf-5c712ede22d2,send_reengagement_message,email,2026-05-16 17:58:20+00:00,,,,
0969c6d8-3abd-465f-9144-fc608b355dea,6ee3cffe-c5da-5637-aeda-951cd2ed360c,send_reengagement_message,push,2026-05-08 22:53:08+00:00,,,,
56f3eacf-c1bb-4a25-ada9-f494d4a2d987,d6e1657c-9d16-5836-ac75-19ba2d6f7819,send_reengagement_message,email,2026-04-18 21:47:30+00:00,,,,
35635890-b174-4954-a9a4-f2bc0e409135,bac8eb5c-590c-50e5-957e-8457b0598f52,send_reengagement_message,in_app,2026-03-26 07:48:13+00:00,,,,
5358a137-0c38-4954-a90e-77892ffbb47e,961f47b4-98d5-5e7a-9a82-ac98ef93500f,complete_onboarding,email,2026-03-15 13:07:41+00:00,,,,
4920b0ff-2820-4ee7-a255-e7cceca612db,e2c33cb4-70b8-56c4-9a82-358da932a024,complete_onboarding,push,2026-03-27 13:07:07+00:00,,,,
3e3c54bb-2b35-4a0a-a4a6-b20491f3a49a,0163ed2e-717d-5bbb-98fd-49b59b8eefaf,send_reengagement_message,email,2026-04-15 01:32:42+00:00,,,,
dc5bb0f2-5903-49b5-b674-44168dc94a94,0163ed2e-717d-5bbb-98fd-49b59b8eefaf,send_reengagement_message,push,2026-04-30 01:32:42+00:00,2026-05-01 02:32:42+00:00,,,
b099f286-c362-4312-bd59-e88e4a7cfa27,316ac83a-2021-57a3-9793-1e28c0c2f4e1,complete_onboarding,in_app,2026-04-29 15:16:47+00:00,,,,
8fe92fc0-aa65-4841-8e5b-d3eb2b8b9722,e433c36a-afa0-5955-8124-05200adda78b,complete_onboarding,push,2026-05-12 11:08:58+00:00,2026-05-13 17:08:58+00:00,,,
37253324-2214-4b42-a783-9c9ae8fd6ca8,f9a299f9-5072-51f5-9277-61bebbd58b77,complete_onboarding,email,2026-04-09 18:56:32+00:00,,,,
9fdb6bc5-1419-47ac-a85e-b3d9a4cf3045,4f4e7b84-f0e8-5804-b828-0bf66c8e3181,complete_onboarding,in_app,2026-05-06 09:00:29+00:00,,,,
49925e70-7a85-428e-bce7-a19d0bc679aa,523126f9-709d-5de9-86b0-7f41b5f502f9,complete_onboarding,push,2026-05-14 00:03:15+00:00,,,,
e190d81a-73d0-43ef-88ff-aeba328a3d55,8a3ae6e5-1126-5dde-ac43-abd2e5c5d9d8,complete_onboarding,in_app,2026-05-05 07:52:32+00:00,,,,
0c30e5f4-57b8-4d88-90ed-0685364b2421,9be073f7-60c1-558c-8880-e61567113857,complete_onboarding,in_app,2026-04-08 01:59:44+00:00,,,,
61b48122-7c25-4e88-91dc-96764024ec48,2dea8b03-7eb1-5f71-b9a3-053098ab4e88,complete_onboarding,email,2026-03-29 10:37:51+00:00,,,,
c4722f96-edae-4e5f-a231-a4e25dff7d59,96aba68c-25cb-5af6-aaa9-8e8a5580877b,send_reengagement_message,push,2026-06-01 11:25:48+00:00,,,,
a0eaf091-d8bf-4b28-ad9f-afce644f0acd,d0a72e23-8ef0-511a-9440-e61f6ab49b25,send_reengagement_message,push,2026-04-11 16:36:19+00:00,,,,
eff27897-10c6-4afa-9937-b2bbf9cd04c5,74da1564-6c29-599c-901e-80474b0633be,complete_onboarding,email,2026-04-04 09:34:10+00:00,,,,
0bc95b3c-d8ea-4296-84b2-c4e434d1fad5,60d76d81-d504-5183-8a66-083a8fae29c6,complete_onboarding,in_app,2026-03-12 02:35:39+00:00,,,,
ae5b6227-a685-414f-a915-2145b45f361c,b1e39241-f77b-50f9-b808-bf21880cbeb4,send_reengagement_message,push,2026-05-19 18:20:14+00:00,,,,
da0fb474-be9d-4a3f-812b-05635465189d,46e9357e-5b84-54ac-a69d-17dae06ca2fa,complete_onboarding,in_app,2026-04-20 20:07:48+00:00,,,,
497f8ce2-97d2-4c8e-a8b2-c0de96445764,1e1904eb-f1e9-58a1-a20b-f873140bc81a,complete_onboarding,in_app,2026-03-12 20:27:37+00:00,,,,
164df97b-0732-4ea8-a6f4-2f3fcda0451f,b8adf445-385b-503f-8e3f-65d2a4f38930,complete_onboarding,push,2026-03-22 07:30:45+00:00,,,,
bdbd6a43-8c42-41b1-b4df-7d110df3091b,6ea3f13d-3438-547e-a2ea-e82046b9e9f0,complete_onboarding,in_app,2026-04-14 07:50:39+00:00,,,,
8bd94227-3784-4ef4-83b8-b1aecf22895f,2ef6d9f0-8b62-556c-8cbc-ba5ba0e9e543,send_reengagement_message,email,2026-05-02 06:55:20+00:00,,,,
872f7894-956b-4b78-843c-0a31119d4fc6,29426cbb-09e0-5d99-8b81-920fe769b9be,complete_onboarding,in_app,2026-05-01 08:12:38+00:00,,,,
f4842b25-367e-441b-bf15-96e20757036a,41e00bb1-4b29-591c-8300-63324b9c53df,send_reengagement_message,push,2026-04-13 08:39:25+00:00,,,,
42cd9746-cb96-4870-b016-61e5d1a0d3e7,4ddf2668-8930-5e52-a0e3-325191f1e374,complete_onboarding,in_app,2026-05-09 19:18:20+00:00,,,,
43b7d9a6-9c4f-41c9-b0e1-c7e8431e1005,4dc65f40-0e2d-54ff-8dc9-3712ec2542d7,send_reengagement_message,push,2026-04-25 16:02:53+00:00,,,,
16079d06-b28d-4308-9745-3b54f17c3169,d9c33b64-ae8a-5b12-8b02-23a758b60732,complete_onboarding,push,2026-05-02 18:11:50+00:00,2026-05-03 20:11:50+00:00,,,
cb3e3ad1-8e17-4f92-924f-13fa32616b09,3b43b0cc-e4dc-53f9-87fc-500e08411571,complete_onboarding,push,2026-03-23 10:45:31+00:00,,,,
e83bda18-f18e-4e96-bff3-1ec7553562f9,5c910127-21f8-5971-b569-2ce4666ff03b,complete_onboarding,email,2026-03-09 13:13:23+00:00,2026-03-10 06:13:23+00:00,,,
96c7ba66-34ff-48bf-b329-a70d8fa7e887,da314164-71f4-5fab-8e82-fec361c8766f,complete_onboarding,in_app,2026-03-10 19:10:07+00:00,,,,
ec4883d6-59e2-4e73-86b2-d946b5902bd8,62cf5d9a-19b1-5f29-8e42-abd13b4f62e3,complete_onboarding,push,2026-04-01 17:11:41+00:00,,,,
224c9d03-a461-4822-ad3f-11db480af153,40b2f743-917f-5b93-b0e8-395cec5f39ee,complete_onboarding,email,2026-05-11 18:25:16+00:00,,,,
a85a4457-403e-4e19-8350-2164d46256e0,f7a49e49-ff38-5b73-84e0-0ea65fd052e8,complete_onboarding,in_app,2026-03-10 08:38:39+00:00,,,,
fa019a88-0feb-4007-a23d-536bad33b6bb,6e89c92d-d0eb-50c9-9f7e-dd45594aa7c8,complete_onboarding,in_app,2026-04-01 11:01:38+00:00,2026-04-02 06:01:38+00:00,,,
8a031e9d-d1f8-4a91-b6ac-9ecee8b3c5dd,f3682de8-d019-56be-87d1-78378d1e0bb2,complete_onboarding,push,2026-03-14 12:58:16+00:00,,,,
1136871e-2eaf-4d0d-b29b-f9695f63fb1d,07bfcc9a-fa7d-5b9c-8094-394feac0eb10,complete_onboarding,in_app,2026-05-10 06:40:14+00:00,,,,
59a2de6a-5c50-4b2c-ad24-ca3354edbccd,5a65bf42-783f-5309-bf93-1bfb59716451,complete_onboarding,push,2026-04-22 14:18:21+00:00,2026-04-23 06:18:21+00:00,2026-04-23 06:31:21+00:00,,
eff6e693-957f-47b1-91ee-969b0a363622,53e4f155-fc8b-5654-83b7-6ba7c566e7df,send_reengagement_message,push,2026-05-17 15:01:01+00:00,,,,
3a0b007e-2e85-46e0-a0f2-ae740531eea0,bb56ec18-b922-5bab-b213-f2daf7be00ed,complete_onboarding,email,2026-04-25 05:09:19+00:00,,,,
ea27307f-d623-4fdb-8e3e-57d39a501d83,568aabcc-f05f-54f0-8ef3-7aa1b696052d,complete_onboarding,in_app,2026-04-21 08:02:08+00:00,2026-04-21 20:02:08+00:00,2026-04-21 20:41:08+00:00,,
783402cd-9e34-45f6-b9e1-6673743b6bda,f90a9ead-30aa-5eed-af04-2e9693a5cd62,complete_onboarding,in_app,2026-04-29 09:16:52+00:00,2026-04-30 01:16:52+00:00,2026-04-30 01:19:52+00:00,,
7d708b3e-ca62-452d-b540-ee136d758453,394090b4-6647-5a81-9e5d-62e52f44a6c1,complete_onboarding,in_app,2026-03-07 13:27:15+00:00,,,,
721dd273-07fe-475f-902c-f1069a09bdd6,24faf1fd-1a00-54c2-a9ea-6a9dfe33946e,complete_onboarding,email,2026-05-05 17:11:44+00:00,,,,
9d7b5324-fcd0-451c-b08c-ff832767e7e7,291fc80b-25d4-5c53-8d5c-8067e71fd015,complete_onboarding,push,2026-04-27 01:12:57+00:00,,,,
d5777a94-32b7-4648-8b25-9a80f10a17be,e3c073f6-88b1-50d2-89e5-a29d0ece99f0,complete_onboarding,push,2026-04-27 00:29:53+00:00,,,,
aa1b8602-fee6-48bd-b191-d3a40d58b343,af8c8111-c15a-5b80-b056-7c3ed2b7eaed,complete_onboarding,email,2026-04-03 03:31:50+00:00,2026-04-04 02:31:50+00:00,,,
81c49c88-417c-42d2-bb63-c3a12d53b230,2959a200-c12c-5990-9884-4868fd043634,complete_onboarding,email,2026-04-02 08:17:26+00:00,,,,
c39eee6d-6e81-4c92-87f2-703fa1e10284,20f95bea-6143-5125-a884-4f12d9bb990a,send_reengagement_message,push,2026-03-29 09:05:01+00:00,2026-03-30 04:05:01+00:00,,,
4151f435-d473-4390-b45f-a75261e4b272,2d632270-473a-5b60-80ab-e01de8772e6c,send_reengagement_message,email,2026-05-27 15:20:43+00:00,,,,
05ebe9c2-b885-4ed0-bc44-744726c64911,e1e7c83b-d730-5d18-8568-5b0e0113cbe9,send_reengagement_message,email,2026-04-11 04:23:23+00:00,,,,
85c288d9-a9c1-49de-87d5-d9793608a143,779ac729-a1c6-5ec0-8787-80d1867f35f1,complete_onboarding,in_app,2026-03-14 00:44:46+00:00,,,,
657f0f73-a831-4d66-8262-8168833679dc,011ad9e0-3fe1-503a-89cf-7ad8d3e2417d,complete_onboarding,in_app,2026-04-18 21:51:44+00:00,2026-04-19 12:51:44+00:00,,,
20f20523-225f-4d39-801b-aa1144a45476,b2a3fd71-3135-50b0-9145-de44f21a24d4,complete_onboarding,email,2026-03-23 02:55:46+00:00,2026-03-23 04:55:46+00:00,,,
3ff59443-605c-4729-b66d-b017aa4e5601,c88f9371-ac98-59fc-af48-9d4236e010fe,complete_onboarding,in_app,2026-05-05 05:03:18+00:00,,,,
e5d063e7-a906-4d3c-ae91-cce698420fa4,24dead0e-3d28-5c57-9ca4-e030bfe00f2e,complete_onboarding,push,2026-04-06 14:51:00+00:00,,,,
9bae7f43-00a1-4cdb-932b-94efb52525c5,f7c37e97-e83a-5242-a6ae-dc63cd3caebd,complete_onboarding,email,2026-03-07 07:27:06+00:00,,,,
80f1b3bc-2399-4a36-ba51-b149a47e4856,234f28de-4b0d-5430-b9ea-8a252f920a4e,send_reengagement_message,push,2026-05-30 16:02:41+00:00,,,,
5f0e2c31-ecee-4c67-a197-4c0593e65992,f0a27c5a-562b-557a-a3bd-4f031b3d097f,send_reengagement_message,email,2026-04-30 12:13:33+00:00,,,,
c0a978e7-7880-4769-b6c0-29836dfcf697,4e4a5953-7f08-5f76-8b90-84ee04fcba47,complete_onboarding,push,2026-03-25 03:29:24+00:00,,,,
0ae43e08-d2b5-43aa-867f-aa29786348de,36945d8a-92d1-5c68-b1f0-ffba4fe8f64f,complete_onboarding,in_app,2026-04-22 17:35:15+00:00,,,,
5abfe7d4-efd7-4b24-b5e4-16acdebc9e25,df96d74c-bbbf-51e9-88b6-aaaca8e10bfc,send_reengagement_message,email,2026-05-01 14:41:26+00:00,,,,
eb5c3706-04fe-47a0-9400-ad6d80b5aaa6,01d6b3f6-1d48-5243-8043-189a9da24d35,send_reengagement_message,email,2026-03-28 01:01:45+00:00,,,,
ac53b845-664d-486c-9fe3-938771cce16c,c0bd95c1-7e00-53c8-a0e5-6368ba66452e,send_reengagement_message,push,2026-05-17 09:58:32+00:00,,,,
f76b1505-1df5-4892-9dd5-77e4de1374fb,d0d29fa6-b365-5de5-bbf8-0a61dad5fabf,send_reengagement_message,in_app,2026-04-22 16:38:40+00:00,,,,
2515db4f-25bd-41e3-8a38-81d5eec85dff,b5aeb596-6c47-58cf-898b-c9c44427d06d,complete_onboarding,in_app,2026-05-07 19:10:15+00:00,,,,
892d81d1-68f4-4011-9e5c-093fe37c16d6,48ebcfc7-6dfc-5f5a-a81a-87019f4b1cd8,send_reengagement_message,email,2026-05-07 03:10:28+00:00,,,,
8fd99c78-3cab-4850-a30b-f3b3e1cbc783,dd66040f-9281-5bb4-9bbf-8be7f3a95003,send_reengagement_message,in_app,2026-05-11 08:11:25+00:00,,,,
a9731339-91cc-4200-a569-ab6c3c6e6087,224a7e20-5923-5de9-a1d4-44c914f13313,send_reengagement_message,email,2026-04-12 13:42:01+00:00,,,,
88833dfb-19a3-416e-81f7-1266fca7bdc6,c55de668-53a9-5e75-ad03-e49a48206949,complete_onboarding,email,2026-03-23 09:33:43+00:00,2026-03-23 11:33:43+00:00,2026-03-23 11:39:43+00:00,,
a4a903bb-2153-4f62-b56d-5989a1319d91,0a74a567-2273-5e5c-ad7c-4fdef2f22487,complete_onboarding,email,2026-04-04 15:14:32+00:00,,,,
0f600370-6087-4eec-a1cd-903d4ba4cf1f,8bb3a8ee-9a13-57bc-98f8-c488fdcc0db6,complete_onboarding,in_app,2026-05-04 20:12:18+00:00,2026-05-05 02:12:18+00:00,,,
c61a093e-3ab0-496b-a0ab-b84c2ff5243d,d9781f6e-d06a-5bc0-a105-c00c05558a01,complete_onboarding,in_app,2026-03-31 00:20:23+00:00,,,,
ae50e00a-45ac-4a15-85db-dd8d7e00a8eb,f79df0f1-6ba6-57e9-a8ad-57a8cb8ae697,complete_onboarding,email,2026-04-29 19:02:05+00:00,2026-05-01 13:02:05+00:00,,,
15286a41-eb4e-4a88-9fee-8a1ce9b2b6df,d6bf1169-6e2d-5dd7-9bab-8aa2a0b21d47,complete_onboarding,push,2026-05-08 06:35:41+00:00,,,,
55f04cf5-63cf-48ee-baf3-34ae507a1c61,ea7985e2-52e6-5b17-b1b5-46296de03f18,complete_onboarding,push,2026-03-27 15:03:01+00:00,,,,
96f9926a-6c5b-406a-b6ed-529ecc6397c4,2a8beff1-3dad-5cd7-826a-7be1f599a868,send_reengagement_message,in_app,2026-05-13 23:09:50+00:00,,,,
a89be7bf-a4b0-47d6-ac23-190223a03a91,a24e88d1-42f3-5d27-891a-f50e249e3bb5,complete_onboarding,in_app,2026-04-16 17:34:12+00:00,,,,
0f02e0d9-a9cf-4fed-aa3d-bae9bb461874,a7e89ea2-3d20-5a7c-bef6-93380188fee9,send_reengagement_message,push,2026-04-25 23:29:49+00:00,,,,
81da441b-9610-4c31-ac30-3f890a648269,3fb3616f-e294-55ec-ac81-1e95dc76c257,complete_onboarding,push,2026-04-03 09:19:56+00:00,,,,
d3100d24-b982-4a93-9682-76c843c1bc8b,89fd4c89-fd39-59e9-b018-fb7e28f6b545,complete_onboarding,in_app,2026-03-14 21:41:59+00:00,,,,
ba3eba21-102a-4eb1-b378-a3b54e9b7925,0f40b72a-1a30-5bb1-a4b7-2e7da0e903b7,send_reengagement_message,in_app,2026-04-13 23:06:36+00:00,,,,
067f0110-7479-4835-97a9-e6d321d78992,7d34efe3-a2ff-5aea-b299-c50d258933a9,complete_onboarding,in_app,2026-04-13 22:14:43+00:00,,,,
5e9d746f-6ec5-4b2d-aaa9-2ecb339dc32c,0c4d3fbc-8833-5b74-ac45-be22dc48399a,complete_onboarding,in_app,2026-05-07 04:08:20+00:00,2026-05-07 13:08:20+00:00,,,
6ffcfa55-6041-4f44-b4ea-9d6444e4c26f,e3b46fed-a6a8-5757-be2a-71c33befc731,send_reengagement_message,push,2026-05-24 18:39:40+00:00,,,,
023069d1-696a-472a-8e5a-43f579c93c43,a4bcd585-d5e2-5331-8a01-5df9d279fc5e,complete_onboarding,in_app,2026-03-19 22:39:17+00:00,,,,
a12a0a64-626b-44ac-9e28-b499b4d9bf43,c47f3190-95df-5efb-b53a-55373c758b9f,complete_onboarding,email,2026-03-12 20:26:51+00:00,,,,
fdfef38c-0b51-4e9f-9908-9a01deeb7b03,12404031-7b2c-52c3-817a-fa21ccefeb21,complete_onboarding,in_app,2026-03-30 14:13:50+00:00,,,,
0edac940-999c-4c44-8878-1b97b5071a29,747cf7d4-e094-562d-9cd3-5e1d85067b57,send_reengagement_message,email,2026-04-26 00:56:54+00:00,,,,
fcb9d26b-6e13-41bd-8a2d-ad898339c3db,abc82033-4a26-5ff4-ae2b-9a3da7714481,complete_onboarding,email,2026-04-25 12:24:36+00:00,2026-04-25 22:24:36+00:00,,,
3e2e9b5c-e088-4e97-81d0-64e204a93f5a,08ab9e22-4c36-5f36-a23c-374ce7a37d63,send_reengagement_message,in_app,2026-04-24 07:36:53+00:00,,,,
63884898-5812-4844-bdac-ef37bc128d96,a9d81f2b-d405-5a47-9ca6-d5459a86b53b,send_reengagement_message,push,2026-05-20 17:06:23+00:00,2026-05-22 13:06:23+00:00,,,
df0e4110-2222-4c34-8e30-d10a274e2cad,c800100c-2041-5852-aa4b-62f27edecd3a,send_reengagement_message,push,2026-05-09 00:55:35+00:00,2026-05-09 15:55:35+00:00,,,
417b6d76-7e31-46e7-8697-d85bf0e33f41,252c7a5a-1af8-59f8-965c-948cb78b7cbb,complete_onboarding,email,2026-03-27 10:46:31+00:00,,,,
5053d19f-178b-402b-9e68-f2dadd131eef,a08ea437-afb4-540c-a7ec-908eb15838bf,complete_onboarding,in_app,2026-04-29 11:52:32+00:00,,,,
fe9dde42-cbf9-46bf-a6ca-7137e4ea3843,bdc44153-2a99-51ce-8b03-ad11fdb324a3,complete_onboarding,in_app,2026-04-04 03:33:05+00:00,2026-04-05 11:33:05+00:00,,,
0f52e44a-95db-40f2-b6cd-110f911d85c5,f2ff068d-34d1-5879-8b5b-709b03b6a214,complete_onboarding,push,2026-04-12 20:34:57+00:00,,,,
d6a6ba43-2034-41a1-b9b6-d934dde23b48,cf3f24ee-1241-57f7-81f0-7f3702d2bf60,complete_onboarding,push,2026-03-16 10:34:32+00:00,,,,
8adf8188-1008-4803-b3da-c57e00e0ad92,ab0d5185-8a10-5a5c-9941-27733753086c,complete_onboarding,in_app,2026-04-15 15:59:15+00:00,,,,
7fee604e-b996-4c57-9006-4c114352c3f0,69b7270a-16e6-5936-a217-39cdd5055709,send_reengagement_message,push,2026-04-07 21:09:35+00:00,2026-04-07 23:09:35+00:00,,,
06db5af7-515b-4feb-8081-b17dc8983ef4,39e9b41a-b738-54c4-8d10-ee72893df3b7,complete_onboarding,in_app,2026-05-14 19:59:32+00:00,2026-05-16 18:59:32+00:00,2026-05-16 19:24:32+00:00,,
25d4d738-7582-4f02-8127-59bd1f4421af,75ec4ca5-941a-5c99-b1ea-9e7525d7e565,complete_onboarding,in_app,2026-05-05 00:59:43+00:00,2026-05-05 20:59:43+00:00,,,
8cb42bda-e55b-4202-819b-ad8ddb43a898,b5ff965c-e503-5afe-aab2-09505bdc1d6f,complete_onboarding,push,2026-04-24 08:39:31+00:00,2026-04-25 22:39:31+00:00,,,
988a0cd3-3e07-49e0-b675-819607034483,5996fafa-7ec9-59c1-954c-b75a758954ba,complete_onboarding,email,2026-04-26 16:39:41+00:00,2026-04-27 00:39:41+00:00,2026-04-27 01:21:41+00:00,,
a32de9ea-13b6-4543-b6cf-0280cd831b65,0a58f40f-2fc8-5cb2-ad26-2fa12fbe3b9e,complete_onboarding,in_app,2026-04-17 01:40:19+00:00,2026-04-17 17:40:19+00:00,,,
4645eb27-c90c-47a8-8663-475f03a57686,fe4d0f2d-7815-5dec-998b-fa28991a41d6,send_reengagement_message,email,2026-03-30 03:50:26+00:00,,,,
df1547e6-cd14-4860-8f6f-830ba64dca6b,e1757524-c5b1-5352-adc9-960b6910ea14,send_reengagement_message,in_app,2026-04-22 01:45:46+00:00,,,,
56cd1a24-ddbe-4932-a845-4dbd1f3d966b,12c94de0-060c-5632-be18-32421c269f39,complete_onboarding,in_app,2026-04-10 05:02:49+00:00,,,,
05759a8e-b524-4a0b-a5df-bd14196685a8,e3d56801-8994-5882-ba89-24a1af3bbd17,send_reengagement_message,email,2026-05-28 03:44:04+00:00,,,,
fc874cf1-6f9a-44c5-9622-edd56c50da8d,5810521f-5f47-53dc-8b4b-c8c10e21ac3f,send_reengagement_message,push,2026-04-10 03:28:37+00:00,,,,
7177743c-a874-4510-9f32-97273dd817f4,fa97037e-6225-53ef-8509-b5303c3ed94f,complete_onboarding,email,2026-04-10 06:53:36+00:00,,,,
5e5cfe87-d5f5-43ed-953c-42d2306286cc,1e189007-7291-537a-8b33-c88e26f96c5c,complete_onboarding,email,2026-03-30 17:46:25+00:00,2026-04-01 12:46:25+00:00,,,
343ef379-f980-423b-94d3-7729348ed238,5e58b4dc-17ce-5bd2-b265-92e233edc968,complete_onboarding,in_app,2026-03-16 06:30:40+00:00,,,,
5c8e275d-50f2-4a9b-a764-a6c1c784ff95,bc927bc9-fbe5-5f92-8fd2-4353c31ab543,complete_onboarding,in_app,2026-03-14 02:35:50+00:00,,,,
0f389316-8daa-4055-9162-511a21901f1f,649f5f0c-1e52-5297-b3b2-c9982653301f,complete_onboarding,in_app,2026-04-01 05:03:59+00:00,,,,
25c57894-703f-4b01-b7bb-3d60379d93d1,f00beea5-f347-51e2-b806-2b2148543df7,complete_onboarding,push,2026-03-12 16:29:21+00:00,2026-03-12 17:29:21+00:00,,,
73f5ccab-6774-4a5b-ba92-bca3c1c6d68e,7ac68b52-a046-5aa4-90f5-920455c916f3,send_reengagement_message,in_app,2026-03-30 15:13:39+00:00,,,,
dce7db68-a3c7-482f-9af7-ef3ec2af10c2,6ccde59e-3875-5496-b85b-170652db7a8f,send_reengagement_message,in_app,2026-04-19 05:02:15+00:00,,,,
11674276-6389-4e04-b146-1607093d6ad6,7602ab1b-a166-5334-84df-5a6fa5fd4888,send_reengagement_message,push,2026-04-08 22:28:37+00:00,,,,
407188fa-2fdd-4297-909a-b8b4c01c5c65,3e65f234-25cd-508f-be40-b07c18d4827e,send_reengagement_message,in_app,2026-05-03 06:45:51+00:00,,,,
a49ffb42-8738-4bd3-baa1-8a418fc03728,ce211798-a647-55c3-bc4a-0e66eb2d7e68,send_reengagement_message,email,2026-03-27 05:15:33+00:00,,,,
52290e07-5cd3-49d5-ab96-740f0acc3af7,f95315b5-acfd-52cd-a42c-883944dc99a3,send_reengagement_message,push,2026-04-15 19:48:05+00:00,,,,
1a86cfa2-2519-4565-8cf0-63df37fc3e16,c04b7313-84a7-5187-a376-92d7bdaa83ef,send_reengagement_message,push,2026-04-26 06:37:52+00:00,2026-04-26 13:37:52+00:00,,,
a31870dc-a6b8-4bb5-9c7d-503cb3dff0d7,f1987fbe-ad68-50b9-9966-399bb853c8b8,complete_onboarding,in_app,2026-05-12 10:57:59+00:00,,,,
80f63a5f-9dfe-4f0e-a18c-0d90fbe39294,bea6753b-342a-51cd-ae4f-891361e36fd8,send_reengagement_message,in_app,2026-05-25 18:28:15+00:00,,,,
99604cb8-a0c5-4963-be64-9294b51b8d73,9066e069-ff19-5117-a71d-feddedf5365a,complete_onboarding,push,2026-03-30 16:29:31+00:00,,,,
19a8f90c-fa63-4b6c-89ad-e11e50b9e56b,4d4f9a44-d7b6-5b32-b33b-89aeb39c3080,send_reengagement_message,email,2026-04-26 00:43:09+00:00,,,,
de3db8cf-9742-4530-961c-d20504f2d4de,ba7d12b4-f4cb-5311-85a0-27e9cc5395a5,send_reengagement_message,push,2026-04-24 00:09:06+00:00,,,,
ba03b578-d050-4726-8172-75291a8535b5,bd5109cb-c74b-5d25-afc9-b571718878eb,complete_onboarding,in_app,2026-05-07 05:31:31+00:00,,,,
2918eb7c-6ec3-453a-b660-ab3f8414463a,90b33f86-f6aa-5897-aca8-dc2cbb6f5d98,send_reengagement_message,email,2026-05-31 04:27:00+00:00,,,,
0952e7b1-c918-4c1d-af80-746c92ac80f6,da787dc6-59ea-57e1-a152-861a544722e5,send_reengagement_message,in_app,2026-05-31 09:37:30+00:00,2026-06-01 13:37:30+00:00,2026-06-01 13:42:30+00:00,,
8b02c4ea-5aee-492c-8bac-9aed290a6e8d,813afd3d-c5b1-598a-93b6-4fc5207de1a1,complete_onboarding,email,2026-04-27 21:15:02+00:00,,,,
d7a17f6b-4d15-4988-87ee-e35fcb689366,b9c47c3a-8fe4-5b5d-b64d-2bbd7b48686d,complete_onboarding,push,2026-04-10 17:09:06+00:00,2026-04-11 20:09:06+00:00,,,
70b01cfe-2bb5-41a7-a6e1-c9de39b9145b,ee9dd7f6-7ff1-5727-896f-d6ab0a5af660,send_reengagement_message,email,2026-05-02 07:39:29+00:00,2026-05-02 09:39:29+00:00,,,
57075d67-6b45-49da-b92f-5c08a3f07583,54711827-7a7d-5657-a737-c23a24e77b58,complete_onboarding,email,2026-05-13 15:43:28+00:00,,,,
47342653-0764-44ab-81ce-fc649b2f9fec,a825ab70-adb6-597d-9344-8fda73a0b525,complete_onboarding,in_app,2026-03-26 15:11:57+00:00,2026-03-27 11:11:57+00:00,2026-03-27 11:51:57+00:00,,
6b5ffd58-eb8b-4114-b12b-ecd4cef6fcd1,146124ea-37fe-5580-9e3d-c22ed5eddbff,send_reengagement_message,push,2026-04-18 22:08:50+00:00,2026-04-19 20:08:50+00:00,,,
4dbecf4a-4160-47d5-8167-c8f232bd76cd,9c2f5569-bf60-5915-8ec3-71104b3c7557,complete_onboarding,email,2026-05-07 21:25:35+00:00,,,,
1ebb3982-789b-4d12-9c10-9cb4daba985e,47a29ca9-df7c-5f01-8ffd-404083953d48,complete_onboarding,email,2026-04-02 15:44:57+00:00,,,,
7b8b7647-8098-4a2c-9575-ec6083179cf5,482e4cce-ddda-5c0a-af51-8cd64ab96a97,send_reengagement_message,email,2026-04-11 05:19:13+00:00,,,,
262ed71a-f1b4-4cdb-b058-4f325b0350c0,43c8297c-6d5a-55d5-9a6c-aca91054df98,complete_onboarding,email,2026-04-14 16:08:13+00:00,,,,
2c3d7de3-9924-4757-90cf-bddb64d4c2c3,ca43849c-a8e6-56e7-b582-54cd607af829,send_reengagement_message,email,2026-04-17 10:46:02+00:00,,,,
314e9382-59b6-41e6-8b30-50d1957ca6be,7fb41982-0351-50ce-a333-97462999cf44,send_reengagement_message,email,2026-05-26 11:17:09+00:00,2026-05-27 06:17:09+00:00,2026-05-27 06:47:09+00:00,,
0c5eff7f-2ba2-4517-8dc7-e771aa21ae09,d0289ac4-a109-54b4-b2a2-3e5c56d542f4,send_reengagement_message,push,2026-05-27 17:24:39+00:00,,,,
d212d6c8-7a6c-4366-9c1d-c68356513fbc,a18b67f1-7e5e-52e1-b1fc-113a38f610e4,send_reengagement_message,push,2026-05-01 12:55:16+00:00,,,,
b45b6273-df35-4a32-9726-a30e7345845f,aa26440b-367b-5393-a934-6370890b40d1,send_reengagement_message,push,2026-06-01 21:29:27+00:00,,,,
9c7d6b58-365b-4473-b926-f859d490c737,f369a950-34a1-5c6c-8504-b55cfe10a005,complete_onboarding,email,2026-04-27 05:16:41+00:00,,,,
2d2b5f7c-059f-4013-ac7a-15973b79259b,cf6d504e-0458-5cb9-b283-345760efa8a6,complete_onboarding,push,2026-03-21 21:04:42+00:00,,,,
b7efee89-0e0d-436a-8124-f6524dcf8668,3fcb8ac0-a4b8-5534-8993-dfc0306fe0a6,send_reengagement_message,email,2026-05-05 18:16:23+00:00,,,,
a9c74e60-680d-43d6-a6cc-f813e60c37ad,c5f05cc6-1a74-5217-8ec0-7f3aedd59daf,send_reengagement_message,push,2026-05-07 18:32:18+00:00,,,,
69e729db-327c-49c6-bee7-3709a36165b0,a40c2074-4ad2-522c-b824-d12bffe47702,send_reengagement_message,email,2026-05-10 02:05:42+00:00,2026-05-11 10:05:42+00:00,,,
3a2d3ab3-1d92-4071-ac66-f64d7fed4773,82e2ec66-7569-5a1a-8abc-4f552abe269f,complete_onboarding,in_app,2026-03-08 17:25:01+00:00,,,,
1d7b9b35-7e4c-480d-9334-17f738695dab,21857654-8c4d-5223-bcff-f55bf0889a90,complete_onboarding,in_app,2026-03-27 15:46:42+00:00,,,,
3735fa0b-92a1-4dae-b386-a880e779bcdf,7d1cd16c-996d-5372-8006-df372aaa2021,send_reengagement_message,push,2026-05-23 23:14:25+00:00,,,,
56b37695-9972-4fa6-ab3a-686014ee2b1b,2faf6f20-6b89-5192-a096-4c0c36e2df52,send_reengagement_message,email,2026-04-11 15:42:42+00:00,,,,
23c0a679-efb0-44ef-b532-b1f2cef02d8e,d6d3b775-4d17-50ec-a86a-1d4653fb6068,complete_onboarding,in_app,2026-03-27 16:17:44+00:00,,,,
37fc71a7-847f-4636-a49a-99caf55d6788,d4d80775-1d34-5237-88f5-498b6f05c44a,send_reengagement_message,in_app,2026-04-17 06:02:49+00:00,2026-04-18 11:02:49+00:00,,,
ec473f62-cbb2-47c7-824e-74f015424072,06389c7c-ced6-5d16-8924-ca57d86216ec,send_reengagement_message,push,2026-04-07 05:45:14+00:00,,,,
4eb67f45-7404-4a93-9d8c-49b2675ee324,2429fc89-8777-5a44-bdc2-f5f09ebfd44e,send_reengagement_message,push,2026-04-05 17:24:39+00:00,2026-04-07 12:24:39+00:00,,,
91976e8b-deab-418e-b65c-e301d4a0bfcc,634093bf-fb0c-597c-babe-9caa75cb2ff1,complete_onboarding,in_app,2026-05-06 07:51:51+00:00,2026-05-08 01:51:51+00:00,,,
7c1a3734-01f4-4525-9668-bd2dc0682f1f,6f41b88e-c70f-53a7-baba-c34d5443119f,complete_onboarding,push,2026-03-07 02:32:29+00:00,,,,
71b81b1c-8509-4d76-a81e-b2805a05865e,c332b97b-1ee3-585d-b89c-e563c47efd9d,send_reengagement_message,push,2026-04-14 13:03:23+00:00,,,,
4bfe4b9b-4533-4662-a6b6-35f4f47ba76a,caa09058-7bf6-5083-9b23-9fd4d4481d16,send_reengagement_message,push,2026-03-30 04:23:52+00:00,2026-03-30 08:23:52+00:00,2026-03-30 08:58:52+00:00,,
4110fa42-0d37-4e17-b800-52f3ada097f9,2bfbd95b-540f-5652-a197-7a2506dac1b7,complete_onboarding,in_app,2026-04-14 17:49:34+00:00,,,,
9a58b6ac-1c98-4ca3-b28c-d618c388a8de,64c03f28-4519-548b-843d-ba5a05d82018,complete_onboarding,email,2026-04-30 15:30:33+00:00,,,,
e49d1a70-430d-4194-a6fa-6711acbbf326,d293d5ad-9e07-5ff9-8a19-d92c9f666ece,complete_onboarding,in_app,2026-04-16 08:47:15+00:00,,,,
fb602ac0-73f5-4810-9d99-9cc618ac0a25,eeff299b-915c-5206-9d70-15f2f35cad4e,complete_onboarding,email,2026-04-30 02:00:44+00:00,,,,
11685bca-a1e0-4231-9316-c851766a76db,87a46201-cc6f-5be7-ab9e-8a1c51bc1054,send_reengagement_message,in_app,2026-05-08 19:24:25+00:00,2026-05-09 15:24:25+00:00,2026-05-09 16:21:25+00:00,,
b87606a5-e487-49f5-bafe-21333cc0f931,62ff85f6-fb6a-5945-902d-8537c2779c4a,complete_onboarding,push,2026-04-06 05:58:02+00:00,2026-04-07 03:58:02+00:00,2026-04-07 03:59:02+00:00,,
11063822-266d-45bd-863d-054416ec5ed6,5761d798-b50b-5791-a92e-00cc9c2c6f8d,send_reengagement_message,push,2026-04-27 20:40:54+00:00,,,,
a00166e0-ab47-4f2a-b731-07bcdaeed064,e9cf4165-9d3d-5769-98ff-6bdc4bbe4c07,send_reengagement_message,email,2026-05-30 13:05:28+00:00,,,,
e4aa2c6c-21ec-4c15-a9c5-345ca50a1fac,97886e77-85cc-5a0f-b0e8-5090f8ca7cb9,send_reengagement_message,email,2026-06-02 15:13:32+00:00,,,,
af1ee8e5-a370-43ea-ba86-7f79e70c0d47,fa646a9d-e5eb-57dd-b57f-b840d159cccc,send_reengagement_message,push,2026-05-05 15:25:08+00:00,,,,
c480186f-b400-4dac-95a9-b3c07d707cdb,12752179-b863-58ef-bc60-cad95cae5dfe,send_reengagement_message,email,2026-05-11 13:07:59+00:00,,,,
e46bdb23-589d-46a0-bd06-886ca354a071,4e21e151-f101-5057-ac21-7cdea1f43ff3,complete_onboarding,in_app,2026-03-24 15:22:36+00:00,,,,
4f93e4bd-46e9-491e-a56d-4603524f1f39,69f2d74f-cb6d-5ad9-b0b3-a1d7d2541169,send_reengagement_message,email,2026-04-26 08:09:23+00:00,,,,
ecc3a7e3-c0c4-4c15-b751-e5ee92b55769,69f2d74f-cb6d-5ad9-b0b3-a1d7d2541169,send_reengagement_message,push,2026-05-11 08:09:23+00:00,,,,
5e9263cc-112e-48c4-a60e-61e037f0b3d0,d8ca2565-8adc-5f58-958f-121bc1b7c548,send_reengagement_message,push,2026-05-27 06:37:44+00:00,,,,
66a983ab-eeb8-4465-b8be-68ece52bef64,79af6cc0-8ee0-5f81-80aa-d3a8b91a5f6c,complete_onboarding,push,2026-03-25 10:09:55+00:00,,,,
8eecec31-a42f-441d-8f05-b9458f93bc2c,23973083-2202-5a45-93c5-681f394d1b66,complete_onboarding,in_app,2026-04-30 08:14:54+00:00,,,,
c5b8a022-8b98-4a9b-a375-c525c8dfd2fa,bab9ff8d-8c4c-5914-9aa7-568e46ad55be,complete_onboarding,email,2026-04-08 10:46:35+00:00,2026-04-09 05:46:35+00:00,,,
faf0c0c5-eaa1-4ff2-8d50-7d6cb75445fd,223eff73-ccab-5bc6-913b-bb6618ac8c0a,send_reengagement_message,email,2026-04-07 18:39:24+00:00,,,,
6643fec6-047d-4195-92f1-a61ac8ae524f,0d9cd8bc-8b3f-52ef-83a4-646155eff12d,send_reengagement_message,in_app,2026-04-06 19:30:04+00:00,,,,
d5844274-e7f0-406c-a9d3-ae09566694e1,471a1ce6-1519-5181-921c-a1d7855f1bcb,complete_onboarding,email,2026-04-14 18:57:16+00:00,,,,
23c6aa71-e346-4e2c-af3c-459a2f0b0709,427f234d-ca45-54c6-bdb1-a235913a9be3,send_reengagement_message,push,2026-04-17 01:00:29+00:00,,,,
a73c78f8-7316-4e74-a5d8-43ea6e0bc3df,9c446a96-aff0-58ca-8c83-ba7578371faa,send_reengagement_message,email,2026-04-02 00:44:11+00:00,,,,
324b0db0-77fa-4568-9325-6122be986ea1,f1e8294f-ef70-5f06-a6b1-c2e5224dab40,send_reengagement_message,email,2026-04-24 11:21:14+00:00,,,,
1787ce8e-6e38-40e1-ba68-f999e1143154,5d9d3031-7106-5e4a-b8e6-df969cde6bf7,complete_onboarding,email,2026-04-21 01:14:19+00:00,,,,
be557378-8bf0-4214-a89a-073366cb6434,915bdd29-f10a-59f8-a049-83ff0fc9c82a,complete_onboarding,in_app,2026-03-29 00:10:46+00:00,,,,
70e509fb-0ef3-453b-850b-88989848602e,85a0ae5f-ff79-5dfe-b161-54e66d577094,complete_onboarding,push,2026-05-11 22:03:30+00:00,,,,
e030ac39-196e-4c02-9087-530bc3575d6e,aebdf936-a9a5-55f8-b707-958ba94da0dd,send_reengagement_message,email,2026-04-30 09:05:02+00:00,,,,
526f53b2-b00a-41c6-9264-0dc69d4443da,6a8b5b8b-ff63-5b9c-a912-dd018cff4959,send_reengagement_message,email,2026-05-29 11:47:10+00:00,2026-05-30 20:47:10+00:00,,,
602333d7-fcaf-40a8-8ad9-5b0d7ea81839,c56cb491-57ea-56f7-ad0d-bacc7adbb154,send_reengagement_message,email,2026-04-24 21:00:07+00:00,,,,
6a7b22bc-4106-46ca-8c57-4d413f40c9eb,2bcec043-61c5-5190-8dc9-8554dad22b40,complete_onboarding,push,2026-03-16 15:17:26+00:00,2026-03-17 04:17:26+00:00,2026-03-17 04:18:26+00:00,,
2d6033bb-f7af-48be-a168-c7ff2f7f1eac,12eb608c-4558-55d0-b172-707656cac29b,complete_onboarding,email,2026-03-09 11:21:19+00:00,,,,
d2ce216a-16fc-4dbc-b839-ae622b9d8938,4c64462a-4678-52e8-a27e-89db96d11708,complete_onboarding,in_app,2026-05-10 17:22:00+00:00,2026-05-12 09:22:00+00:00,2026-05-12 10:09:00+00:00,2026-05-12 23:09:00+00:00,
91e2c3c6-ae1c-4b24-a35d-19ec94e84059,eb3fba5e-d636-5f0e-a929-bf140a0b7376,complete_onboarding,in_app,2026-05-12 05:23:10+00:00,,,,
b6be85d3-6e06-4716-bb50-61d80995a3ed,d30a3988-26c5-5847-8879-a523db354e2c,send_reengagement_message,push,2026-05-16 00:11:53+00:00,,,,
bf84d533-81e1-40f1-9013-454058385a2d,6cdd5929-b39e-5ed3-9edc-55de7e11d0aa,complete_onboarding,email,2026-03-14 02:34:19+00:00,,,,
c6d20b74-e0c3-4cf2-816f-1d33762cf999,61a37c31-aec5-5ea6-bcbc-7259cc0034cd,complete_onboarding,email,2026-03-27 06:17:05+00:00,,,,
ded90c4c-e393-417c-a476-08766d4b7ac9,a3ae5308-ec48-5473-9082-a0a460a3bf52,send_reengagement_message,push,2026-03-28 20:01:36+00:00,2026-03-29 06:01:36+00:00,,,
5309535e-1536-4d0f-914b-e63b7d55acf6,664f7c86-bcb1-59ba-b806-23320ca98292,complete_onboarding,email,2026-03-10 12:52:02+00:00,2026-03-11 17:52:02+00:00,,,
14131997-dbea-4a4a-938d-a5f3cbbe06b3,7d9f8f82-1ed0-51d9-b1d4-a3ed8b9c2ad0,complete_onboarding,in_app,2026-03-23 23:29:09+00:00,,,,
fb4f0852-506e-4cda-ba05-998126590c1d,3f89fde5-33ab-57b6-a32e-1b407eabf002,complete_onboarding,in_app,2026-04-15 11:27:59+00:00,,,,
50195b32-dff4-4c46-9263-bc9e1a08fb76,b143bd16-0e7c-527a-a06f-53c5156e5ce5,send_reengagement_message,email,2026-03-30 12:31:05+00:00,,,,
f60495b9-9665-45e5-864f-5c6aae161ada,2edebd42-e877-5a63-8636-ed0f1125d2cf,send_reengagement_message,push,2026-06-01 22:29:56+00:00,,,,
6e10cd34-0c7b-459b-bc2a-536ebd57b1ad,ca592072-0155-57ae-b5f9-4d5fd5f97767,complete_onboarding,push,2026-04-07 09:40:29+00:00,2026-04-08 23:40:29+00:00,,,
06cb040c-b6d1-46ba-9ecc-6de92ab3ec33,c7f95472-1298-5b19-af2c-e02a022dcb00,send_reengagement_message,push,2026-04-13 04:55:40+00:00,,,,
6f18f0d3-1fec-408d-9656-0889e504026b,6187686b-4dc5-582c-8a15-4c0446d55dfa,send_reengagement_message,email,2026-04-30 14:38:28+00:00,,,,
3d680fef-3cdd-457c-adac-e217ad94c8ad,941c93ef-f3b8-5c73-a3a9-cfa235fc2ebf,send_reengagement_message,push,2026-05-19 12:29:49+00:00,,,,
546d2da4-5210-49ae-a035-2fc6d5a92970,4bd150d4-29cf-57d6-8c23-4c8e3444f7d4,send_reengagement_message,in_app,2026-04-16 13:36:56+00:00,,,,
969a38cb-a79b-4bcb-8e39-3080d39a2c13,a755cbaa-be29-576e-b336-886d68e55c01,complete_onboarding,in_app,2026-03-10 06:40:56+00:00,,,,
e7d4f4e7-ad58-4144-b2bf-44caee8aea82,48d82e35-3e5f-5318-8e00-18e7fb83dac5,send_reengagement_message,push,2026-05-23 18:53:18+00:00,,,,
67692a99-5f66-4a8b-8780-6788e64a3ece,448f957f-1b5a-50c3-90a3-18c9de411a76,send_reengagement_message,email,2026-04-02 16:48:35+00:00,,,,
50f890ea-3d88-492e-8d74-f4956d6f9663,f11a7dde-acc9-5adf-b14d-86ae1360e7ce,send_reengagement_message,in_app,2026-05-08 20:29:33+00:00,2026-05-09 06:29:33+00:00,2026-05-09 07:01:33+00:00,,
20d80ea9-0fbe-4918-af79-6381cd7add40,b3978bac-cba3-56af-b2c9-91e0dfa0d1ad,complete_onboarding,push,2026-04-02 12:44:20+00:00,,,,
2344e378-8bcf-4eed-9ef1-dc405c6de0a6,a7061e58-3096-5c30-9d7d-66a6864d2bfd,send_reengagement_message,in_app,2026-05-18 15:34:05+00:00,,,,
60ecb612-95db-4e7b-81bb-15299bb052f3,0c11baf2-4f72-5173-ab9e-f5a85750f644,complete_onboarding,in_app,2026-03-11 04:14:05+00:00,,,,
c2e1e979-05e5-4ca5-9c79-1e49b96c1139,30fd79f3-f7e8-531b-83a8-784297f4e9eb,send_reengagement_message,email,2026-05-26 22:44:36+00:00,,,,
fa914408-7763-4007-a6ae-bb9bcca4154b,05922f96-4f92-5702-999a-01bf392deed7,send_reengagement_message,email,2026-05-13 04:12:06+00:00,,,,
c8e5d093-ed4a-4ac2-8029-8f3436b66bbb,04038ced-ffe2-533b-be61-9e4866cf8e1c,send_reengagement_message,push,2026-04-26 00:00:13+00:00,,,,
cd577c30-ba59-4355-8f6c-d072de1a4e8c,4173fb6b-ed69-573b-9cd6-b4837b719dff,complete_onboarding,email,2026-03-21 06:49:32+00:00,,,,
8b2fe883-99dc-4efc-adca-dd5bc61640c0,c5f99dae-ad0c-5d04-acc1-62bc3e2920c0,complete_onboarding,in_app,2026-05-13 10:08:48+00:00,,,,
1823d9ed-1d58-49b2-ae93-4f4236863f88,1b1b6e50-5353-56ae-a736-aad41c8246cb,complete_onboarding,in_app,2026-03-27 20:13:48+00:00,,,,
5ff07720-1c64-481e-8d50-81fd96aa7e36,75328b54-bb58-5331-a5c9-acb6616ce620,send_reengagement_message,push,2026-04-28 20:17:15+00:00,,,,
f1425d73-44c9-4f6d-9d2d-ba2a00669285,dcf36a1d-41d5-50f7-a017-ae28bd0954c6,complete_onboarding,push,2026-04-03 04:40:19+00:00,,,,
01697b06-c9be-4ba9-b2d5-7f9f8e72e09d,c6403ab7-001c-5974-ae98-594f2d6af698,complete_onboarding,push,2026-03-22 21:47:27+00:00,,,,
a4c537be-8c08-4c69-bb20-e6742363ffb9,7a23f71a-2950-5c4b-8261-1f011a3fd739,send_reengagement_message,in_app,2026-04-23 17:54:18+00:00,,,,
69a2c7d5-ed21-44f0-a8cc-60e75aad1351,40619542-7230-5371-ab35-3bb03906746f,complete_onboarding,email,2026-03-17 10:51:29+00:00,,,,
6abf489c-cefb-4e48-a075-ca5ba36adcbe,52c044c5-4b8d-5318-ba62-4d0239228774,send_reengagement_message,email,2026-03-26 02:44:59+00:00,,,,
ab0e185a-587a-409e-9d5d-6af7e0284a1f,705b96c6-8f99-595c-82b0-87aa261e6f7e,complete_onboarding,in_app,2026-03-14 17:35:17+00:00,,,,
c88bfc50-c298-4bc2-98ab-24e33a1c3c65,5bc21a40-1e4e-5a11-a591-985e3b0fa3f9,complete_onboarding,push,2026-04-04 14:52:24+00:00,2026-04-04 20:52:24+00:00,,,
f98dcc98-b661-4a49-bfe3-fe27736824a8,25517f07-b4f3-53ff-bf06-91b4aaf7aa41,send_reengagement_message,email,2026-05-24 12:44:16+00:00,,,,
0116351d-cbce-4c58-88d5-749c268c1a78,15af735f-8b0f-5d96-a282-b613ab08b364,send_reengagement_message,push,2026-04-06 05:12:51+00:00,,,,
c8b79bae-2d56-4584-9a00-d2541142a99f,299f3cd7-d2ef-5889-9156-0bbcc73c9f54,complete_onboarding,in_app,2026-03-07 02:02:30+00:00,,,,
fb16c89b-ef90-49ae-acdf-655e48b49e1d,d6421aa4-f60b-5a0a-818f-a944dfff7d8b,send_reengagement_message,push,2026-04-02 15:58:17+00:00,2026-04-03 11:58:17+00:00,,,
843c5dfc-c773-4207-83fb-7122c82978ba,f69110f0-dc5a-52c2-b372-26fc905c5d61,complete_onboarding,in_app,2026-04-11 01:31:29+00:00,2026-04-12 17:31:29+00:00,2026-04-12 18:04:29+00:00,,
aec7d8f5-a15d-405a-90c9-5ed5ec32f9a0,d3bb6fc7-626f-5d06-9da9-0f914cff684d,send_reengagement_message,email,2026-04-13 23:07:54+00:00,2026-04-15 01:07:54+00:00,2026-04-15 01:59:54+00:00,,
d426eb5c-9f01-439f-ba6c-7aa0d45d1009,d13b3ee2-c1d2-5773-aada-7521aa0b5cc7,complete_onboarding,email,2026-04-09 18:36:54+00:00,,,,
e40b0a8e-2eee-467b-890f-5b252e087873,ce4a07a8-bf28-5f3f-b195-ba5058401286,complete_onboarding,email,2026-03-09 00:26:03+00:00,2026-03-09 11:26:03+00:00,,,
f8b78a18-d2f0-46c3-90ad-725f2fc9cedc,f84448a7-14a0-5530-b000-81c244329aa4,complete_onboarding,in_app,2026-03-29 23:36:13+00:00,,,,
ab15d39a-7874-4725-8cf2-e45bbd7e8e69,41ef632a-c1c8-5d67-b787-0fae0c5d1153,complete_onboarding,email,2026-04-04 07:10:57+00:00,,,,
725edb08-f2c5-4a5e-a16b-89aed18ff77c,5ce09cfd-360d-5500-bb5a-7bcc395ed229,send_reengagement_message,in_app,2026-04-24 18:16:38+00:00,2026-04-26 13:16:38+00:00,,,
1d4f1d28-8357-4de1-a7be-419ddb48cf44,ac39567c-9aa8-5762-8e77-7b39ed612fbe,complete_onboarding,in_app,2026-04-14 00:43:04+00:00,,,,
fbd9ea2a-eb18-47de-a3df-e9c2e6121447,6020772a-8241-5197-a2c7-01549c95344a,complete_onboarding,in_app,2026-04-29 20:38:31+00:00,,,,
85292f00-6e13-4dbc-a96e-6317f16ef74a,cc31986a-63e3-5d63-81b0-3a43eb80f7ea,send_reengagement_message,email,2026-04-27 05:43:56+00:00,,,,
5e2efe45-0503-4ddb-89f7-05a5f6ace64c,864b21a3-25ef-5e20-a99b-0bc432f00788,complete_onboarding,in_app,2026-05-04 01:01:59+00:00,2026-05-05 10:01:59+00:00,,,
6db1a02e-d5f7-4f22-b479-750cd8761e0e,053fba4b-f7ea-56f6-84d1-296f8b1b8dac,send_reengagement_message,push,2026-04-12 23:08:12+00:00,2026-04-14 08:08:12+00:00,,,
9e88746d-2e7a-4f49-9a70-2140e23e3878,45d47f7a-1771-5c1c-867a-cec4684777db,complete_onboarding,in_app,2026-03-22 19:15:14+00:00,,,,
2ab78f36-94ec-4035-9ab0-7041cc9010c4,68d79003-7ea3-5399-a2f4-1bc1772744e8,send_reengagement_message,in_app,2026-04-17 06:02:38+00:00,2026-04-17 20:02:38+00:00,,,
e68bb9dc-a532-4752-b5a4-7eee0e78f4ce,c15cd2dc-22f1-5688-bb40-ce7a74717673,complete_onboarding,in_app,2026-04-17 05:24:00+00:00,,,,
8c0df57e-7fb4-4a2f-a43d-2eec57b85298,763c02cf-e419-526e-b586-60bd8f32ae22,complete_onboarding,in_app,2026-03-23 17:33:04+00:00,,,,
45618059-d51f-4649-ad30-0d19ff054fae,5dfc5e8b-6dbb-5216-b319-bba9ea073c50,complete_onboarding,email,2026-05-09 01:52:16+00:00,,,,
9687650a-d4ec-40b1-946f-0a5610cd9690,bdc2debc-224b-5db2-82e9-606dd51798f0,complete_onboarding,email,2026-04-09 02:39:12+00:00,,,,
191b646b-cb43-43c6-9314-2fe9c25875a1,ae78d7f8-0fb3-5a52-9a00-dcb854cf8f0a,complete_onboarding,in_app,2026-05-05 13:34:45+00:00,,,,
8b135152-bf93-4e0f-8e5a-861e38ee3acf,a7b42466-a451-5c60-848a-870e55b7c947,complete_onboarding,push,2026-04-23 03:28:32+00:00,2026-04-23 09:28:32+00:00,,,
ac3b7e7e-1ea5-4512-b1fc-789f0a6cae28,272b23ba-4901-5837-9d3e-b3bc848782ab,complete_onboarding,in_app,2026-03-30 00:01:53+00:00,,,,
5a87c0ec-ad1b-41f4-b5ae-a8f0ef6f4b97,29e1a669-93f6-5c83-83d7-7396f5795144,complete_onboarding,in_app,2026-03-22 17:59:11+00:00,,,,
2065ca65-c46d-4d89-bb0e-8f8e5c4955d3,8fbdd47f-a43e-50bc-8490-90809b273a68,complete_onboarding,in_app,2026-04-27 07:58:16+00:00,,,,
120ac740-795c-4fc4-94d7-934e56613de3,4c0db7d1-52e3-5baf-8f53-c43e99c37b07,complete_onboarding,push,2026-03-29 19:41:53+00:00,,,,
b3b6665a-ffd4-4f13-a784-efe39312c046,7f52bd3a-5a7c-555e-aa9d-f9bd144caf63,complete_onboarding,in_app,2026-03-24 00:48:45+00:00,,,,
bc009a5d-8735-4e17-bbff-30533f4c7c83,4d9f17d8-fc85-5af6-99af-0b6d6ab73686,send_reengagement_message,in_app,2026-05-29 04:42:59+00:00,2026-05-29 21:42:59+00:00,,,
a94b6449-2d0a-4796-bd6a-1d75237d5507,6c1e9605-90e7-5ffe-aed2-c3642034664a,complete_onboarding,push,2026-04-09 07:14:05+00:00,,,,
ef99b817-f970-427a-b695-8b4b64a39246,1197643a-7cd9-5243-b69b-e11870d3aa62,send_reengagement_message,email,2026-03-14 08:25:49+00:00,,,,
c3e4b819-5d7e-41a4-b3dd-c6f417cb81c2,1197643a-7cd9-5243-b69b-e11870d3aa62,send_reengagement_message,push,2026-03-29 08:25:49+00:00,,,,
38b1511f-40e9-4308-a317-dcb931371259,d22f2d3c-c309-5210-9f9e-3e8424e433f3,send_reengagement_message,email,2026-04-29 03:20:05+00:00,,,,
2c720b69-ca81-4ccc-8a2d-84e31b1676e4,a8ee9b65-433d-5f25-bbf5-27c9ec233455,send_reengagement_message,in_app,2026-04-26 19:02:03+00:00,,,,
a1b15d53-b767-4b96-a530-2628dc5fb8bc,a816fd00-678d-5547-b092-1d16b5c415f1,send_reengagement_message,push,2026-05-24 14:43:53+00:00,2026-05-25 17:43:53+00:00,,,
b2569273-f50c-4260-9392-9c704ebd1b94,d6d4692e-82b1-5309-a263-0999663311ff,complete_onboarding,email,2026-04-25 02:20:23+00:00,,,,
e5691542-d16b-4473-a0d5-1af600e94054,87c5e5fa-b481-5a7e-a244-dea625806ece,complete_onboarding,in_app,2026-03-20 04:53:14+00:00,,,,
79099c45-da16-421b-aaac-554b39245090,017dd3ea-ebc1-5e25-a938-9884bb61723b,complete_onboarding,email,2026-03-17 09:09:05+00:00,,,,
6f0e0f97-745c-4545-a59e-c4f78175514a,f2058aa3-8156-5f91-9892-784aa771c066,send_reengagement_message,in_app,2026-05-06 15:33:08+00:00,,,,
3f721925-fd6f-470d-87e4-b7f5c297fb2b,57393f1f-e6e9-5165-85b1-d2c473980a9a,send_reengagement_message,push,2026-03-29 06:27:03+00:00,,,,
d1eef67b-b660-49cb-a89c-f60c2a272aeb,f3d91d91-3726-565a-ac48-c8b0a3071260,send_reengagement_message,push,2026-04-17 00:17:24+00:00,,,,
e157b09b-f117-4281-bde5-38f1ae1158c8,a28020cb-ae8b-5325-964c-c5843160101a,complete_onboarding,in_app,2026-03-16 12:52:04+00:00,,,,
40740df0-2f05-4d82-bbeb-520da47505ad,cae00b04-9b05-5c24-88a6-8f489afe7244,complete_onboarding,in_app,2026-03-08 10:03:01+00:00,2026-03-09 08:03:01+00:00,,,
53c3e09e-1eaf-42d5-98d4-e316e93b0382,295e3876-e17b-5db0-8e9e-ca2ffea0f5ef,send_reengagement_message,push,2026-05-28 09:34:15+00:00,2026-05-30 05:34:15+00:00,,,
670bb9af-b058-4a80-9f20-da319c1da93d,a24a8634-a739-5bda-8735-e5e9011f69fc,complete_onboarding,in_app,2026-03-13 04:44:34+00:00,,,,
ffbf190f-2ca2-4e08-a71c-d7b7c8cfce36,abcbef49-f9fb-50fd-a0d2-46e763789f97,send_reengagement_message,push,2026-03-26 15:20:02+00:00,2026-03-26 17:20:02+00:00,,,
984f72cc-f201-4b45-973f-67cdb2a5f15f,783b219b-8eb8-589f-b64b-7cc64eaf61a6,complete_onboarding,email,2026-05-10 08:52:07+00:00,,,,
bf446a51-746b-4558-b20b-5f81231c5759,b5fc0a2c-826d-50be-b514-4e983f0bb95b,complete_onboarding,push,2026-03-19 23:51:39+00:00,,,,
7a20cd95-10db-434f-ac86-5cc0e100364a,c0aa5136-12dc-5045-8652-e41a9da3b6aa,complete_onboarding,in_app,2026-05-02 08:13:10+00:00,,,,
dfb860af-c466-4ee2-a669-ed476ef5ccc3,384320f3-8c95-56e6-a3c5-45426c2943b3,complete_onboarding,email,2026-03-09 03:48:18+00:00,,,,
d899500b-b212-4ab8-9856-b715ffb4006d,fd4b7362-6a20-5bcb-9b40-8cb50cf6a84e,complete_onboarding,in_app,2026-03-17 14:17:18+00:00,,,,
7cd42fe1-3832-4f7f-bbfc-e71981b5631f,fe8fcf30-ff0a-5abb-9262-549f14df3e91,send_reengagement_message,push,2026-04-02 15:12:07+00:00,,,,
7eeca637-6fef-473c-91aa-52d29893ddb4,a8af1585-87c4-595b-82c6-2f2fe15439f7,complete_onboarding,in_app,2026-04-24 17:34:15+00:00,,,,
974c1ddc-a72a-4854-becc-b4e82dc62336,f2c0a6c1-15ea-5a6c-8ad0-2e6ea9fde60b,send_reengagement_message,push,2026-05-07 18:58:00+00:00,,,,
ef2a1cc6-5c7e-4e75-b558-38bf2dfa0bd1,f87af7c0-e689-5909-9792-85155c619043,send_reengagement_message,push,2026-04-27 19:25:51+00:00,,,,
399d21fb-f338-4f05-b236-eb73354e036a,ce6df9cc-400a-547c-b245-89f20f3bed62,send_reengagement_message,email,2026-03-27 16:09:13+00:00,2026-03-27 23:09:13+00:00,,,
29446c01-985b-4193-a416-327ec18db212,ce6df9cc-400a-547c-b245-89f20f3bed62,send_reengagement_message,email,2026-04-11 16:09:13+00:00,,,,
8312dfab-ee73-42af-9406-4695ace5b0d0,62c43982-d73f-547e-8e8f-fb3301a68da8,complete_onboarding,email,2026-03-13 03:09:06+00:00,,,,
049db653-1d9a-414a-860b-56d2566fd159,b6c33d52-001f-5a43-becb-c49e94f58226,complete_onboarding,in_app,2026-04-15 06:36:53+00:00,,,,
b955a02b-9068-4e1c-afd9-0ce8a88ec635,932141df-6343-50a1-ae57-9616e878b93f,send_reengagement_message,push,2026-04-10 22:03:45+00:00,,,,
e8c089de-8b95-4e9d-892a-418b130a44df,6fc47c21-033d-5226-9cbe-e9d7fe5bd32c,complete_onboarding,email,2026-04-16 17:21:47+00:00,,,,
efe74df7-51ec-4044-b315-2d33842048a9,0a3193d6-e441-59c8-8958-97f89aa11635,send_reengagement_message,in_app,2026-05-12 10:26:48+00:00,,,,
e60ce712-3374-461d-bae6-7fcfa0cb57da,0a9b5896-1064-5039-a5b3-508a38bfe7f7,complete_onboarding,email,2026-04-10 02:02:19+00:00,,,,
48387f74-a77c-4349-b328-c152cad248fc,aed7d9e4-48c6-569e-91f4-c6e8504f3861,complete_onboarding,push,2026-03-07 07:51:05+00:00,,,,
9e314743-01b6-4ab3-946d-a61b94d73d56,0e62d357-2f04-5d1a-8815-4eef9132c340,send_reengagement_message,push,2026-04-14 08:47:02+00:00,2026-04-14 22:47:02+00:00,,,
e7acb4e7-5764-4065-8c9d-43c606701aa4,caad8bef-a888-56ee-835b-2a5b57e2f30f,send_reengagement_message,in_app,2026-05-23 21:10:46+00:00,,,,
e29ea9c9-9caa-4390-b4f4-2228091d93db,651eb1e7-04ff-528a-bd7e-3cb1a175ef17,complete_onboarding,in_app,2026-04-12 19:03:47+00:00,,,,
f78e0833-1a91-401d-9ed8-0c30027c8b4c,3fb6727a-0938-5004-b2a6-b21c0895bdbf,complete_onboarding,email,2026-04-18 17:15:39+00:00,,,,
de5e9cb4-36e7-4177-b0e7-9cf17e897a33,dc95ef8d-2451-5473-b878-d6f73f438c42,complete_onboarding,in_app,2026-04-07 14:09:18+00:00,,,,
452aed69-9d3d-4f9b-b9d9-45e9b35415dc,38c70aff-514f-52db-8ad9-717fc21439c5,complete_onboarding,push,2026-03-18 05:30:10+00:00,,,,
763bd485-b8d7-40a1-8dc6-f11025dc134c,1dc685a7-21b9-5a2a-9bc0-48978764f592,send_reengagement_message,push,2026-05-26 20:56:27+00:00,,,,
20387ff7-57e0-4005-ac97-58e39e8ce104,ab96ddc7-ed6c-57fc-ac45-50970d826e4c,send_reengagement_message,push,2026-05-18 07:59:02+00:00,,,,
5497fc97-5812-4713-b7c3-eeba10810282,a36430c1-635e-5a0d-ae57-37d4951a49c7,complete_onboarding,in_app,2026-05-14 16:01:24+00:00,,,,
8574be7c-a08c-40b3-aee1-f6ea9f32cc48,6c3a5733-3640-5eb8-9f79-b03ba2e6fcf7,send_reengagement_message,email,2026-05-24 00:41:37+00:00,,,,
07d986e3-853f-475e-9046-6ec9d354063c,154f085e-3b57-5f31-b087-a99ddfe1583c,send_reengagement_message,email,2026-04-15 02:06:59+00:00,,,,
fe3ac516-acd2-4bf8-8c68-e1abf6ee2a00,6d05bded-15a1-5997-944d-619cb7e1c15e,complete_onboarding,email,2026-03-24 13:03:36+00:00,,,,
19ee82e1-99c2-418b-89b8-2a6373012238,16c1efcc-e8e7-57e5-b7e0-cc236118323d,send_reengagement_message,email,2026-04-12 03:28:24+00:00,,,,
e0e40c1d-f7ea-4ad8-8298-f8d9cf9c7025,cfdba227-e2c8-587c-87a5-641869cc6861,send_reengagement_message,push,2026-05-28 09:31:19+00:00,,,,
f014c49f-738e-4262-986a-26b98857c813,8e2c153a-9f1f-539e-95be-ab95aa2eee7c,complete_onboarding,push,2026-04-14 10:17:04+00:00,,,,
62098eb3-ccc9-423f-8ce5-9ae42358ccb5,ee5049e5-8523-5aca-85e0-ea7f845457c2,complete_onboarding,in_app,2026-04-07 08:34:52+00:00,2026-04-07 21:34:52+00:00,2026-04-07 22:33:52+00:00,,
16f1dafc-2624-4450-8588-6b66393a57b5,23d227c7-8578-5256-92ed-55f827cd7aa8,complete_onboarding,in_app,2026-05-12 19:26:26+00:00,,,,
68527ffe-7d5a-45d4-b72c-2c5371ee89dc,51f86911-3398-5f65-ba6b-8c7e0b6299cb,send_reengagement_message,push,2026-05-06 15:16:14+00:00,,,,
a03d50c4-069a-4a0c-a770-b4b21510a44b,5414cb88-b1de-5722-9cdb-d278ccf60f2a,complete_onboarding,in_app,2026-05-08 18:01:08+00:00,,,,
56de2904-a126-42a2-8cb7-9a58654c219a,9861c2c4-fdd2-5348-8b6e-d028b00dcabd,complete_onboarding,in_app,2026-05-13 22:34:45+00:00,2026-05-15 05:34:45+00:00,,,
cfabb94e-8667-4597-954e-486b555644d3,9c5d5aef-7127-5e9e-8d1c-f2c2a7c81ea1,send_reengagement_message,in_app,2026-03-31 11:33:42+00:00,,,,
d0bff7e7-5f63-465a-8e32-e3e565745dbc,dfe77307-c85a-55ee-a055-09eb6e9b0386,send_reengagement_message,push,2026-04-19 22:42:12+00:00,,,,
5c07827d-bcef-4374-840b-1b93678fde17,11287873-cff7-5c8d-bf88-8f1cc271ee7e,complete_onboarding,in_app,2026-04-26 15:44:03+00:00,,,,
706b9883-e046-4910-a61a-5bb9e0b0ce13,ed7ca4bf-5a6f-5788-b3c4-40935420d71c,complete_onboarding,in_app,2026-05-02 02:35:29+00:00,2026-05-03 13:35:29+00:00,,,
6476ba38-198f-4aeb-8768-55b3c6c381a5,b9367cc9-8a21-550c-be42-5cdd6c33a70b,complete_onboarding,in_app,2026-03-17 05:53:27+00:00,,,,
e49e196f-e671-484c-bda9-3a626609c8fe,27191fb1-1067-55b5-bf4d-f5aa7c345089,complete_onboarding,in_app,2026-03-28 23:16:07+00:00,,,,
1b68a35f-e61a-45c2-86d6-22fa85715299,bfbfd5f3-98a5-536f-b6b1-c9cc56478e82,send_reengagement_message,email,2026-05-02 19:46:26+00:00,,,,
2c983e98-ed1e-466c-868e-d22a7e4deabb,93004afc-29fe-5f06-b112-3aa9e95d4c3f,complete_onboarding,in_app,2026-05-01 03:29:50+00:00,,,,
b455b55f-719c-4ecf-9e54-8d16a098d2f6,c8574ffa-e13c-5951-9180-cf35f130a1c6,send_reengagement_message,push,2026-04-02 19:04:24+00:00,,,,
2ca84bbd-4c08-4e36-a99d-f63caa74680a,ba069cc5-00a9-5b1b-a7dc-7f4ae4edb068,send_reengagement_message,push,2026-05-06 10:48:54+00:00,,,,
cec9c17b-9299-4b78-a5c3-6bd66e7ddabc,66e13a94-91b8-50ab-8736-7d91f8596430,send_reengagement_message,email,2026-04-15 10:54:33+00:00,,,,
10c0dce4-16a2-4853-a87e-e2eb6c1ce7fd,cf559cb6-0b8a-57ee-ba51-784ee9ccdf0f,send_reengagement_message,in_app,2026-04-09 22:17:05+00:00,,,,
84106567-c7d8-4de7-82a2-383e42df573c,15190202-5fa1-5271-bc26-cb78bad83d91,complete_onboarding,in_app,2026-04-11 13:30:02+00:00,,,,
e2137062-a5be-4459-86d4-455723cb2a87,4959cbea-979e-57c2-ae05-7510cdce8889,send_reengagement_message,in_app,2026-04-23 13:37:36+00:00,,,,
e558dcb9-0136-4fe6-bb8c-564ac00df140,5754e7fc-4df4-5e00-9263-10815efaf1d6,complete_onboarding,in_app,2026-04-19 20:44:15+00:00,,,,
77233dab-3ac9-4e4a-85b2-b7f8de67ea37,e46bb1af-a1d7-5b92-bbba-37acfa6d4514,send_reengagement_message,push,2026-05-21 19:20:40+00:00,,,,
b47fb0c7-af1e-4241-b7f1-d111765c77c2,63d6cdc6-675b-56f0-a478-265d8b4d0640,complete_onboarding,in_app,2026-03-12 09:20:49+00:00,,,,
4618cde0-3c65-4caa-9324-0e127731f9f1,96a0870c-1823-57f2-ad41-56839a2651e2,complete_onboarding,in_app,2026-05-05 11:16:19+00:00,,,,
1c75e26a-0674-459c-b903-d8aae0610201,d468a37f-9e97-5e96-8b73-4bd377df9a14,complete_onboarding,in_app,2026-03-09 01:24:21+00:00,,,,
2d93bb24-2afb-4aaf-a57a-773ef8896b21,43de9ce3-df03-584e-a42d-1ab42353c745,complete_onboarding,email,2026-03-30 21:46:06+00:00,,,,
4d5d4599-3f4d-42b7-8e35-942138a8142b,3d994022-cb13-5d19-a3c9-46c2d0d014b9,send_reengagement_message,in_app,2026-04-21 10:48:07+00:00,,,,
234cf260-0c36-4d36-8cab-f077c2d7ce47,a60ad9b6-3780-5a02-a865-e904bdece2e3,complete_onboarding,push,2026-03-08 07:31:12+00:00,,,,
c8bd897e-07f8-4298-a1e1-bcb0725e50fd,7b19cb1d-7e87-5c32-b6d1-abfd42f3e229,complete_onboarding,in_app,2026-04-24 10:40:38+00:00,2026-04-25 13:40:38+00:00,,,
980d66a5-2e27-469c-8ced-655b5615a4dd,9d982b31-0044-5caf-9295-b82cc22f75d2,complete_onboarding,email,2026-03-18 10:02:50+00:00,,,,
d0921a52-abee-4471-83a7-d9ebf772e140,a812cd9e-3f32-5a16-a139-f8188b7a7b6f,complete_onboarding,in_app,2026-04-21 11:33:48+00:00,2026-04-22 19:33:48+00:00,,,
c29013a2-8caa-4539-8167-e6a45a986347,91c20573-74a6-533e-9c79-26580087ef2d,complete_onboarding,push,2026-04-26 00:54:11+00:00,,,,
ee149820-5031-424a-8a8d-9b56adda7bef,c17a54fa-adc3-5285-9414-d7e6e5b93b02,complete_onboarding,in_app,2026-05-04 07:42:53+00:00,2026-05-04 10:42:53+00:00,2026-05-04 11:18:53+00:00,,
9fa4d33c-7dd0-4ca3-b75a-9b146a81a343,cda09fa2-9efd-57a9-8005-8e5384c0a0ed,send_reengagement_message,email,2026-05-13 20:35:55+00:00,,,,
7d58954e-beeb-41af-bcf6-cd129aac79d6,3c546381-c4a2-51ae-89c0-606993396540,send_reengagement_message,email,2026-04-15 19:17:02+00:00,2026-04-16 17:17:02+00:00,,,
514a6497-52b1-4790-8223-4387ac9b394d,565077f9-335f-55e2-add0-dc490d77b24f,complete_onboarding,email,2026-04-26 23:05:19+00:00,,,,
2471b87b-58c0-4e37-91d5-1fea972bc963,bb1de5b7-1e89-541e-9e0d-d06be43663c4,complete_onboarding,in_app,2026-05-02 23:46:24+00:00,,,,
f27e7065-b643-4691-99c0-441fb5fa527b,2e63d93e-82a0-5018-a7e5-d13183ce879e,send_reengagement_message,push,2026-04-16 21:12:19+00:00,,,,
d84ef1c8-889e-4eee-af9b-93c82439ad5f,a39d9045-c254-52bf-ac02-7b340ddf85b1,complete_onboarding,in_app,2026-03-15 13:38:12+00:00,,,,
67a59fdf-b8ff-4629-b525-779491ec8cf1,308bf246-bf8f-5cd9-a293-31cb6b5f1814,complete_onboarding,in_app,2026-05-07 09:52:18+00:00,,,,
9e6804bc-a742-4363-aac0-e9b439ee1a8a,a41e8098-7464-5008-8757-aa607b94e2ef,complete_onboarding,email,2026-03-17 04:59:17+00:00,,,,
28049aee-a238-49d4-ae16-9de963568e8d,2041ba08-0ff3-5a3c-9210-80f4bbeb92cc,complete_onboarding,email,2026-04-16 23:22:59+00:00,,,,
39991d0b-39df-47d8-86fd-59b31dcb2c85,a114409d-ab2d-5c14-b558-fc1a07dbf181,send_reengagement_message,in_app,2026-04-11 07:16:48+00:00,,,,
c99e08d6-c748-476e-9f9a-0e6b01002e96,6612cb43-45bc-5e76-8fb0-20d99214b284,complete_onboarding,email,2026-03-15 16:41:57+00:00,,,,
0a131b52-9a24-43f6-8665-5f3e337f7904,1e5b6c90-7d1e-5f45-8be2-3a274374d1f7,send_reengagement_message,in_app,2026-05-18 13:44:35+00:00,,,,
73d0933e-8ff0-40d7-851a-08822807ee92,212989b7-609d-58e3-ad67-9da8de7c96ee,send_reengagement_message,email,2026-04-04 21:59:52+00:00,,,,
77580a1c-d754-45c6-b035-722eda2b8997,4d176aab-c9fa-57ad-bb14-73be7cd539c8,complete_onboarding,in_app,2026-04-22 05:53:37+00:00,,,,
12e778a8-1d7e-41b5-8e72-09c0539a9db4,c50e8d63-f447-532c-b17e-f50e2ee6bee1,complete_onboarding,in_app,2026-04-23 19:45:56+00:00,,,,
ec5be456-4a10-4022-8e5b-bb55edd737b4,c1965e1a-0bcb-5ed8-8241-a07b0bbfca72,complete_onboarding,push,2026-03-11 03:44:14+00:00,,,,
00bb9c31-9ff9-45ce-9109-d8321a5649b5,98d9abc2-32b9-5cc4-aeb0-da6c355e6e07,send_reengagement_message,push,2026-04-06 22:23:41+00:00,,,,
db758a42-6b58-41eb-bba0-55b7cfbb30ca,5945aa71-3e61-5889-8b03-fd914ac69278,complete_onboarding,in_app,2026-04-30 19:27:56+00:00,,,,
83b1e0f4-3ba3-4a05-83e5-bc41d55fbe20,10c3fce5-4496-5aca-82f7-326015ec1dad,send_reengagement_message,in_app,2026-04-30 00:04:35+00:00,,,,
fb41d2c9-519d-4100-8196-fb4b65030ff5,53a7783e-65d4-5d19-a32c-56fdf16b29a9,complete_onboarding,email,2026-03-15 08:57:30+00:00,,,,
7d2d00ca-9336-4480-adfe-4f61f8b28287,ef83b916-4eb4-5396-a826-6bdd4394b8f4,send_reengagement_message,in_app,2026-06-02 10:22:41+00:00,,,,
3c47fcbf-74b5-4c1c-a97f-21bbc818bf4d,8a960095-81c5-5e9c-95d7-fb08704ce3fd,complete_onboarding,in_app,2026-03-25 06:49:12+00:00,,,,
64af2749-a8e4-4824-b30f-5f897bfce060,df6e7f03-8c50-5e72-9778-aadde3776d8d,complete_onboarding,email,2026-03-07 06:38:10+00:00,,,,
41b597a4-2d4b-4a57-ad55-ca451d54a958,7f13ad41-a6ad-541c-b25e-4ee668e6db18,send_reengagement_message,push,2026-05-28 18:25:07+00:00,2026-05-30 14:25:07+00:00,,,
e4c46fc0-2890-4ba8-bd85-a81ddbe396d4,955effa1-32b4-5702-a6d3-792759cb3dd8,complete_onboarding,in_app,2026-03-08 03:27:21+00:00,2026-03-08 21:27:21+00:00,2026-03-08 21:47:21+00:00,,
a82aa922-ae79-4bee-b8b5-1535c893b9f6,9c3242bc-d4b6-51c2-b783-be8d8118f06c,send_reengagement_message,email,2026-05-03 04:21:40+00:00,2026-05-05 00:21:40+00:00,,,
fcc921d8-366a-4582-b8bb-056291d6e8d3,0c419a92-f4a0-5767-be8c-9c681bce0720,complete_onboarding,in_app,2026-05-14 12:32:52+00:00,,,,
c7ae94fc-5a6e-4743-bac9-4b5d293df27f,ef15e673-e0d6-5de6-a099-225094761e2a,send_reengagement_message,in_app,2026-05-04 20:51:07+00:00,,,,
a423abac-6e0f-48ba-a264-3e82d75f5c1d,d39d5e1f-f5b2-5c7e-a145-a2c0b6d1f40f,send_reengagement_message,push,2026-05-05 08:09:41+00:00,2026-05-06 13:09:41+00:00,,,
59bb1bb2-4a19-4752-a537-605fc77b61e4,54b74555-3a25-5663-866e-5ee26ef17182,complete_onboarding,email,2026-04-02 18:49:02+00:00,,,,
3704f085-8d45-4a02-99af-c99bfa38474d,8a75ddd2-2a71-5fcd-b269-858f70ab2ac2,send_reengagement_message,push,2026-04-03 18:09:45+00:00,,,,
609840b3-6105-45e4-b791-f93d7332d7a9,83248e5f-350f-54ab-ab7a-9d5ec5808961,send_reengagement_message,push,2026-05-04 12:22:38+00:00,,,,
eea0c54e-fde2-4115-9f5c-980fb463cac6,7ebfe7f3-208c-5e86-9e3c-7e0d46933e34,complete_onboarding,in_app,2026-05-07 21:55:55+00:00,,,,
d810cf90-58ad-4d4a-a98f-52838269dace,99777243-441a-5c6c-9d8f-3809d17df7dc,send_reengagement_message,email,2026-05-25 17:54:34+00:00,,,,
dc5daa40-cc95-4f45-a482-f30540574ab2,c60eea3c-69f2-5353-b29e-5c918c3369e0,complete_onboarding,in_app,2026-04-04 15:19:00+00:00,2026-04-05 22:19:00+00:00,2026-04-05 23:07:00+00:00,,
0e1ce1dc-18ea-48f7-96bd-4643c20ce039,0effd65c-00e8-5056-a5c6-be76e84400fb,send_reengagement_message,push,2026-04-06 09:54:36+00:00,,,,
97baef79-8b24-476a-ae8d-943a44487ad2,ad063b6e-9960-591b-b9cb-22189dfdcc2b,send_reengagement_message,email,2026-05-07 21:41:14+00:00,2026-05-08 13:41:14+00:00,,,
ad6931da-f6f1-4d20-9083-883cc8142784,ea6623c1-c481-5985-87ab-20526f0348ef,send_reengagement_message,in_app,2026-04-07 13:58:35+00:00,,,,
adf199ed-8970-4f09-974e-1ece3c16ce90,355d69b9-18be-55dd-afb6-8c71d9fe394a,complete_onboarding,in_app,2026-04-25 18:59:22+00:00,,,,
4e55f95e-01f1-4423-b3ac-f51ca2d345a0,fb064c41-107b-5cb8-a0fb-0c5d2466b123,complete_onboarding,push,2026-03-10 11:39:37+00:00,,,,
c9d5f93e-5c0c-4e37-83fa-4916428ff789,1a476e00-dbba-52c3-8f7d-aaf3d85ceb4b,send_reengagement_message,push,2026-04-25 20:31:56+00:00,,,,
59e2512f-1d03-4466-95e0-d3897521a0ca,9b7b9269-16eb-5bf3-87b3-dedd90caac31,complete_onboarding,push,2026-04-17 00:36:13+00:00,,,,
996babbf-82c2-4a1e-b154-757b43c38095,8bd1496f-e05b-52d5-8a09-a035e28f2fe8,complete_onboarding,in_app,2026-03-16 02:38:20+00:00,,,,
20988b47-c9f2-4ef0-bf69-4347f23329a3,35e09435-f7e6-5bbc-8cce-4fdce03c9ad3,complete_onboarding,push,2026-03-27 08:06:51+00:00,2026-03-28 12:06:51+00:00,,,
7a5c3c78-7f52-46e3-9669-0b5c92aa9de1,91e2995f-2c6e-500c-8051-c1a95d10eb3f,send_reengagement_message,email,2026-04-18 16:50:18+00:00,,,,
33d39e2b-b1b9-4251-9c05-9b8391cd8aaf,2e2cb25f-47d7-5a4c-aacd-2d23ddb5b110,send_reengagement_message,email,2026-05-10 18:57:22+00:00,2026-05-11 17:57:22+00:00,,,
0474cc7c-27ce-47c1-936c-21d136e41a87,0928cb5b-6991-5af1-803f-5ac8876769cf,send_reengagement_message,in_app,2026-06-01 09:25:47+00:00,2026-06-02 20:25:47+00:00,,,
f496e3d8-33d6-4caa-8f90-107e0a09d4d9,fa8a28ec-ec70-5d46-8e8c-55a7a16f2134,send_reengagement_message,push,2026-05-22 16:49:18+00:00,,,,
1584730c-4b36-4f88-b485-66f17e1efd4f,2cc5c8e9-0ffa-5791-a707-5aa46d414022,send_reengagement_message,email,2026-04-08 02:15:06+00:00,,,,
b0679c03-ce29-47d2-9c4a-3d7b6a4f1a3f,8d3d8998-358b-5786-8cba-6f5675e4f13d,complete_onboarding,email,2026-03-08 06:04:24+00:00,2026-03-08 12:04:24+00:00,,,
ab0d6db1-8113-4d32-95f1-2b510dbef9e1,03b2a4ec-c281-53b7-853d-87c5d5b06db0,send_reengagement_message,push,2026-03-29 13:57:58+00:00,,,,
93b4cff0-e5df-49c7-a8d2-4475fb40d513,f4c7532a-2c42-5e28-98ce-76d36d0941f8,complete_onboarding,push,2026-04-17 02:30:06+00:00,,,,
2f2490af-7a42-468d-a32b-b0bfbe14695e,0d084412-7c45-5709-a4d6-e2e8423a791e,complete_onboarding,in_app,2026-03-17 18:46:01+00:00,,,,
6a4bfbd7-7ccc-4507-bc67-5f520e86b96f,18fdce90-b096-5d20-b896-d8a6b45402c0,complete_onboarding,in_app,2026-03-22 23:00:01+00:00,2026-03-23 20:00:01+00:00,,,
b7d16d4c-6f27-4c8b-8135-fc45901bf68f,cb6408a0-cf68-52e4-8b09-a38356d32de1,complete_onboarding,in_app,2026-05-04 11:16:48+00:00,2026-05-05 07:16:48+00:00,,,
8714f67f-4497-4c16-b6e3-71b0bae36402,8bb5f0f5-b432-5c40-9d8f-b51bee927c1d,complete_onboarding,push,2026-05-03 21:26:04+00:00,2026-05-05 11:26:04+00:00,,,
e9c28ae2-85b3-4096-b5c0-43387b2f0fe8,3e5f205a-3589-561f-ba3f-b79fc505f70a,complete_onboarding,in_app,2026-03-24 12:04:05+00:00,,,,
ee756bbd-c3ab-4d1a-90b1-13109342cf73,6f79a9c8-c45a-5ac6-b3b0-e6c1369c0188,complete_onboarding,push,2026-04-18 18:11:50+00:00,,,,
8a8ba99e-eef0-419e-bed5-f01f83b7307c,7094ff8f-580b-5e38-b237-0593674c6d8e,complete_onboarding,email,2026-04-18 03:26:06+00:00,2026-04-18 16:26:06+00:00,,,
085ae4d7-fc0f-447c-9c43-01db69ce6ed1,9d922e92-2684-5b1b-ab06-d4395dc1a475,send_reengagement_message,push,2026-04-07 18:46:09+00:00,,,,
8193b796-ea13-4737-a827-f73174763d72,1d0918f2-a639-5ef7-a703-a401a228b740,complete_onboarding,in_app,2026-04-14 04:39:48+00:00,2026-04-15 01:39:48+00:00,,,
403d54de-e991-4359-bb0a-f0aa90e60bd6,461d75d7-de9d-5cab-b7a4-422374c48959,complete_onboarding,in_app,2026-04-12 05:49:28+00:00,2026-04-12 07:49:28+00:00,,,
5d3a9259-2637-48b2-a77b-4bab90b870b0,a85a2f34-87c7-534a-af3d-f5aef946f1c3,complete_onboarding,in_app,2026-04-03 08:03:05+00:00,,,,
43a8fe84-a097-4426-a400-484678d8f708,e2dab33b-096a-5a62-958d-a0f82c8a7258,complete_onboarding,in_app,2026-04-22 18:08:22+00:00,,,,
05abd65c-6033-47f8-9797-1609bb6b82e1,c5039f0a-42ea-5d7b-b67c-8bf98021dea4,complete_onboarding,push,2026-04-12 18:04:33+00:00,2026-04-14 17:04:33+00:00,,,
9bb6db51-e75f-4323-a6b7-50528475c4e7,58bc4fa0-9f67-50b4-9595-24c007b59123,send_reengagement_message,push,2026-05-15 01:52:27+00:00,,,,
d85a6698-14c0-4ce5-bf16-3c1fb33acf61,24f1bc74-f48f-5a71-bbbc-0595c0be7da3,complete_onboarding,in_app,2026-04-28 15:42:26+00:00,,,,
372130c4-8e69-4429-bb07-b5aba293319d,6d8d8fb4-de9e-545b-b41a-8a101df76adf,send_reengagement_message,push,2026-05-04 02:50:55+00:00,,,,
db5c83c8-b791-4014-9a86-85c6215fd04e,9cd0d7ce-81b0-5220-821a-1af416b99553,complete_onboarding,in_app,2026-03-25 11:16:05+00:00,,,,
f7d00ace-cd9b-4e0f-aebc-319373452c90,8fdd5652-86fb-527d-8fe5-e10dc5a60c72,complete_onboarding,email,2026-04-28 07:56:49+00:00,,,,
ed0263c6-f4bb-4266-bf51-18668f1ac616,ab05839e-c9ac-57d4-b11d-16de5e120750,complete_onboarding,in_app,2026-03-17 08:02:34+00:00,,,,
173ac19f-9d07-4e56-8e78-229393a77a34,bd5b92e3-1025-562b-b88d-7491cc4dacf9,send_reengagement_message,push,2026-04-23 22:18:53+00:00,,,,
6b216847-6e3d-4cb7-9d89-6818b64655f6,43c60ba4-78c3-5d64-aaa8-9f2f3fcf068b,send_reengagement_message,push,2026-05-28 18:31:08+00:00,,,,
54970483-2146-4886-871d-da4a23b861de,34cce605-af2d-57e5-88e1-e51150ae6c8a,send_reengagement_message,email,2026-04-30 12:08:57+00:00,2026-05-02 08:08:57+00:00,,,
2e5e2ac0-7623-4cb1-90dd-64ea38717f32,de97366c-fbc8-5fef-9a9f-f74b4c89ea10,send_reengagement_message,push,2026-05-30 00:58:59+00:00,2026-05-31 12:58:59+00:00,,,
0728ca66-bc68-465c-b1c3-811621268c4c,6f21dbc4-fca9-52df-9e92-491b6d6d3baa,send_reengagement_message,email,2026-03-26 20:38:59+00:00,2026-03-28 10:38:59+00:00,,,
d1bcf2fe-8c13-44f1-95c4-3ad152d83874,54c761c7-7df6-5ece-aafc-12aa18903fb8,send_reengagement_message,push,2026-03-28 10:14:27+00:00,,,,
12c0117e-4ad3-487b-a441-8710dfa17800,864ae3bf-1eb4-527c-a5d2-c8dceb801041,send_reengagement_message,push,2026-05-19 22:13:22+00:00,,,,
eaf9a3fd-ee85-4e37-8c82-d5dbe5e7acbd,acfdd17c-298f-58ef-a61e-6d4bdd03c679,send_reengagement_message,push,2026-04-19 17:33:42+00:00,2026-04-20 11:33:42+00:00,,,
eb1f7dba-ba37-4991-a35e-ac2136566372,46eb8c40-0903-55c0-a570-f3d92e13413c,complete_onboarding,in_app,2026-04-11 21:30:02+00:00,,,,
435b5d9b-9fbd-498a-bdff-a63db6b03c34,041f7788-a456-5994-8e00-3014e7b919a2,complete_onboarding,email,2026-04-05 12:47:00+00:00,2026-04-06 15:47:00+00:00,2026-04-06 16:43:00+00:00,,
f063cca9-f2b6-4543-8060-80039edeb6af,bc8017e6-fd36-5c10-9f6d-eb8f804efab7,complete_onboarding,in_app,2026-04-04 03:35:01+00:00,,,,
053a4772-3539-459d-b482-644f48684c1b,64c886b3-f29f-5057-8217-2bb1b5fed427,complete_onboarding,email,2026-05-10 19:46:08+00:00,,,,
16ddfe92-cafe-487b-a8bb-b500bcf6cf32,12c1df7c-6a71-5160-bda3-8e4a92cbadce,send_reengagement_message,push,2026-04-01 11:46:58+00:00,,,,
caff10a7-7c42-4e28-8fe5-bc9c4f7dac93,e5502649-b69d-59a0-be3a-392cc058b6cc,send_reengagement_message,email,2026-05-18 06:47:27+00:00,,,,
860685d2-25a4-4323-b701-7868448dc6da,3e303d9e-7c7b-5d91-9428-e1e8a10d0bcc,send_reengagement_message,email,2026-05-26 09:16:14+00:00,,,,
2ad6a4a5-791e-4c2d-b8d2-aa2cc61fcac1,67b4f01b-c3b4-5ffc-8558-9ad97e438a0e,send_reengagement_message,in_app,2026-05-10 08:40:25+00:00,2026-05-12 03:40:25+00:00,,,
4bce9d80-cee7-4f6e-900e-aa970842b20f,d41aa2c3-caf7-572d-bb14-bacaa0ec2750,send_reengagement_message,in_app,2026-04-22 06:07:54+00:00,,,,
56fd4042-4526-48ba-9dd7-48a4c19403d2,df64e868-d36b-564d-81b8-dfbc30fbb447,send_reengagement_message,push,2026-04-06 00:58:57+00:00,,,,
de29d429-d8cd-48d0-856a-b537625ddc95,85031658-5001-57de-ac56-cfd0648167f2,send_reengagement_message,email,2026-05-12 02:21:17+00:00,,,,
14589ceb-bac9-41df-bb90-9d5ca11f017b,4455d774-1d0d-53f6-a126-7888a371fc99,complete_onboarding,push,2026-04-08 08:19:44+00:00,,,,
6e1e6fb4-a63d-4ba2-9532-30fe353f7e81,0e40c414-1e66-52b7-8c41-9c9a5813b642,send_reengagement_message,in_app,2026-04-05 07:21:47+00:00,2026-04-07 00:21:47+00:00,2026-04-07 00:52:47+00:00,,
7c9ec1b8-e011-485b-9fb5-58a4d1329d30,3c24b0e5-586c-56d7-89cc-da34159d9d49,complete_onboarding,in_app,2026-03-31 19:34:50+00:00,,,,
9bcdb1af-c2bd-44eb-90e8-68cfb57703d5,6ac45c37-39a9-536d-b9e3-b0ed394cdaea,send_reengagement_message,in_app,2026-05-31 08:19:33+00:00,,,,
189e4aaf-be2b-4ea6-a745-e9c7c9267c30,aedec0cf-6df0-50bb-817a-499919686150,complete_onboarding,in_app,2026-03-25 07:28:41+00:00,2026-03-26 22:28:41+00:00,2026-03-26 23:25:41+00:00,2026-03-27 02:25:41+00:00,
6293a8a0-8bb9-4880-bf50-151d74a38fa0,401e9e00-1118-5301-9985-8233de1cbfb3,complete_onboarding,in_app,2026-03-19 07:29:57+00:00,2026-03-20 07:29:57+00:00,,,
83e5f167-eb7e-42d9-a614-e5ac29f68f06,bb2a36b2-97e6-55c0-bda7-159b19c323e3,complete_onboarding,in_app,2026-04-23 01:21:03+00:00,,,,
7be44db1-4734-4d47-ba70-47c34fb37f07,e25e4707-69c5-5d2f-a33d-32735bc32042,send_reengagement_message,push,2026-04-08 18:26:28+00:00,,,,
10b98260-ee35-4677-83ef-f88e652cc305,1aeaa1b2-e821-52be-b40d-2142e570c3b0,complete_onboarding,in_app,2026-05-09 11:22:08+00:00,,,,
a2f3b0a6-9c3a-4895-94f7-f3a89f6155e0,205f59cd-8751-5774-9bcb-4cdee8ae17bc,complete_onboarding,email,2026-05-05 06:28:31+00:00,2026-05-06 11:28:31+00:00,2026-05-06 12:26:31+00:00,,
0e2f7ed7-b852-4324-ae3a-10e6ad21022c,dbab58b2-9697-5763-80f8-16d969aaed43,complete_onboarding,in_app,2026-05-13 20:43:32+00:00,,,,
da1d0c2f-4374-43f2-ae62-a42efde4f201,29e68303-692f-58ec-b240-5fc9d251b58f,complete_onboarding,in_app,2026-05-08 23:14:12+00:00,,,,
ef6c66d4-77a9-4351-95d7-61777240ae34,3ea8c45e-a150-5d8c-87b2-b59d1a70d251,send_reengagement_message,push,2026-04-11 19:40:23+00:00,,,,
5931aa45-9b6f-413b-b592-57b7020ef82b,e9dcb523-51aa-5581-b851-b1138c989af4,send_reengagement_message,email,2026-04-09 15:18:56+00:00,,,,
e62d8298-ffbb-4e86-a774-41267156f18a,4af80f92-b8c3-52c9-9b66-9020a09a0a46,complete_onboarding,in_app,2026-03-30 15:24:38+00:00,,,,
45b7201e-ffcf-4f2c-9282-9f6a6b09fbf6,17a07818-eb8f-5783-9b3a-544530fdf74d,send_reengagement_message,email,2026-04-27 09:59:23+00:00,,,,
0a28f790-d7b1-439f-92c0-bada7c481f47,42788aed-4358-5cc7-b346-08b9c6592069,send_reengagement_message,push,2026-05-25 17:16:21+00:00,,,,
111b6bcf-fc18-4066-b03c-1d0ff2fafe59,f5bdaa55-69ab-5b91-8600-356ab064c614,complete_onboarding,in_app,2026-04-26 14:40:02+00:00,,,,
5ff84136-077c-4634-94fd-624826f305c7,e3e0f878-3c9b-5d55-81b2-ba870a6a8776,complete_onboarding,in_app,2026-04-20 11:11:00+00:00,,,,
900db603-1050-4780-8e57-c7ebfef37933,6a1dc6af-0c9e-5857-b0ef-10b16a537ba1,send_reengagement_message,push,2026-05-25 14:34:24+00:00,,,,
cd8298e3-22d1-4322-869c-0f99102bda16,4934046d-253b-54a6-a8fe-8016c7e1b3df,complete_onboarding,in_app,2026-04-20 13:35:21+00:00,,,,
0fde8185-c790-4172-96b6-ed2a41f51e67,c7208481-2625-576f-9d09-2604dfffc24c,complete_onboarding,in_app,2026-04-02 03:42:39+00:00,2026-04-02 20:42:39+00:00,,,
644cde90-bcf2-46f0-98b3-80cb2026c7bf,ae40717d-4909-5546-8214-03532fde1f26,complete_onboarding,email,2026-04-04 11:55:45+00:00,,,,
65d5d0af-4252-44d1-8a8c-16949fec3b0d,f5b0ee5d-c5d5-5e8f-8698-12fbeffae2b7,complete_onboarding,in_app,2026-04-11 16:11:02+00:00,,,,
420528cc-17e6-4d54-9a40-f85b31f5f567,8f08d8d5-453f-5ecd-8c99-7ac57f087a83,send_reengagement_message,email,2026-04-01 03:00:23+00:00,,,,
95d61031-ff8f-400b-85c3-f75b40294f5c,de450146-c405-568e-8133-aa82176cc553,complete_onboarding,in_app,2026-04-27 04:16:55+00:00,,,,
eb42369f-65a8-4248-9541-8eb6aceb166e,8108b56d-a0bc-53f4-91eb-54e19c16f5b6,send_reengagement_message,email,2026-05-10 00:59:47+00:00,,,,
fb80b901-8c4c-4ada-bce5-35f0bf1b5062,7e590ee7-67ab-57b3-b4ed-8eca902d17d3,complete_onboarding,in_app,2026-04-26 10:45:39+00:00,,,,
3e7b7e64-69a8-4c80-9476-cf9e7fbd9c28,ef3ccac3-5c29-509d-b756-95468703dade,send_reengagement_message,push,2026-05-01 20:12:30+00:00,,,,
85441600-0844-4548-8287-e214d6821257,2c3c67a4-46ce-58cc-bf54-39d118f4da5e,send_reengagement_message,email,2026-05-19 00:34:54+00:00,,,,
21e25040-eed5-48f8-b525-68358f82b8e6,3fe223b2-065b-59a4-a40a-9749e71eedb9,send_reengagement_message,in_app,2026-05-30 12:47:14+00:00,,,,
8170387b-64ef-4c15-bf49-8759329be174,02526e9d-6afd-5960-9879-9ad5358e5bc7,send_reengagement_message,push,2026-05-04 07:48:36+00:00,,,,
d731de55-cc76-41fb-9452-12b0aa3622b3,5ca7d962-6437-599d-9476-de9a77b04389,complete_onboarding,push,2026-04-06 15:53:57+00:00,,,,
e25fc655-dab8-4a90-b6f7-2cad60bec186,16e41332-b0cd-5624-9f12-c0c109a8a392,complete_onboarding,email,2026-04-29 17:29:21+00:00,,,,
e164da63-f48e-4da3-bce9-5385b99c36d2,62a6eafd-983e-5853-a4f9-66df90a2ec6b,complete_onboarding,in_app,2026-05-08 08:58:46+00:00,,,,
9ddb6959-92e8-4f84-8a4c-a2fca33d817c,e3bfa0b3-83c4-59f8-b223-774cf231383b,complete_onboarding,in_app,2026-04-24 06:21:19+00:00,,,,
6f62ffc8-899d-4c90-bb65-b522f2643a11,549989d0-1564-5034-a539-05a4c4bece65,complete_onboarding,email,2026-05-05 17:23:16+00:00,,,,
7c3e5720-02f9-4b12-ac21-f745115a44f7,a190a0b5-4f87-59a6-85ac-1ddce8591f8d,complete_onboarding,in_app,2026-05-05 10:08:45+00:00,,,,
b5ac7de0-2afe-417d-aa6a-b36f43840a55,b67e2e9a-0f1a-5714-9adf-f2b53d1f7b28,complete_onboarding,in_app,2026-05-01 01:38:56+00:00,,,,
2f6eda0f-d37b-447d-ac45-25e89fbbcafd,a868a9a7-ddcc-52f3-999b-9abde265103d,complete_onboarding,push,2026-04-10 16:46:11+00:00,,,,
bbe516e1-7d74-4035-95c2-4988efb8edc4,203903a4-e78f-5da5-9843-1adff1ff9c82,send_reengagement_message,email,2026-04-01 21:22:19+00:00,,,,
a6ef62ee-dc6d-42e3-9bd0-861f56c9ca01,d97641dc-6ed4-5eeb-b36b-6a60528d652d,send_reengagement_message,email,2026-03-26 05:22:28+00:00,,,,
01eb1bd7-458a-424f-bf7c-08bdb11e4a10,8cf887b2-65b6-5675-a580-b8f96e10ea10,send_reengagement_message,in_app,2026-04-09 02:28:54+00:00,2026-04-09 18:28:54+00:00,,,
15428994-2fb5-4e8b-b851-173084422d82,c319240b-7c77-58f9-b192-a9ac4fb59899,send_reengagement_message,email,2026-04-24 17:46:35+00:00,,,,
c78615c6-573e-45bd-af0d-1eec324b495c,a2386721-a6c1-5d96-b7b6-abfddcc872db,send_reengagement_message,email,2026-05-16 07:24:06+00:00,,,,
b79fdb41-102b-4b9a-af21-55788ecf03ea,1a4cd63a-ed67-5dc9-a84f-fb93725efa56,send_reengagement_message,in_app,2026-04-26 10:48:58+00:00,2026-04-27 09:48:58+00:00,,,
7b2b866a-8f08-4e74-8079-a9e3df10ce06,b6e117e8-a11b-5496-a78e-c5bd7e17c3aa,send_reengagement_message,push,2026-03-27 14:19:10+00:00,,,,
7544444d-67c0-480a-9323-8f8aa13f61fc,41f516cc-a823-5856-b612-ce26bac15bf9,send_reengagement_message,in_app,2026-04-09 12:19:55+00:00,,,,
86ce288f-5536-4607-8ce1-81d6aa0fe573,73d2ff04-67cf-5ed8-8608-f1d60b12acf0,complete_onboarding,email,2026-05-13 13:35:44+00:00,,,,
15421d36-f4a0-4a86-a172-f3fa2e50904d,84026b2f-4cb8-5b9e-9074-06193e70a4e2,send_reengagement_message,in_app,2026-06-02 04:09:53+00:00,,,,
b2413a39-8ac6-40b7-9120-5ca6af16c805,039d77e0-7ccb-5902-8a72-e574bcfcefee,send_reengagement_message,email,2026-04-21 00:33:04+00:00,,,,
593227fe-28f3-48a5-a384-fce0a3969910,f93ddc77-c040-5250-8854-b53af5f7cc02,complete_onboarding,push,2026-05-01 13:03:20+00:00,2026-05-03 10:03:20+00:00,2026-05-03 10:57:20+00:00,,
3852e64e-c35c-448d-95bd-b65e76043f45,60f482ab-edd2-5ca5-8b44-df643712f406,send_reengagement_message,push,2026-05-14 15:10:52+00:00,,,,
7f0f0dd7-d56f-4e34-bd73-cbf505eabc94,af27e1e3-bea3-51df-8401-72ccc9f5d47c,send_reengagement_message,email,2026-05-29 06:10:49+00:00,,,,
4a1d0026-cf30-4f62-8079-ecc249701646,09f94c65-e27b-56d8-b1c9-1762de6f38a3,complete_onboarding,in_app,2026-05-07 05:49:02+00:00,2026-05-09 04:49:02+00:00,,,
8f49293f-82aa-4ff1-a121-a35031ba9729,d8910b9a-e118-527f-ad79-f6b120a1b355,complete_onboarding,email,2026-04-03 05:30:24+00:00,2026-04-04 09:30:24+00:00,,,
5de10f59-3c2a-4e1c-b9f4-df187a25ea7d,4dfcbd32-f491-52c7-a0c2-d5ddd418959b,send_reengagement_message,email,2026-05-08 05:44:48+00:00,,,,
9d1e3076-755b-4ac2-974a-15ba85a1ddc1,ad2c11a6-a888-5f3d-8010-975644b5f96d,complete_onboarding,in_app,2026-03-29 00:28:59+00:00,,,,
0e1539dd-2123-49ca-aabd-2a28e17ec814,abaa65ed-2438-5fbb-bda1-caf223f11c2f,complete_onboarding,in_app,2026-03-31 00:26:15+00:00,,,,
95d859ec-55ad-4c76-964f-c6e54e5b1fee,0e043820-5298-5d25-9b47-62cc4114d341,send_reengagement_message,email,2026-05-07 00:04:30+00:00,,,,
dc0ef8da-5919-49a2-85f0-276aadfe496f,c1e39f59-361f-53a0-9b1c-666e6763b8da,complete_onboarding,in_app,2026-04-15 10:14:09+00:00,,,,
08b3463d-08a8-45e0-b764-60f039ff4988,eda9516f-d55c-5047-8fbf-dc2c9ba00dd7,send_reengagement_message,in_app,2026-04-21 13:01:21+00:00,,,,
2d4a250e-f0f8-46e3-8a90-a5812d2154c1,f4fea7ef-7924-5560-8ebb-c1a2777ee69c,complete_onboarding,push,2026-03-07 16:52:39+00:00,,,,
142ebdc4-d162-4a1b-81d0-50e0850de994,cee105b6-549f-5a73-96d1-f04d6283fd1e,send_reengagement_message,in_app,2026-05-06 12:32:19+00:00,,,,
aefb5b70-dd6b-4e56-a0e3-0fd727d8d0f1,2129cff4-2dfb-5e9b-af1d-fc296ad686a0,send_reengagement_message,push,2026-05-04 17:29:59+00:00,2026-05-06 07:29:59+00:00,2026-05-06 08:06:59+00:00,,
465c23c6-0cca-45c7-a28e-9568834affb6,8f7ba03b-8f98-59ac-8ddf-11909d8477c6,complete_onboarding,in_app,2026-05-10 12:59:28+00:00,2026-05-12 05:59:28+00:00,,,
e5f9a430-36ea-437e-8d6e-af515e226184,6ebc2bf1-4421-5655-b26d-f1fd18f09eea,complete_onboarding,in_app,2026-04-10 19:05:12+00:00,,,,
fd2f11dc-3864-4779-8ac5-60217d28b73d,83f26ec3-92b8-5324-8ae5-b462a22a4613,send_reengagement_message,in_app,2026-04-27 06:24:43+00:00,,,,
8b763ece-6278-4561-a753-9d28c2ac8a9c,e000008a-2cc2-5d30-917f-5efe4f47b302,complete_onboarding,in_app,2026-03-11 16:04:54+00:00,,,,
2a1037fe-0be3-41f9-b111-cae0192b79c6,f0775cc1-61e5-59ee-944e-b7248b04385b,complete_onboarding,in_app,2026-03-20 13:48:17+00:00,,,,
299a2b50-59a1-474d-a38b-d5fe3e4bdd50,76516372-88f2-5768-b412-0f84ef61b942,complete_onboarding,push,2026-03-30 07:47:23+00:00,,,,
3ff01d28-f297-43c7-bf02-52b98803d68b,8eaed640-1785-56e7-8855-a8c80a1f9a5b,send_reengagement_message,in_app,2026-04-21 00:39:10+00:00,,,,
18f6d5e4-4925-4888-9f82-efca97ae65c2,2b7c3f11-0a2a-5fca-96f8-614580c60cab,complete_onboarding,in_app,2026-04-01 00:36:26+00:00,,,,
44091802-c377-49aa-b0be-ddbf6d8f6ced,daae7394-2c02-51d4-a039-471dd1b0eee7,send_reengagement_message,push,2026-04-22 04:38:27+00:00,,,,
fae36696-1877-45e9-b1ed-f97a31a2e3be,302812ad-bd8f-5c26-a0b8-623e25dea152,send_reengagement_message,email,2026-05-18 01:19:39+00:00,,,,
90ea4452-d825-4bcd-9b95-382adcd1d5a7,222437d5-a2e1-5134-8ad9-2689266a75ae,send_reengagement_message,push,2026-04-04 01:06:56+00:00,,,,
d535c048-fdd4-47dd-9024-c0c44a2bfa5d,5fb58e96-5e10-50a2-b085-d0eaf4c64978,complete_onboarding,email,2026-03-29 22:13:17+00:00,,,,
1302f15b-2e05-466b-ab39-fc7fe1ed7fa4,7c42f721-5f74-5616-aea8-56eabac7216e,complete_onboarding,push,2026-03-18 05:42:53+00:00,2026-03-19 05:42:53+00:00,,,
b1864287-8c3a-4781-906e-bce287a023d6,19558015-ad3c-5bef-9d7c-4ab5e35a8208,complete_onboarding,push,2026-03-28 05:42:32+00:00,,,,
a73c2f4f-8b77-487b-8b4a-fd050b845917,c856d9c2-a1c1-50a7-9aa4-4f218fd577d3,complete_onboarding,email,2026-04-23 05:38:04+00:00,,,,
c2bc44ee-bebd-4b2b-9f2e-4a19fd73965c,e8b070fa-e39c-5350-b7cd-4158ffe9ca2f,send_reengagement_message,email,2026-03-29 05:26:25+00:00,,,,
389f1753-7c32-4a0b-912d-1d1fd4946d7a,a62b38bf-3cdf-5e35-99a8-a9ccf6a4d92a,send_reengagement_message,email,2026-04-18 10:10:29+00:00,2026-04-19 21:10:29+00:00,,,
19cb2889-9623-45fd-a920-c601a3ae3e5c,29c00e50-af6a-5320-b400-ef8a0e734fe8,complete_onboarding,in_app,2026-03-08 15:13:27+00:00,,,,
69f5ce18-a2c5-43db-ae50-0f54d40aca1e,ff8071ab-9020-5c09-97c1-662edd20c5e1,complete_onboarding,in_app,2026-04-26 04:20:26+00:00,,,,
aa1f64e2-63f6-4f3b-b6d2-d174a2135903,cd49d0d6-db41-5196-a2a7-e86e8abe1a8a,complete_onboarding,push,2026-03-23 19:23:45+00:00,,,,
91f118ac-7f3c-4a8c-9c2d-16c740c6eb97,b847c41d-cc4d-5160-bb91-d3438a4134c0,complete_onboarding,push,2026-03-20 16:12:51+00:00,,,,
e0aff71d-54eb-47e2-93d8-960ebb97af56,b93ebd8e-90ea-5c19-8516-d0a7307effc1,complete_onboarding,push,2026-03-13 19:49:07+00:00,,,,
d0e11735-e831-4f89-ad60-6a75a1080439,fb231dfb-0c01-5ea4-ae2b-cfd8519e1a77,send_reengagement_message,push,2026-04-27 15:05:19+00:00,,,,
8c32b7c3-7df8-410d-90dd-427d67dfba16,26fa7963-5942-5834-990a-e1389b5190fb,complete_onboarding,email,2026-04-27 23:48:11+00:00,,,,
4f7249fb-25db-4a91-a2c9-0eb934d42144,b481273f-50ba-5927-b91c-ece266e19195,send_reengagement_message,in_app,2026-05-05 07:27:06+00:00,,,,
43d4d15c-77f5-4059-b35b-b7eab76cfff4,9757dfe1-0556-59ce-95b7-a94b52e33b21,complete_onboarding,push,2026-05-06 18:59:43+00:00,,,,
c03f8f0a-f9ff-42a7-a4c2-aad8dddb5e0a,1f1ed835-b660-5c2d-94b7-341977d8dbe7,complete_onboarding,in_app,2026-03-30 17:21:42+00:00,,,,
581175b2-e2a8-41d7-b985-dd4b59246c70,21c7b362-4694-5b04-9532-e2fa1927bae3,complete_onboarding,email,2026-03-26 04:33:19+00:00,,,,
cc523eb0-7946-441e-bce8-8dc910f0324b,eb995f89-efd4-5e46-8881-0a624a2d2f2e,send_reengagement_message,push,2026-04-27 23:39:11+00:00,2026-04-28 05:39:11+00:00,2026-04-28 05:58:11+00:00,,
4ab331b2-acd9-4b5f-b93e-fb439deb4a90,b7fa0065-5ea3-5d3a-b9c9-83aeee2569ce,send_reengagement_message,push,2026-04-08 22:39:27+00:00,2026-04-09 04:39:27+00:00,,,
1b4b34a3-c1ff-4ae0-8abc-bd52c3f12231,80d0fa99-01b8-562a-a546-3e84e4e490ef,complete_onboarding,in_app,2026-05-13 07:40:03+00:00,,,,
a31f675c-fd67-4736-b566-686f275fa103,367c8b01-cb4d-5426-8856-b40b0f42135a,complete_onboarding,in_app,2026-03-19 19:37:42+00:00,2026-03-21 07:37:42+00:00,,,
888d691e-aff6-43bc-87e5-0f36297d2ebe,1b63bce4-27e8-5b41-b3b3-01f8f2a7736d,send_reengagement_message,email,2026-04-28 01:00:10+00:00,2026-04-28 14:00:10+00:00,,,
5dfb11ea-b9e2-4c50-b66e-8c411f051c97,e86f6b5a-d611-5715-a511-0d84e66603bd,complete_onboarding,push,2026-04-12 00:27:07+00:00,,,,
5ad87966-ca31-424e-9c94-f2ab7929c3b2,017dadb8-45f2-52aa-a297-017cd2326b17,send_reengagement_message,push,2026-03-29 22:28:06+00:00,,,,
7d3ea248-4196-44ae-9a10-f3356a867662,0be733d1-cd82-54f8-828b-fd9ff73b720e,send_reengagement_message,email,2026-04-27 07:41:51+00:00,2026-04-28 06:41:51+00:00,,,
19179a7f-3008-4e65-84ee-fea1ffe1302a,232ad36e-7143-5867-80f1-6134273f5b44,complete_onboarding,in_app,2026-04-07 08:59:12+00:00,2026-04-07 12:59:12+00:00,2026-04-07 13:38:12+00:00,,
60f5ea14-7682-40ff-8ffb-6009e2d918e3,64f785a3-62bc-5361-be70-680760367063,complete_onboarding,in_app,2026-03-24 21:37:55+00:00,2026-03-26 07:37:55+00:00,,,
f0f13ba8-76cb-4c9b-8ee0-64675e58cc87,f1c8bd7e-197f-5ce2-831c-70894165e79e,complete_onboarding,in_app,2026-03-15 19:54:54+00:00,,,,
a7557337-053d-43c5-ac0f-858e5f09e042,910f0bb5-9319-5a8a-9e6b-5359fb18b6ae,send_reengagement_message,email,2026-03-29 02:48:23+00:00,2026-03-30 16:48:23+00:00,,,
1531e5dd-4cc4-4d5f-82ba-8902c89b934b,e8e0dee4-5246-56b6-96f5-51f4e52126d1,send_reengagement_message,email,2026-03-26 14:12:39+00:00,,,,
41f62d60-abb9-4505-88d5-2c0d249ca0dd,df63d17a-f776-53f2-bee0-fe5e468049f8,send_reengagement_message,email,2026-04-28 05:20:57+00:00,,,,
42cc3608-6585-41ed-9582-b87b88d15bf5,f1f18332-e0b3-57b0-a67d-29713981160f,complete_onboarding,in_app,2026-03-13 04:46:35+00:00,,,,
e51aa36c-b4bf-484c-941e-5b28d74fddc0,e949ca62-80ce-59df-a816-9ae8bf1562c0,send_reengagement_message,push,2026-04-11 21:18:03+00:00,,,,
7c3094f7-ea6a-4c77-a857-449e97971b63,b76a9f63-210a-509e-9c96-745dbf31f9c9,complete_onboarding,email,2026-04-21 00:34:17+00:00,2026-04-22 19:34:17+00:00,,,
88a427c8-7965-470c-ad13-813ac5860a0a,219a69d1-4a10-55aa-a4eb-281b65675780,complete_onboarding,in_app,2026-04-22 11:17:46+00:00,,,,
a98704d5-1b11-4483-a061-23ecfb291641,22e2c7e0-5818-5b96-9f98-0359c7d4a514,complete_onboarding,push,2026-04-10 04:33:30+00:00,,,,
b293442e-703f-4f8f-9c68-cb742b7e82ce,acd4da4f-7458-5852-8511-0d52b925e72a,complete_onboarding,email,2026-05-06 23:15:44+00:00,,,,
7ba111b0-ccab-4e45-8f0e-caadd2a87ec1,65e6cd85-858e-54fb-aff8-20be4f12e612,send_reengagement_message,email,2026-04-02 15:18:20+00:00,,,,
083ed14c-6265-4871-88d4-b5910c166abb,2110d262-399b-5631-b8c4-7cd3e85be60a,send_reengagement_message,email,2026-04-12 10:02:03+00:00,2026-04-13 03:02:03+00:00,2026-04-13 04:01:03+00:00,2026-04-13 21:01:03+00:00,
c6dc70e4-f828-4f8e-91ed-f2fd8e020ec9,e39f608d-de66-5f5c-aad7-d1b023a9d3a2,complete_onboarding,in_app,2026-03-16 08:14:45+00:00,2026-03-17 12:14:45+00:00,2026-03-17 12:35:45+00:00,,
67591785-c6be-4ba1-9ced-d617af512829,f21a0a49-609a-598e-87d6-6ba3b2302ea8,send_reengagement_message,in_app,2026-04-15 08:08:43+00:00,,,,
398cd539-27e6-49be-9eda-b3cac53af1db,02d5b249-c66d-5614-a91f-9d7dd9386659,complete_onboarding,in_app,2026-03-28 13:48:35+00:00,2026-03-29 08:48:35+00:00,,,
710c04a9-2c04-4bb6-a4ca-34fe980f526b,222ea05f-af4f-5af6-8c4a-661731be8283,send_reengagement_message,email,2026-05-17 18:30:51+00:00,,,,
305b30f6-d606-4e11-8ba4-528835ca73ff,e7f30164-2344-57bc-9149-7b2449e17978,complete_onboarding,in_app,2026-03-27 19:29:35+00:00,,,,
f5f5713b-33be-48a0-99c2-41b60aeb8258,b3b6098b-ecba-51cd-82e8-08dcbf339913,complete_onboarding,email,2026-05-06 11:49:58+00:00,,,,
734d1a5c-b1ca-4c21-a556-94778f5a43c7,68029313-0f4d-5303-bc5a-3a98b5b18d67,complete_onboarding,in_app,2026-04-29 07:32:52+00:00,,,,
0ab1f83d-b9b0-492e-9315-8262eb5c4d29,1e6e9e63-ce10-5005-8a06-04ba84c4e658,send_reengagement_message,in_app,2026-05-27 05:07:07+00:00,2026-05-27 17:07:07+00:00,2026-05-27 17:21:07+00:00,,
715a7905-8c09-4706-aad4-4ee95021fc02,6fee2aa6-7b6d-5d34-9d0b-4b485084800a,send_reengagement_message,email,2026-04-02 06:15:06+00:00,,,,
60d1dc6c-8e92-4319-b72f-12dde9e4afd2,8f804aca-b5ac-5e1f-ac77-9dc083fd4646,send_reengagement_message,push,2026-06-01 22:26:43+00:00,2026-06-02 04:26:43+00:00,,,
da8fd389-4b9a-4be2-ba80-0422352eedb3,960bff06-8072-5afd-b55c-acaf38f30762,complete_onboarding,push,2026-05-13 18:47:56+00:00,,,,
29ee136f-8f7f-499e-a9b0-2cc976081284,225bd123-8c62-55c3-b792-533a58e8e1db,send_reengagement_message,push,2026-04-19 11:37:06+00:00,,,,
37bc0a16-8441-48b4-bd0e-45ee2db8c0dc,3fb6aec5-52f6-5cc4-963d-0735d47440dc,send_reengagement_message,push,2026-05-30 18:09:58+00:00,,,,
dcac6c88-6c56-4283-a502-33c340e95791,ef81aa24-bfdc-5abd-a441-1a65b6161733,send_reengagement_message,push,2026-05-05 14:43:50+00:00,,,,
59bc522c-7b42-404a-829d-d93e52f03632,860e030d-bbb2-54f5-bca8-59ea68d79ee0,complete_onboarding,in_app,2026-03-11 22:56:13+00:00,,,,
674c5e97-2a5c-4bdc-b9c5-bf66520a77a1,4875eb38-68cc-5d00-8b90-3ad080b51f91,complete_onboarding,push,2026-04-04 07:09:57+00:00,,,,
74d79010-7d8d-4408-a1dc-8b37063e27cf,d094ed20-3189-5ea2-a2bf-2ebf38cf619e,complete_onboarding,push,2026-03-16 12:11:08+00:00,,,,
96275ae3-79ee-4899-b784-c798e2993fe5,141f0ae9-7360-5d6f-b338-337130aa3ab4,complete_onboarding,email,2026-05-10 22:45:32+00:00,,,,
0f068c72-a16a-4ada-bb8b-a88491ea5999,182749a8-9d1e-5ec0-bd2f-80949dadb79f,send_reengagement_message,email,2026-04-16 00:11:46+00:00,,,,
525fd785-a5f1-4828-96e6-b5333a15f22d,6acc4396-8139-5a02-a76e-7f82621fb2d3,send_reengagement_message,in_app,2026-05-03 03:35:57+00:00,,,,
643aa578-7321-4faa-b3f9-306ac9c81545,accf45d6-6fcb-5d28-85ef-47b70f69aec3,complete_onboarding,in_app,2026-04-05 08:04:01+00:00,2026-04-05 22:04:01+00:00,2026-04-05 22:06:01+00:00,,
24e21fd1-d78b-43b2-9de6-709eafa5e48d,6d67ffd5-88ce-54be-8ddf-95969acf6b30,complete_onboarding,email,2026-03-13 16:35:42+00:00,,,,
fcfd4536-6aac-48f5-8a44-921cdf6ed57e,ee4bdd6a-e8ac-5816-b75e-5938a5a70f58,complete_onboarding,push,2026-05-02 08:06:50+00:00,,,,
30677ef4-f9ba-421a-9316-27cbe5ad2776,fea6f33d-5759-53cc-a858-3497aa332ac3,send_reengagement_message,email,2026-05-23 08:38:22+00:00,,,,
e114f3d2-9f25-4436-9e65-b0ca619ea62d,f49d58ba-83b6-5a6a-9265-3e8341765ae1,send_reengagement_message,push,2026-05-16 06:20:42+00:00,2026-05-16 10:20:42+00:00,2026-05-16 10:55:42+00:00,,
9a707f21-5ff7-45dc-9766-23d09c28ad33,626f83f5-1182-5992-840c-d13acc6eb0cc,send_reengagement_message,email,2026-05-07 13:20:52+00:00,,,,
a81f6418-f3ee-4e50-a2be-e4d6ccdc6db4,6590f7f3-1d35-5fb3-9872-f6f6190b7d4b,complete_onboarding,email,2026-04-03 18:38:07+00:00,,,,
f0672d97-b61a-49dc-a471-c0b36973d723,d9395874-53eb-56d7-8a66-973fc63f7a60,complete_onboarding,push,2026-04-13 10:09:18+00:00,,,,
6b30b7aa-1815-498c-a3c1-dadb66be5277,a8132ea5-8ae7-5f6b-94d7-654c7692f20a,send_reengagement_message,email,2026-04-30 22:46:11+00:00,,,,
bd1b463e-8b29-41e9-8e02-28c073f87bf6,c097eb49-6d8a-535c-9fa3-7ce93ab8ed32,complete_onboarding,in_app,2026-03-18 09:45:18+00:00,,,,
03fc4ca3-29d8-4751-b059-cdf4edbfbc77,8b46e0b5-821b-5ca5-8778-8e61e87b526f,complete_onboarding,push,2026-03-12 15:28:56+00:00,,,,
35d21b16-20f6-4819-b104-d0f01343a742,201320e1-edcc-5e3e-9570-b55b64a42608,send_reengagement_message,in_app,2026-04-12 11:23:26+00:00,,,,
8d73b090-098f-4412-b5a3-71a415b09bb8,1d22581f-a633-5a04-99aa-12906e3cbea3,complete_onboarding,email,2026-04-07 08:22:33+00:00,2026-04-07 11:22:33+00:00,2026-04-07 11:36:33+00:00,,
692a39ce-0a75-410e-af86-f1875d472a8f,a6b29f8f-dec3-53da-977d-90f9c6058dfb,send_reengagement_message,email,2026-04-06 01:28:35+00:00,,,,
3c93c676-1089-459a-895e-374fff898c59,9627b2ef-ace1-5d65-8f61-2af4b8939853,complete_onboarding,in_app,2026-03-14 08:38:28+00:00,2026-03-15 10:38:28+00:00,2026-03-15 11:07:28+00:00,,
cfd77360-9cb4-4f6f-b6f3-6d7637d50e59,17008f4c-b05d-5c10-8b8f-e9e9fb5b28e8,complete_onboarding,push,2026-05-04 18:48:03+00:00,,,,
78a34cc1-6afd-4a7b-b271-c6ae742b13d2,3f51c859-c0f1-5e00-9457-832fbc51b7d9,complete_onboarding,push,2026-04-01 20:59:39+00:00,,,,
962bbd74-7409-4174-aed3-f49463db4e3f,acccb54f-d211-5504-aa8a-d11746d61119,complete_onboarding,in_app,2026-04-16 07:28:51+00:00,,,,
dca733da-ff04-449f-bbbb-b6438c493fea,b7777d75-d94d-557c-a6f9-c591fa49836d,complete_onboarding,push,2026-04-12 03:47:25+00:00,,,,
82108855-7c31-4a33-84a8-6fb090d069d4,f97fe353-0786-5a78-972a-75ddafc55474,complete_onboarding,in_app,2026-04-26 17:22:26+00:00,,,,
99d22791-2119-4fdd-b714-b193a1f2dc9d,40d4f140-5d4e-53aa-a895-00b8e165a7d0,send_reengagement_message,in_app,2026-04-15 10:13:48+00:00,,,,
bd0f68b7-ef75-454b-8fcf-c42c10861726,357bd63f-33ee-51cb-9828-55e6816ddb1c,complete_onboarding,in_app,2026-04-01 14:47:38+00:00,2026-04-03 12:47:38+00:00,,,
bfb247a9-4515-4f3c-a4ee-de3b16eb86bb,4d2a1f28-c941-51fc-a0c7-2c842eb937f5,send_reengagement_message,email,2026-05-22 15:06:04+00:00,2026-05-23 10:06:04+00:00,2026-05-23 10:36:04+00:00,,
f08b7c0e-394a-4cb2-b3fc-2657ded46cac,e65828e3-ebf6-5c06-b592-ebcb026dfa20,complete_onboarding,push,2026-04-03 22:26:22+00:00,,,,
f8f3b3ac-a130-4a04-af86-136c13e0445e,db23c22d-2689-56b9-a5b6-1f1ba14a4862,send_reengagement_message,push,2026-04-02 15:48:21+00:00,,,,
c5fcdbc0-313f-4fef-ae64-8b6754bd8953,922cc20d-60ed-5cbd-b21a-c4fd1383ab53,complete_onboarding,push,2026-04-28 10:35:04+00:00,,,,
eb01852a-0ed4-4243-b5bd-6865f5842bc2,a21cf9e9-f775-515a-99d4-cb5dab4bc5e9,send_reengagement_message,email,2026-03-28 01:56:48+00:00,,,,
483507d1-6269-496d-be05-fa584faed125,29b72b50-2693-587e-a008-2d631ece4505,send_reengagement_message,email,2026-05-18 07:00:58+00:00,,,,
f083a312-ffd5-4029-9af6-8a84b9bbe1e1,813b476c-a909-50c3-9b7d-44a42ae6069d,complete_onboarding,in_app,2026-03-09 23:28:37+00:00,,,,
2bfad12c-422a-4d72-bee6-8bcf851c0257,755b5dd4-4149-55f2-8e0d-9d1a06709757,complete_onboarding,push,2026-03-21 06:28:58+00:00,2026-03-22 18:28:58+00:00,2026-03-22 18:30:58+00:00,,
b5bae267-7c67-4a3a-9a06-df55a2da7653,8727adb4-3fae-5b03-b9bb-899fffd35d97,send_reengagement_message,email,2026-05-06 15:10:17+00:00,2026-05-08 01:10:17+00:00,,,
53c3e0d1-a561-4ded-95df-42e662393cec,d39f3f8a-03b1-585b-ab73-01f998c5587b,complete_onboarding,push,2026-05-10 23:11:17+00:00,,,,
6d654e93-9232-4052-8cb0-391bca59ffcf,453b0718-af82-5cf3-be84-876b29e886ee,send_reengagement_message,push,2026-04-23 04:26:19+00:00,2026-04-23 21:26:19+00:00,,,
4cd0923a-99d7-437d-9261-ac20c5e7e07e,50846bd4-601c-5286-a924-368f871413f0,complete_onboarding,in_app,2026-03-23 01:41:49+00:00,2026-03-24 00:41:49+00:00,,,
1acf916c-b74f-47b0-9aea-924ae885d80e,f47d56fd-afa4-5f59-a87a-9ff5ad2caaf1,complete_onboarding,push,2026-05-07 19:58:40+00:00,,,,
760b76e4-951e-474f-869c-e46c5d30ab70,422851a4-a2d7-5d66-b3f0-a1374ca00eb8,complete_onboarding,in_app,2026-04-26 03:28:27+00:00,,,,
421e51df-f1af-46ac-8415-1dc422438ba0,c1517ac9-d402-5f93-abc7-d4d953af0e78,complete_onboarding,in_app,2026-03-13 22:15:17+00:00,,,,
0b88293d-e5f2-4281-9262-c6a0d55ebfba,73a05524-9884-5c49-9679-6fc37fd675a9,send_reengagement_message,email,2026-04-21 13:23:22+00:00,,,,
a5ededd2-8701-45fc-b8e8-d59e1c745d79,664489ee-d3de-5204-80ff-ce94c209210b,send_reengagement_message,push,2026-04-13 06:04:39+00:00,2026-04-14 19:04:39+00:00,,,
7323033e-a510-4080-8280-0c5980ff2f1e,0473fdf8-8906-5617-9574-590586d02989,complete_onboarding,in_app,2026-03-19 06:29:22+00:00,,,,
3dca08d8-e6ba-490b-af54-491c8022a8fa,5d598d19-9678-509e-8179-408da3e93f60,complete_onboarding,in_app,2026-05-04 09:46:05+00:00,,,,
26f43628-9277-47dc-92c1-d347bc9f04b5,4c38c24e-a52f-5d3a-8e69-0b75980473c3,send_reengagement_message,push,2026-04-07 09:14:18+00:00,2026-04-09 08:14:18+00:00,2026-04-09 08:31:18+00:00,,
b7f7eedc-99b0-4088-bee6-6d1a6707a85e,b0af0c21-5ae3-51da-ab68-ba656dbc81ce,complete_onboarding,push,2026-04-20 21:33:02+00:00,,,,
b23162be-e3a7-4383-b945-6844c4525d3b,b913499d-4ee2-5713-917d-4f40ab99f556,complete_onboarding,push,2026-04-04 12:52:05+00:00,,,,
e6f899bf-4e6a-4178-9f0b-ae098fa473bf,b3b607b6-c813-542c-9d87-99724c9f8573,complete_onboarding,email,2026-03-11 05:48:18+00:00,,,,
0f543229-690c-4b3e-8a6b-74a93aad33c3,ff5d819b-7f63-5ec9-8ae4-0896b72f62c9,send_reengagement_message,in_app,2026-04-26 00:58:00+00:00,,,,
1c14ca0a-70c7-49c8-8a07-bcc8e1bec0fe,c9b8c02a-211f-5ef0-bf34-63266c3a0db6,complete_onboarding,in_app,2026-03-19 18:44:37+00:00,2026-03-20 09:44:37+00:00,2026-03-20 10:11:37+00:00,,
c08842ab-496f-4d20-9b56-5abcf147635d,b044fae5-5e91-57c1-bd01-5b74db21c805,complete_onboarding,push,2026-03-23 22:08:54+00:00,,,,
80e999ed-c1b4-468e-85ec-e448692c79b4,86b061dc-ab41-5a9a-96af-4d39acbc0848,send_reengagement_message,in_app,2026-05-25 15:37:13+00:00,,,,
92d7f236-f9f4-4fce-825a-0930074ee476,a79faaea-10ba-54e7-a929-50ac9383ff85,send_reengagement_message,in_app,2026-05-14 00:09:56+00:00,,,,
cfa59f55-e2dc-47d9-a691-f54e4faa3378,59adbfe0-d77b-5c09-b83f-d10a34291bbc,complete_onboarding,in_app,2026-03-16 06:03:18+00:00,2026-03-16 17:03:18+00:00,,,
134a3c79-f710-482f-b323-856227ce6291,b3f92254-0c09-5ff1-a653-7b5709fb604b,complete_onboarding,in_app,2026-05-04 17:48:35+00:00,,,,
d1868371-2cf4-42b9-a49f-e3ad2071f593,3547e987-b69c-528b-9285-051687d3743e,send_reengagement_message,in_app,2026-05-04 15:03:09+00:00,,,,
6c009f3d-95b9-4bd0-9da4-51bdad989e4e,2e7fe264-b70f-529a-846e-3c1d900f8824,send_reengagement_message,email,2026-05-25 08:17:46+00:00,,,,
e3f4e97c-ba53-4304-9dbc-3270abae540b,7dcd04da-9e6f-577c-96bf-05e76910d0f9,send_reengagement_message,email,2026-05-16 13:09:23+00:00,,,,
5332084f-42f4-4a44-ab69-3d39be1c36e2,75e7dd51-9e7b-54f5-b91e-95254b59384b,complete_onboarding,email,2026-03-30 09:55:01+00:00,,,,
fccb1576-f06a-4aa2-8cae-2f1e9143a091,6ad516d5-fbc7-50f2-9a77-eea2cccbfeee,send_reengagement_message,push,2026-05-01 21:44:30+00:00,,,,
59379f66-872b-48cd-bc7f-455a102b11d1,7d6a7fb1-ef8e-5bce-9ec5-8b99d9d7e890,complete_onboarding,in_app,2026-04-12 15:05:16+00:00,,,,
07dda8e7-b71d-4ab0-b6ba-e38c09117b5b,cf3ce54c-888a-537f-bb9e-383f95f534f3,send_reengagement_message,in_app,2026-05-14 16:13:22+00:00,,,,
784295f3-584d-43f8-bd10-a52d85dbcf10,60fc1c08-acf5-5f00-8ca7-20818befb676,complete_onboarding,in_app,2026-03-24 03:21:38+00:00,,,,
f0ae8472-9056-4c30-9fd7-ea592bb96836,013276e5-af25-5058-a424-9bd0b83f36e1,send_reengagement_message,in_app,2026-04-17 23:35:38+00:00,,,,
f793d0ab-46ec-40dd-8446-e18de0f1fe74,fc0af51e-edc8-5ba2-b880-4ee26b65bd81,complete_onboarding,push,2026-03-23 21:22:57+00:00,,,,
95debaf6-734f-498b-b7b2-da10cf804b2b,318e2467-3df6-598f-b657-8104fdfd7ea7,send_reengagement_message,push,2026-04-15 10:24:44+00:00,,,,
b7cdbc3d-e712-49f7-9a2e-f740b45f7177,291ff8c4-b1f7-5c5d-b2f8-79ec14b26f6a,complete_onboarding,in_app,2026-03-18 03:02:11+00:00,2026-03-20 02:02:11+00:00,,,
46f75504-faba-4772-a9b3-7fe7d823ff44,3489d7f9-6135-5528-86bc-09f06161314c,complete_onboarding,push,2026-03-09 12:31:14+00:00,,,,
ed90ff89-d572-4722-8294-2d28b9afc14d,b0396854-4c8a-5288-ae41-7308bba63c14,complete_onboarding,in_app,2026-05-10 20:40:16+00:00,,,,
f1c8f81a-ba0b-4f95-9540-a078946a06d8,4a14e418-e68c-5f25-b784-237666c280a4,send_reengagement_message,email,2026-03-31 03:03:57+00:00,,,,
5e804177-7b58-4d0e-bf80-07a8b3d5f714,7f7fb23d-887f-56b4-af89-30487e8c97a9,complete_onboarding,in_app,2026-05-07 06:30:33+00:00,2026-05-09 00:30:33+00:00,,,
6a2ee01a-0ad9-4e3e-b163-976cffe976a8,96ce06b9-ae13-50b6-b029-06ba390797c5,complete_onboarding,push,2026-03-07 05:05:47+00:00,,,,
4e3a058f-c962-4791-802d-6778276b4260,d14ab6de-b581-572e-8e31-29984f847bd6,send_reengagement_message,email,2026-05-18 15:18:20+00:00,,,,
7f37d090-bdd7-4755-bbc7-8723b52b0488,e129c8f7-6790-560a-83b1-34f302af1002,complete_onboarding,in_app,2026-03-29 15:50:13+00:00,,,,
3a302803-d627-49a7-9eb5-ce850144f38d,cdc32a73-b66c-573a-bb9c-6079d740830f,send_reengagement_message,in_app,2026-04-30 17:14:49+00:00,,,,
30551deb-eb3c-4fc4-b6d7-5a054e913b08,585974cf-d34d-5ccf-a852-7673a114eaa3,complete_onboarding,email,2026-03-26 11:21:27+00:00,,,,
c55cd2b9-3676-4bf9-a4bc-3789d2fdcf5a,48e0d3c6-5f95-5abb-b2f3-ca0cd29761ab,complete_onboarding,in_app,2026-04-09 20:26:47+00:00,,,,
cfae4b25-24ea-4f4c-92e2-822da3ff7ea2,89b0d63c-3d96-5d59-b886-04f42d0fc802,complete_onboarding,in_app,2026-04-07 03:47:10+00:00,,,,
df7066e9-a664-489b-a8cd-155c75ef8f41,fcecb7b5-7395-5023-8c48-233933c8746e,complete_onboarding,push,2026-04-12 13:15:30+00:00,,,,
12389eff-49db-46a4-831b-0517b3302adb,6e977839-dd9b-5795-9241-f006447ae850,send_reengagement_message,email,2026-04-22 03:16:33+00:00,,,,
02f3b4b1-75d1-42c0-be63-fbcfdbe5d506,e04b4529-a3a2-584f-9cb8-3194d4a6fc7f,complete_onboarding,in_app,2026-04-13 00:33:22+00:00,,,,
df603b9e-5840-41be-9fde-20ab8adcd0f8,ba98d884-958e-5852-bf3b-99ee0e049920,send_reengagement_message,in_app,2026-05-21 22:57:31+00:00,,,,
5a714bc0-e723-4966-8f09-b4663151a6a6,114cae18-32f5-59c2-a402-965d87f54776,complete_onboarding,email,2026-04-05 23:38:10+00:00,,,,
c9a57155-4a7d-4c55-9d5f-b2965c53b159,2932c23f-e214-5400-b66f-bd69c2a64c6c,complete_onboarding,email,2026-03-31 22:26:13+00:00,,,,
16963a93-932c-406d-83d2-9ab864de122a,9117e39b-aa94-50a5-9ecd-4650b17db654,send_reengagement_message,in_app,2026-04-04 02:11:08+00:00,2026-04-04 09:11:08+00:00,,,
44754cc1-8f13-4c31-a2ba-206ef9868c34,0946478f-1eb7-5f6a-b73f-6b9a3abf0811,send_reengagement_message,in_app,2026-04-19 19:41:33+00:00,,,,
a2bc5cf7-666e-402f-b549-bd1fd1510520,783c2975-2861-5ef3-8555-3e4327963417,complete_onboarding,in_app,2026-03-15 16:05:56+00:00,,,,
7167fd2d-2dc7-4f46-aab9-b48d533d3675,602bbff7-0f3a-512c-9187-adfd0951662b,send_reengagement_message,push,2026-04-07 14:13:27+00:00,2026-04-07 15:13:27+00:00,2026-04-07 15:21:27+00:00,2026-04-08 02:21:27+00:00,
e5a17196-6288-442e-bca8-52ca9a3a6d6c,750c6e87-d384-5c5e-9d0d-d0f9702d9643,complete_onboarding,push,2026-05-11 16:55:30+00:00,,,,
91507448-a4fa-4c05-af18-1b1b7f7e963f,d8fd4a9d-89ee-5e47-805c-bd6ecfd4f87f,send_reengagement_message,in_app,2026-04-01 04:04:12+00:00,,,,
29f6f9f9-a4fd-4108-b9a1-38d142d4e6b6,63af3f36-2489-5c63-b70e-aeed281b6711,complete_onboarding,email,2026-04-09 06:14:33+00:00,,,,
a57afb32-3039-4bea-a127-01a8b1f5cac7,961aa5fd-1fc9-5902-8a6c-2bdf4f16a55d,send_reengagement_message,email,2026-05-22 13:36:03+00:00,,,,
730dadd3-c206-4f31-9946-816af0765c46,9459b421-d802-5470-9ded-5532aef3dc09,send_reengagement_message,in_app,2026-05-30 18:30:29+00:00,,,,
021d2577-8782-4598-9818-468ab4d159e8,11571d02-4947-514d-9ee0-dde055cbdb15,complete_onboarding,in_app,2026-03-17 02:57:28+00:00,,,,
9898cdbc-eb09-4125-971c-bc1851dcbe56,4b2ef7e3-010c-5d53-9cee-61c8e9c3e555,complete_onboarding,email,2026-03-18 06:52:58+00:00,,,,
9607aada-4862-4890-ae05-c2b6fa3e5c1a,4fb0e66e-5596-5da8-ab60-eda27e691ffd,complete_onboarding,email,2026-04-14 06:06:48+00:00,,,,
7f10b0b4-6b98-43c2-b3e1-7b69b5d6990b,baf498ac-dfd6-5469-abc7-aee68b72e413,complete_onboarding,push,2026-05-12 05:26:28+00:00,,,,
4c019756-448e-4bf1-a5db-485c161aacef,8d507d40-b04b-5e59-93b2-be45c0a8c66a,send_reengagement_message,push,2026-04-09 07:58:46+00:00,,,,
8919647a-4866-42fc-b78c-a8f4a22048e7,7242fe6c-14a3-533d-910e-aa38550394c5,complete_onboarding,push,2026-03-18 08:14:16+00:00,2026-03-20 03:14:16+00:00,,,
77c898d2-7553-4e51-84c6-83978b8aaeb5,b4994fb6-aeee-5a7a-ad99-c35b3a24840e,send_reengagement_message,push,2026-04-12 11:16:24+00:00,,,,
cdc47a68-3e52-4d1a-a7ef-f6f578b87351,5611e93f-b390-56d7-a48e-213d8184ff93,complete_onboarding,in_app,2026-05-06 07:52:21+00:00,,,,
2c187506-b098-42d1-af07-292c252dfcd5,99433b18-8c23-53c6-97e1-8d81b48768cc,send_reengagement_message,email,2026-03-28 01:46:12+00:00,,,,
c3700ef0-183f-4fc5-b02c-7b9ad430f21c,92d23f80-dca1-57b8-b665-b6e74e68aefb,send_reengagement_message,push,2026-04-21 05:30:02+00:00,,,,
22b1dab4-91c3-494d-ac61-02ac9dda81ad,6b2e3cdf-8b54-53df-8815-af1a99f2aa6c,complete_onboarding,in_app,2026-03-15 04:59:11+00:00,,,,
90fb3abd-2472-4094-89a0-5956ac893700,65a657f9-1492-5081-8cf7-4da469dc59db,complete_onboarding,push,2026-03-17 20:06:44+00:00,,,,
6deb1d95-a0e0-4301-bdf4-42af9fbbd6ce,ddacdac9-e88c-5511-bda6-43989ebe4cca,send_reengagement_message,in_app,2026-05-28 06:18:02+00:00,,,,
2ab8a231-ae5b-48e8-89d9-019fc9a9d4a9,0c9ff915-1f86-5e58-b85d-6e21c752ea68,send_reengagement_message,in_app,2026-03-26 02:45:04+00:00,,,,
40eabb60-9432-444a-a3f0-5010d7fa2aab,aca257f8-559d-5516-a1d2-21f771c58b11,send_reengagement_message,push,2026-04-17 04:27:30+00:00,,,,
0e071845-c5ba-49d0-81b0-ae31a485b967,b18b8c5d-ff1a-503e-a2b8-020c223b7eaa,complete_onboarding,email,2026-05-09 03:56:33+00:00,,,,
7cd2722f-8334-4f7b-bfc3-03c5cecb79d8,736ff8eb-b2b4-5ac6-8336-d785a0d91aef,complete_onboarding,in_app,2026-04-17 23:03:42+00:00,,,,
7d156014-c6c0-4343-b8f8-61fc7d85586d,7965028f-7a2c-5e90-86b4-6d37e842624d,send_reengagement_message,email,2026-03-30 22:49:34+00:00,,,,
3400d5b2-5917-454e-a2cc-ab30a0a135ed,87d18766-da9c-5315-9856-65aec03ad572,send_reengagement_message,email,2026-04-27 02:03:47+00:00,,,,
1a3f3e29-6b1d-4e5b-911f-ac6cf074a929,656f29ac-fc9f-53c8-86a3-92035669fced,send_reengagement_message,push,2026-05-31 23:53:10+00:00,2026-06-01 18:53:10+00:00,,,
9c44d873-0a51-4932-a00f-5b9bcf9ddc30,b28f93e5-d143-506c-8710-862b632ee0cf,complete_onboarding,in_app,2026-04-03 15:08:49+00:00,,,,
ea83e5ea-1bcf-49f7-aeeb-6a7e7d344089,106d7b3e-2429-571a-abfc-14143abc1ac3,complete_onboarding,push,2026-04-12 11:24:47+00:00,,,,
a0f3f444-f463-4775-976d-1864a4e0cee2,cd2beacc-1025-56ef-b964-689bc39d4a4b,send_reengagement_message,push,2026-05-01 16:48:11+00:00,,,,
e78b8d48-98ca-48fe-9ad8-1043ffbd4a59,8e268188-42a5-507e-aaca-5b7e107b076c,complete_onboarding,in_app,2026-04-21 13:42:00+00:00,,,,
c4c8317f-e62e-45ec-86b1-7fb90358af42,d27b2088-f885-5c20-93cf-f8b621f6c105,complete_onboarding,in_app,2026-03-19 22:04:02+00:00,,,,
37836955-2cf3-4aef-8e5d-e3cf71eaf291,007486a0-f249-5fb0-a8b9-593743136bd4,complete_onboarding,in_app,2026-05-03 22:31:02+00:00,,,,
6b656632-0ce2-4b64-ab26-f3657617c2ee,f3ee62b2-5717-5bfb-9175-304bdbc946eb,send_reengagement_message,email,2026-04-04 20:04:05+00:00,,,,
8bdcdb39-95e1-4940-8a13-ef7a347afc67,0b5d67c7-bb98-594e-b1fb-6a5d6af1c350,send_reengagement_message,push,2026-05-21 11:07:03+00:00,,,,
935bf4a1-0a38-43dd-a852-f3449d2f6df7,a4aa0d3c-1601-5720-b151-9163a88dcdf5,send_reengagement_message,email,2026-05-21 08:48:07+00:00,,,,
6f22dec2-63ea-40d3-bca7-489300072106,598c8678-6937-59da-a6bf-2bb7ad2a0c82,complete_onboarding,push,2026-04-27 04:06:48+00:00,,,,
fd95c3ee-464d-4de2-a592-0f71812c4b4b,d19f2d0c-d02b-511d-af64-c0109441ef12,complete_onboarding,push,2026-04-01 14:10:17+00:00,2026-04-02 00:10:17+00:00,2026-04-02 00:27:17+00:00,,
ca980877-36e7-46b5-86f9-8d4098def255,2401c25e-1de5-5012-a987-86a9de53e397,send_reengagement_message,in_app,2026-04-27 08:15:54+00:00,,,,
0fcec6ce-7996-4617-8895-3901d7bcef73,542b5fb7-e6f8-5597-97a6-e38f52113abf,send_reengagement_message,email,2026-05-22 21:44:01+00:00,,,,
e0ad0784-fb5b-486b-8de7-b5b5f2496018,e7a2dabe-3b42-5c2d-9e98-33dec74c20e4,send_reengagement_message,in_app,2026-04-05 13:09:51+00:00,2026-04-06 04:09:51+00:00,2026-04-06 04:44:51+00:00,,
8b2651eb-e896-4a53-a1a4-44a022f6ad69,3429c01a-c077-576f-94f5-d04e13c0b778,complete_onboarding,in_app,2026-05-03 04:24:05+00:00,,,,
9927aaf0-d967-46b0-847b-47fd9732240f,05177376-7972-5abe-93c4-dc4f7b6c785c,complete_onboarding,push,2026-05-09 12:37:20+00:00,2026-05-10 14:37:20+00:00,2026-05-10 15:17:20+00:00,,
76746350-80ab-491a-a259-978f48704aad,c99dbc49-74c0-56b1-85c6-66a4f66a61d9,complete_onboarding,push,2026-03-30 13:20:12+00:00,,,,
5977621f-63be-48ab-9b2e-7776247e74b3,54248ab1-a76c-5665-aaff-f0389a762cda,send_reengagement_message,email,2026-05-03 13:57:13+00:00,,,,
5a78867c-c28e-4198-864d-efcc1ce927c3,393f89a8-38ea-53a3-9251-9e75b068651f,complete_onboarding,in_app,2026-03-10 10:58:35+00:00,,,,
e2c2cb6d-3043-44cc-b049-5a0cf3503ced,a3093110-9bda-5787-872b-3ae36f302d93,send_reengagement_message,email,2026-05-29 07:04:00+00:00,,,,
2fb2739f-b405-4d9e-bf35-0d35e65b07c5,b040d23d-d2af-5685-b0d9-e99a1e7a72d7,complete_onboarding,email,2026-03-30 15:01:12+00:00,,,,
401b3319-ec73-4bc7-81a2-78282bbcbc5d,791b564e-5995-5db9-a7ac-d6c6e94b8339,complete_onboarding,in_app,2026-03-10 22:33:16+00:00,,,,
6bdb8e88-75f5-4556-9d62-e6c30d075c04,d7b1c44c-f183-54c2-9110-ea05409d19ec,send_reengagement_message,in_app,2026-05-10 08:54:58+00:00,2026-05-11 20:54:58+00:00,,,
0122f755-14e5-46a6-90cc-54c85e136cce,4bc918dd-5bf5-5306-b927-5677877e1c45,send_reengagement_message,in_app,2026-05-07 23:12:19+00:00,,,,
8b445361-118c-42cb-8425-9fcab294ba45,7c20daed-0a97-5508-92a9-4d4ca70c8c4a,send_reengagement_message,in_app,2026-03-29 17:35:02+00:00,,,,
3037bf5f-dc60-4772-898e-fad22ab868e4,4c21fae0-4f02-540b-9e7e-2a78c73c9dd1,complete_onboarding,in_app,2026-04-27 19:23:18+00:00,,,,
63b139d9-917a-451b-ae69-dfc176fda269,a5432c9b-f924-5eb2-b7dc-390b22f44b3c,complete_onboarding,in_app,2026-04-19 23:23:50+00:00,2026-04-21 03:23:50+00:00,,,
743d5928-67d1-4f49-90fe-a55b4407f2c2,b9fecfe6-9ec6-5ec8-ab2b-d32e2c82f1ee,send_reengagement_message,email,2026-05-19 18:15:35+00:00,,,,
b1136aed-10d0-4de9-9b65-5761e261bc25,62043c44-f876-57e7-a427-def2990e37ea,complete_onboarding,in_app,2026-05-03 02:03:29+00:00,2026-05-03 17:03:29+00:00,,,
1ab0db08-745b-4efa-a9fd-6eb35dee6c04,4d9c0f87-cee8-596b-b8fe-4934cb252b46,complete_onboarding,in_app,2026-03-21 14:59:47+00:00,2026-03-23 02:59:47+00:00,,,
b3f69414-7e2b-4802-93f4-f65efb9adc31,8d570b17-982e-548e-aacf-28ab3b5e5cd0,send_reengagement_message,email,2026-04-09 12:49:08+00:00,2026-04-10 08:49:08+00:00,,,
647e55d2-17f3-47bc-9824-e7388697dc1f,b25f0a21-246d-592d-b7d1-52b78996d181,complete_onboarding,email,2026-05-09 17:47:05+00:00,,,,
416aee46-7fa3-492c-a8e8-46df5dae8bcb,9008f8dc-bbc2-55e3-9dab-465ceab2e9ef,send_reengagement_message,push,2026-05-01 15:22:47+00:00,,,,
57430ae6-a99a-4eaa-bc20-b02bc902331d,6fecfdb7-1989-5078-b6e1-60ecd0291ed9,complete_onboarding,email,2026-04-06 05:18:37+00:00,,,,
8f165466-dcc6-466c-8831-11596abcad72,688dcc8a-cb9f-57e4-a9ee-7d709dca5812,complete_onboarding,in_app,2026-03-26 19:36:20+00:00,2026-03-27 20:36:20+00:00,,,
5594e25b-336c-4e52-b366-f382a37971e1,b19a4197-25d0-5e9b-8232-cf6e18c64d5e,complete_onboarding,in_app,2026-04-20 02:12:22+00:00,,,,
7cbf3139-9754-4f20-9dd1-3f136d0e827b,d5ba10b5-eaba-501c-a3b5-66570994ef93,complete_onboarding,push,2026-03-07 03:49:22+00:00,,,,
6e32897b-e023-4832-aa07-e887915ed9c2,b55ef653-fd66-59b1-9be7-d08683b71fbf,send_reengagement_message,email,2026-05-03 03:10:05+00:00,,,,
4dcd0d8f-e175-4de6-83ef-5e2978bb29e7,391e1b13-e74d-5367-a974-940c86c7939a,send_reengagement_message,email,2026-06-02 13:01:04+00:00,2026-06-03 10:01:04+00:00,,,
95f59be1-d0e6-4c70-9dcf-ee5a445e5461,02e5cb80-6288-566b-b563-da50cd071c17,complete_onboarding,push,2026-03-26 08:44:22+00:00,,,,
0b158817-b755-41af-8456-292d794f3dfd,7be67439-a603-5a4a-b681-f1b300193fa4,send_reengagement_message,in_app,2026-04-14 09:09:50+00:00,,,,
59c4eb0c-5183-43bf-aa8a-a7995c36ef3c,fd4957d1-bc4b-590b-b78b-028b1d7e227a,send_reengagement_message,push,2026-05-25 14:11:01+00:00,,,,
0475fe87-8071-442b-9021-c097c868b8f5,5832f686-bf55-5a5d-9ecc-2ce170240116,complete_onboarding,in_app,2026-03-11 06:46:34+00:00,,,,
672dfb36-7c67-4e67-bf76-5edf5a547e78,e74286f1-2ce5-58a7-a5ad-47c08a94b989,send_reengagement_message,email,2026-04-22 10:17:41+00:00,,,,
07047f9e-519c-4ad2-813a-aae8f97af775,a83ec2e9-e59a-5785-a568-c7cd9755a4cd,complete_onboarding,in_app,2026-04-07 14:52:53+00:00,2026-04-08 21:52:53+00:00,2026-04-08 22:48:53+00:00,,
b647b597-8dce-4a18-8831-16cd66928d1e,4d44ba2c-fe25-5bfc-a306-552ea02ddd7a,complete_onboarding,in_app,2026-05-01 01:17:16+00:00,,,,
f624b6f7-011b-44a1-9a0a-3d231ad83c3f,f94703a1-facb-5960-a5ab-ab68f7b6cfcc,complete_onboarding,email,2026-03-15 21:40:24+00:00,,,,
1f16f112-340b-48cd-bd60-a9258f4646fd,c42b8d9a-d250-5c10-a8e8-74de977cf610,complete_onboarding,push,2026-04-05 22:48:04+00:00,,,,
c97b8c1b-0d30-46a6-bd85-12292471f616,01f3f17d-d7b4-52ad-8bbb-cf69225d229f,complete_onboarding,push,2026-03-17 12:15:09+00:00,,,,
a7a92a25-69cf-46d5-bfea-4495d0f81a01,81decb2a-372d-5758-aa10-0d16debb0cb4,complete_onboarding,push,2026-04-30 08:19:26+00:00,2026-04-30 10:19:26+00:00,2026-04-30 10:22:26+00:00,,
69a04593-1d42-40a7-991d-c5babd23101a,5f62f773-43b1-57f9-aa61-0eb7c4cc0b39,complete_onboarding,push,2026-04-19 15:03:36+00:00,,,,
1a1a8331-0e62-47ee-887a-9042a3a0354b,b85e9cc9-336a-51c0-b6f5-020f94f928c9,send_reengagement_message,email,2026-04-29 06:35:52+00:00,2026-04-30 04:35:52+00:00,2026-04-30 05:30:52+00:00,,
0364b738-8139-4108-9223-1036a9455bcf,e26ffd1f-ac18-57dd-825f-86e556ebd555,send_reengagement_message,push,2026-04-22 02:41:14+00:00,2026-04-23 03:41:14+00:00,2026-04-23 04:25:14+00:00,,
f786e220-6c1a-4360-a5e7-95c122ad619f,5fcae548-f605-5de9-a180-d23b9c628308,complete_onboarding,in_app,2026-03-17 13:39:22+00:00,,,,
10300b58-ffa3-4c0a-b551-16e8314666f8,3b0d90d1-beea-5b2d-9528-bf82a27d9d8d,complete_onboarding,email,2026-05-09 14:35:14+00:00,,,,
f201d8cf-0759-4ded-ad24-ab112d40646b,625f98d1-e220-5286-9dd7-da4be1253234,complete_onboarding,in_app,2026-04-20 16:31:37+00:00,,,,
e24f34cf-1ce6-4cf0-9747-3a12cedb1c7f,eb9deffa-833e-5437-9c51-12ec210aab46,complete_onboarding,email,2026-03-29 00:31:22+00:00,,,,
091f516d-c22e-4dbe-851e-6db5018b1de5,cb3165f2-3416-561a-b7b7-bd583cecc95f,complete_onboarding,in_app,2026-04-04 13:28:46+00:00,,,,
68e0dc10-918f-4a09-ab14-2b080dd8f154,a47cf915-85e0-5e20-bc6a-1a44b9b945fe,complete_onboarding,push,2026-04-26 02:33:14+00:00,,,,
2e5ca0b6-469f-4c84-967e-a31440e08916,ab4b58e9-efd2-514b-b95f-feffe2f0106e,complete_onboarding,in_app,2026-04-25 15:35:55+00:00,,,,
0540fcbf-6c89-4591-b45d-b23268ce3a7e,e0c067c8-eaf3-5488-a032-44726c844c91,complete_onboarding,in_app,2026-04-07 19:34:49+00:00,,,,
23bb9954-84a7-4106-bc04-8e88d949fb9c,4a795a13-fdd9-564e-9941-3b04a154e7b2,send_reengagement_message,in_app,2026-04-15 21:36:10+00:00,,,,
bb731631-9297-451d-baf3-3003cbd14fd6,f412c332-bd78-596a-8b10-4d5b81c18846,send_reengagement_message,in_app,2026-05-10 12:52:44+00:00,,,,
952fa085-b2c8-4853-95be-f222013d13d6,c300373a-0909-5442-93e3-c834ecd6cdc5,send_reengagement_message,email,2026-05-10 10:02:00+00:00,,,,
a5f85b7c-36aa-4369-93f8-956c65f4b139,d3fc9d93-aa76-50d1-86b9-88c5341cdb54,complete_onboarding,push,2026-04-17 09:05:42+00:00,,,,
3b7d9755-11bf-45d6-82af-68aaa9170e6c,58469dd0-e74e-5359-bb99-ac2ffed4feb9,complete_onboarding,in_app,2026-03-12 00:38:34+00:00,,,,
35f80ae8-3a49-42d0-818d-568aa5caf90c,11e05812-5169-53b6-91f8-c912327aa440,complete_onboarding,in_app,2026-04-08 14:55:47+00:00,2026-04-10 12:55:47+00:00,,,
7fd5dba0-8aa7-4730-a3be-d5fad831f2fa,60975690-2947-5dcb-8dd9-e0fba68fe9b7,send_reengagement_message,email,2026-05-07 08:38:59+00:00,2026-05-08 06:38:59+00:00,,,
c9594005-b123-4c4b-9e7c-6de135f41aa6,c323c4c5-30cf-5416-89b7-de8a92005c48,send_reengagement_message,in_app,2026-05-30 13:18:03+00:00,,,,
d5c9df92-8297-4aeb-ae48-f7e5ec95fbfb,c9379373-2677-57a0-ad9d-6d4fae79b8f6,send_reengagement_message,push,2026-05-01 06:19:56+00:00,,,,
7b247bf5-bbd1-4821-802a-de19453c9212,ac3bc841-a6f5-5712-84a2-058907914734,complete_onboarding,in_app,2026-03-30 15:32:00+00:00,2026-03-31 16:32:00+00:00,,,
e943ac57-f78c-4033-8da6-8582aa70f773,efe3474b-e521-58bd-a1fa-c012e02d4014,complete_onboarding,push,2026-04-14 08:23:34+00:00,2026-04-14 11:23:34+00:00,2026-04-14 11:47:34+00:00,,
ec442988-90d0-4e32-a548-5cdb3c71f1c5,24d69ab9-4e23-5322-a40b-fad58e7efb0b,complete_onboarding,email,2026-03-19 05:30:06+00:00,,,,
15569372-f8ea-4cfb-be77-2233abd0a696,7dd94601-e0f8-54c1-be4e-13fe96f33507,send_reengagement_message,email,2026-04-01 06:11:28+00:00,,,,
923b6704-95ca-4ebf-bc42-d759c4a23e5b,393865f0-307a-5bba-8be1-7cdc9252962e,send_reengagement_message,in_app,2026-05-11 18:55:24+00:00,,,,
98f0709d-72f3-45a2-960d-6e5b3f167701,0a83d12c-5fe6-509f-a63c-555ca37040a3,send_reengagement_message,email,2026-06-02 01:07:10+00:00,,,,
5b980c44-1cd4-42e7-81ad-ea148f002ba6,817fb9b7-c373-5634-890a-7ae42a6ca6d4,complete_onboarding,push,2026-05-04 08:59:17+00:00,,,,
e110b89f-1f32-48c6-a2ff-8ebc6be79021,42e4d873-6a4c-5e52-b343-3d73c19e1afc,send_reengagement_message,push,2026-05-05 06:32:37+00:00,,,,
7ef397bb-4efc-4f57-a688-574277c15e97,408491d1-3340-593a-9926-e206786ec612,complete_onboarding,in_app,2026-03-09 18:39:35+00:00,,,,
0bfc4d2a-d1c4-4a94-a4b8-17a3a5d6e212,3d1940b8-e77b-5efe-9718-9215248829da,send_reengagement_message,push,2026-06-02 04:04:47+00:00,,,,
6113fc4c-2792-4306-9317-2610addeb439,35fcd0e8-c0b5-5d74-a247-62b2aa7bdf4d,send_reengagement_message,in_app,2026-04-26 00:35:29+00:00,,,,
9beab803-ad84-46c5-b0e7-67019bdece78,85c5894f-2635-5fa2-9edb-1c937668c46e,send_reengagement_message,push,2026-04-14 23:40:55+00:00,2026-04-15 13:40:55+00:00,,,
cefcb46c-f8a0-4e58-a5f2-e813e23cc956,9b5039f0-9f66-59e8-b8a0-3a26a6f876ad,complete_onboarding,in_app,2026-05-07 13:57:33+00:00,,,,
26f9f209-ee0d-4b6a-80ca-b8e832e79e12,bbcecc69-3604-567a-8129-e9d61edc2e16,complete_onboarding,in_app,2026-04-27 12:02:33+00:00,,,,
bd523825-feb9-4a48-bab9-49519560185b,621cdad5-5a02-5b63-abc6-b6ba390117f8,send_reengagement_message,in_app,2026-05-16 17:22:05+00:00,,,,
3195ed17-713b-4bcc-98f5-8aa098a98b48,5b500678-bd40-5277-ba89-e7a99cb96d28,send_reengagement_message,push,2026-04-14 03:57:31+00:00,,,,
850e348f-e86b-48c1-ae8d-30c88ac21ed1,5033a6e4-7cd6-54f2-95ef-1a6a459690bb,send_reengagement_message,push,2026-06-02 10:25:59+00:00,,,,
1b2c0f87-00c2-4419-98c3-990bfc366147,54cb4572-289c-5e2c-90b5-a745f6eb4971,complete_onboarding,email,2026-04-07 05:56:54+00:00,,,,
5434b1c4-7e96-41af-bdd4-079460bbd863,cfc690bc-8f24-55de-817a-6f27d15a6384,complete_onboarding,in_app,2026-04-12 16:01:15+00:00,,,,
65ff142f-b222-4d00-9737-35d6932f9d6b,578bfb67-12c7-55d8-8899-a67364b2dc49,complete_onboarding,push,2026-04-27 19:35:07+00:00,2026-04-28 09:35:07+00:00,,,
2a2040e3-4f3e-4858-b64e-eb156dc36b60,d2c08152-0e1d-5086-872b-d67245d752e5,send_reengagement_message,in_app,2026-05-10 12:57:09+00:00,2026-05-11 16:57:09+00:00,,,
58880165-2523-484e-8d51-24a34cfea877,602b0e1b-a0a1-5ddb-ae3d-bf2da2fef9d4,complete_onboarding,email,2026-03-18 21:18:25+00:00,2026-03-19 13:18:25+00:00,,,
799757d9-286a-4890-8913-29418d31258e,b4478271-dcae-5fd7-b05b-a2d164f836dc,complete_onboarding,in_app,2026-03-27 20:54:25+00:00,2026-03-28 20:54:25+00:00,2026-03-28 21:05:25+00:00,,
88d04c2e-9795-4eed-9027-4530cd81c841,63dea497-0693-51cd-b00b-db273ebb9d2e,send_reengagement_message,email,2026-04-19 22:07:23+00:00,,,,
ed94ed86-05ac-43de-a312-fb19ded4870a,3aa88c02-3f88-590a-ac74-3c6d4874b874,complete_onboarding,in_app,2026-05-11 09:07:07+00:00,,,,
fe33aaf0-518a-4a99-9677-67d5d9d22156,070346f0-1811-5a1c-abbb-65c46f83fb8b,complete_onboarding,email,2026-04-25 07:13:17+00:00,,,,
bbd22b57-7ee0-49f1-8de9-a31296a385ce,93797807-0caa-5c77-be6c-6aaf100206c8,complete_onboarding,in_app,2026-04-01 06:39:04+00:00,2026-04-02 12:39:04+00:00,2026-04-02 13:11:04+00:00,,
7664b95f-5be6-4674-8800-c802b98aca46,abbfea8b-1aed-5e80-a44a-f7b5c00bcce6,complete_onboarding,in_app,2026-04-26 16:42:00+00:00,,,,
d72be84f-2b9f-4053-9d60-608c2ac600c7,c99f6ca5-2ae7-5d99-9528-f21e21a74de5,send_reengagement_message,email,2026-05-15 22:58:24+00:00,,,,
d0347892-5961-412c-b2ff-27b4f62ad27a,f8a034bd-d2d9-53c2-9d49-d7a6a048c6c2,complete_onboarding,in_app,2026-04-03 04:49:50+00:00,2026-04-03 19:49:50+00:00,,,
d53884f2-29ee-4a29-8d66-31f1adfe0432,a78b56d1-87aa-5089-aed9-9a919ef175ba,complete_onboarding,push,2026-04-03 19:35:59+00:00,2026-04-03 22:35:59+00:00,,,
91e5f8b1-743a-4b37-bc14-9f5d851bef2f,a7f953f0-49e4-5737-a991-f094f85b576e,complete_onboarding,in_app,2026-05-07 16:57:00+00:00,,,,
6e9b3f05-ec20-4975-825f-b9895ad5a434,3bfa1aeb-b2be-5535-bad5-217c00be8e5f,complete_onboarding,in_app,2026-04-14 18:22:18+00:00,,,,
f1e66aec-c42d-4bcb-8782-1e56f6c7a758,00908f39-509b-51c1-a772-b0bf365d623d,send_reengagement_message,push,2026-04-05 07:35:51+00:00,,,,
f13fb1f6-f197-4b0c-9325-6e7d32ee5ebf,b2172280-2da9-5f06-9d52-2639b618cefa,send_reengagement_message,email,2026-05-14 15:57:34+00:00,,,,
fa200cad-2675-4d2b-a964-d707ab2a6cbc,aa38c036-36f3-52fa-b23c-173fcfb7919f,send_reengagement_message,in_app,2026-05-05 16:19:27+00:00,2026-05-06 19:19:27+00:00,2026-05-06 19:47:27+00:00,,
30ffde65-ce27-4258-b7f3-5ce3d230af21,e2f19f7a-2577-5e5f-b604-d57c54f8cea8,complete_onboarding,email,2026-04-11 02:47:40+00:00,,,,
cf727e0a-f919-4912-89da-7e67f702faed,5c83d5fa-754f-551f-9446-7fafc5e2b581,complete_onboarding,in_app,2026-04-26 00:46:20+00:00,2026-04-27 00:46:20+00:00,,,
6edec50c-cb26-4cff-8007-db18c9ed4bc5,f406c395-0d04-58c8-b5fc-abace14ccc57,complete_onboarding,in_app,2026-05-08 14:08:04+00:00,,,,
2bdccd02-09eb-45e2-9ac8-1b0edad393fa,8ad18110-a232-5194-97d2-1d171de4eecd,complete_onboarding,in_app,2026-03-29 19:12:07+00:00,2026-03-31 04:12:07+00:00,,,
0630325e-928f-43d6-86a0-afb262909a6f,32c08881-2a03-507d-8258-169f1856e4f1,complete_onboarding,email,2026-04-04 22:21:43+00:00,,,,
17e626d5-6dd5-4589-8973-52c0190f7b16,99e3009a-618d-5d7d-b5b4-b187f0853aa8,send_reengagement_message,email,2026-04-08 01:48:13+00:00,,,,
e381a2cb-7c49-43ee-89be-f28fe13a2584,96a4b4f1-7f83-5b4c-a084-309be9b60a4b,send_reengagement_message,email,2026-05-09 15:33:02+00:00,,,,
3fd9e100-68d4-46ee-9da0-6abd4306ccd4,02882b51-ac13-5dfd-ab2c-4c954709ac45,complete_onboarding,in_app,2026-04-03 18:53:37+00:00,,,,
70bcd109-3948-4cd1-a72c-43c8b63e00c3,0f468c25-9474-5982-b662-bc9db69a5025,send_reengagement_message,in_app,2026-04-18 14:57:06+00:00,,,,
77204f46-af1c-4db2-8c3a-8c13dd6777e3,ec686e28-b7ce-50f7-90e8-ab0fa746f0b9,complete_onboarding,in_app,2026-04-24 01:26:32+00:00,,,,
e40a4b9e-7249-4eec-99d6-07907b9c2174,9cfe8fd3-2031-5d5d-a6c7-fb3dce28a187,complete_onboarding,in_app,2026-04-04 03:54:25+00:00,,,,
b62b697e-eae4-4b65-9a08-2cdc054dfb63,e0e9787c-7d9f-55ad-b19a-b4ee70938393,send_reengagement_message,in_app,2026-04-27 00:59:34+00:00,,,,
325f271a-87dc-407f-bf56-78b398d893a8,434cdeeb-0490-57f2-9a60-ec6459951d48,complete_onboarding,push,2026-04-06 08:43:21+00:00,,,,
ee8118ac-a7ff-4846-95a3-77c982ed49b1,8743419a-9d57-5ac6-b730-e3a78537ab1a,complete_onboarding,in_app,2026-03-24 20:08:20+00:00,,,,
b025b505-c191-4934-800c-a8229ea713dc,1b9b5ae9-1d3e-5cb9-a88e-fd7ffe4c54ad,send_reengagement_message,email,2026-04-03 16:20:10+00:00,,,,
f1c7010e-719c-4858-8260-cbbee10b47e1,97bd1d4b-2638-5fc6-969e-e96e0c8eeb91,complete_onboarding,email,2026-05-03 01:53:55+00:00,,,,
cd9a3f63-e9b1-4e65-9851-971a312a0b61,3fbc5f04-20ed-584a-8483-59ae105fbd36,complete_onboarding,in_app,2026-03-13 07:53:38+00:00,,,,
ec08e515-f4f6-4df2-8268-43fb26f1c5e4,38759f28-409a-5da0-bc90-1ca3122ffb00,send_reengagement_message,in_app,2026-04-17 09:59:56+00:00,,,,
1c3d4947-3c57-4a6e-9a97-56d8adbb02f8,d67d70b7-29d9-5511-b91f-27a41299c51d,complete_onboarding,in_app,2026-04-22 01:21:46+00:00,,,,
c0ae2a2c-dd27-4e63-83c4-4b633cc5049b,7f164204-9827-5e04-a333-9a268f66e17f,complete_onboarding,email,2026-03-16 01:25:26+00:00,,,,
997ab6b6-378e-4285-aabb-a05215716a78,745500a7-6006-58d5-b851-24e4c1b820f2,send_reengagement_message,email,2026-05-10 05:32:13+00:00,,,,
73965594-cf16-4954-9cd9-482a69ef3a5f,ef2c2c4b-6af2-536f-99fd-88449f3ad4da,send_reengagement_message,push,2026-05-15 13:57:25+00:00,,,,
d539e853-53c4-4b01-b4ea-c412fa3848c0,02b32eec-8eaf-551d-98b3-fe4afefad94e,complete_onboarding,in_app,2026-04-21 17:46:41+00:00,,,,
fd41549a-7ef6-4f15-8718-04743c6a27e0,d43fd473-b2b5-51d2-a35f-19463d3fc3fa,complete_onboarding,email,2026-03-28 01:08:01+00:00,,,,
06319792-3df8-47a7-8bed-8173b15e2717,00f9fd2b-3c32-505e-a899-7cdf2f289412,complete_onboarding,in_app,2026-03-08 08:43:58+00:00,2026-03-08 13:43:58+00:00,,,
20695bd1-9756-4d68-87bd-00bdabe8e411,8db8865b-379a-51f2-b695-ccde23a3deb6,complete_onboarding,email,2026-05-07 05:27:17+00:00,2026-05-08 19:27:17+00:00,,,
8dc3e702-04e1-486d-8fb2-3f886a08146b,814d16d9-bcc8-5610-aa61-f6abe4c308d2,complete_onboarding,email,2026-03-29 12:45:40+00:00,,,,
1b51b000-2ced-417b-b591-b4525226ffd4,3914dfa0-eedb-5055-bbd5-2c3f84f7500b,complete_onboarding,in_app,2026-05-01 13:05:23+00:00,,,,
cff9c038-b607-408e-b526-fc51c290da4f,dcd8dfc5-c6d1-5aa8-8b10-a560047734eb,complete_onboarding,in_app,2026-03-20 15:34:22+00:00,,,,
09e1f92a-66c9-492a-aad3-2da81f12e1e6,4212e3f8-dafa-5d46-acb8-34a4afe1e873,complete_onboarding,email,2026-03-18 04:57:05+00:00,2026-03-18 14:57:05+00:00,,,
d346aa09-d166-4273-9b04-b2564a7a3186,bcf9c820-0ea2-5fd2-bf26-ca399b211cef,send_reengagement_message,in_app,2026-05-18 16:37:06+00:00,,,,
8bbb6d12-a000-4d48-938f-0cd022e83edb,a068069e-7b14-56e6-9b69-37d7edbf4d1a,complete_onboarding,in_app,2026-05-10 20:11:44+00:00,,,,
fa13c994-a960-42ea-9f79-b30433733370,8d86438d-c8d9-5f09-9bb0-e7196b4f871f,complete_onboarding,in_app,2026-05-05 09:12:13+00:00,2026-05-05 16:12:13+00:00,2026-05-05 16:31:13+00:00,,
a364733c-e3cd-425a-b729-f4158b72f8d0,47e6ec30-df62-50af-806b-2355487d162a,send_reengagement_message,email,2026-05-16 20:03:48+00:00,,,,
15d2ef21-8340-4a28-b566-5d8a93631983,ef4cb58a-5b79-534b-ad35-a0bd7feeb30e,send_reengagement_message,email,2026-04-12 00:30:08+00:00,,,,
091120ed-446c-4df8-8649-e1392015e03f,b8f3f100-a363-552d-9afc-59ccc1e7e4a8,complete_onboarding,in_app,2026-05-09 00:16:34+00:00,,,,
c68d4d3f-6843-41e8-bcdf-7449fa12fd8a,65532a1f-02a5-586a-8423-af607c368d08,send_reengagement_message,email,2026-05-11 01:57:28+00:00,,,,
79cc7165-150b-4a05-a7ea-e4ec05dab79d,fc502f61-6157-57e0-aec2-169c5e64e59f,complete_onboarding,push,2026-03-18 21:06:14+00:00,,,,
fc1db17d-47ee-4865-b332-017df8bc9c69,251b288c-a140-53d0-acc7-4f56126fac8a,send_reengagement_message,email,2026-04-03 22:13:28+00:00,,,,
8f811db6-790a-4bcf-a93d-69149dd3c22a,e486fc36-f15f-5979-98ff-c25668608175,send_reengagement_message,push,2026-05-25 02:38:37+00:00,,,,
a092609d-4df7-48e1-b9c7-6b034e801efd,f246743a-8134-5945-b0e7-4565c9d8a905,complete_onboarding,in_app,2026-03-16 13:36:41+00:00,,,,
4dcc5a14-bb91-4a2e-88fd-38ca77a59a72,b913eeef-4657-55dc-974b-402cbeb5add7,send_reengagement_message,email,2026-04-14 08:34:20+00:00,,,,
94aa5d9a-e186-4ce7-bef7-c8700558bf60,3ef8e692-95d1-507c-930f-95477314a0fc,send_reengagement_message,email,2026-04-14 13:30:36+00:00,,,,
31c68bc0-61a0-452b-beeb-a859b0ba13b3,07e89462-b377-59db-97a0-6fccc6c9f458,complete_onboarding,push,2026-03-26 09:30:29+00:00,,,,
f53b604d-a292-4f9c-9498-be51a1900da5,5774e25e-46d0-5a2d-a1a0-0393dc9fddef,send_reengagement_message,push,2026-05-11 13:21:48+00:00,2026-05-12 23:21:48+00:00,,,
66a40552-889d-47a3-a74a-36392bf784ff,dbcdcd45-a84a-5b1d-a8a2-a0974e65a77d,send_reengagement_message,push,2026-05-28 02:13:39+00:00,,,,
633a80c4-26da-472a-8708-3466d9a5440f,e7daa46d-9895-5a15-89bd-56238dd83238,send_reengagement_message,in_app,2026-05-27 19:30:03+00:00,,,,
11a95abe-5b44-45f9-93bc-4549e2d52001,dfb733ac-e367-5167-92a8-9e2b7039f01e,complete_onboarding,email,2026-04-27 04:00:25+00:00,,,,
f5b0bed3-4df9-4e16-9868-02179954b106,c307130a-534c-53f5-a385-d376b6fc7ca9,complete_onboarding,email,2026-03-20 23:22:36+00:00,2026-03-22 18:22:36+00:00,,,
0b638c8b-b66e-4aea-b2ea-b858faea7359,0558bc59-5825-533d-b0a5-047737e6d80d,complete_onboarding,in_app,2026-05-12 06:43:12+00:00,,,,
c9d8bee9-e1fd-4138-977b-ec5f07393232,3895ad62-84d4-5642-b706-a88c8369eae7,complete_onboarding,in_app,2026-04-13 09:40:57+00:00,,,,
5b5df70f-e1ff-4787-a79c-e821b0fb9ddb,7509f6ad-f46d-5d1b-9adc-592eb889e93e,complete_onboarding,push,2026-04-13 16:07:15+00:00,2026-04-13 21:07:15+00:00,2026-04-13 21:13:15+00:00,,
8f7d51ba-ddca-45f8-8ad9-5c832315b134,18fc18e6-d969-5d13-b6c9-e4f19de1636e,complete_onboarding,push,2026-04-24 09:30:12+00:00,,,,
812d436b-a6f7-47e4-94cb-0492f7ca638b,7a0f1c60-ef6e-51a4-9e9a-0c0c1287fc05,complete_onboarding,push,2026-04-29 01:37:18+00:00,,,,
1defb9cc-4d6a-4732-bae4-5124acce9b4d,a9159ef0-e187-5a4a-a6b5-9c33c51432b0,complete_onboarding,in_app,2026-05-11 18:02:21+00:00,,,,
76cb0cdb-70ac-4149-82a9-ce0a05812ece,2fe3f52a-84c6-5c15-9f17-ab86b260de19,send_reengagement_message,email,2026-05-05 04:25:13+00:00,,,,
93b4a583-28d4-40c3-9dec-c31da694e1be,c7879422-20b1-5284-b363-a771bd040361,complete_onboarding,push,2026-04-18 02:15:35+00:00,,,,
e1dd1f8d-16c1-4cbf-bc46-57b0cb911060,5eb86530-7d03-52fb-80a0-af1e13028e7d,complete_onboarding,push,2026-04-27 10:35:37+00:00,,,,
33fb2fff-09be-4ec8-8aec-2ca3cb70de47,e97a4f0d-dd52-52a0-9fb3-82483b4de527,complete_onboarding,in_app,2026-03-24 14:27:24+00:00,2026-03-25 19:27:24+00:00,2026-03-25 19:52:24+00:00,,
02e2e17a-93e3-4bd5-8b6a-a5d360f34e27,6626351f-7e1a-5d98-8108-ccb4ff39540c,send_reengagement_message,email,2026-04-16 05:34:20+00:00,2026-04-16 09:34:20+00:00,,,
689d1595-a4d1-4d19-a3d0-fbbff6ff0714,ec59f45b-04a8-591d-be5e-e42759bbeab4,complete_onboarding,push,2026-04-19 03:47:29+00:00,,,,
77228272-3b26-41a6-8fcc-257f069c6bf5,95678528-4851-5fe7-bea6-fc09b8f6e4eb,send_reengagement_message,in_app,2026-03-30 10:11:46+00:00,,,,
100dcfa8-cabd-41cc-9e55-796f084ab559,dd737b6a-7e22-5fc5-8ca3-52c835315899,complete_onboarding,email,2026-03-29 02:43:59+00:00,,,,
e5cfec02-3177-4f2d-8a70-64f1a19ed838,3ddf4683-88b4-524b-b1a2-8b6493d3fedd,complete_onboarding,push,2026-04-25 13:00:02+00:00,,,,
da71a386-8285-43b9-9dea-5737acee8fba,429ad157-6c2e-5035-aca6-d6f0bf42dc2e,complete_onboarding,email,2026-05-13 08:28:06+00:00,,,,
7f319c09-5b4c-49c4-85a9-0bd1b7a7a1d0,b115aa27-826a-5f00-bf8d-6bd19723eb42,send_reengagement_message,push,2026-04-30 20:17:08+00:00,,,,
a85d0c5e-7fbd-4c83-9d5a-dc368064393b,82229cca-f204-5e49-adb3-f2f5f8b654ec,complete_onboarding,push,2026-04-03 13:51:48+00:00,,,,
9d4930f4-f9ef-4218-acfc-5e3d3523c19e,6a8e177a-0240-52e3-bac6-4336735c5889,send_reengagement_message,email,2026-04-25 09:15:47+00:00,,,,
2d273188-77b2-4616-a0d1-2a9a12dedef1,d3d935fb-2e26-5b85-84e6-7e4702c32d33,complete_onboarding,push,2026-04-23 07:04:04+00:00,,,,
ef3073c7-713e-424f-9b16-0d2ea6b82b37,b064ed80-cc25-56f4-96e2-a00c9ce75908,complete_onboarding,push,2026-03-08 14:27:52+00:00,,,,
0352910b-9575-4fbe-acc5-ef984a1759bc,a8e4849c-7967-5f30-a901-2b6b189ded9a,complete_onboarding,in_app,2026-04-13 04:58:52+00:00,2026-04-13 13:58:52+00:00,,,
bb20b5b1-80a9-468d-b8fd-715febf1d975,d77dd657-e0a9-5fdb-b5c3-bf16c4480a25,complete_onboarding,email,2026-04-03 14:30:05+00:00,,,,
243f5c26-89ce-426a-9ef4-ff57ab59a42b,fc873ecc-8b1c-571e-8b11-48c7b333d5dd,complete_onboarding,email,2026-04-24 08:31:38+00:00,,,,
08ff117f-beee-4ab5-b489-7c8b865a9ba5,88c7353d-811f-584b-8af8-e62bb9decf5e,send_reengagement_message,push,2026-05-25 09:10:40+00:00,,,,
50d3f1da-1731-466c-9cf5-8035e68b6b1e,40f5aa21-56f6-5972-8e53-34fc5cbe973e,send_reengagement_message,email,2026-05-31 09:48:51+00:00,,,,
cf120b89-7c0a-4879-a569-d399c9d8da4a,42d57efa-a889-56f5-af42-6f4392fa93e7,complete_onboarding,in_app,2026-04-18 02:32:10+00:00,,,,
98ac49b6-e20b-484a-8108-033b60350efc,a6db23a8-e2ca-52f8-82cb-f8df0e0f35ed,send_reengagement_message,in_app,2026-04-20 00:24:09+00:00,2026-04-21 14:24:09+00:00,,,
4bf6293a-d9eb-402d-998f-8f96e2b3d54b,71388fec-f675-58ae-aa7b-efcfd0291825,complete_onboarding,email,2026-04-06 15:10:08+00:00,,,,
d89b83e5-ddba-4a06-96b3-a02e2b30ab39,f590b786-7f93-50ae-a156-cd7112203177,send_reengagement_message,push,2026-04-07 04:13:12+00:00,,,,
cc6b6c75-c1e3-4f34-bce3-59053fb4e51f,4bc9da5f-2650-5847-8010-2f369ebbd462,send_reengagement_message,email,2026-05-29 13:54:43+00:00,,,,
2539f1df-8ad2-4fe0-b053-4aacb6cceb91,547e6239-ab69-5df7-8803-463ea3fb0030,complete_onboarding,in_app,2026-05-04 11:08:51+00:00,,,,
c9662063-472a-4a7b-9893-92beb83b20fa,ee448bfb-de81-585e-8073-1eb6550e549b,complete_onboarding,in_app,2026-05-04 22:11:52+00:00,,,,
0ca33a68-34f6-41a8-a702-4c89c9902b2a,9c9ad04d-28a6-5701-84c3-1e8cefc576a4,send_reengagement_message,in_app,2026-04-17 15:22:19+00:00,,,,
a9a304d0-befc-41b8-ad52-7127996d4cf2,51d5c060-e3d9-582a-8729-a241d832f9da,complete_onboarding,in_app,2026-03-29 05:35:19+00:00,,,,
31415ed4-47d8-4838-80ac-0ffdd1628c9e,fde0ea18-df60-5177-942c-fe2e41425fbb,send_reengagement_message,push,2026-05-24 02:33:05+00:00,,,,
4137cf11-876d-4b78-bcb0-5e42118de15d,890cd187-ec7d-5e5b-ad26-a8294d298612,complete_onboarding,in_app,2026-04-13 13:46:18+00:00,,,,
529063f9-60b8-4291-99be-3825ca2f3874,dfd8abfa-99b5-57db-8cc9-84ab8e30dabc,send_reengagement_message,push,2026-05-13 14:54:36+00:00,2026-05-14 09:54:36+00:00,,,
e623f6ca-5f2a-429f-b32a-085283bcc3b7,e25b51b3-52e7-5097-a770-0410a47fc071,send_reengagement_message,email,2026-04-28 19:08:55+00:00,,,,
5a19026d-74d5-4b8b-bc71-49f776bf383d,e7564f59-c954-56a2-9e4e-98ce54181c88,complete_onboarding,in_app,2026-04-06 13:13:37+00:00,,,,
365fe2f1-5501-420c-a1e4-fc64577faeaf,18e66c71-b7c0-54f7-a3e2-64e21b604abd,send_reengagement_message,email,2026-05-08 14:55:37+00:00,,,,
9b9b838c-157a-4258-a4fd-9fcb350de013,d4758b8e-fc91-5360-8a8d-50ea881bcf61,send_reengagement_message,in_app,2026-05-21 02:17:47+00:00,2026-05-22 08:17:47+00:00,2026-05-22 09:05:47+00:00,,
b7fddc34-87e7-4919-bee4-f211a635f2d7,d6d3070a-5c68-5a6d-895b-40c6e4e69ede,complete_onboarding,in_app,2026-05-01 19:56:38+00:00,,,,
758c863d-f9fb-4f06-a2f0-4ac48e041f94,c633fc74-a25c-50e5-b5c3-7c0a97925ebf,send_reengagement_message,push,2026-04-11 20:24:11+00:00,,,,
26fbbdd2-b4c9-4808-a70e-e70e7621245b,532a35b4-37fe-5308-9973-b0a52a9b27f0,send_reengagement_message,email,2026-04-22 19:04:56+00:00,2026-04-23 18:04:56+00:00,,,
5eab637f-bb7a-48aa-9f74-6eeadcbd4921,6546437a-536c-52b6-852f-db21cfb8510f,complete_onboarding,push,2026-05-08 23:23:03+00:00,,,,
602e8b4c-bd3f-455a-b14d-95b22df30416,5714779c-ed78-50c7-acc6-ff0da851be8c,send_reengagement_message,in_app,2026-05-30 20:34:26+00:00,,,,
b2a37896-8f56-41f4-b82b-40d915380e3d,56506165-4c88-5a9e-9c84-089e10278f8e,complete_onboarding,in_app,2026-05-09 17:56:09+00:00,,,,
6c40ccee-21e0-47f6-85a7-1d1937e5a101,d28067f9-773f-5eb2-9c51-efde31836649,send_reengagement_message,email,2026-04-16 19:22:07+00:00,2026-04-17 00:22:07+00:00,,,
5db0196b-e001-4455-9574-8d015b898738,9e753d78-5459-5ead-9271-f9e4bbea713d,complete_onboarding,push,2026-05-04 04:32:32+00:00,,,,
ee585675-c75d-42c7-97e9-e37153ba417d,7e411f58-9a30-50f2-bad0-d3aaca2ab3aa,complete_onboarding,in_app,2026-05-10 14:09:36+00:00,,,,
740f2a29-b057-4fd5-b618-1c23bdaa3787,01801271-a654-56f2-aa05-7f7445ecbf8d,send_reengagement_message,email,2026-06-01 11:54:22+00:00,,,,
402632d4-5704-41b5-9061-471084a13db4,2df3feef-31d4-5f52-aafe-a9d6f26f206c,complete_onboarding,in_app,2026-03-08 10:36:56+00:00,2026-03-09 19:36:56+00:00,2026-03-09 19:44:56+00:00,,
b1f66ea2-b8f8-402d-b7e2-6dc61650afc3,4a8a5ffe-0097-5707-ac53-3862b2b5a75a,complete_onboarding,in_app,2026-04-27 09:42:20+00:00,,,,
293052d6-4527-4aac-99a9-e7f36170dc01,3b2e1604-ca80-568b-bb32-2f8b7e2d8ed7,complete_onboarding,in_app,2026-05-14 18:36:38+00:00,,,,
d6b7fda4-99a8-4d18-ac5a-46468b47404f,2ef3ab8f-aee5-51da-8779-19421fb2c7e4,complete_onboarding,in_app,2026-04-28 18:17:19+00:00,,,,
c4add628-a4ff-4c70-ad2e-6bec4e4a8fc3,cfd63f94-3806-5958-a697-e6bfcfbc75a5,send_reengagement_message,email,2026-04-11 02:08:11+00:00,,,,
cfbb5f41-295a-4c82-b7c8-7c7b7de49a97,c5036097-47ef-5079-96bc-9a9c0caca61d,complete_onboarding,push,2026-04-28 14:50:56+00:00,,,,
7469a9f2-488e-4ae6-8d6a-42c4078455bb,930ce6e4-1a06-5bb0-99bb-806826b313b9,send_reengagement_message,email,2026-04-02 06:17:02+00:00,,,,
799484a4-a36a-45c8-a8d6-25bd5dd9f320,8e717ea9-92df-504b-86f5-e4a72c04f42a,complete_onboarding,push,2026-04-09 03:53:09+00:00,,,,
e2c1f42f-0a32-4c47-85c3-0afcbbe19e43,36b118e5-f1ba-59d1-991b-7612f38501fc,complete_onboarding,email,2026-04-19 05:01:57+00:00,,,,
9c9d5ffc-a999-4d21-bab7-137f024733a1,873ab326-e386-5297-9978-a378a5f798c1,complete_onboarding,email,2026-04-07 11:53:04+00:00,2026-04-09 04:53:04+00:00,,,
5d5afb48-7cd6-49a5-9f1f-6db2d9171938,6e0fc59f-819a-523a-a910-5073a2fc0866,send_reengagement_message,push,2026-05-13 06:55:26+00:00,,,,
4af2a873-e5b8-427e-9a00-e460a0572149,d0772391-17c3-52d1-b3f8-f5824f58d106,complete_onboarding,push,2026-04-17 19:54:03+00:00,,,,
18a307fd-fbd0-4264-a5ca-37803c3dc88a,8dccfe3e-01b2-5d7a-a1fd-ec3db7ae89cd,complete_onboarding,email,2026-04-20 11:49:13+00:00,2026-04-21 01:49:13+00:00,2026-04-21 02:45:13+00:00,,
39be4f89-35ac-4996-aa35-e2434f5af14c,ce13f14c-7e19-5a90-a46d-8c7d1787486a,send_reengagement_message,email,2026-05-08 17:33:57+00:00,,,,
f3a7e4b8-cdce-4e2f-8317-565f6c70d904,88d68dbf-14b9-5da9-83c4-cab17864f7f7,complete_onboarding,email,2026-03-26 23:06:49+00:00,,,,
63f5b6b4-b018-491f-b72d-aabdf4690447,6ae73353-73a9-59bb-8f27-166cf79a6c60,complete_onboarding,in_app,2026-03-28 01:42:42+00:00,,,,
ef2d9e45-0e22-4830-8bc0-c1e5546ddda4,7526cf4f-4b59-55e7-84f4-119ad8c53b34,complete_onboarding,email,2026-03-24 18:55:49+00:00,,,,
df7169fd-6946-4713-99bb-61e7034d81ae,8133475d-9e4f-5cc3-b8de-02f331852f03,send_reengagement_message,in_app,2026-04-26 20:42:09+00:00,2026-04-28 19:42:09+00:00,,,
7a167d2e-a4ae-49b9-8954-e12f3ca3889d,873e8b56-61a2-5498-bf53-dabf47e1808c,send_reengagement_message,email,2026-05-05 10:21:06+00:00,,,,
7a82ec7b-c6cc-4084-ad5a-3ed6879a8343,0bf97f50-0b12-5ac7-a2d0-dc4d02057b07,complete_onboarding,email,2026-04-04 06:55:50+00:00,2026-04-04 07:55:50+00:00,,,
f9bd4608-80cd-4fc9-8af6-36131d58f71f,e98dd13b-460d-5c29-8ad4-226769add0ad,send_reengagement_message,email,2026-04-14 18:17:49+00:00,,,,
e9ef4d4b-d64a-4938-8966-a991782ba6af,d99b7e7d-269c-588d-894b-87b99b9411a7,complete_onboarding,in_app,2026-03-22 02:25:34+00:00,2026-03-22 16:25:34+00:00,,,
b67ed6e3-3e6d-4cbf-9c50-87acb40af1e5,96c8166a-3e18-526e-84ed-aa7698feb61e,complete_onboarding,in_app,2026-04-21 08:43:02+00:00,2026-04-21 09:43:02+00:00,,,
919933bc-ac96-4cf2-90de-4f85f332147e,9c0952f3-f1fd-51fa-bc54-d844c908e3ce,complete_onboarding,email,2026-05-02 07:23:18+00:00,,,,
cb94a21d-3615-4ee6-94cf-777270df31c7,33236430-72b6-55e6-8aa6-fc4cddcbed6c,complete_onboarding,in_app,2026-03-27 01:24:22+00:00,,,,
97c44a03-2cf2-4c3d-a13d-92c9fa67e573,c4f413e5-aba5-515f-afe2-868738fca2d5,complete_onboarding,email,2026-05-05 09:06:12+00:00,,,,
9cb2f8b0-40a9-43e6-a2cd-d6139b479397,c7851799-2334-5290-8521-be8ed70ba23a,complete_onboarding,in_app,2026-04-15 09:32:22+00:00,2026-04-15 16:32:22+00:00,,,
330c1728-3588-4e2d-9146-dd68f0dc8736,dde51595-68fc-5d0b-9ccb-dd04b3e7ff08,send_reengagement_message,in_app,2026-04-06 13:42:36+00:00,,,,
739bbbe8-d764-477a-bc0c-f45e7014efda,c7dc188b-eb8e-5c10-a8d0-ecf292543a62,send_reengagement_message,email,2026-04-20 06:05:38+00:00,,,,
d16901a7-1689-4fe5-85f9-61e1dd32ee34,0307fc81-3893-5ef8-8153-e7cad9779bca,complete_onboarding,email,2026-03-07 12:25:52+00:00,,,,
de9ec481-c19f-4d23-ae23-f71f1981ab3a,c964453c-7d6e-55a8-b886-bb4d17c1f296,send_reengagement_message,email,2026-03-28 16:51:52+00:00,2026-03-30 05:51:52+00:00,2026-03-30 05:55:52+00:00,,
a3fe471d-a2bd-405c-8dea-8544168b0cf3,921c4e99-0421-563e-84af-0dbe47280e13,send_reengagement_message,email,2026-04-18 04:37:51+00:00,2026-04-18 21:37:51+00:00,,,
71c23194-079d-4f4d-b171-4deee5fac8d8,8cdbafe6-7d90-51c3-9394-ecb69184c8df,complete_onboarding,email,2026-04-07 08:35:22+00:00,,,,
38e8954e-9dab-4b4a-aa65-ad560a4ba908,ed3c3712-8aba-544c-905b-bc4850c441f0,complete_onboarding,in_app,2026-05-01 00:40:39+00:00,,,,
49ab7875-bde5-4172-80e8-00247fd22d3a,785d6d70-d646-5d7d-a32c-e0ccf809b133,send_reengagement_message,push,2026-05-22 21:40:17+00:00,2026-05-24 15:40:17+00:00,,,
34b6d11b-9d04-46ac-961b-4c82fd273596,f67aac35-2008-5e51-a475-8afc82f23590,send_reengagement_message,in_app,2026-04-11 04:22:09+00:00,2026-04-11 13:22:09+00:00,,,
c6b87939-53e3-414a-9926-6b2227262c64,c94d2d33-0fc5-5797-a4a9-40816253854c,send_reengagement_message,email,2026-04-04 13:04:21+00:00,,,,
f84e9f3b-340d-42af-90a8-b2c3bbdf706e,b1bab8c3-12fe-5ea7-a46a-0a8d2d09bcc9,complete_onboarding,in_app,2026-04-24 07:01:19+00:00,,,,
f7ea8176-a9ed-4963-ad0f-f24f48b6d3fd,74b6e502-e320-54d7-9551-8c3712be25cf,complete_onboarding,in_app,2026-04-29 10:17:59+00:00,,,,
7b2422bc-fe99-4966-8b55-368b5a390bd4,7784d36e-4903-556e-969d-21b72cbf6aa5,complete_onboarding,in_app,2026-04-17 17:44:03+00:00,,,,
1902efe6-25ad-4eb7-8e2e-af7afb1e7058,ac7d183e-aaae-5f02-8a49-1b04e188feb5,send_reengagement_message,push,2026-04-02 23:36:20+00:00,,,,
3137c3ec-92e9-49db-a974-2f0aaa447b16,a18aa5d9-6721-5d92-a871-c24f19a3dfef,complete_onboarding,in_app,2026-03-14 23:00:38+00:00,,,,
a5340150-b9ae-43e3-8222-8eb1f5e2fc89,53e99dc2-9132-50b8-9ab2-35f0493f6800,complete_onboarding,push,2026-04-02 21:56:36+00:00,,,,
b00419b4-c8b9-40cd-b615-d24d80322999,79b0cec0-d16d-5181-9931-03e85bec3774,send_reengagement_message,push,2026-04-26 02:11:36+00:00,,,,
ddfc5ab5-6c8d-46ae-94e5-bced47100d15,32e8980b-6fbb-5f26-8763-21998737a15f,send_reengagement_message,push,2026-06-02 21:41:49+00:00,2026-06-03 04:41:49+00:00,,,
527baf9f-2ca6-42e2-9b50-d5c8d50dc32b,a122b83b-5af3-5ab9-8cbb-90c947445bfd,send_reengagement_message,push,2026-04-08 06:55:48+00:00,,,,
e6764303-c257-4bcd-be75-adda21b7f382,c13902db-554a-5cf1-87b9-6fcc47cf51cd,complete_onboarding,in_app,2026-05-11 06:24:44+00:00,,,,
cd0f45b8-2189-4046-bacf-cef4997f9989,003b3d37-d213-576b-87c0-5e387eac95ad,send_reengagement_message,push,2026-04-05 14:57:48+00:00,,,,
b22090f7-5bfa-44de-b1fb-31aa767eb5ae,8cf5c809-630e-5813-a321-51f6d552bb22,complete_onboarding,in_app,2026-03-08 19:43:20+00:00,,,,
0a1d015d-115b-4167-9aaf-d8b64a9ee798,fcd87bb0-0b70-5b91-b6dd-4ec73405bc53,complete_onboarding,in_app,2026-04-05 04:09:25+00:00,,,,
45663301-6654-471c-9d20-0479ae9e004b,37fc31b1-d37f-597e-bac5-9edbedac49fa,send_reengagement_message,push,2026-04-22 16:11:27+00:00,,,,
88effd51-59a0-47fc-94e7-0280ff1b9c6e,f43c97de-d34c-5b03-884b-d6696ee42ca4,complete_onboarding,email,2026-04-18 18:10:14+00:00,,,,
79272ad7-84d7-4b3f-b961-43f499816623,b8ca93ce-f785-5bb0-83cf-59e78ba0c460,send_reengagement_message,email,2026-05-25 13:31:42+00:00,,,,
bc839aab-8b04-4d23-82c6-f6b19a82fd98,c64b4edd-ab39-53a0-ae92-72b5a49a6064,send_reengagement_message,email,2026-05-29 08:53:00+00:00,2026-05-30 02:53:00+00:00,,,
2a4e51f8-9139-41e9-8754-daa44847dee6,fb348d4c-8066-556f-bf64-55de75bdb4c6,complete_onboarding,email,2026-03-26 23:38:30+00:00,2026-03-28 03:38:30+00:00,,,
c6f956e9-a10c-4b89-b934-b26e83fc9aeb,9c3bc1d9-7080-55a5-bcab-87897e7b97ea,send_reengagement_message,email,2026-06-01 16:14:22+00:00,,,,
451ceada-ca15-4081-adda-dc1df40ecf84,dd3e60ac-1983-59c1-8063-6dfaaf4e3ee1,complete_onboarding,email,2026-04-19 15:41:11+00:00,,,,
cad24d12-9865-40d2-9c18-e20c79fd723e,029c9fad-ebf3-575a-a0c0-63b9fa777e95,send_reengagement_message,email,2026-04-04 12:31:24+00:00,,,,
45ebb3fb-a755-49a1-8d5c-3f5f17930885,28df0f5e-891f-52a8-ae5d-c29e27778f0d,complete_onboarding,push,2026-04-16 14:42:50+00:00,,,,
fbd100f4-146b-4b08-a077-0411fd41a7a7,04fd1856-cd22-5138-b279-35ee3b456d43,complete_onboarding,in_app,2026-04-30 13:27:42+00:00,,,,
6292b8ff-a4e1-4d47-8423-ac55a7bc0315,e888c524-85a7-5e46-abc1-a33078f40dbe,send_reengagement_message,email,2026-04-12 05:04:09+00:00,,,,
7ddfc1ad-25d6-4e44-a735-11c49e686f5f,1d8675e3-26e9-5125-8f13-3577c7b906e8,send_reengagement_message,email,2026-04-13 16:09:59+00:00,,,,
d5868f7f-fe97-44e4-84b5-39f97fbc8999,ad375ffc-d4ab-54f0-b2d5-fb08b7277a6e,send_reengagement_message,email,2026-04-27 20:32:56+00:00,,,,
31688ed3-ee63-4ffd-9a20-68df4912deb7,68c8f876-6cba-5148-87b7-7dc4bc0209b3,complete_onboarding,in_app,2026-05-07 01:18:35+00:00,,,,
c943a9e4-6d79-456a-9454-d5f664bc864d,79e16a73-fd00-5ca9-bf24-654f960aca2f,complete_onboarding,email,2026-03-22 10:17:12+00:00,,,,
6709b203-132d-4eaf-9155-c7baf5dbea2b,8ed2b1fd-441c-55f9-b77f-959bb038b151,send_reengagement_message,push,2026-05-10 18:40:41+00:00,,,,
c227780d-1936-4d61-9d17-00cf786a7377,683ca8a4-31a5-5d1a-b288-35e476dd354a,complete_onboarding,in_app,2026-04-07 05:29:29+00:00,,,,
4eb2b470-d1cc-4ade-a927-12d6ff797cd2,38935ea3-4912-568a-abd5-e544e08cedf2,complete_onboarding,in_app,2026-03-14 17:12:52+00:00,,,,
891b62a6-c5cb-438f-b8c1-3432258d8e52,0fc254c0-0cbe-5c02-a9a5-753f35f7d4ce,complete_onboarding,push,2026-04-25 01:12:42+00:00,2026-04-26 22:12:42+00:00,,,
8e5e76fb-6416-4dcb-8334-322526df8824,6105317a-fd2c-5860-9e95-5f04482b72b5,send_reengagement_message,in_app,2026-05-22 10:40:05+00:00,,,,
e3aa8376-5f74-47e6-9e76-53d98c248bc9,6a9a1394-0b31-5d45-9f8a-ca8baff9f20f,send_reengagement_message,email,2026-05-04 17:14:58+00:00,2026-05-04 18:14:58+00:00,,,
f982d545-d2f1-4f89-8f06-e718380e52c8,6eff6093-20d3-568e-affb-43cf14873752,complete_onboarding,in_app,2026-03-19 04:02:45+00:00,,,,
ad316489-f77e-4873-8071-39281f01aba0,c5d79b20-0202-508a-aed3-a8896c4d5dea,complete_onboarding,in_app,2026-03-17 17:52:53+00:00,,,,
b92c568d-7469-4e3e-82de-56aa3dc90211,19d4bb38-4f3f-5f33-a518-c45ac93cdedb,complete_onboarding,in_app,2026-04-05 05:18:29+00:00,,,,
bae42d9d-02f3-4306-8c6a-2eb8d990793c,b219df00-035f-5808-ae7a-e2b078f6e4b2,send_reengagement_message,push,2026-04-29 22:37:45+00:00,,,,
6b213340-a913-4848-8b78-a0d070dab445,8ec363e4-b982-5833-a8f4-075ecaf098fe,complete_onboarding,in_app,2026-04-14 02:25:04+00:00,2026-04-15 06:25:04+00:00,,,
16b0158a-ed3f-4733-bc82-ee6510bfbdf1,77c1c635-8e6f-5f0d-a34b-5ffb6e4ce68c,complete_onboarding,in_app,2026-03-23 19:29:38+00:00,,,,
d605bbb4-870d-4f9f-8d41-1ad7a9ac4183,c3a4655c-1470-5da2-803d-c5f572edd64d,send_reengagement_message,email,2026-04-29 13:16:06+00:00,,,,
95f85755-75ac-4dcc-a6b3-164367845678,5dc1d33d-4042-5845-a569-a437a1992e7b,send_reengagement_message,email,2026-04-15 08:39:02+00:00,,,,
b178332e-53ed-4560-9bf2-eaafabb6426a,25240667-a08e-500a-b214-f7ffe2dad51a,send_reengagement_message,push,2026-05-12 08:17:07+00:00,,,,
f4ad1cb6-41ad-44e9-a42d-fb4ec3d31401,ea9c51e1-0f43-5471-815f-316a7a37519b,complete_onboarding,push,2026-04-30 22:57:39+00:00,2026-05-02 15:57:39+00:00,,,
fcb14a06-1b77-4f07-9dd7-37cd8fc4a253,b9fd9954-f523-5e6e-9245-ba24495429dc,send_reengagement_message,in_app,2026-05-10 00:50:56+00:00,,,,
4833ca20-debb-44c4-9b4f-b9f538e65f92,55b333c8-3e4e-5470-856a-57f4defb0a3b,complete_onboarding,in_app,2026-03-07 02:03:55+00:00,,,,
6cf98780-b6c5-48b4-bbd1-32e68ad5efa6,1885e58b-a7b8-5acf-8ad4-7f2e5f71997a,complete_onboarding,email,2026-05-14 10:49:16+00:00,2026-05-16 08:49:16+00:00,,,
fe05c452-f650-461b-a895-c4871c15c6ef,072e96c8-e465-5a9b-b747-a3912af3110c,send_reengagement_message,email,2026-03-27 15:21:31+00:00,,,,
991ff3bf-0f53-49d6-a190-65ebcada987b,2ca10599-b0d3-54b1-a763-bf31b0c894e2,send_reengagement_message,email,2026-06-02 23:02:32+00:00,,,,
7c1ee3b6-e13f-46e3-886d-9c4b026e1b4b,22c40bd2-b73a-5f70-99ae-aec1f2b16d38,complete_onboarding,push,2026-03-09 04:37:05+00:00,,,,
f898fe3e-ad05-44b0-804f-f13655d8b9a1,b475ba8a-8101-5efb-b3b0-f118fa67f494,complete_onboarding,email,2026-03-14 07:29:15+00:00,,,,
68cdc7be-151c-44d1-a75c-d5c072e8059f,571525e1-e2e0-5858-8b89-b057ed09de8c,complete_onboarding,in_app,2026-03-13 13:38:57+00:00,,,,
9655c630-c75a-49cc-8bf9-6f8f1983cc03,906cc202-bd5d-5f50-99c1-2153097258f1,send_reengagement_message,in_app,2026-05-12 03:42:11+00:00,,,,
dd963ddc-51e2-4808-b328-3c39293a1322,66769796-49d3-5222-8406-a7d267e2e015,send_reengagement_message,email,2026-05-15 05:18:29+00:00,,,,
47dcdb19-6e6c-462d-b440-3dec8db15055,e49ba058-6e7a-52d9-8e10-11cd2fcbd069,complete_onboarding,in_app,2026-05-13 09:21:19+00:00,,,,
1b4f04bf-7c07-4088-8062-303dc667211f,5ddf9787-de12-5c19-8a78-acc5aa5e1c96,complete_onboarding,in_app,2026-03-29 02:41:01+00:00,,,,
406009d1-4525-461d-89f6-f1681f491ff0,005aceb7-86d6-5855-833f-e958720beed4,complete_onboarding,push,2026-03-28 23:08:53+00:00,2026-03-30 13:08:53+00:00,,,
c5e9ed3d-4179-4b9a-bafb-17e2d13e610c,4a49f153-13b3-5fb3-9614-5cedaeafae61,send_reengagement_message,email,2026-04-15 11:47:38+00:00,,,,
235a6e94-0c30-44f7-89f2-21551920484f,97a4db1a-6515-56a0-9032-e47ab179824b,send_reengagement_message,email,2026-04-26 19:45:41+00:00,,,,
99013c74-2495-49c4-9294-191f4d52c87e,7001b289-ec47-579e-b8e2-2a51825060be,complete_onboarding,push,2026-03-19 06:29:35+00:00,,,,
55c6cfa6-5155-4091-a402-4306d922612a,6cec9f07-ba70-5cbd-b9bf-26e629fb4a58,complete_onboarding,in_app,2026-03-21 11:43:43+00:00,,,,
9bc2e43c-b401-4a18-b428-a3466023ec27,8fbbc71a-b43b-57b1-a75a-97e138c86716,complete_onboarding,email,2026-03-10 13:08:59+00:00,,,,
2ed929c1-47c2-4f72-9b88-b89785017a39,6baa1609-a06b-5e53-8a86-724798ac7393,send_reengagement_message,email,2026-04-20 10:37:40+00:00,,,,
282f660c-6989-4a93-829f-f0021891cbca,80edde85-128d-50c3-8535-9cbe5558a489,send_reengagement_message,push,2026-05-11 09:16:10+00:00,,,,
29ce1059-9723-463f-a3e1-89bdb9b1adad,8404e876-91f1-57c7-a33a-e5c93352b3d3,complete_onboarding,email,2026-04-28 15:40:35+00:00,2026-04-30 03:40:35+00:00,2026-04-30 04:35:35+00:00,,
3b958e09-72be-49aa-90af-37ee6d77f5f0,4b661313-2ee6-5067-af4e-d836621a8631,send_reengagement_message,in_app,2026-04-19 09:07:37+00:00,,,,
144bb778-71a4-4221-93c0-bbbd2d3b536b,c4c4b290-2b8b-5a7f-b6a4-2cbd3459254c,complete_onboarding,push,2026-03-29 08:07:24+00:00,,,,
687752e3-ca46-4a61-9e7e-d4707316e67f,d614fb78-7f21-5c86-8fcd-27ea898b73cf,complete_onboarding,in_app,2026-04-30 08:02:23+00:00,,,,
22ddf4e4-be1f-40d3-a37b-64ecd418cda7,383b49be-dd1a-5fa7-9137-5a7fbca02fed,complete_onboarding,in_app,2026-04-23 00:02:51+00:00,,,,
c554679f-937c-4149-9620-2b9a1364f1ef,25dd7ac5-31cb-5bbc-9844-d6fa0290fc42,complete_onboarding,in_app,2026-05-03 09:59:26+00:00,,,,
e74e9241-64b3-424e-92d2-deb1ccd1ca34,cbb7e162-9d24-528b-8905-834b8fba6269,send_reengagement_message,push,2026-05-27 12:30:13+00:00,2026-05-27 16:30:13+00:00,2026-05-27 17:26:13+00:00,,
1535c785-eddc-4ca7-b2d5-9d9e692006ec,1f83c0b3-a7c1-5a4f-a55b-9b2190e38c74,complete_onboarding,push,2026-05-02 15:57:28+00:00,,,,
a0811978-8e47-4510-807b-7de037cfc4c0,19c69a4c-015c-5b18-b111-ea4453c4c777,complete_onboarding,in_app,2026-04-04 17:59:55+00:00,,,,
2f95e837-da7d-405c-92b3-33d440f93719,05555b47-eff9-5a37-84e1-2baadf7a8c83,send_reengagement_message,push,2026-04-22 05:34:34+00:00,,,,
1641c79d-42c4-40c8-8d84-f7cd3fc6ed3c,aec2f690-c300-579e-ac8a-0a8796ae9de0,send_reengagement_message,email,2026-04-17 04:28:45+00:00,,,,
cfc28644-5068-4642-9251-15edf4eec335,2764ef59-9b68-58a9-9d65-7a0f04ce23b2,complete_onboarding,email,2026-03-23 05:31:42+00:00,,,,
be6349e6-64de-485d-b831-7da110b57bf7,ab539a62-1067-5be3-b67a-681546b34c43,complete_onboarding,email,2026-04-27 16:02:48+00:00,,,,
03da60b0-c9c2-4fe1-acad-c12dcdde1512,07d3467f-6711-53dd-a8d2-7351e58cc0dd,complete_onboarding,in_app,2026-04-25 07:07:51+00:00,,,,
a4fca266-b795-4b62-b54d-f15dc59449aa,0c38e99a-6db6-5bb0-947c-0716b1bb4fbc,send_reengagement_message,push,2026-05-20 07:06:02+00:00,2026-05-20 10:06:02+00:00,2026-05-20 10:28:02+00:00,,
0e797b5c-1914-4463-baac-3988886a228f,e35df1e1-8f84-5c3b-8caa-9851a008d086,send_reengagement_message,email,2026-04-06 13:11:56+00:00,,,,
bbcaf22f-e904-4e7d-801b-2535f726ef8f,b235ad09-7e60-5d16-b575-65c2f9f2c02d,complete_onboarding,email,2026-04-09 21:31:19+00:00,,,,
001ee9e0-fa3a-45f9-8dce-10ffbba6c315,682fde58-4cb6-5d1f-9835-ce23f5a8c15d,complete_onboarding,email,2026-03-22 07:33:49+00:00,,,,
e476424d-5b09-40dc-af42-4103c13ef190,fc8c8db5-d082-593a-8bac-8eaf05117857,send_reengagement_message,email,2026-05-26 14:51:32+00:00,,,,
66a0072e-4c86-49d6-9a84-f208956d46dd,3b93a4e0-12d3-5ea5-bdcb-7841c148c93d,send_reengagement_message,email,2026-04-13 10:49:57+00:00,,,,
06231388-0686-4652-8415-39ba32bc812b,c59ba1b0-ae1c-5c02-9c60-9c61ad783bbb,send_reengagement_message,email,2026-04-04 22:18:45+00:00,,,,
128ac442-8872-472a-befc-9175905e0118,2e500c50-ddcb-54d0-a688-4816434d574c,complete_onboarding,email,2026-04-15 07:41:41+00:00,,,,
06c11445-2c72-4172-adc6-d66e54a3164a,4d728f79-a936-5203-bf20-5192c611c172,send_reengagement_message,push,2026-05-25 15:44:15+00:00,,,,
244f80fa-1719-4831-a844-dac136458ad8,9bbb47f0-9d05-5246-9875-72273a5715f8,complete_onboarding,in_app,2026-05-09 04:27:01+00:00,,,,
736cb430-0dcf-43d5-b4d0-901c4ca44967,6c15cd1a-59c0-5d3f-9d40-a57cac2063c7,complete_onboarding,in_app,2026-03-13 15:08:00+00:00,,,,
92dad95e-abca-4582-b50f-ba184c883b96,e90c5fa2-e77b-5572-8236-ae1e98cf6a90,send_reengagement_message,push,2026-04-17 11:40:45+00:00,,,,
3af9de93-3742-4392-a26d-371a8e90a644,8d04d10f-1847-534e-ab3b-fc372b644e60,complete_onboarding,in_app,2026-03-17 14:14:16+00:00,,,,
411e1a8b-4383-43b0-8d1c-f769fdc0b028,6433079f-a099-5950-a78b-7542e1d9baee,complete_onboarding,in_app,2026-03-28 05:49:31+00:00,,,,
02cc3234-a651-4e7f-88af-dff463767b4c,8231df7e-6af7-5065-8e46-e4478820e492,complete_onboarding,push,2026-04-12 20:02:19+00:00,,,,
91dada07-bd6e-4bb3-a057-ee58d0e052c5,9cc4c810-25c7-59e5-8cb7-e020510e0c08,complete_onboarding,in_app,2026-03-26 08:37:35+00:00,2026-03-27 22:37:35+00:00,2026-03-27 23:05:35+00:00,,
81aa44d2-9eb1-4364-9959-a6a9b81f2eaf,b2da69b4-b5ca-54e4-a447-d6a6ee6beab8,complete_onboarding,in_app,2026-03-11 15:48:37+00:00,2026-03-12 10:48:37+00:00,2026-03-12 11:09:37+00:00,,
55f2cf0a-0d1a-44d5-9b5a-08b926235a1a,77ddac2c-7cb4-55ed-99a8-57782e2f2ad4,complete_onboarding,email,2026-04-11 04:36:32+00:00,2026-04-11 14:36:32+00:00,,,
eef06fc1-5a36-4d47-ab27-2b820a66e828,a99505c3-5a32-52cc-afc9-3b6ff3ea81dc,complete_onboarding,email,2026-03-10 15:26:53+00:00,,,,
9b18ff75-df68-41ef-9038-ae5e83273b2e,25377b18-007c-5bdd-a779-db532940bf5b,send_reengagement_message,in_app,2026-04-10 15:24:29+00:00,,,,
81d63412-b299-4e39-a372-9dace8cab58d,a21a7d4d-ee09-5646-bcc1-9d0e633c9c6f,complete_onboarding,in_app,2026-03-07 00:51:31+00:00,2026-03-08 03:51:31+00:00,,,
0eab59e5-fc8c-4287-acb1-0cd57a0ca530,93675cc8-10c7-5cd2-83db-df203e03d2dc,send_reengagement_message,email,2026-03-31 23:46:34+00:00,,,,
78398bfc-956f-4846-9186-20a6fd3f5cb4,6bf31d39-3fd3-53da-aef1-faa240bd26ac,send_reengagement_message,email,2026-04-25 02:32:24+00:00,,,,
a88f837a-0b4e-4ff7-859d-a56daf48c064,3cf600a7-3a1d-53d5-8053-f412a4f1f048,complete_onboarding,in_app,2026-05-04 16:46:53+00:00,,,,
11bec411-6fc5-4f68-b90d-7600df828e81,c9d27918-8e02-5687-becb-3fbb19d3a9bd,complete_onboarding,in_app,2026-03-13 19:39:47+00:00,,,,
5aa441e1-3830-4ca4-81af-e46e04d10a18,d8a774fe-fee1-57ab-8348-036f6e493f25,send_reengagement_message,in_app,2026-03-28 09:41:31+00:00,,,,
b63b60c9-0d6c-422f-8fde-168fb55a9c34,94835709-e651-5b59-bc94-34e159953c5b,send_reengagement_message,in_app,2026-04-18 07:52:20+00:00,,,,
357d0957-8147-4c30-96f8-c339f51db36b,e6dff44b-7ac7-5d8c-925c-8b85702bcdfe,send_reengagement_message,push,2026-05-10 00:08:17+00:00,,,,
e80a0206-ecd5-4a12-9bb7-999f980ebd4e,a6eb2403-cf62-5776-a172-1f24a3e04935,send_reengagement_message,email,2026-05-16 12:35:19+00:00,,,,
cbd6f31d-b8be-400e-ae59-739f0e468935,046f4223-77bc-5216-8b20-e3c3ddbedda4,complete_onboarding,in_app,2026-05-02 19:05:54+00:00,,,,
4212a1bf-e385-46a6-a4bd-01e23b1dba26,5a38ff52-22a9-57dd-beb8-763efa76673c,complete_onboarding,in_app,2026-03-30 14:41:26+00:00,,,,
c7557f24-b976-4951-aabe-1de634039162,eb75a11c-36d6-51db-a76a-e0574cb2cc1b,complete_onboarding,push,2026-03-18 14:12:32+00:00,,,,
f7432174-aea8-4283-94d2-11e870d97de5,8b003993-55fb-53e4-9565-d42c5c90ab0d,complete_onboarding,in_app,2026-03-08 19:37:54+00:00,2026-03-10 13:37:54+00:00,2026-03-10 14:27:54+00:00,,
de26b8a9-7079-4879-bc47-084d6775a7aa,b1abd753-cae7-5d7d-8262-36d36e767f5b,complete_onboarding,push,2026-03-17 03:12:21+00:00,,,,
a5c64b70-ea6b-4e65-828f-a0c807065020,2b652e94-017c-5560-9c59-b3c80346479c,complete_onboarding,in_app,2026-03-11 11:54:26+00:00,,,,
ee05cf4d-f6b2-4790-bf78-7ff436d50a5f,0d7a1a6b-f8e4-58c7-9c89-8daccd9f2551,send_reengagement_message,push,2026-05-24 09:29:10+00:00,,,,
da17c6b4-5b66-4725-8ef6-9193423994a2,af5a1f73-09e4-5e4e-80b6-7d9e1008c22d,send_reengagement_message,push,2026-04-13 12:29:31+00:00,,,,
aa30e7a0-56aa-4f17-9554-aeb67c563e64,6fe221ab-b61d-52ca-8019-125cd1385890,send_reengagement_message,in_app,2026-05-21 19:05:38+00:00,,,,
4fa94d87-2156-4bac-8e09-d1bfa60ad5dc,bd7939ac-3597-5aba-8e94-444b75babfbc,send_reengagement_message,push,2026-05-03 04:01:51+00:00,,,,
339d82e6-1bc8-4f34-a656-f6be13cbef41,f78380cc-6cb0-5402-aa6b-d372d98cd353,complete_onboarding,in_app,2026-04-13 04:29:14+00:00,,,,
ccfbb2c4-abc2-4074-b342-f025d74760b5,6d99f035-75cd-5708-a6b0-ffe3ae32079a,complete_onboarding,in_app,2026-04-07 09:08:14+00:00,2026-04-08 10:08:14+00:00,2026-04-08 10:26:14+00:00,,
989deafc-f509-46b5-8aec-d08bd759265c,2872ff54-0232-5db9-83df-cead22a5dd54,complete_onboarding,in_app,2026-05-02 12:35:40+00:00,,,,
d96a38f9-1fd9-4d50-88b6-ca61fb15d948,e59e811d-c171-5392-81f2-eb263548aa68,send_reengagement_message,push,2026-03-28 23:57:05+00:00,,,,
22a14c83-c5d5-4e47-a4f0-94e299dbda68,02f0e282-1060-5737-b165-f45c1e1f46a9,send_reengagement_message,push,2026-04-01 09:36:13+00:00,,,,
bc9d7aef-7b42-4e5c-8361-321f65481a13,c7572dc9-e725-5d47-8307-f988bfe6ae76,send_reengagement_message,push,2026-04-24 05:07:48+00:00,,,,
62ae0649-4995-4990-9c32-d9800b74b241,24d48097-3471-5f88-be71-85562e4cfcff,complete_onboarding,in_app,2026-04-03 05:15:40+00:00,,,,
196a9e03-0837-4b9e-9960-598d295bf1f5,3859cfb7-3dbc-5d0d-b681-bba28876698a,complete_onboarding,in_app,2026-04-13 15:30:29+00:00,,,,
30c08b4a-f531-4034-9213-3e92b7cab842,4c4c9cb8-8400-5f48-b9ed-6277e6b938f3,send_reengagement_message,push,2026-05-15 21:47:32+00:00,2026-05-16 10:47:32+00:00,2026-05-16 10:58:32+00:00,,
11d3cbaa-c172-49c1-a40f-84c1f7786277,6c1794b6-3e10-5cfd-aa8e-b3878f0563c7,send_reengagement_message,email,2026-05-05 12:58:28+00:00,2026-05-05 14:58:28+00:00,,,
047df0ec-92ca-4c2a-b32e-63381a7ab212,269e3dba-eec4-5c9d-844d-019e905cb8d4,complete_onboarding,in_app,2026-03-24 18:20:24+00:00,2026-03-25 16:20:24+00:00,,,
c86b729e-fc6f-4082-ac77-dd2c1b5471aa,fd0fcb60-4b54-58bd-bb08-4fc4d2e3b8d0,complete_onboarding,in_app,2026-03-29 13:59:40+00:00,,,,
f927d3de-ed1e-4003-a6d0-7e0a410940df,fdb0aac5-17e7-5506-a56a-6346fd346ea2,send_reengagement_message,push,2026-05-16 21:51:23+00:00,,,,
2baa7caa-2065-4e8c-a8ae-bba403397e8c,b4cd7a18-36df-52de-97a1-f8a1842814e3,complete_onboarding,email,2026-03-20 21:37:49+00:00,,,,
d7380425-35c5-42b6-970b-114d9b4ff028,3f9ff397-1453-5e9d-b218-8eeacac26aae,complete_onboarding,in_app,2026-04-10 18:55:10+00:00,,,,
82e8f8e2-7983-447a-93df-9413c30d5d64,62521500-7746-59d7-9db6-02cf50b6566c,send_reengagement_message,push,2026-05-02 04:14:18+00:00,,,,
c9f0d7bd-004f-4f43-8994-a56f8bd5da79,7f216151-8c71-5adb-9c37-79c5594d8bb6,complete_onboarding,push,2026-04-27 18:26:24+00:00,,,,
508b1406-ca25-4a33-a23a-f1b886138bd4,af5321a0-0550-5d6e-9105-4d93c848ec69,send_reengagement_message,in_app,2026-05-14 06:58:14+00:00,2026-05-15 02:58:14+00:00,,,
7fb9e89a-a27a-4acc-8989-f2c18be3d8a3,75bd9a51-1135-57f8-a2dd-83c1a0b151bb,send_reengagement_message,email,2026-04-27 01:30:33+00:00,,,,
060adb23-e985-4658-806e-79e3247de540,8089f993-3e2e-5622-98b4-04009e9bc583,complete_onboarding,in_app,2026-03-28 07:58:34+00:00,,,,
e19f99c7-d349-425e-aa9a-4c646b55d320,4047f002-6f96-57d6-b264-c544e827f2a4,complete_onboarding,in_app,2026-04-01 09:14:57+00:00,,,,
2aeb2392-ddfc-4d9e-b347-91ed479c06ef,ab14c598-8368-581a-b28d-d147bc85398e,send_reengagement_message,push,2026-04-23 09:35:35+00:00,,,,
6bf22059-705f-4c6d-99cd-032e15f16de6,039cd8a8-6989-5f50-a371-d4f5915df8fa,complete_onboarding,push,2026-03-22 02:58:37+00:00,2026-03-22 13:58:37+00:00,2026-03-22 14:23:37+00:00,,
73671540-6152-48a2-8c7c-3f94849faece,5c708d7d-c9df-544f-9de1-60de73973b99,send_reengagement_message,email,2026-05-08 03:40:27+00:00,,,,
57476d01-6a9b-4c1b-aae4-83baa8eca1e7,841987bd-78bc-5eeb-a301-1ffc673d8c2e,send_reengagement_message,push,2026-04-09 09:04:33+00:00,,,,
b64ed4b3-ec9f-417c-9305-b6cdb13336a0,99d5b1d7-1c5a-5753-ae1e-df1d54d11bba,send_reengagement_message,push,2026-05-09 18:12:32+00:00,,,,
680be9fe-6ba7-44c3-bb5a-64b6aca9b7df,0bbfb3ff-86a6-5c53-89d2-4e517216a119,complete_onboarding,email,2026-04-27 20:28:06+00:00,2026-04-29 12:28:06+00:00,,,
5cca629a-2d64-4293-8b66-337c2b1ddad0,d2f8060a-3143-58b2-b610-c6dc891c0492,send_reengagement_message,email,2026-05-31 08:48:15+00:00,,,,
f26a283f-a81e-4d42-9e99-21df722343c1,c73ee9ed-1714-5540-bbf2-9298dab9e764,complete_onboarding,in_app,2026-03-15 04:54:54+00:00,2026-03-15 23:54:54+00:00,,,
7255c897-a254-42de-a5c6-904300cfa2eb,0700d979-4fb3-5928-ad55-456d4200d569,complete_onboarding,push,2026-04-28 10:06:53+00:00,,,,
87d53076-f3c6-49c7-bd71-1b0e7723f63f,1e7e5f34-6ed7-5fd2-a0f2-80d9013a418f,complete_onboarding,in_app,2026-03-12 22:23:11+00:00,,,,
9369f8cd-4210-4e82-a74f-321a9722bc7c,7564e87a-9104-5ab4-8aef-6267159bf46f,send_reengagement_message,email,2026-04-18 06:28:54+00:00,,,,
1b5de080-dedf-460c-8d3e-e2c6f38b0da4,ceee5215-2639-51de-a6ac-31afad0be9a7,complete_onboarding,in_app,2026-03-19 03:56:17+00:00,,,,
760625e8-3c96-4224-a1cb-9afc7bd394bd,7aa17d6d-9995-5025-abf4-86360f3930df,complete_onboarding,in_app,2026-03-18 04:44:32+00:00,,,,
d5d943af-58e1-4b60-aa04-0d167466dd26,f1bd46ba-da19-5bc8-af91-8863cf79a39d,send_reengagement_message,email,2026-04-07 02:22:24+00:00,,,,
a360e3c3-36f1-4f9d-8ba8-7aca4c6c488d,f6900d13-ffda-5072-8325-212790b076cd,send_reengagement_message,email,2026-05-21 19:03:57+00:00,,,,
f8a35ba7-c077-4188-929c-36242bc1b04a,40e02744-edd7-5d92-a1bf-1da794e71062,send_reengagement_message,email,2026-03-30 05:13:42+00:00,2026-03-31 14:13:42+00:00,,,
f0da712f-cf31-4c7f-9256-cdbe25343dc2,bb98cec8-0b22-5232-9316-377059adcd70,send_reengagement_message,in_app,2026-04-22 11:55:36+00:00,,,,
abc6a12f-e055-4cdb-9085-cb1b5d85a904,244c6f4e-3b22-5ad1-be2f-f5ddb7e4f43c,complete_onboarding,email,2026-04-24 05:48:46+00:00,,,,
0788a138-dca6-4bbd-a0f6-dfeb23351e44,b8fba787-5586-5f54-8985-b2b48d4d0bc2,send_reengagement_message,email,2026-06-02 08:04:58+00:00,,,,
c9a85d84-07ec-4eb6-a777-77430a7a167d,70d075fc-0715-54db-b08e-412efa2a2166,send_reengagement_message,push,2026-05-23 21:44:09+00:00,2026-05-24 18:44:09+00:00,,,
31c6e807-c6b9-403f-9e93-377dd5854e09,b5b80785-4b67-5c6b-8d8f-3ea089057c70,complete_onboarding,in_app,2026-03-16 11:13:17+00:00,2026-03-16 15:13:17+00:00,,,
0171ca8b-af37-4b92-8a79-9281f39e01ac,810d266c-a97f-59dc-97d3-7f7eab793ccd,send_reengagement_message,push,2026-06-02 03:41:42+00:00,,,,
482c4435-7b8f-4573-8da1-bd8475a40f1a,55eabec7-e19c-564e-9d4a-2f70ac89f841,send_reengagement_message,push,2026-05-10 02:15:42+00:00,,,,
8794b1b9-7bc5-4eb1-8c45-c838da4dda30,af4e9ca1-d83c-5490-a9d9-b5f80098dea6,send_reengagement_message,email,2026-04-07 09:21:52+00:00,2026-04-07 15:21:52+00:00,,,
80f55337-5f05-4e5e-8d4e-0c1614c45cf2,d62d9632-c801-5f5c-acbe-98b498ab038e,complete_onboarding,push,2026-04-06 23:05:44+00:00,,,,
ef039469-5a3d-44b4-8caa-dc148c0ed037,3958f012-16f7-5bac-9d46-06653a7f389c,send_reengagement_message,push,2026-05-28 08:00:45+00:00,2026-05-29 16:00:45+00:00,2026-05-29 16:55:45+00:00,,
6ffa7505-7e24-4d5c-8378-026b5bc5f5ba,370c73c4-27ec-5b5e-86d8-924acfded000,send_reengagement_message,push,2026-04-22 02:40:20+00:00,,,,
827db56b-059a-4f12-9d10-2068d2531c3b,0a15debd-5b47-5a87-aaca-25c4f6db1319,send_reengagement_message,in_app,2026-04-07 16:06:14+00:00,,,,
12b8594c-f4f7-4f17-b563-fa16ac5348d3,730e34e9-8e22-5518-acf0-17ea64e93638,send_reengagement_message,email,2026-05-25 09:08:20+00:00,,,,
cbe1a0d1-e648-4325-bf1a-a5b141ae94a6,265beac6-b86c-560d-8c2b-fb78432f364f,complete_onboarding,in_app,2026-05-13 07:35:10+00:00,,,,
60ee4747-e61c-4fc8-bdea-74c66cac10b7,ed5da336-e8b5-527d-b517-9ad638f64b76,send_reengagement_message,in_app,2026-05-30 22:39:20+00:00,2026-05-31 14:39:20+00:00,,,
bb29f35f-7e2e-484e-871e-7bc8a0036060,7d995090-bd28-5b20-84a2-43661569fb7a,complete_onboarding,email,2026-05-06 05:27:14+00:00,2026-05-07 09:27:14+00:00,2026-05-07 09:36:14+00:00,,
34765589-901b-4204-bc36-cd5fe76536f8,d7588e2c-c072-57bd-a696-f86e0047cdd9,send_reengagement_message,in_app,2026-04-26 08:38:03+00:00,2026-04-27 08:38:03+00:00,,,
87d9956c-817b-4bf1-b257-a5d0ef8d6e7e,b3c80bb0-f646-5413-8ae4-05e99e0dd1c3,send_reengagement_message,email,2026-04-08 06:26:58+00:00,,,,
e8ac96f1-a274-4946-ba72-dbd7a77adfc6,9cb0a06d-50f5-514e-b815-16ba22953cb1,complete_onboarding,email,2026-04-18 14:00:39+00:00,,,,
006db9ea-d141-46e5-b748-fdc72b928e87,d31682f8-4c60-5816-876e-cc0c9d24b5aa,send_reengagement_message,email,2026-04-10 05:38:27+00:00,,,,
f940ee22-13d2-423f-9b8a-7c26075b7b2a,2bad7471-c0d4-545e-81de-ffdafee3be07,complete_onboarding,in_app,2026-04-08 15:32:42+00:00,,,,
05170ba6-02a2-46c5-8915-43a818eff6bc,6a328d2d-e8df-528b-9e6f-7c47a6ec70a4,complete_onboarding,email,2026-04-21 06:27:29+00:00,,,,
0c382e90-a188-4b4b-8ca7-fdcbd2d26323,8a18ea3c-c0d9-5dbd-a07b-750ab2144219,complete_onboarding,in_app,2026-05-11 07:32:09+00:00,,,,
f344a1e9-7126-4aa7-af8a-6fcd91efc900,f37d0acf-4584-5002-8471-cd7f2c7ae9b2,send_reengagement_message,email,2026-04-14 22:43:19+00:00,2026-04-14 23:43:19+00:00,,,
c6d532f5-e14b-4000-b3a0-8cd2710181b6,874797f6-9a19-593c-bdd7-c1b5fdb8348f,complete_onboarding,in_app,2026-03-24 09:10:08+00:00,,,,
909c3bc6-d61d-4dd8-beaf-621bfc23ef23,c99f5a38-6624-5d2d-8028-480cb44019b5,send_reengagement_message,email,2026-05-15 16:42:16+00:00,,,,
d0ebe005-7bae-473f-9e76-299c9d59981b,a3f85ce6-9705-5670-afda-daa394145961,complete_onboarding,push,2026-03-07 10:41:50+00:00,,,,
9e15dddb-7ad8-488d-96c5-7e6f83ff49ad,1afed565-d693-53c1-94a0-d07fb648160d,send_reengagement_message,push,2026-05-04 01:59:32+00:00,2026-05-04 12:59:32+00:00,,,
8272c2b2-b367-44d6-bb72-ea4f592ed9b6,5af6a6e3-0e15-5b58-87ac-9998f8c33541,send_reengagement_message,email,2026-05-16 11:14:12+00:00,2026-05-17 00:14:12+00:00,2026-05-17 00:22:12+00:00,,
6131dfa1-5d48-4057-bd20-dfb398e882af,9f8303a8-adeb-58a5-912a-4241bd293c92,send_reengagement_message,email,2026-05-03 00:18:16+00:00,,,,
4757c488-73b9-4b98-b19b-1d2b7978217f,8e9baa69-d08e-5e4f-b3b2-595eb3d015a8,send_reengagement_message,push,2026-04-21 11:49:45+00:00,,,,
1212a2fd-6342-4f89-b0bd-a8a1c73228c9,c455f03d-4e4a-556b-aab9-47ee53aabdef,send_reengagement_message,in_app,2026-05-22 04:04:24+00:00,,,,
42243664-b6bf-4076-824e-0b064305572e,14e9cdc9-b616-5f4c-954d-8697c13175ae,complete_onboarding,push,2026-04-01 14:25:58+00:00,,,,
deca4d80-39ef-48e1-8edf-da09e9f002e0,c72e0e56-2136-5d64-9075-bc8d9c2516ad,complete_onboarding,in_app,2026-04-25 00:38:31+00:00,,,,
489e8090-2855-49c4-8b06-d134cfbdc6f5,fc3ec3ad-cb5b-5df4-833b-79555235d9ed,send_reengagement_message,email,2026-04-27 00:37:06+00:00,,,,
709dc8c5-d3f3-42b3-afe3-6d73b88155cb,6cc0da1e-671a-5b06-9c4c-1fe42b8a9188,complete_onboarding,in_app,2026-03-08 20:00:45+00:00,,,,
3aa34259-e14e-4fa6-93e3-522cc9a70ad1,5f9e5085-115d-554f-b99e-385a40d338c7,complete_onboarding,push,2026-04-12 14:32:06+00:00,,,,
85b6a29c-2e14-4729-a542-c69b76f572a8,43a284ba-7432-5764-8833-a3ffba34d840,send_reengagement_message,email,2026-03-29 09:54:14+00:00,,,,
ce6eed24-7f58-46a9-8744-75a633a4d360,30e03f51-1da4-5344-890e-f172a490ed29,send_reengagement_message,push,2026-05-29 05:40:00+00:00,,,,
aae3b119-f83b-4031-b79b-1644c7e28a54,5ac7643b-221f-5974-a68d-7aab4b19d2c8,complete_onboarding,push,2026-04-17 12:10:49+00:00,2026-04-18 13:10:49+00:00,,,
46507ae0-a633-4b01-a248-2845a658f144,fa92292d-09b6-520d-a446-98d86fd192be,send_reengagement_message,email,2026-04-20 16:05:06+00:00,2026-04-21 07:05:06+00:00,2026-04-21 07:18:06+00:00,,
fe7255fd-578d-495e-9bd0-8c6e4dfb49a8,b043c489-da2d-5f55-b045-38f603862113,send_reengagement_message,email,2026-04-28 13:08:01+00:00,,,,
3a99299b-6ee8-4fab-814e-c65b1dd393c8,e0080499-9f2a-50bf-b0c2-c5c10d28622a,complete_onboarding,in_app,2026-04-18 17:21:41+00:00,2026-04-20 12:21:41+00:00,,,
b862fca6-7f2b-4059-b2d3-dc7f1867025a,bfc0e569-fb5f-5369-9ee2-44e8ae9c08a2,complete_onboarding,in_app,2026-03-24 22:51:55+00:00,,,,
2b8eb4d3-88ab-444c-aa95-e53331ee4a65,f669df2b-331d-5bd8-b64e-a276d438d43c,send_reengagement_message,email,2026-04-14 21:34:47+00:00,2026-04-14 22:34:47+00:00,,,
a646ceb1-9d53-422d-9280-36a0c6a40e5c,a586b4c7-8f91-5028-a187-b9c9abd767b0,complete_onboarding,push,2026-04-04 21:17:39+00:00,,,,
e9e4255e-c18c-4f4c-9e78-67689748fecc,3ae37617-7dac-5530-b4f5-8e07c9b2fb55,send_reengagement_message,email,2026-04-12 20:11:42+00:00,,,,
d6f25e9e-05ac-4100-a3be-6f7bcac835a9,b060aa56-a43e-56d9-8be0-c0a551a14404,complete_onboarding,push,2026-04-28 07:05:57+00:00,,,,
5487697b-0336-4447-baa6-d65eaaebefdc,dbff3c79-8e72-59f9-ab2d-818bfab9f1eb,complete_onboarding,in_app,2026-03-14 03:55:05+00:00,2026-03-15 21:55:05+00:00,,,
dbb5d678-5fb3-43b1-adfc-30774a4d7526,5454059d-e54c-58f7-8e2d-8e92c2ca691e,send_reengagement_message,in_app,2026-05-22 00:52:06+00:00,,,,
d7baa454-d69a-4df0-8baa-570fa9626123,68e527c7-fcfb-5e88-a8c8-467b619a5f40,send_reengagement_message,email,2026-04-19 01:09:40+00:00,,,,
1ddea047-09d5-469f-979b-9bc6568d6917,cb10892f-10df-5f0b-a3e7-909ec50f4e5b,complete_onboarding,email,2026-04-14 17:23:06+00:00,,,,
cf09888e-14d1-4b7d-bd61-93a88a73e67d,affbe8b3-1d70-530c-8148-be0464dbad15,send_reengagement_message,in_app,2026-04-05 21:14:35+00:00,,,,
01690395-82c8-41a7-bb55-0225c1640707,ae9cef20-3b6d-5296-b799-db244da5c34c,complete_onboarding,push,2026-04-02 14:10:17+00:00,,,,
5c429b22-11d9-48cb-93c8-d5bba83ff41c,7d841597-c4d1-5eec-9906-07e2670511e3,complete_onboarding,in_app,2026-04-28 01:36:44+00:00,,,,
0aee312e-45b3-4d85-8c98-6966928ad3bd,95d458a7-dad1-5e2a-89fb-88797952c539,complete_onboarding,email,2026-03-25 16:16:24+00:00,,,,
a6f5e8a1-c58d-4c71-8d96-1912ea2cd03e,71753050-133a-5a67-90f0-bfd67fa06fc1,send_reengagement_message,push,2026-04-04 03:02:54+00:00,2026-04-06 01:02:54+00:00,,,
442c3265-b91e-4cc6-b6b7-ade64e84676f,6ae0e6b5-47d1-50c7-bfa7-71d8fd19e06b,complete_onboarding,in_app,2026-04-12 00:17:48+00:00,,,,
c91c379f-bfbe-4bfd-9241-59e93c672617,54698e0e-a336-519e-be12-0d516bb3dd49,send_reengagement_message,in_app,2026-03-22 05:05:05+00:00,,,,
f8b3c14e-cecc-4c0e-ba36-d6bd238fa74a,54698e0e-a336-519e-be12-0d516bb3dd49,send_reengagement_message,in_app,2026-04-06 05:05:05+00:00,,,,
324de5c7-1ff3-4328-be38-a518d505fa83,65189e62-dc02-55d6-80a3-f14379fd0d9e,send_reengagement_message,email,2026-04-16 17:13:30+00:00,,,,
a4fecc0a-2e6c-4764-95bc-1b064afbe972,ab176b9e-1a5b-51aa-9d7f-e810acbf348c,send_reengagement_message,email,2026-04-26 01:57:46+00:00,,,,
95d894f5-06a3-4cb3-8ecb-270fdce0b0a6,eb9abde3-b8a7-5280-9c50-99e248f1b70c,complete_onboarding,in_app,2026-04-14 22:08:28+00:00,,,,
dae96cc2-8161-4c97-9a81-80c65b928048,a22820a4-5889-5ae5-9219-5b874971f6c4,complete_onboarding,push,2026-04-20 02:48:26+00:00,2026-04-21 09:48:26+00:00,,,
68b31062-b318-4906-9c78-0eddbb323d1a,fc3694a1-735d-5589-9ec3-f18af6ae8336,complete_onboarding,in_app,2026-04-22 16:32:09+00:00,,,,
4fa9dd7a-fb25-46d9-991b-b58dd5c6240a,beb0a10a-972b-5ac8-935c-99dc9e95b71c,complete_onboarding,push,2026-05-04 06:08:20+00:00,2026-05-04 09:08:20+00:00,,,
39123c79-8d2f-4bc0-9238-f1f30fbefa70,610083ed-980c-59c2-80fc-2f7f84387c5f,send_reengagement_message,email,2026-03-30 13:25:36+00:00,,,,
9de9bb46-977a-4ad3-9890-33cc1fe6c1d0,b7e7b4e3-abd9-5659-9b2c-e2eb3fe6aa7a,complete_onboarding,push,2026-04-01 00:00:28+00:00,,,,
51b56418-50ba-4216-908e-67fe17a098e9,e8bad04a-243f-55e6-b9aa-0578732ce5b6,complete_onboarding,in_app,2026-03-07 01:46:02+00:00,,,,
80326f79-6cdc-4505-bcaf-19dbae3cda5e,5b6396ec-9e4b-5806-9afc-d2fa83af54f8,send_reengagement_message,push,2026-03-26 15:38:12+00:00,,,,
bd62811a-d1c2-424c-8646-7e22a91d77aa,462f9d67-3ef8-503b-904a-06f8ec410ffc,send_reengagement_message,push,2026-04-09 15:31:50+00:00,,,,
d244513c-ac20-4796-be1b-3db66a677ec9,bd9c3927-dd83-5c95-85b3-7e764f67f830,send_reengagement_message,in_app,2026-05-06 06:31:29+00:00,,,,
eb84fdd8-f7c7-47d7-98ba-bd53fe8531e7,8842e7cf-bfbb-5536-a051-5abd4dd22ffe,complete_onboarding,in_app,2026-05-07 17:18:38+00:00,,,,
6d1ff0d0-1078-4932-9c04-c747e9689c10,23cf96e9-450e-5165-bd45-9414ac234ecf,send_reengagement_message,push,2026-05-18 08:59:02+00:00,,,,
9fdf730c-925c-4818-98c3-3299587df1b9,19c21d65-061c-5354-9c25-a2128c99338e,complete_onboarding,email,2026-04-20 14:15:26+00:00,2026-04-22 04:15:26+00:00,2026-04-22 05:07:26+00:00,,
e2ae72f2-9cbb-4eed-9196-0bc8b0a8319d,5e020f2b-8322-5400-805f-a455545be650,send_reengagement_message,in_app,2026-05-18 16:38:20+00:00,,,,
1e3c2bd7-b715-40d7-8970-e09706e3be67,cf1e1ec0-0013-58a2-80f7-dca73168f25b,complete_onboarding,in_app,2026-03-18 20:45:57+00:00,,,,
9a1baeb9-1e10-43f5-8ba4-8446e25f646b,10195317-3c9e-51e7-8ae7-2a68fe4e3e10,complete_onboarding,in_app,2026-05-03 22:46:00+00:00,,,,
75e5e8ae-ba8a-430d-bf61-a9488bef9d97,0d654ad4-9d57-504f-9a35-73110823cfff,complete_onboarding,email,2026-05-07 10:16:36+00:00,,,,
1cc19b9d-faca-4020-a4c5-01e582f760ee,f009955d-a7bb-5abe-b3d7-5c75ebb0f112,send_reengagement_message,in_app,2026-04-01 13:24:35+00:00,,,,
00bff51d-9f71-4969-a1e3-9a7497de5345,c1ac0b7f-8a1f-5c86-8b47-2c885a535cca,send_reengagement_message,in_app,2026-04-27 10:14:48+00:00,2026-04-29 04:14:48+00:00,,,
bdd7d8e1-2adc-4460-9eb9-31571a33073f,a7d678de-41d5-5f1d-9a36-32605a3c7245,send_reengagement_message,email,2026-05-22 06:32:29+00:00,,,,
33e3e220-c56f-4240-89f6-dd6f7365087a,c5711fc4-573b-521f-a18e-00eee98df265,send_reengagement_message,email,2026-04-27 20:24:27+00:00,,,,
6f6975e3-b137-4ef5-a1b4-0f3a0f87d29c,526f94a0-6c0a-505a-8bc0-29cf19db826f,send_reengagement_message,push,2026-05-22 23:49:20+00:00,,,,
e47da56f-a9cb-475e-b316-631f5b461b27,bc6ce150-ccb0-5c7b-9ec0-8bef31bfe357,complete_onboarding,email,2026-05-10 13:15:25+00:00,,,,
08539845-453e-4958-8c61-1cdd52e0631f,07f50eb2-d50e-5bca-9344-7a3c90ab8807,complete_onboarding,in_app,2026-04-08 18:02:38+00:00,,,,
870b82f3-4eda-4846-9e36-d01f978ff2f2,f1f2c81d-f374-5f01-b313-487414a09913,complete_onboarding,email,2026-03-11 02:30:34+00:00,,,,
db92e45d-725e-4250-af61-cdc4c6d9b167,f9761c6c-d964-5d05-b7f5-ac33d3afa642,complete_onboarding,push,2026-03-30 11:07:36+00:00,,,,
459b10bc-1fc5-47a5-a920-ea419efda87b,9c039a06-200d-575b-994d-e8914c32774a,send_reengagement_message,push,2026-04-09 20:20:05+00:00,,,,
8d09b0b5-bdf6-4080-ae98-21381f98522f,5dc162a2-5a33-5f04-a4d6-735294418563,send_reengagement_message,push,2026-04-27 17:08:03+00:00,2026-04-28 03:08:03+00:00,,,
075a3c61-1511-4912-8e13-5995870f0f7f,0e76baff-6718-5c40-b2c9-ac64d76f50c6,send_reengagement_message,email,2026-05-05 10:02:13+00:00,,,,
bd1f8889-dae8-4159-badc-a84bc7775b66,7aba2ed7-a4e1-53da-8c06-cf6baee7a5df,complete_onboarding,in_app,2026-04-08 00:12:55+00:00,,,,
37c84d47-bd1a-4ff8-92cc-22532da56b7e,2fde9ff3-dfad-5dea-9cad-c17ad65f5faa,send_reengagement_message,email,2026-04-08 11:43:31+00:00,2026-04-09 17:43:31+00:00,,,
aaf05e9d-6e25-4809-9f5c-bfa4b8a8199f,b00e73a4-a849-5776-8854-34fbbb45677e,complete_onboarding,push,2026-03-27 18:43:44+00:00,,,,
31ed8d1f-f52e-4916-a0d2-c5c00bd5ea8a,01e13131-5efa-596f-b2c0-47c3eca3326a,complete_onboarding,in_app,2026-04-22 21:17:47+00:00,,,,
5ec4257f-e48a-4453-be8c-72ae46a5c2d8,4aadc9a0-0784-50a9-928e-d087374aa890,complete_onboarding,push,2026-03-08 20:41:01+00:00,2026-03-10 09:41:01+00:00,,,
69668cde-0a30-4f26-be25-8975937c7a63,a432c5ea-dfda-5a35-97ae-c76fce23dc0f,send_reengagement_message,push,2026-04-09 18:32:11+00:00,2026-04-10 15:32:11+00:00,,,
5a2047bc-ae5c-4ad5-a295-5cb0504364b6,adf2a242-8480-506f-ab42-2d327bc991ae,send_reengagement_message,email,2026-05-26 13:43:01+00:00,,,,
66558c02-6dea-489b-bbb6-bd14015794a4,4af43749-0d8f-5ab2-a1c9-776212269cf8,complete_onboarding,push,2026-03-13 20:12:13+00:00,,,,
52af2799-1d48-418f-a5e5-b808bef79bed,07a1d4be-e635-5152-a3d4-5973836a63ee,send_reengagement_message,in_app,2026-04-23 14:49:08+00:00,,,,
6b55c38b-46f0-481c-beab-8a3bcde8b532,da51dc4d-7cf7-5ceb-b5fc-5a141dace1fa,complete_onboarding,push,2026-03-21 06:46:01+00:00,,,,
ad052e47-3f3e-486f-a006-a95080c81902,1c27d069-606f-57ac-baad-d275183e130a,complete_onboarding,email,2026-03-14 05:18:05+00:00,,,,
9a6f69dc-69e2-4af7-a3d0-ad301439d9b1,bf36046a-b680-5ff9-abd5-835437c0aad9,send_reengagement_message,push,2026-04-24 04:02:50+00:00,,,,
04c58d37-38c8-4889-883a-88563831bed5,fc87d3bb-d86e-58d8-bd3e-7ab6f2564ad7,complete_onboarding,in_app,2026-04-11 23:30:28+00:00,,,,
bbda214e-a561-4752-993c-475194ae40a3,a2e3728d-fb4b-57e9-8833-8fcd7bb1ae7f,complete_onboarding,email,2026-03-19 03:41:05+00:00,,,,
e33792ad-cc83-417f-b807-8df973a66693,13282923-f4ba-544c-97b8-3f3701f51922,send_reengagement_message,email,2026-03-31 08:49:35+00:00,,,,
0bd68afe-2020-47f6-a9af-2c570e92c2e0,4584a6ac-f323-5b84-8bbb-8321674ef114,complete_onboarding,in_app,2026-04-20 22:57:25+00:00,2026-04-22 03:57:25+00:00,,,
887ad660-4df6-4925-9fe7-88d0274b4414,b3b83223-c933-55f5-a305-43dd34396bf8,complete_onboarding,push,2026-05-05 08:37:35+00:00,,,,
9fc65f9b-3ac1-4ef0-9dea-35046eb9fc62,d23b569d-39d1-5bac-87b1-8a2a83410baf,complete_onboarding,push,2026-03-29 02:34:38+00:00,,,,
69011a62-7410-4140-b7b4-4c528e6d2b92,c436781f-f1cb-5eb8-9815-737f5466e455,send_reengagement_message,email,2026-04-18 17:21:29+00:00,,,,
f6944fdf-a01e-4ab3-b531-d505bd8513b5,8eb583ea-151a-5423-a428-ea22572ceb46,complete_onboarding,email,2026-03-31 21:24:57+00:00,,,,
e72ec772-c524-4127-97e4-ebf41e8ba73f,274ef74d-ea8a-51dd-82e3-99036aaece7d,complete_onboarding,in_app,2026-03-23 20:33:40+00:00,,,,
32d3949a-94e5-4c2d-a456-09de3294738e,391ef175-534c-5f40-b6be-b6fd973ca6d2,send_reengagement_message,in_app,2026-03-29 19:31:39+00:00,2026-03-30 15:31:39+00:00,,,
de6a8d46-6d97-472d-9d3a-91b85cbef5b3,4eaa5a37-327e-5226-9d17-159d0d439600,complete_onboarding,in_app,2026-04-12 05:39:27+00:00,,,,
0c62d9e6-2107-466d-bb2c-2d8bc761417d,dfc495b9-f9e2-5cb6-81e7-3a45a40b25c7,complete_onboarding,email,2026-03-31 15:48:13+00:00,,,,
47c5a903-034f-4b4d-a0fa-27a398941235,f06ed79c-9f64-55a4-aa34-a3c763fb131c,complete_onboarding,in_app,2026-03-30 14:46:43+00:00,,,,
6a446705-fb80-499e-8cea-5adac05b3a38,266c394b-6e6a-5e77-8c95-61a453c580f2,send_reengagement_message,push,2026-04-13 06:31:13+00:00,,,,
873671c7-012e-47e6-8b6a-ecd9e8e8b899,311980cb-f503-5025-b56c-c6bd7be7e668,complete_onboarding,push,2026-05-10 02:59:09+00:00,,,,
deded248-c6c2-4159-80c2-32351ab9111d,fe582b4c-283d-5741-bf90-881ccd07946d,send_reengagement_message,in_app,2026-05-07 02:57:46+00:00,,,,
87127e70-ffc0-4f0a-92af-19d5f2fecbcf,5636349d-8f86-5caa-9150-14bab52483b9,send_reengagement_message,email,2026-04-23 21:21:12+00:00,,,,
da03c634-1dbf-4050-8737-8d3fef873ae0,0505e2ee-9521-5b8b-9911-91882ca66490,send_reengagement_message,push,2026-04-09 04:07:33+00:00,,,,
fc298309-976b-413e-87c8-d02da0938dbd,cad215cf-6157-589e-b677-a0a4f2bf1a74,send_reengagement_message,push,2026-05-20 06:39:37+00:00,2026-05-21 05:39:37+00:00,,,
6d7b7574-41d5-466c-a06b-bc66bef3514b,25905dac-e174-52ca-8b1b-196096161be7,complete_onboarding,in_app,2026-05-07 07:07:58+00:00,,,,
7cbad8a1-a68b-4021-a60a-96f26887fdbd,51782685-eafc-5ad6-8a06-ff8b60f37267,send_reengagement_message,push,2026-03-28 05:31:10+00:00,,,,
fc25eb99-e047-44e1-9f0c-f86e38c4b9ef,dee0a524-f07f-5aa7-a17a-79e20c4f6f1e,complete_onboarding,in_app,2026-05-10 03:31:39+00:00,,,,
0e112e5a-c9f3-4b7b-832d-fe3d75bf0cb0,7f8d33d6-ab46-52c8-8720-ba5dc315f2e0,complete_onboarding,push,2026-04-24 06:14:21+00:00,2026-04-25 21:14:21+00:00,,,
62d78d01-930b-4de4-ae54-03bcfea72327,06a2134f-3a0d-5882-a275-2dd74efca01e,send_reengagement_message,in_app,2026-04-01 21:19:11+00:00,,,,
23c9db3c-33e5-4fd5-b57f-641127846a4e,675f02c4-ccbc-55f7-a892-1fe5ddf01246,send_reengagement_message,push,2026-05-16 23:13:38+00:00,,,,
e3c08545-8877-4404-a2a8-92f51cb00cd3,ab3c3ae0-3faf-54a8-a61c-328cd36b01df,send_reengagement_message,email,2026-04-02 09:51:32+00:00,2026-04-04 05:51:32+00:00,2026-04-04 06:22:32+00:00,,
8c3e9cdd-f465-4a0a-af0b-ffe7a292cf13,c1702e56-a788-54c0-9207-4d070aebae0f,send_reengagement_message,push,2026-04-02 22:58:49+00:00,,,,
bf6568cd-00a8-4672-9030-96c9499f5aa5,e91930b8-cb81-5b31-a710-3490060e5484,send_reengagement_message,email,2026-04-26 17:28:53+00:00,,,,
cbf136e3-5f1d-4aff-bddd-36b63b67886b,aac3bcaf-e83d-50b7-9fc1-069c2902627c,send_reengagement_message,push,2026-05-07 18:00:23+00:00,,,,
519110f3-2ec6-4b91-9339-f772196cc03d,9deb9544-5ccb-5a04-b4b5-b30d5f4357ba,complete_onboarding,in_app,2026-04-04 02:31:46+00:00,,,,
2ac0042e-8fd6-40dd-9aab-373c68873a8d,dc64dcba-cafa-5958-8f19-e402c0d0f448,send_reengagement_message,push,2026-04-03 09:58:49+00:00,2026-04-05 08:58:49+00:00,,,
7d1ae610-ec38-45c6-9af3-ea66d8e6e610,54b74f22-7bb6-5e9e-a28f-a0242a3aba8f,send_reengagement_message,push,2026-04-08 17:49:21+00:00,,,,
6598c900-0d2b-4ef6-b3f9-152eecbee474,8bdf826b-4284-58ce-a1b7-4678be114713,complete_onboarding,in_app,2026-05-04 19:32:41+00:00,,,,
266271c2-032c-485b-96ca-47d58c1e7d21,13bcc524-5e88-59dd-91fe-caf9ce0f80c1,complete_onboarding,email,2026-05-12 10:06:17+00:00,,,,
eaf8364a-299a-4afd-a57c-646fc902baee,883ddf7e-1442-57d6-9ff0-8bbbfa91102b,complete_onboarding,push,2026-04-28 01:04:24+00:00,,,,
930c01ff-1836-4725-ba18-2c9e6d3038a1,23b5de12-63d4-53ae-8760-b90ecd533874,complete_onboarding,push,2026-03-14 03:15:11+00:00,,,,
bd962d7f-d901-48ed-9c13-04f56aab2ed5,0a5f42ec-cad5-5498-84ed-ee08e93a93e8,send_reengagement_message,email,2026-05-21 13:36:11+00:00,,,,
49987e57-30f9-4d72-84ff-c855ed09f7d3,c6dc99fd-49ef-5c30-abac-9c3366245428,complete_onboarding,push,2026-04-23 17:55:59+00:00,,,,
c7b22b4d-4e54-47c6-8ef5-c0dfb6803764,9c3dadf7-fb0b-5bd7-a616-0a9a5cfe39ff,complete_onboarding,in_app,2026-04-12 07:09:21+00:00,,,,
5963cc8b-38ce-487c-9ffb-17f12b1de2b8,d49a3e76-e9a9-5f58-840b-3117982dc37a,complete_onboarding,push,2026-03-16 21:12:09+00:00,,,,
afb825f8-9bae-4e8f-8be3-4d9401532805,630d21f5-2240-51bb-925d-aaacef135b7d,send_reengagement_message,email,2026-06-02 18:29:49+00:00,2026-06-03 12:29:49+00:00,2026-06-03 13:25:49+00:00,,
34856faa-ceff-4e70-a429-06875d09c3bb,ec1bdfcd-a405-5f0c-aede-e80e5ce8655c,send_reengagement_message,push,2026-04-25 12:57:21+00:00,,,,
d5380963-2440-4a9c-bec5-ce379b75455c,c34662a6-d45d-5854-803e-38d62fec5f60,complete_onboarding,push,2026-03-10 01:09:13+00:00,,,,
5550c532-3ea0-447b-a7d0-f48605e69ad1,80cc8357-5a36-5001-93af-9e5414971a1c,send_reengagement_message,in_app,2026-04-09 11:42:27+00:00,,,,
64d116d1-c9d7-4039-969f-2143248357ae,75e59add-07b2-52a0-bf68-52ba46ad5a70,complete_onboarding,push,2026-04-03 16:29:40+00:00,,,,
88d1b2ea-e942-4b4a-99ab-9c573b0d5744,56b331b7-6052-5209-bbf9-70b3ec813fde,complete_onboarding,in_app,2026-03-11 07:12:46+00:00,2026-03-12 10:12:46+00:00,,,
a9fa3d2f-a5b3-4e07-977e-8cf813ce0d89,08868351-e37c-5d39-ae30-1ec419799e1b,send_reengagement_message,push,2026-04-17 08:26:19+00:00,,,,
7089a648-12d1-4ea6-97b6-6255f0f6056b,3bb51981-1cc9-5372-aef9-d3e2ec0d891e,complete_onboarding,in_app,2026-04-08 07:40:34+00:00,,,,
912ffc29-785b-4bc7-99a9-52a21c10e6af,586d7632-b2c2-570f-8ba1-24cbe58c1de5,send_reengagement_message,push,2026-05-30 10:57:24+00:00,,,,
49b4e214-9047-4e94-b5de-653503d6c532,ff17cab7-6a35-5d95-9df5-45785ce63ff6,send_reengagement_message,in_app,2026-03-31 23:02:12+00:00,,,,
3bba369a-f36e-4036-9b9a-d8f1a1f5ac50,09c26c42-47fb-5ac5-a42e-a4bebf3996d9,complete_onboarding,in_app,2026-04-15 19:16:53+00:00,2026-04-16 06:16:53+00:00,,,
5889bdee-fbed-41e7-a9d8-a1e0918116df,5b9f8eae-1130-5815-a0c8-f581efc06ef6,send_reengagement_message,push,2026-05-28 04:30:00+00:00,2026-05-28 15:30:00+00:00,2026-05-28 15:45:00+00:00,,
c695f670-43fe-4292-98af-88d696083b8f,e53d0eb4-e0bf-52cc-87b7-c0bbe69e00ef,complete_onboarding,push,2026-05-01 15:03:07+00:00,,,,
f5592da9-6313-41be-b51a-5901f60fc404,459ebff2-08fc-5ff7-925a-2ba7ab0a256b,send_reengagement_message,push,2026-05-28 19:42:10+00:00,,,,
0450d738-a2df-4bfd-9a87-4429f4abd9ec,e0bedc8b-fe18-5d69-a981-ce38b1dd78e0,send_reengagement_message,email,2026-04-06 18:05:05+00:00,,,,
b8f76297-3d67-47dc-be83-3b2c19320a54,2a9820b9-3125-5454-b835-1f49efbc77e2,send_reengagement_message,in_app,2026-05-20 07:01:26+00:00,,,,
b613c44b-f65e-4a6e-8c1f-6be5608b5335,ee086374-1951-55a2-8bb8-0ed34a14f0c7,complete_onboarding,in_app,2026-05-13 12:37:04+00:00,,,,
b2691006-5dda-4d04-a146-5c10e3ecc952,70d8c252-7cbe-5c0d-ad24-75bded474622,send_reengagement_message,push,2026-04-17 11:54:35+00:00,,,,
847cabea-322f-4d5f-8276-23667610922c,9ecda913-b8a9-5d32-b4ec-3f7c00218a72,complete_onboarding,in_app,2026-04-12 15:04:22+00:00,,,,
4e03dc89-d556-45a8-acdd-28772a6cf253,9447f522-cb01-5a05-bbd5-1c8767f15723,complete_onboarding,in_app,2026-04-10 01:31:14+00:00,2026-04-11 23:31:14+00:00,,,
7d68ca34-d5b9-44ff-9615-57ebc6e8cb2c,6e5b3349-6195-5e68-b372-796e0b10107a,complete_onboarding,email,2026-03-26 23:52:42+00:00,,,,
6c6ac30d-352a-47ab-9227-6cc6ed715934,860557f0-24e8-5332-8d88-a687e4b0e4a2,complete_onboarding,push,2026-05-12 23:47:05+00:00,2026-05-14 00:47:05+00:00,,,
276be9ba-5429-4a6a-a664-a975d0028b82,7d0609a6-1040-58d5-85c2-cd8e4ea6870a,complete_onboarding,email,2026-05-11 23:57:30+00:00,2026-05-12 02:57:30+00:00,,,
9ac6a1c3-fca1-4728-b4c5-ebec5060ee57,8a5f8c1d-8bb5-5e9e-b371-a0ad18f7fc4a,complete_onboarding,email,2026-04-02 06:29:33+00:00,,,,
28179ce0-83bf-494d-b09c-d07b6b6b5afe,58c8f573-8438-55de-bb3d-eaab18409b1a,complete_onboarding,in_app,2026-05-01 13:33:48+00:00,2026-05-03 05:33:48+00:00,,,
835b9dde-3740-4a2f-9dee-facdf73be781,fcdc95a1-49d4-5172-adbb-992f018d1172,complete_onboarding,push,2026-04-03 10:18:04+00:00,,,,
0fca1429-bdc2-4114-89e4-3e7bac0609eb,1426fe21-403e-5fc1-9b54-f6f144539061,send_reengagement_message,in_app,2026-05-19 20:12:21+00:00,2026-05-20 14:12:21+00:00,,,
e3016f7d-3797-4c79-a66b-998798d0fb67,89c3d510-0841-56d4-aa27-c2e62eb9ab83,send_reengagement_message,push,2026-05-05 08:21:00+00:00,,,,
6587b40e-7abc-41cb-b7fb-66fcb04ac614,a6f5f986-b297-5248-9dff-501dfa99e955,complete_onboarding,in_app,2026-04-08 10:36:02+00:00,,,,
55be169b-29f3-4a24-9725-a8ffa919fa77,63404dd5-5d48-5f12-b127-37f3be50c6d9,send_reengagement_message,push,2026-04-03 20:03:17+00:00,2026-04-04 16:03:17+00:00,,,
2469ef54-231e-44f7-8457-826edfa62fe6,589b1488-8f00-55e0-9996-9a2fd6716d1c,complete_onboarding,in_app,2026-04-21 04:00:07+00:00,,,,
7f9e91c2-17a1-4333-adf2-5b84e5e5c9db,583c6ffc-60b8-5de8-a474-d8048dcecc66,complete_onboarding,in_app,2026-03-29 03:43:03+00:00,2026-03-29 21:43:03+00:00,2026-03-29 22:04:03+00:00,2026-03-30 04:04:03+00:00,
264218af-3ffc-4162-9998-029aac9dca7a,fee03c4b-c2c0-5a66-9ec5-a15fe9c71dd3,send_reengagement_message,in_app,2026-04-09 23:07:03+00:00,,,,
a1715207-7e9a-440d-bb4d-6f7d87e0ce21,41c5c6da-d9c9-58be-b926-bf5be514b8cd,send_reengagement_message,push,2026-04-08 07:57:09+00:00,2026-04-09 12:57:09+00:00,,,
816f4552-74c1-4ae2-bab6-1b99bf4f7b5b,48d6acdb-b8a3-58d6-9ef2-f49929b001d4,complete_onboarding,push,2026-05-13 17:59:20+00:00,,,,
06d14bbc-1a59-4056-a44e-facb531b8447,5d95a51a-a90e-5f2e-b207-70b746bc60cf,complete_onboarding,in_app,2026-03-14 03:02:13+00:00,,,,
070a6c85-2c44-4656-a429-8bfef0d75a0d,0672f170-062b-5473-85fa-5ea909ba463c,send_reengagement_message,push,2026-05-20 02:21:30+00:00,,,,
244215b7-e8e5-4971-9f89-04a677f1c593,cf9393b3-67c3-55ff-aa96-05554ae599f6,complete_onboarding,email,2026-05-05 18:20:06+00:00,,,,
2d90e834-638a-4a6b-b0c6-5bbe49b63d14,6203545a-70c1-5e07-95ba-a5a35f3bb179,send_reengagement_message,email,2026-03-28 03:25:24+00:00,,,,
afb03cd9-0c33-4006-ae79-5b97b7f6e8fd,36560abf-52af-518c-8734-8d0b5c454605,send_reengagement_message,email,2026-05-05 15:55:55+00:00,2026-05-06 23:55:55+00:00,,,
eca16627-357d-4d60-bcee-84624293e9c3,e1f470e8-9ff8-5243-87cb-f367dfb36ff3,complete_onboarding,in_app,2026-04-15 20:10:55+00:00,,,,
25bac71b-dbfa-4f83-a7d1-22e3b8a1218d,bc58956e-ba45-5e25-9bb8-e78c67f22f30,complete_onboarding,in_app,2026-03-31 17:57:42+00:00,2026-04-02 02:57:42+00:00,,,
e44758be-d557-433d-a2af-a609a0899640,73077b74-31c6-5dad-a3e3-f87490519b96,complete_onboarding,in_app,2026-04-22 00:04:42+00:00,,,,
6299070b-09f6-40cb-b0eb-350e4a39f975,f69f8a8a-e194-5eed-a607-75d98f526c77,complete_onboarding,email,2026-04-04 04:45:22+00:00,,,,
a425e73f-3104-49a6-a083-83577859c72c,be212412-3ba8-5bc1-98b4-32fd41157a9c,send_reengagement_message,email,2026-04-25 08:07:44+00:00,,,,
7268be7f-d432-4369-824e-4aafca57f15c,3e98b77d-5a6c-5961-806b-73287b727190,complete_onboarding,in_app,2026-04-05 18:35:42+00:00,,,,
0391f07f-de37-4c6a-a9a2-69a4a391d7e2,079f9374-55c9-5a76-a529-0d8d03841f3b,send_reengagement_message,email,2026-05-08 16:29:41+00:00,2026-05-10 12:29:41+00:00,,,
58524231-6fa3-4e3c-a92f-13a1dc76cca1,869004e8-0504-5ce4-9505-44f9ea1a1ac6,complete_onboarding,in_app,2026-04-02 03:42:05+00:00,,,,
ae453ebc-e6c8-4e14-b2c3-fc1e3ae8741f,e7558122-7c0a-5d7a-938f-aef64908bff4,complete_onboarding,in_app,2026-05-09 22:43:47+00:00,2026-05-11 18:43:47+00:00,,,
7c1376f3-1113-48b0-b743-f6020b3971b1,dde29feb-dc6e-56fd-b319-d398899e9f88,send_reengagement_message,push,2026-05-20 08:12:33+00:00,,,,
b406b451-2b3b-4ff4-8150-754148dac601,fa1c6699-ec78-5f7d-a9c8-09a93a2663a0,complete_onboarding,in_app,2026-05-10 08:40:57+00:00,,,,
5c439002-5b95-4aba-a98c-0c56b50b06cf,a714e503-4e96-5a6e-96b3-49c3c3ee113b,complete_onboarding,in_app,2026-04-26 09:42:33+00:00,,,,
932e51fa-b52e-4ee3-95ac-df7879485f69,8a5089d7-365e-5ee1-94b3-da0748cf83e4,send_reengagement_message,push,2026-04-22 00:18:37+00:00,,,,
aa892f7d-23c0-490a-a897-2f614b7326f4,7edf4552-a6b1-5c90-a885-676d797f7e76,send_reengagement_message,in_app,2026-05-18 07:59:28+00:00,,,,
bd51ab94-5c22-44c6-93bd-52a4aec3704d,99d50c8b-c36c-5666-b1c5-34719ea400d2,complete_onboarding,push,2026-03-29 17:15:30+00:00,,,,
e451f130-285e-4056-88a6-c4176284c646,2d272256-4dfb-5bb6-af89-d7e848bde1c3,complete_onboarding,in_app,2026-03-25 16:39:27+00:00,,,,
62129fda-1dab-4d90-9a22-c6e186d4cf6a,a0605ce1-d862-528f-8e5b-5e99c498c295,complete_onboarding,push,2026-04-07 02:55:57+00:00,,,,
0c2b5f6a-48f2-451d-ae05-d8858289ffcf,8b07e584-31c2-5463-ae9a-ff158866d355,send_reengagement_message,email,2026-05-16 21:10:00+00:00,,,,
aff7c0d4-2ace-48ed-85a6-70e55342518a,8b07e584-31c2-5463-ae9a-ff158866d355,send_reengagement_message,email,2026-05-31 21:10:00+00:00,,,,
e4ae10cf-89c5-4bc1-919d-c1ceedd31c29,76a8ca5a-f722-56bc-8b8a-87fa6e0dcafe,send_reengagement_message,email,2026-04-21 11:23:43+00:00,,,,
a8c38aa7-026c-4c96-a324-bd589cd9640a,9220c3bc-8ef6-50bb-a5d8-9a25d074ae07,complete_onboarding,in_app,2026-04-07 20:46:12+00:00,,,,
5fd6b54c-870a-49a6-8437-c2ab3793f618,8d84c8aa-d849-5008-8bdb-270a1401b96a,complete_onboarding,push,2026-03-27 02:15:13+00:00,,,,
77342078-a864-4525-9512-5a3f9b32f462,f253c779-4b97-57ec-a773-fb7c9d037908,send_reengagement_message,email,2026-05-10 10:53:43+00:00,,,,
d0507f8b-b822-4e50-87ff-25411b3ee5e5,d58d3613-6cb0-5b00-a60c-f3dab089dd5d,complete_onboarding,in_app,2026-03-31 04:18:11+00:00,,,,
65b134d5-6edc-44c6-9da5-1ff9531f03fe,b3731f8f-ebb2-5abf-82d3-9ce8d4e3d804,send_reengagement_message,push,2026-05-03 06:05:04+00:00,,,,
4414ca9f-55a4-435e-9c77-ceca70d875f6,d167f773-95c7-50c4-a74e-06fbc83ef3bc,complete_onboarding,email,2026-04-01 12:25:06+00:00,,,,
599c0ff4-db39-4ffc-8b82-8bf8b4d75575,712b8e48-0dad-5731-af20-c077e795b2f4,send_reengagement_message,push,2026-04-17 03:06:16+00:00,,,,
6a45bdce-a1a2-48d6-b999-fa46f92b6b98,2b158ad1-74d4-5722-85d4-360f443652c9,send_reengagement_message,email,2026-05-31 22:42:36+00:00,,,,
c53366c0-984c-4b05-be72-14d506c1f633,c208f7de-b629-526b-95f5-b8d9debda460,complete_onboarding,in_app,2026-03-30 20:31:47+00:00,2026-03-30 21:31:47+00:00,,,
d81d6201-3302-4108-a6a9-91c6f40c22c8,3bd6f2eb-4755-5b4b-90ae-c099a192b5ac,send_reengagement_message,email,2026-03-30 20:46:53+00:00,2026-03-31 19:46:53+00:00,,,
ad2d91b8-3ec9-46f4-a1fe-e6ab72a85829,763253fd-dc5d-5def-9111-86d3ba2db32e,send_reengagement_message,email,2026-04-21 02:56:57+00:00,2026-04-21 12:56:57+00:00,,,
c5f37579-2df5-40cf-b034-ccc11bcf0982,f6f32663-7ad5-5635-99f5-3324aa190ec2,send_reengagement_message,push,2026-05-01 17:13:48+00:00,,,,
f3c9b422-a056-425e-8297-ca3222575c33,d80dbd2b-e0f8-5474-b6ae-c13bd9e4bfb6,complete_onboarding,in_app,2026-03-13 12:43:23+00:00,,,,
f96125d2-37f1-4a42-bcdd-2f7b19e59d0f,ff4da538-e76d-528f-a626-c32da14d1edf,send_reengagement_message,in_app,2026-04-16 02:12:47+00:00,,,,
8f68c3cd-dae4-4a46-ba8e-b7e58d9b3923,07d59573-a531-5525-8e7a-923130554e13,complete_onboarding,in_app,2026-03-18 10:59:57+00:00,,,,
11800815-2f56-4f7b-89d7-518343344fc7,208d2626-7034-5ccb-81f7-c6090759d47d,complete_onboarding,in_app,2026-04-10 13:04:23+00:00,2026-04-11 21:04:23+00:00,2026-04-11 21:44:23+00:00,,
6ec1d3d0-434c-4a71-a5f7-5a27a496c773,73179745-047a-58fb-9a04-d6bd8ea3326c,send_reengagement_message,push,2026-05-14 21:28:34+00:00,2026-05-15 07:28:34+00:00,,,
c4536925-b1b9-48ce-89c7-d298b0839913,b49d0d42-60c9-53d7-82d7-eb1023f26cee,send_reengagement_message,email,2026-05-31 19:48:10+00:00,,,,
4fdd1718-e7a5-4559-974a-775289b1177e,bb51744f-1dec-5a7d-80c6-0cae84581a14,complete_onboarding,push,2026-04-02 20:20:37+00:00,2026-04-03 05:20:37+00:00,,,
aeb45660-326f-4b9c-8cff-585d10c86d30,9e99f8b8-c980-54c6-9f25-b1503a8ecc2e,send_reengagement_message,email,2026-05-24 13:33:21+00:00,,,,
89bf91ff-ce87-4e18-b531-6aa2199e49a9,559968c7-d4a3-5df1-b49c-11bd37bb974c,send_reengagement_message,push,2026-04-09 19:16:34+00:00,,,,
84ac403a-c586-4582-9465-e790abe28e95,8d8c0107-656d-5c2b-bc03-8802e9ddc87a,complete_onboarding,in_app,2026-04-14 19:47:06+00:00,,,,
dca2232c-b1a0-4883-9678-505ba5307902,5447b5c3-057e-5ada-88d1-fe8bff7964be,complete_onboarding,push,2026-04-28 07:32:04+00:00,,,,
6d87628b-9104-49e2-a25d-7f6da2a37f19,d827762d-bfd4-553e-8204-851859e0bb00,complete_onboarding,in_app,2026-04-28 03:10:23+00:00,,,,
f0821a49-1939-4a86-830f-81e9989f2cfb,0a898c1a-0427-597a-9a85-a1d78145cfbe,complete_onboarding,in_app,2026-04-12 17:42:27+00:00,,,,
c6b4833b-a308-4983-9145-6f045f41b379,ded1def0-2362-5666-a0e1-c1a15b106bb5,complete_onboarding,push,2026-03-24 18:17:28+00:00,2026-03-26 06:17:28+00:00,,,
8fa1cd20-6b21-481e-b216-b7961f2311ca,d9b2457c-c432-53a5-a948-e1f313c728e9,complete_onboarding,in_app,2026-04-12 07:21:38+00:00,,,,
5613a895-02a9-4725-8c59-d9d2f3959b36,ed9d871a-6dd3-5e23-a83e-7299a18c7114,complete_onboarding,email,2026-05-03 01:09:49+00:00,,,,
bcd06b9e-5573-4718-985f-206825548782,15bb0359-d152-5e17-88e9-75afdd4a4c21,complete_onboarding,in_app,2026-05-12 23:24:39+00:00,,,,
c853ce30-31d4-4430-b68a-decc1f7f16fe,914d6468-9803-546c-8680-46e4d3cb5c61,complete_onboarding,push,2026-05-09 23:56:51+00:00,,,,
1e61f8c0-76f1-4aca-b3cf-37619b734871,6e8f85ee-d8ac-5c43-87a7-95ab46c796a2,complete_onboarding,in_app,2026-03-19 12:30:33+00:00,,,,
18edb667-ea55-4df3-ace4-466647cc1b5c,e2a89d87-cd27-5484-bf26-f9fa2b880fc0,complete_onboarding,push,2026-04-17 05:17:06+00:00,,,,
3df388b3-2cd7-437e-a118-c308d1c9ac24,136b9fae-4d8e-563e-9618-026fc4f74d61,complete_onboarding,push,2026-03-14 05:12:32+00:00,,,,
96326bf2-1196-45b2-8ee7-31186c547316,c27f7664-f54c-58d9-8ff0-d1e1a9f32088,send_reengagement_message,email,2026-05-11 03:46:37+00:00,2026-05-12 03:46:37+00:00,,,
27f8204c-c76a-482d-992b-ece7e650fbaf,f804a57a-bb82-5ae3-a781-06c90ac725a7,send_reengagement_message,push,2026-06-02 11:18:27+00:00,,,,
85333d4a-2b39-48db-a5cf-e895dfa2e30d,55d61f9e-e641-5ab9-8513-1dff955c9cfa,complete_onboarding,in_app,2026-04-21 07:17:02+00:00,2026-04-21 11:17:02+00:00,2026-04-21 12:05:02+00:00,,
1a43cce7-1a1b-4f98-93eb-6b10d7f2ec86,ca384378-d19e-5522-acb1-90cce61f1da1,send_reengagement_message,in_app,2026-05-30 05:46:50+00:00,,,,
b49ea4f9-c0cc-4952-8285-5c60370c287f,967a0efc-d053-55b7-9873-6fffd80dd658,complete_onboarding,in_app,2026-05-04 10:56:13+00:00,,,,
c30bb9b1-1edd-485c-90cc-5fa112a032b9,7761426d-ac96-5405-9f7e-aa62d7f9132b,send_reengagement_message,in_app,2026-04-02 04:05:39+00:00,,,,
6d3fb102-84b2-4232-9352-79c48cd41eab,f987de93-8834-5f4d-b2f4-6f34ca7b22b2,complete_onboarding,in_app,2026-05-09 17:58:43+00:00,,,,
37241167-9012-463f-b3a9-8aba6878391a,1c5b6c52-360c-58bb-817d-208c482fbecb,complete_onboarding,email,2026-05-09 13:42:35+00:00,,,,
aa050ba8-7c08-4745-b764-66f7ee9370ca,6ccdc8f0-8d4d-5338-b43e-ec865288a2aa,send_reengagement_message,push,2026-05-04 22:47:11+00:00,,,,
445add1b-dfa0-43d9-a253-c1fc5c32961f,747f33e5-9ae9-5a31-9a29-cb31d1387aa2,send_reengagement_message,in_app,2026-06-01 13:02:57+00:00,,,,
785785b9-4f67-45a7-afdb-829438ef0803,f1fa2c42-9abb-5135-b245-0f481d25bbd3,complete_onboarding,push,2026-03-07 07:38:54+00:00,,,,
3d112aa2-44ec-4ef1-b6aa-87ba98c64836,809e877a-f83b-581a-b0a2-f9261b4ac4b6,complete_onboarding,email,2026-04-18 13:06:24+00:00,2026-04-20 09:06:24+00:00,,,
06f7ad5b-2bbb-4aea-bfdc-b2ac0a641f67,828d9965-e729-591e-bd70-002d823e7b80,complete_onboarding,email,2026-03-09 15:49:30+00:00,2026-03-10 23:49:30+00:00,,,
6aa696f9-c26c-45cb-a816-46e5d2666320,ab8308c0-e9d0-58bd-b8e2-805b0023b4fe,complete_onboarding,in_app,2026-05-10 13:30:34+00:00,,,,
055c17d6-d383-403d-ab8f-0f11a77c6841,eceb3623-9349-5911-a2b6-21e392ce7ba9,send_reengagement_message,email,2026-05-11 22:46:23+00:00,,,,
47491ee3-001b-4954-9cd9-5bfbc6c0ad58,976e5216-181f-585f-b755-f5a165fdd1d8,complete_onboarding,in_app,2026-05-09 00:38:15+00:00,,,,
e9bdca95-f2a4-4fb9-9815-c0ef1592e1d7,67f1195c-eda7-5e8f-8697-287df1e02d2f,complete_onboarding,in_app,2026-04-14 19:46:40+00:00,,,,
a61c047c-5238-441f-9ef5-3961e0aa7d0e,49a6b6ac-8e41-5e16-b07f-98dfad431abe,send_reengagement_message,email,2026-03-31 17:53:00+00:00,,,,
00e388b0-f95c-4183-a94c-870feef2de66,6ef2aca8-ece4-511a-adbf-88beee8038a7,send_reengagement_message,email,2026-03-27 19:56:14+00:00,,,,
f7f715ca-ef3d-4c38-8601-c796f4b418d6,65c2fd06-61a0-56b7-bf19-dd61c33af37f,send_reengagement_message,push,2026-04-18 03:42:33+00:00,,,,
946396c3-061c-46de-b39a-10412e693ab3,44cc8ecb-3a0b-55c7-96cf-aa16b988867f,send_reengagement_message,email,2026-05-16 07:10:09+00:00,,,,
bf02f577-fc6e-4098-ad5b-7b303dad2085,0bcc21d7-3cdf-5ab3-a62c-4aa3adc7d24b,complete_onboarding,in_app,2026-05-04 19:09:08+00:00,,,,
61ef0db1-f20d-4f85-b214-8a6de4a60e7b,1c70a8e1-13b7-59c8-9a67-d096a25e6171,send_reengagement_message,in_app,2026-04-11 12:35:03+00:00,,,,
b729c4d5-1e71-4093-bf3e-093ce58d2b88,d4db9dca-0c43-5105-b03b-f798db1d1c25,complete_onboarding,push,2026-04-10 06:04:01+00:00,,,,
61ec338f-def5-4925-ba9a-8c49bdd88313,3843c2f6-f0c5-59f0-9ef3-da2390bf6538,send_reengagement_message,in_app,2026-04-09 00:18:06+00:00,,,,
f674c4d5-b361-4d7f-a4e3-5fd4cfda2aa1,14093d74-cfdb-5c41-a7a5-b73dcb14ce52,send_reengagement_message,in_app,2026-04-27 03:17:38+00:00,,,,
3851c029-8aa1-43d5-bf94-60921d1ec6c2,5f3cd0be-b605-5680-8e7b-567d17d10911,complete_onboarding,in_app,2026-04-07 04:48:00+00:00,,,,
dcdf4852-1200-421a-9486-85b254b90ce8,f22c6fae-f9d3-5c91-970b-87d1d1fa723d,complete_onboarding,in_app,2026-03-07 09:03:47+00:00,,,,
fc022aa5-6daa-4efc-9431-5e55e3a40dd1,3419bbce-0af7-5e44-8128-727836e1a020,complete_onboarding,in_app,2026-04-15 04:17:44+00:00,,,,
bc7b1b38-b6fa-4e00-b404-7a1b094383d2,252ce943-5b31-57d2-a435-8bbd860bf314,send_reengagement_message,email,2026-05-19 06:41:29+00:00,,,,
886a945f-23b8-4793-a3bf-c542353a8627,a7ef9a20-b6c9-5fb8-8a0d-a2fa0da24a73,complete_onboarding,push,2026-05-10 14:28:22+00:00,,,,
cf981836-4efa-4b3b-94bc-9c51fc0ccc5c,021bf1ac-cbf0-59f3-9da4-7b3c40d20285,send_reengagement_message,email,2026-04-17 19:39:55+00:00,2026-04-18 12:39:55+00:00,,,
3d3cd9ef-5053-4bf8-944e-2fd1e66065ca,b50477d6-3bee-5da4-af9a-3aa5e3b081ba,complete_onboarding,in_app,2026-05-06 18:15:01+00:00,2026-05-07 03:15:01+00:00,2026-05-07 03:41:01+00:00,,
ab57dd2b-563f-4f9a-a969-7bd8acfe374f,2a6ada75-8100-5c0d-9167-da498d370114,send_reengagement_message,email,2026-05-25 15:13:56+00:00,,,,
fc283e44-b358-438c-9a4c-bb813fd6576e,afe9205e-c9e8-541f-9b2c-025f0fe7c9c3,complete_onboarding,email,2026-05-14 04:45:41+00:00,,,,
5799049f-0676-4b2f-9362-15227cdb919d,c89400f2-557d-5e9a-9dc1-40cb817ea63b,complete_onboarding,in_app,2026-04-01 17:47:16+00:00,2026-04-03 13:47:16+00:00,2026-04-03 13:50:16+00:00,,
79d1e9cc-e35e-42e7-abe5-3846c113e937,ee9c3bc6-ae36-5988-9326-af621115bdce,send_reengagement_message,email,2026-05-23 17:04:33+00:00,,,,
1d462df4-a97c-47ea-b77d-406b74360f05,ba77f025-f284-5cbd-aefa-845b52012c92,send_reengagement_message,push,2026-05-03 23:46:07+00:00,,,,
180e125c-001f-4a50-a1c2-cf247cf7042e,08bd3161-f1bc-5e97-aa75-d1914a7ee05f,send_reengagement_message,email,2026-03-30 00:29:45+00:00,2026-03-31 08:29:45+00:00,,,
2d949251-fe8c-437d-91b4-d96a6b8c33b0,fdf02b36-7fdc-503b-8ee3-b75f87272771,send_reengagement_message,email,2026-04-13 15:41:08+00:00,,,,
c2e61548-f031-4db3-a197-d0a16c181f1f,4f6af09d-50f6-5034-81f8-53f8eebcfa30,complete_onboarding,push,2026-03-18 01:56:02+00:00,2026-03-19 10:56:02+00:00,,,
4ecc6e54-5901-47a7-8a7d-4e10c128f776,163663c3-baf4-5047-b529-325c5732b188,complete_onboarding,in_app,2026-04-05 23:54:56+00:00,,,,
95a24af4-e08b-4fe8-9840-754364f30d94,68333794-ef94-5de8-bf7f-3322fba36711,send_reengagement_message,push,2026-05-18 11:14:49+00:00,2026-05-18 17:14:49+00:00,,,
7d0973f0-f04c-47ed-a2dd-af926b7eaa43,474fdfeb-874f-5fb0-a074-d699fb39e6ca,complete_onboarding,email,2026-03-17 08:00:05+00:00,,,,
caa71c91-94e2-4c9c-83b5-0b8a6900964b,718aaf7e-426a-5a08-985b-156981e7b67f,send_reengagement_message,email,2026-04-29 06:21:12+00:00,,,,
c07caff2-5d9c-474a-8dee-ee3fd733916c,1b2a05a9-ce55-5a11-ad61-4b5cfaea9cf4,send_reengagement_message,email,2026-04-09 19:48:20+00:00,,,,
eb1269bb-858d-41b4-b608-1358f549d01e,87a9fbff-2cdc-5d69-903c-62adacb0a1eb,send_reengagement_message,email,2026-05-02 00:25:25+00:00,,,,
398243fb-50ba-4038-a6a6-9bbf6443ed11,bf6d00e6-b52b-5395-aded-fde0968dac1c,complete_onboarding,email,2026-03-23 14:37:04+00:00,,,,
d9c367ea-f344-4de8-8baa-7211ab8c153e,c580888a-d338-52a6-9efd-3eaf4b5d910d,complete_onboarding,in_app,2026-05-12 14:43:42+00:00,,,,
dd4f7675-325f-4e81-a66f-3f6deac8c3b8,96624dc9-c9be-527c-a434-120cf38abb24,complete_onboarding,email,2026-03-12 07:01:00+00:00,,,,
f1d299f6-82d4-415e-a3c1-c7ac5a26fccb,b6d7c5b7-785a-5162-b7a0-586f40f20f84,complete_onboarding,push,2026-05-12 11:41:17+00:00,2026-05-12 17:41:17+00:00,,,
d3ce1443-ca07-417f-a232-ace64ecd8fdd,365161ed-da6e-53e2-ac24-5a5ff27d4e63,send_reengagement_message,in_app,2026-05-19 15:20:40+00:00,,,,
cd7d6cca-7ae1-4d63-9aa8-a2ef8f514f64,33349fd3-f668-5a6a-8481-adf986dc49c0,complete_onboarding,push,2026-05-05 00:56:35+00:00,,,,
a89f4a76-8984-47c1-99b9-abdd32218e51,41d58446-ea28-54e2-a466-7baf56f60837,complete_onboarding,push,2026-05-04 18:05:55+00:00,,,,
b158b50a-3f8b-45f9-a4f5-9eda39b92006,c1df84a6-92f4-5e4e-99ec-72705eda6b01,complete_onboarding,email,2026-03-19 22:40:50+00:00,,,,
3aeea78f-985f-4410-b411-6f6d98537ace,c22f4830-117a-5ba6-b3be-5688f918bf61,complete_onboarding,in_app,2026-05-10 05:53:15+00:00,2026-05-10 20:53:15+00:00,,,
4207ba23-1927-4e69-b92b-54aa0e6b5849,1b1af40c-21b5-54c8-b0c8-0d14ee7f8c10,complete_onboarding,in_app,2026-04-17 00:06:55+00:00,,,,
3901956a-127f-453d-bc8e-970ced21f699,c9139f82-fdde-524f-b145-746d04d38429,send_reengagement_message,push,2026-05-31 09:19:55+00:00,,,,
0ef37f27-0215-473d-9224-5569d9f98023,0faff347-f56a-5768-8794-8b9cb03f71ba,complete_onboarding,email,2026-05-06 14:12:42+00:00,,,,
477d05ac-3cd1-4694-84df-e8691537f3a8,56e51e53-a2e9-52a9-83c6-f9cd71d66dce,send_reengagement_message,email,2026-05-04 23:50:02+00:00,,,,
0637ff9f-cda2-468c-ab07-92e5b945e813,896ed1d5-b9ca-50af-9653-efc812c851ac,complete_onboarding,in_app,2026-04-01 20:06:43+00:00,2026-04-03 13:06:43+00:00,,,
7d549a6e-dbe5-405d-93af-6549144f86cb,fae623a8-56d5-584b-8cb1-3b3f733fef84,complete_onboarding,in_app,2026-03-15 02:13:38+00:00,,,,
bc5b594e-5d6e-49e8-a8e4-babe0d17ff91,33888c2e-f594-540b-a265-1cf728956c54,complete_onboarding,push,2026-03-13 23:25:53+00:00,,,,
a9dcef84-a731-4232-a5ff-b040b37eb893,b71ae1e9-cbc8-539b-9258-d5b628be71c4,send_reengagement_message,in_app,2026-04-21 21:21:31+00:00,,,,
21cc8b13-d3ca-41ad-825b-5e1114fe1c04,0afbeb7c-5f76-5fe4-8ac7-b697cc2001c2,send_reengagement_message,push,2026-05-20 22:57:15+00:00,,,,
d58f2dea-ba41-42ba-97e8-69090ad78e73,a97b61a2-cdd0-5dfe-bf64-fc254eb6afa4,complete_onboarding,in_app,2026-04-10 20:50:56+00:00,,,,
f585e368-cf00-4d4f-8242-39a6e173ec53,080ac535-f37a-5bb3-b963-823cf589f73c,complete_onboarding,email,2026-04-09 05:48:00+00:00,2026-04-10 10:48:00+00:00,,,
41080965-291e-4ff2-bea5-b4e159cbf179,56f2bd24-4120-5d03-bd95-d8eb5a0ae50f,send_reengagement_message,email,2026-04-11 20:48:54+00:00,,,,
c68e22dc-a597-4382-a268-c0fa09d922b4,62e63b3a-3c8e-50b5-9dd2-fc0fb5041f2a,complete_onboarding,in_app,2026-04-14 22:38:02+00:00,,,,
5ab92372-f7ee-498f-87c0-f059141f1e1a,d6cb983f-7dce-57b4-b4e9-e86be0288dc9,complete_onboarding,in_app,2026-04-20 00:39:09+00:00,,,,
0d24d0e5-7860-49d9-acc0-0a8c4c82d5e2,709f85be-bb09-5534-b170-0e69e2bfc2d7,send_reengagement_message,push,2026-06-01 18:25:50+00:00,,,,
593a702a-3a1c-47e2-b13b-9297609abad0,d9834aa1-edbc-5ee4-9435-7f822275b560,complete_onboarding,push,2026-04-26 07:54:50+00:00,,,,
912cff33-a1db-43f8-9acc-514a3cd809e9,549ce293-4dad-5daf-baa4-a45729a34881,complete_onboarding,in_app,2026-04-17 21:32:30+00:00,,,,
aecf8e55-d293-45bc-be9f-2096a1991a73,97efd46f-bbb3-558b-b16e-3b1403b3ee74,send_reengagement_message,in_app,2026-05-27 19:05:12+00:00,2026-05-28 21:05:12+00:00,,,
1c75c8a1-0122-4dd9-b911-9d9be521ae80,5cb5565d-094d-576a-b475-d9b50c1f9ab4,complete_onboarding,email,2026-04-05 07:45:56+00:00,,,,
3f112d49-2e00-4cb5-aab5-d0c47430e03b,6b7104c1-9058-56fe-b82e-4e1ad41dd83b,complete_onboarding,in_app,2026-05-10 12:16:30+00:00,,,,
299b5a3a-142f-41b1-b277-3fe99ceb232b,4fc40289-697d-5ade-9bba-d93a531a3579,send_reengagement_message,email,2026-04-20 12:41:37+00:00,2026-04-21 01:41:37+00:00,,,
740303fa-1d69-4bf1-b6b9-9aed1ab0591e,f567b438-5257-50ed-b04a-a5a376c0c83d,send_reengagement_message,in_app,2026-04-03 19:36:07+00:00,,,,
53738d46-b91e-4455-abc7-b272b0e6dd66,0d084974-729d-5c22-93ac-13b9e108b217,complete_onboarding,push,2026-04-04 19:34:38+00:00,,,,
cb1b0972-80e1-4837-bba8-05e02b769967,129fd11e-88a1-5516-877a-f51d6a95d94e,complete_onboarding,email,2026-03-15 21:14:12+00:00,,,,
6f956008-ef7a-4dca-afec-cbeb8b1b540d,38e36bf8-2712-50c8-b438-08304e495be3,send_reengagement_message,in_app,2026-04-03 04:04:06+00:00,,,,
3621b18b-4266-4c75-9508-48c38e8a1987,99c1dc0f-3ae2-596b-963e-92dbf2a5c61e,complete_onboarding,in_app,2026-04-30 20:06:23+00:00,,,,
64ba1101-2ba4-413f-bf81-9a7687476140,9db2cd6b-6a79-51db-b677-2a4701681835,complete_onboarding,push,2026-03-22 06:19:34+00:00,,,,
d8b335c3-ca66-40d6-b362-b32d9d09207f,793c6ce7-28f1-5f7d-9e93-81a8c0ad0649,complete_onboarding,in_app,2026-05-03 19:15:31+00:00,,,,
b05c8e7b-0259-47e7-aa76-3319d4e1479b,65d62044-75fb-566b-b5ad-d290b6fb58c5,send_reengagement_message,email,2026-03-30 18:06:06+00:00,,,,
e9232540-92f4-401a-93ac-bce212fb12a4,ac5cf91a-d7a5-5450-a0ea-34007be34797,send_reengagement_message,push,2026-04-14 14:57:40+00:00,,,,
21ba09c2-206c-48ef-af5c-c41cba3b148f,8bbab8b6-2bce-5d3c-a7ca-dd150a7daf05,send_reengagement_message,push,2026-05-13 17:18:15+00:00,,,,
f455aedc-5a8f-42c8-8742-4b19a4e3fc74,aa7d402e-dac6-52de-a99e-e07637ff91ec,complete_onboarding,push,2026-03-27 23:05:12+00:00,,,,
d03c7b82-3e28-41ec-bd0a-430564cda46a,38c85611-fb16-5163-bfc6-929513e13e1e,send_reengagement_message,email,2026-05-15 09:42:49+00:00,,,,
03b70a6a-c75d-40af-a1f9-4350d080a71f,daa10dec-a3b4-5eef-8185-1aae280b8c87,send_reengagement_message,email,2026-05-25 07:53:50+00:00,,,,
b3b14d01-293f-4696-9d13-0557b8e85948,5b4e426d-bdd9-560e-b7dc-66bb8ebf3e40,complete_onboarding,email,2026-03-11 13:23:52+00:00,,,,
7040a924-4642-4391-85fd-4f5645203ffb,471b69f5-f3dc-5c2d-85db-778f8c7748e9,complete_onboarding,email,2026-03-08 15:41:40+00:00,,,,
acc3ae5d-c299-4c27-a3bf-73674f328fb6,9d4dd356-2114-5e90-9b25-bdd91c0be9db,complete_onboarding,push,2026-05-10 20:38:35+00:00,,,,
1ef0d9ad-ea05-4dec-8e2e-b5066c39ed2b,07497716-ed9a-5733-a69a-6a93f4753268,complete_onboarding,in_app,2026-04-11 21:52:38+00:00,,,,
6cd8bc80-e1ca-44d0-801f-0bc9143e308b,b2516a27-3ede-544e-8a36-bc975e1e13ba,complete_onboarding,push,2026-04-10 22:43:16+00:00,,,,
27bb8930-bd05-4949-9ccd-f1bafd668c5d,a21933f1-6e37-5f18-b2a2-9cb6c9933a3e,send_reengagement_message,push,2026-04-26 23:50:48+00:00,,,,
d304ecd5-ab95-486a-bf9d-13523e2440b0,ad9f262e-5fcf-5ccd-93fa-25da5715203a,complete_onboarding,email,2026-04-05 22:03:44+00:00,2026-04-07 06:03:44+00:00,2026-04-07 07:00:44+00:00,,
0f0b66ec-c147-4439-87f2-ba315dc16e19,05ca9736-4f47-5116-b3a7-af434d8608fb,send_reengagement_message,push,2026-05-12 14:50:58+00:00,,,,
b55fa18b-10b7-4ec3-a909-4bcd4235fc65,f382a51e-1341-5006-963f-600503b1b3a8,complete_onboarding,in_app,2026-04-16 00:03:29+00:00,,,,
85809338-701e-4bb0-bf64-78966e4f11fd,cbae3dd0-51b0-5c80-9c95-61be52b9436a,send_reengagement_message,email,2026-04-06 06:34:34+00:00,,,,
319bad28-a4a7-43bc-8b64-ac7747b9e524,e3509646-43e0-5e9d-9cfe-5f01da93c714,complete_onboarding,in_app,2026-04-19 05:42:47+00:00,,,,
c40abd81-83f9-4074-99d2-ff9bc66c0b6c,3c12b5a6-c779-5d81-abfd-93ee6ffee9ae,complete_onboarding,in_app,2026-04-22 02:45:19+00:00,2026-04-23 05:45:19+00:00,,,
f874c8d1-6e75-476c-8d16-946fdf8667b9,876d81f0-e1fb-5716-a235-7a916089f059,send_reengagement_message,push,2026-04-02 20:07:22+00:00,,,,
2fa585bf-ddc9-4325-b365-5cba54dbb36e,b73b8ce9-1574-51c8-8822-ab2b02503f0d,send_reengagement_message,push,2026-04-20 23:52:16+00:00,2026-04-21 06:52:16+00:00,2026-04-21 07:34:16+00:00,,
089c6d95-493c-4bec-aedf-5ca0cb9c0147,686ede4c-93a8-5226-933a-4676128c2fc4,send_reengagement_message,email,2026-05-19 13:04:48+00:00,,,,
46e9fa0d-d18a-4e95-b3c2-21fc1c88a340,26312c24-b0ad-5602-8408-0e30f13606be,send_reengagement_message,push,2026-05-07 16:35:29+00:00,2026-05-08 06:35:29+00:00,,,
c0fc3c61-3150-402c-b09f-8fd8b1ae316a,b96782ad-dae2-532d-868f-ba1304af03a1,complete_onboarding,in_app,2026-03-16 09:49:41+00:00,2026-03-17 03:49:41+00:00,,,
d8abbce2-4822-4c4e-abbe-97f7f8460ac3,4f7b6b4b-5304-5208-bdeb-14294afaee3b,complete_onboarding,push,2026-03-09 18:23:49+00:00,,,,
f584f86d-a39e-4bc8-9d43-f5c4c9c3d317,6c4a8527-e848-517e-943f-142041ce3b6f,complete_onboarding,in_app,2026-04-16 02:29:07+00:00,2026-04-17 13:29:07+00:00,2026-04-17 13:50:07+00:00,,
7a54d937-e357-4fa7-8c08-aebd054c26a9,cc9a8393-20b6-5a8c-a1d9-669e078056ff,complete_onboarding,in_app,2026-04-07 20:37:11+00:00,2026-04-08 08:37:11+00:00,,,
7e469d11-abd8-4133-9f68-ff8ba0a45691,d20e05a0-754a-53dc-97cf-b4b7e690286d,send_reengagement_message,email,2026-05-31 07:30:03+00:00,,,,
c5bec9c7-c376-419a-9ea0-fc662aec3558,b243f7d4-f715-50fd-8465-58bd701945a4,complete_onboarding,email,2026-04-12 00:50:49+00:00,,,,
11a66bed-1819-4daa-81b5-c27b18729b82,2884c1b8-7dbf-5e04-9508-64bb4ed7718f,complete_onboarding,push,2026-05-10 06:32:42+00:00,,,,
da569e1d-a846-46c9-880b-f6cfb8fc3cef,14c54c96-4093-57a4-a8a5-97c2ecdb35d3,send_reengagement_message,email,2026-04-25 20:47:26+00:00,,,,
8b62c95e-81e8-4a54-a39b-71552926b4e8,23ef2d69-cfb2-5952-a3ca-9958ddddc279,complete_onboarding,in_app,2026-03-16 15:12:59+00:00,,,,
a638d5ee-92cd-4c6d-85fd-b545d11d4273,32fbf69b-fb27-5424-b4af-118a94628efb,complete_onboarding,in_app,2026-04-15 14:55:23+00:00,2026-04-15 20:55:23+00:00,,,
530b442e-0194-4f62-82c8-8e4112d68118,a0454f7a-c10e-5153-9986-05630d0700c7,complete_onboarding,in_app,2026-03-20 00:06:47+00:00,,,,
e870cfc3-4ae3-4131-a46a-59da25af9fbb,26851d6d-04fb-59e0-82d6-c5a4ea68e3d3,send_reengagement_message,push,2026-04-28 23:11:14+00:00,2026-04-29 06:11:14+00:00,,,
200bf06f-8c91-4beb-8fb4-91e7a0801b8e,2b95fc79-d75b-59fc-a955-e74d3031af98,send_reengagement_message,push,2026-04-18 17:53:50+00:00,,,,
cecc8f74-adaa-48a4-9831-27e994054235,7f96c8af-5dad-5dfa-b36f-9ebc59aa8852,send_reengagement_message,push,2026-04-07 19:34:05+00:00,,,,
499fd28c-7cf2-43aa-9a6f-5364d0b27e89,bc93fc79-1f10-5929-ba12-0e271e214f0b,complete_onboarding,in_app,2026-03-13 16:19:02+00:00,,,,
f92cf4c3-6f74-470d-91bd-396a40437791,33a89f01-151d-5730-93aa-fd54e3000a27,complete_onboarding,in_app,2026-04-11 07:57:28+00:00,,,,
4c26b0da-7fce-44bf-9cda-b1f2786c7c47,2bd7965e-78e6-581f-803d-a7b428538835,send_reengagement_message,in_app,2026-05-30 08:45:40+00:00,2026-05-31 20:45:40+00:00,2026-05-31 21:27:40+00:00,2026-06-01 03:27:40+00:00,
bc3fec95-aeea-4a69-beae-0ab686edf328,b706673f-3c40-52a5-83fb-f604d0abbab3,complete_onboarding,push,2026-03-20 17:07:36+00:00,,,,
7c463efb-2f0b-4744-843b-8928d437bca1,f098e889-906f-5ef0-8e85-ce79bde8d4a5,send_reengagement_message,push,2026-04-22 22:40:11+00:00,2026-04-23 13:40:11+00:00,,,
a98b090e-ad0c-493e-aa67-5cb72d8ab831,d3c63869-1444-5ed1-84a0-87601e4f4e33,complete_onboarding,email,2026-03-22 11:56:53+00:00,2026-03-22 18:56:53+00:00,,,
583e76ae-eeed-4387-aa1c-f678b63d172d,adab5509-ac8b-512d-87aa-6c178f45b178,send_reengagement_message,push,2026-05-20 19:39:12+00:00,2026-05-21 16:39:12+00:00,2026-05-21 17:10:12+00:00,,
751413d7-5180-4218-80f3-2635654c28d1,688e8fff-df0c-5011-a65b-55ea0f58693e,send_reengagement_message,email,2026-04-23 15:04:41+00:00,,,,
88ee614b-56f3-4eba-9e76-f797f13b1aff,e24e32f9-97f6-5142-8add-37274c3b0285,send_reengagement_message,in_app,2026-06-01 05:38:04+00:00,,,,
35e2d0e9-6a40-44b9-b636-5d2f390d8806,26c68caa-d130-5464-adff-e7d9de557f12,complete_onboarding,email,2026-03-23 21:59:49+00:00,,,,
5dbab9c9-e04d-47a4-b69b-50326b56c61c,18c23cdc-7d66-5324-aac9-43499459fd3f,complete_onboarding,email,2026-03-12 13:41:50+00:00,,,,
a50cf290-b658-4baa-9c34-9ee523cd014a,7c79f451-598d-5a8c-957b-169e3e34efd8,send_reengagement_message,email,2026-05-05 04:39:11+00:00,,,,
70723a38-9320-4f87-ac96-154e6d6ab650,3fa72f16-7f8c-579c-97cf-f1bc956b4da0,send_reengagement_message,in_app,2026-05-25 03:03:11+00:00,,,,
9cd9a4e7-a3df-4307-bbf0-39f3e74e4e38,0461d3ed-3db7-53cd-8898-17bb477ec25a,send_reengagement_message,push,2026-05-26 00:11:06+00:00,2026-05-26 10:11:06+00:00,2026-05-26 10:56:06+00:00,,
4872448b-b3dc-4bd1-9e7b-17b9992efae9,a94301c6-7db3-5b85-8a8e-d02a970140b7,send_reengagement_message,email,2026-04-04 19:51:11+00:00,2026-04-05 14:51:11+00:00,2026-04-05 15:13:11+00:00,2026-04-06 12:13:11+00:00,
7dedf8e1-1ee2-444a-85e2-e68ab599b8cc,a94301c6-7db3-5b85-8a8e-d02a970140b7,send_reengagement_message,email,2026-04-19 19:51:11+00:00,,,,
7734de43-23e5-4027-981a-b78263110acc,469d278d-faa3-5238-a249-05a797408f8b,complete_onboarding,in_app,2026-04-05 14:28:01+00:00,,,,
c80acd89-a6e2-480b-a52e-f22311e029cd,3b6ad949-2377-55dd-8458-818290417ab7,send_reengagement_message,push,2026-04-04 05:28:52+00:00,,,,
9132619a-18f0-4b88-b856-3781d52565a8,24640814-7681-55a4-97d1-473bfebec8fa,send_reengagement_message,push,2026-04-24 17:51:43+00:00,,,,
1995a261-6f7c-4d3f-b10f-2f8f2e015d50,234b2cad-b7ff-5f62-ab95-083c8a5f10cb,send_reengagement_message,in_app,2026-04-20 03:30:35+00:00,,,,
22ece133-8fb5-48d6-b696-b78e9131d7c0,ea2da5a3-4b42-5a78-98f3-5b5fa2d93465,complete_onboarding,push,2026-03-09 11:26:53+00:00,,,,
929e609c-b686-43ed-82c9-a834ab128a3a,e6ba2372-1ea8-5c2d-a73e-9b05d7ec0576,complete_onboarding,push,2026-03-21 02:35:53+00:00,2026-03-22 22:35:53+00:00,,,
49771d65-1bfb-40ef-82a2-26a3aca1057d,2a487665-0d7f-5056-9967-4f0a7b523f9f,complete_onboarding,email,2026-04-12 21:17:54+00:00,,,,
5af86189-2abb-46d1-90cb-f834cefda583,ac70d4ff-7b1e-51de-87a2-22a27a986f4c,complete_onboarding,push,2026-04-01 11:37:54+00:00,,,,
a2442d67-c2de-4d1d-9f50-3c7a8012b688,3fb6a7c9-78a9-52ba-8c0f-c96146d00bd4,send_reengagement_message,in_app,2026-06-02 13:18:24+00:00,,,,
4d46ef1a-62ea-42b8-9fcf-9b210d08d5f4,58fe2c33-70d9-5dfb-a2e8-030fa7f7328c,complete_onboarding,push,2026-04-09 00:26:29+00:00,,,,
2fe999a6-7499-469f-9f43-0cc542787ef5,42a87f78-f2f5-5d95-92df-deca5fe6b2c6,complete_onboarding,in_app,2026-05-12 03:37:09+00:00,,,,
6d961199-6317-41a3-ae67-5910510d3ea1,752b2ed5-e4e3-5e4d-8936-9b18eb963b13,complete_onboarding,push,2026-04-21 14:08:14+00:00,,,,
4f5ee24a-2d05-42d3-b076-6294ab2a3a9a,5460c5a5-e69f-5544-b82f-887ecc907156,send_reengagement_message,in_app,2026-03-28 18:54:03+00:00,,,,
b6d76969-dc35-47ee-835a-a2a7272e83aa,0d743499-5dde-50ed-a032-30f3af618939,send_reengagement_message,push,2026-04-09 00:54:17+00:00,2026-04-09 10:54:17+00:00,,,
ba1cb8b7-89ca-4b4e-b53e-0461c43d1103,8d7d620d-cc9b-5fa6-b9dd-35bf21da2b52,complete_onboarding,in_app,2026-04-24 16:47:58+00:00,,,,
6c6a80e8-1a59-4480-836a-903d50aab4f6,7eb590d0-5de0-5bf7-89f8-10e1d07fe075,complete_onboarding,email,2026-04-13 14:42:51+00:00,,,,
49ccfdd2-5610-4482-8e67-f22f9cd7fd5f,df7d139a-9f49-56a7-af51-446d144585ea,complete_onboarding,email,2026-03-27 19:43:20+00:00,,,,
eff42179-a243-4e41-9cf0-d2382554aa42,db0129ab-2b7d-57c1-b540-bb07573635db,send_reengagement_message,email,2026-05-01 00:34:18+00:00,,,,
354ed3c7-92c6-4d58-8dd1-720411619791,3ad10b2b-373f-57c4-be5c-003a4d27114e,complete_onboarding,push,2026-05-08 07:20:59+00:00,2026-05-09 09:20:59+00:00,,,
48ac0f99-6f2e-4134-94c2-55019cb58d7a,ae14cd75-ed0e-5156-bfec-61ffa483295f,send_reengagement_message,email,2026-04-21 19:42:00+00:00,,,,
da9b3576-0b98-45f9-abd2-9c384e2688a7,01b4b5e9-020e-5c77-ad2b-24594d4e20e5,complete_onboarding,email,2026-03-10 02:42:35+00:00,,,,
bee2f26d-ad6d-4689-9eff-27c4c4f30992,0ae9910f-6958-51e8-bdce-38d79e5eb116,complete_onboarding,email,2026-03-28 10:56:53+00:00,,,,
53959a52-94e7-44fd-a8b9-5194bf5a4cd4,678e733f-b258-52f6-a0eb-4aa3e0e14275,send_reengagement_message,email,2026-05-29 13:48:26+00:00,,,,
b2fb64f0-229e-4626-bcaf-efd97128026c,25986ec8-3871-5ab7-abd3-7fb1e4d3cee0,send_reengagement_message,in_app,2026-05-17 13:30:11+00:00,,,,
81205c89-4f2b-4cdd-8fd3-e94018fa9feb,48d3da48-5bf5-59db-bd4f-0e575728fa98,send_reengagement_message,email,2026-05-22 18:51:34+00:00,,,,
e8d3c7cf-38e9-41a1-a2bb-2804fcaa10bd,7ac3aae1-4d23-52c2-9048-ad3db01423df,complete_onboarding,email,2026-05-08 21:37:13+00:00,,,,
d3284936-5f76-4cf1-b3d3-d461075f2ea7,ccc1d2de-0c23-581b-9c36-c84035c4ca69,complete_onboarding,in_app,2026-03-15 02:35:13+00:00,,,,
a77daf04-ad76-4e8c-b7f4-e9d9d8860ad7,e5c03da6-9f42-5c27-a6fe-8cefa26b5e46,complete_onboarding,in_app,2026-03-26 12:06:20+00:00,,,,
93e87282-4fa7-4931-bd9c-ecf5dc7f5b7e,c987a17a-0d4b-5d5a-be4f-84053f0bc6da,send_reengagement_message,email,2026-03-26 07:50:31+00:00,2026-03-26 15:50:31+00:00,,,
50059ddd-02da-40d6-891a-54d4c5ae8241,2d91ec37-96b0-55f6-985c-bef7177c3966,send_reengagement_message,email,2026-05-22 14:16:32+00:00,,,,
787182b1-d14b-4412-8dea-25ea3caf68fc,d0a7e7c1-bc6a-5320-8e91-054423227c61,send_reengagement_message,email,2026-05-29 15:35:03+00:00,2026-05-31 02:35:03+00:00,2026-05-31 03:20:03+00:00,,
a488d865-7ff8-446d-a068-b5f9d6313897,41a963bd-f277-5722-b315-d791cbf17d0d,complete_onboarding,push,2026-03-17 17:56:03+00:00,,,,
980652d9-0118-4501-a379-7f7142121f31,dc477d6e-77a5-5106-a5ba-b03ffb7d8051,complete_onboarding,push,2026-04-25 19:54:41+00:00,,,,
69568740-e41b-46c2-a33e-7bc6154fca91,337e31eb-a5e8-5dc5-b720-eb2742cabaac,complete_onboarding,push,2026-04-12 21:47:27+00:00,,,,
4fc3624d-2363-451b-8548-d8098d25c431,81291861-67e1-55aa-8ad6-06d246f6211e,complete_onboarding,in_app,2026-03-11 18:38:13+00:00,,,,
c90c77a4-d83f-46ad-b93b-0f0f0305fae6,c0a1568e-8390-5ead-94c1-d340716e6370,complete_onboarding,in_app,2026-05-09 04:28:23+00:00,,,,
ed15ff9c-0cc1-4bc9-bba3-e86fa8641990,f86db0bc-045b-5421-92b1-2a426319e907,send_reengagement_message,push,2026-05-25 02:46:15+00:00,2026-05-25 18:46:15+00:00,,,
60df1bac-143d-4a7f-b274-695e49619393,0bcb96b3-4e3b-54db-a697-78756dbc14bc,complete_onboarding,email,2026-04-15 03:41:37+00:00,,,,
1730381e-4946-415b-9198-a41ef073ba10,3f9fdb8f-155e-5a57-93ab-52366caee4cc,send_reengagement_message,in_app,2026-05-13 20:15:46+00:00,2026-05-15 01:15:46+00:00,,,
71994e1f-9bae-460c-87da-b1eda2b0e311,46e93172-99b0-516b-8b0e-bf8f12896587,complete_onboarding,in_app,2026-04-03 09:49:05+00:00,,,,
9dd4503d-6b17-48e6-b02a-c688cb9aff77,87f3fc78-b9b2-58cc-a6ef-23c11b3d3ff7,send_reengagement_message,in_app,2026-05-19 16:56:27+00:00,,,,
3ffce8c4-a6f3-4dd2-bd68-7d0ea8a83816,621520d4-f14e-589c-84ac-0f42b9a63ab3,send_reengagement_message,email,2026-04-25 16:56:46+00:00,,,,
5cab0fa5-1cbd-4063-8e79-2825a5b39487,b634ba0a-98d9-5bdd-95b2-270b0cdaa40e,send_reengagement_message,push,2026-06-02 06:04:28+00:00,,,,
985909dd-fe4c-4b91-8db8-47b933607bc8,a4b66617-e001-51f7-b68b-8d180ff5ea87,send_reengagement_message,push,2026-03-30 08:31:18+00:00,2026-03-31 11:31:18+00:00,,,
7f88a2f5-8a64-4497-95a7-b4f5930b0ee5,df6f2552-db92-50ad-8681-cc3cdc0328b7,complete_onboarding,push,2026-03-18 21:04:45+00:00,,,,
dbb3e2a3-e3e6-42af-8a4d-5fffcaad9bb8,78aca7e2-e837-57c6-b964-53439f9c954e,send_reengagement_message,in_app,2026-04-14 22:13:19+00:00,,,,
36754412-35a2-419a-bcd0-26ede0896d17,3fca850d-99a3-5cf5-9f2d-50c0692e432c,send_reengagement_message,in_app,2026-04-16 10:26:34+00:00,,,,
b43d1f6e-8958-47bb-9b40-182dabb908c6,62c4cde5-e27b-5947-a6ce-14bfc298cb6a,complete_onboarding,email,2026-03-20 01:35:08+00:00,,,,
2f1473ae-d32d-4c3f-bb0a-eeddb5c9febc,daa55a5a-e620-5c67-ae0a-c18ad94a6399,complete_onboarding,email,2026-04-11 10:25:10+00:00,,,,
60f2dbf2-4550-40f3-85bd-46f46d1f32dd,997fea7e-c7db-5c6f-bb32-63b35d148e28,complete_onboarding,in_app,2026-03-26 17:41:38+00:00,,,,
a409b12b-a36b-4bda-ac01-91f5e00ff938,baa892b5-d76a-5a89-9093-e66094d173bc,complete_onboarding,email,2026-03-20 15:46:55+00:00,,,,
80dde03e-bbb2-43eb-a3bd-d7ba626aaf94,a6019c01-cf93-5e22-8469-cb40f9f19a69,complete_onboarding,email,2026-05-12 13:00:06+00:00,,,,
247d50be-f3fe-4315-8a32-1cbcce69522c,ef33a928-be0a-5044-a0ff-680cf55b2ccd,complete_onboarding,push,2026-03-20 19:01:45+00:00,,,,
b07b89ce-eaae-4d82-b395-5f428ef1df24,19ccf80c-a3a9-5bc5-ab35-7d03bc014dbc,complete_onboarding,in_app,2026-03-13 12:08:14+00:00,,,,
ccd9ee05-8c24-4939-b737-aa3f8482f13d,65177582-d9d9-5fde-83d1-2b2dc995926b,send_reengagement_message,email,2026-05-11 12:02:25+00:00,,,,
c9af3c03-b8f5-4adb-9623-8fbfb9e1627b,9e767960-7ad6-52f6-8310-e3777d67734b,send_reengagement_message,push,2026-05-24 20:15:12+00:00,2026-05-25 15:15:12+00:00,,,
39a3ee37-a72a-4eac-9c92-c5e2c312b1ad,dd433404-0cab-5009-974a-d727fafa1fd9,complete_onboarding,in_app,2026-03-15 19:07:57+00:00,2026-03-17 17:07:57+00:00,,,
e61c138a-db93-4f23-9e62-3a7cb8370bd1,12591a24-ad1a-518f-ba02-3a49c8accebd,send_reengagement_message,email,2026-05-13 20:11:21+00:00,,,,
47b7f322-068c-4b10-9253-2b2eb8313e34,cc4e07ec-69bb-5d69-afa7-803822224a5c,complete_onboarding,email,2026-04-13 07:32:58+00:00,,,,
deb93be1-45a9-4cba-9eca-32693ae034a9,e3a8e611-4f0b-56d8-b807-ae5c0b9c9ecc,send_reengagement_message,in_app,2026-05-22 06:30:41+00:00,,,,
350f1796-f44c-41b0-908e-d26f722fe943,b979d9de-506f-5bc2-9c09-752168c8f191,complete_onboarding,push,2026-03-15 18:14:11+00:00,,,,
ed22f92c-1431-4b8e-a7fd-ca6cc39b1203,7dc2b403-829d-58aa-a87d-79dd42f5228e,complete_onboarding,push,2026-05-13 08:05:09+00:00,,,,
42112fa6-768f-4a29-b5be-9c5645d6a57d,2e8a4fb1-ed0f-5531-a653-f819fa2ff7bf,complete_onboarding,email,2026-04-18 17:14:49+00:00,,,,
4c256e84-84b8-4374-948e-6d9642c17c14,35d0bfe5-c5fe-5318-83d2-9fca2eedf3c7,complete_onboarding,in_app,2026-05-04 02:36:28+00:00,,,,
adbfa3e0-c5ee-4c1f-bf7d-d83cd14c0ccf,2ad3bd80-d6d1-5d0f-b957-7858c6fc8682,send_reengagement_message,push,2026-04-19 23:24:32+00:00,,,,
4783b140-7290-4aeb-8a11-0b02fd688fa2,6ba83d7f-e7c4-5459-9416-df7033d449e7,complete_onboarding,push,2026-05-11 02:14:27+00:00,,,,
8035d87d-9d88-40a2-970a-25d9f0e5520c,24fca15b-441d-5daf-aaa2-2caedd206ed4,send_reengagement_message,push,2026-05-08 05:15:23+00:00,,,,
47667223-f17a-4b46-b274-a535b3864865,6aee0ca1-3624-5a31-9361-8c60c0e6b2c9,complete_onboarding,in_app,2026-03-15 18:12:16+00:00,,,,
e3b167dc-b70d-4710-8590-17cd8ce6e927,6fb3e47d-66e6-5482-891d-360b44e8293f,complete_onboarding,in_app,2026-05-09 16:19:28+00:00,,,,
88e8205e-0cda-4844-82a3-6251853126d8,3c00533c-0c2e-520c-b466-6908e5405f30,send_reengagement_message,email,2026-05-19 21:49:32+00:00,,,,
3ec35fe0-babc-47b5-8c8e-d9b637b76aaf,dd68f797-a622-5dfc-a4ea-4f6c37a9fc56,send_reengagement_message,push,2026-04-15 17:07:59+00:00,2026-04-16 22:07:59+00:00,,,
db3d080e-7faf-4b5e-a246-ca2593cc2f92,97e17d97-f5b0-533e-97c9-120ec2a736f4,complete_onboarding,in_app,2026-04-13 15:38:19+00:00,,,,
2f59e131-0c37-431d-8e1a-2a049dfb2cdf,897623c8-45a5-5f34-acb8-ed0f70cecb18,complete_onboarding,in_app,2026-04-02 18:37:38+00:00,,,,
231d3518-d36a-4657-9d23-17974c41d8d9,19813a42-d2ca-56df-a453-e1831333456f,complete_onboarding,in_app,2026-04-13 12:01:42+00:00,,,,
239729d2-06dd-4b6d-9520-48336e66d09f,77b6db78-a991-54d8-9a66-b4ad5e6f5053,complete_onboarding,in_app,2026-05-12 14:39:34+00:00,,,,
9019d6e8-6d36-41ea-a2e7-063a4a50e280,82f76dec-1478-5c37-aca9-7f6a0b5d9376,send_reengagement_message,in_app,2026-05-12 00:36:49+00:00,,,,
1bf116eb-6772-4482-a1ad-216729de94eb,82f76dec-1478-5c37-aca9-7f6a0b5d9376,send_reengagement_message,in_app,2026-05-27 00:36:49+00:00,,,,
a3e91656-2513-45fb-81ea-f8e6dc4d00a7,be59babc-08ed-555f-9d37-b55fb659fd1a,complete_onboarding,in_app,2026-03-21 20:56:02+00:00,,,,
7021545e-70eb-4129-bd6b-b90f04c5d5db,2d27197f-ad85-5e6f-b6d1-b1af96fcbbb3,complete_onboarding,in_app,2026-05-13 01:18:24+00:00,,,,
00d8bb5e-8fb7-4a4c-828c-d88e304059cb,c9cc95f5-ba2f-533b-94ce-dbe2547ad78b,complete_onboarding,in_app,2026-04-06 05:14:14+00:00,,,,
2314c23d-e583-4638-adc4-307b849491b0,64f7f38a-d611-5042-8f5d-12985f24e0e7,complete_onboarding,push,2026-04-24 15:12:43+00:00,,,,
5b72a9c3-da6f-4a1b-a8a4-6f01d926a4d1,8cd4f262-4b0d-5300-8fc3-6b61dc9cddb5,complete_onboarding,in_app,2026-04-28 17:33:11+00:00,,,,
10952a78-a284-496b-8b2d-a9f32074fb5d,be44f391-a1e2-5d26-8575-cffdb446cb22,complete_onboarding,in_app,2026-04-09 07:44:44+00:00,,,,
3acc8434-2272-467b-acac-1131b5c2b268,634048fc-fa11-59fc-9ca0-9befe7cfbcb4,send_reengagement_message,in_app,2026-04-26 12:13:26+00:00,2026-04-27 07:13:26+00:00,,,
490e3be5-8cec-4ed3-8b94-eba921a03946,720823d5-1eaf-5c1a-9708-9c51303a1ba0,complete_onboarding,push,2026-04-07 11:48:16+00:00,,,,
49041fc0-f18c-4cfd-8c83-36b69218a6c8,3281cff0-d827-57b2-8c12-5c72df293d89,send_reengagement_message,in_app,2026-05-24 12:22:52+00:00,,,,
816a39a8-949e-4769-8d8a-33a089bb31e9,dbfca310-cc4f-583b-9066-8bd55a9174d1,complete_onboarding,in_app,2026-04-02 15:46:52+00:00,,,,
855f754e-787a-4ba9-8548-161af28f66e4,505012c6-b648-5f1c-bebf-601f6a79f626,send_reengagement_message,email,2026-04-14 07:33:09+00:00,2026-04-15 00:33:09+00:00,,,
08c80318-46ee-4b2f-b29c-db5de3e80e6f,7be93398-6a3d-5cc7-8af9-e7a3c514ae12,send_reengagement_message,push,2026-04-19 22:48:27+00:00,,,,
6b5b65d7-fe17-4a8f-aeb2-e396e8c4422c,f7994825-13ca-56dc-ac77-513357ccb54c,send_reengagement_message,email,2026-04-22 00:20:06+00:00,,,,
8991aa7f-9ba0-49f9-aab7-9b831dc4b4b4,3991667a-6a3b-58c3-af7e-69642641a71b,complete_onboarding,in_app,2026-03-14 20:54:49+00:00,2026-03-14 21:54:49+00:00,,,
27c0c947-341a-4681-a9c6-73b5c3c3e257,76a998b2-fd17-57de-af0d-3a50b89d5fa7,send_reengagement_message,email,2026-04-01 04:37:51+00:00,,,,
5dd936c6-760f-4a1b-a681-d2a28cdd2d10,12d0ca8a-b22f-5f29-83af-1cc61ca4a48a,complete_onboarding,in_app,2026-04-25 22:41:44+00:00,,,,
539e1847-c9f0-4778-b291-ae9f1873668c,0de6009d-cd83-55fa-b305-7ba15915bdda,send_reengagement_message,email,2026-03-31 08:14:01+00:00,,,,
3a4f786c-a85f-4b59-80c4-85d45b6a2f2b,2de1fe97-84fc-5afe-a33d-f94f40933182,complete_onboarding,email,2026-04-15 04:56:50+00:00,,,,
15190c5f-9bcc-469f-95c4-96a0a2eed869,f45bcf00-9921-5951-925d-4304e212ac05,send_reengagement_message,email,2026-05-18 19:27:51+00:00,,,,
bf9c3079-242a-43e5-96de-48a3b1e7c1a1,bf52dd48-e32f-57ed-af9f-1e91f5319a54,complete_onboarding,in_app,2026-04-25 23:44:28+00:00,,,,
c3866bb1-6ef9-4390-8763-da61cb5df59e,968a79f4-c73b-50b4-b6fd-8256eb00194f,complete_onboarding,in_app,2026-04-06 18:41:47+00:00,,,,
53b2fa4e-441b-40a5-9f98-f08c46cc2c7f,1659ca27-c40c-51c5-b49f-461b44dcebfa,complete_onboarding,email,2026-03-20 08:39:16+00:00,,,,
3e10d0e0-d6a4-41dd-b465-297019a4eef6,fa36ac6c-a70b-5c19-8527-17d2802a9636,complete_onboarding,email,2026-05-10 05:12:47+00:00,,,,
54410b77-cda6-41cd-9d7a-f5546e452f97,14c8e93e-1ced-58c0-b59e-ba7924c7f985,complete_onboarding,email,2026-05-03 15:01:34+00:00,,,,
369cd70f-9249-4251-b432-c3f3606f8327,3ecbbeb0-0e0a-5d60-8ca8-fb8b794fa29c,complete_onboarding,in_app,2026-04-18 05:50:15+00:00,,,,
974eaccd-e84b-43b9-a66a-36b901a36692,071d86b5-e238-5fac-bcd9-9faab5f87d9a,complete_onboarding,in_app,2026-03-12 23:40:36+00:00,,,,
df5a38ba-bcef-4ac2-a826-ed9eab1f3860,cd9afa45-b79b-5d80-9453-9810eccab03d,complete_onboarding,push,2026-03-09 10:15:04+00:00,,,,
044fcf6a-912c-4fdf-9a6e-e2b2a3bec744,52e2757f-7901-5e7a-a5f0-35efcb760beb,complete_onboarding,email,2026-03-28 18:00:14+00:00,2026-03-28 23:00:14+00:00,,,
1ac25de8-077d-4bd6-9300-68e5755d5aa6,cd187a14-f6c9-588c-a9c4-3a9c52e2c690,complete_onboarding,email,2026-03-17 20:51:30+00:00,2026-03-17 23:51:30+00:00,2026-03-18 00:36:30+00:00,2026-03-18 16:36:30+00:00,
d2926f4f-e5c9-48b0-b49b-156a534f8309,92ab259e-2499-5add-ac6a-c5da0cb165eb,complete_onboarding,in_app,2026-05-05 08:45:02+00:00,,,,
3b71e02a-815f-4742-bedf-6960eddb4c0e,4a6f8584-389d-5be3-bd2c-fd779a28c8c3,complete_onboarding,push,2026-03-21 04:50:14+00:00,,,,
a649018b-5d76-4451-886b-d39f870a3dbf,a0bf06e3-d6fe-5732-b119-b7e180584191,complete_onboarding,push,2026-03-26 12:04:10+00:00,,,,
c95c6e98-f497-4394-b825-106a9f31e4a9,700cad44-f04d-527a-8508-9580889712c4,complete_onboarding,in_app,2026-05-13 07:49:06+00:00,,,,
264cf7af-7bc2-4824-a41f-88cbcf306592,7de23e77-8753-5e16-a91c-71ec42b044af,send_reengagement_message,email,2026-05-21 11:02:17+00:00,,,,
a58fa79f-4755-43cc-98dd-5995159cceb3,e9360672-eb59-522d-a28f-408696ac0a98,complete_onboarding,in_app,2026-03-22 02:10:26+00:00,,,,
0caee99b-3833-4641-bbbb-48f02b9c73b2,7e21cdab-758a-5ab4-b065-7e403d536631,complete_onboarding,email,2026-04-02 11:08:49+00:00,,,,
604c6b88-f1ca-4e24-8541-8ce23cf3c300,e392a311-59df-54e7-bc4f-f51670dc948b,complete_onboarding,in_app,2026-04-11 14:05:28+00:00,,,,
78161a59-2801-4228-a6b3-7b3c3c3a752f,8ac4173c-4656-5bc0-abcb-d46814fa3fd5,send_reengagement_message,email,2026-05-10 20:01:52+00:00,,,,
428c7d7f-d7a9-4240-a57e-49ce494957cc,44064779-e345-5665-9d2b-1908411fae49,send_reengagement_message,in_app,2026-05-29 14:18:31+00:00,,,,
db01e1ff-dbed-4d04-ab85-2bcb76e1d447,09918e77-b92f-5ff5-b424-b35b04a4ec89,complete_onboarding,push,2026-05-06 02:35:02+00:00,2026-05-07 18:35:02+00:00,2026-05-07 19:19:02+00:00,,
ac653de3-88ad-41b8-a18c-c1e3a6a823e6,a7278489-438e-5278-b804-b29825ffbe0a,send_reengagement_message,in_app,2026-06-01 10:13:51+00:00,,,,
f2a3d70d-5060-44b3-86ce-12a8bf484098,62330ec6-1402-5081-a456-c0b68bce5bcc,complete_onboarding,push,2026-03-09 19:18:30+00:00,,,,
15acd385-1e55-4baa-9def-9dcac28e233e,54e5731e-7c38-5e66-bc0e-3753797b612e,send_reengagement_message,in_app,2026-04-11 07:24:45+00:00,,,,
35730191-d8fd-40be-8afb-3d5cb855aa4f,ccbabb8c-212d-5357-b237-058d8d8a4172,send_reengagement_message,in_app,2026-04-18 20:19:47+00:00,,,,
6b101ba3-ecd5-48af-a9fc-344ebf09f0bc,ccbabb8c-212d-5357-b237-058d8d8a4172,send_reengagement_message,in_app,2026-05-03 20:19:47+00:00,,,,
2a84fcde-fd08-4710-8d7e-91a0c30d527f,12326d7a-5d0f-5542-85ca-0803fc8e42e5,complete_onboarding,in_app,2026-03-10 09:20:18+00:00,,,,
370e3b4c-56a5-4663-b517-d3c4131a21ae,f5bedd1a-11b7-51fc-8a58-c4c015e68b60,send_reengagement_message,in_app,2026-04-19 12:26:42+00:00,2026-04-19 14:26:42+00:00,,,
cf729218-d14b-47de-8fc1-11d7cd6f1ecb,f9976580-4cd0-55fa-97e3-ec85bfcf92e3,send_reengagement_message,in_app,2026-04-05 14:21:51+00:00,2026-04-07 11:21:51+00:00,,,
38ce5cd8-9ab6-4b56-a8ea-00d28f7768f5,979d7fdb-9b89-56da-98a8-1a10a2f1484a,send_reengagement_message,in_app,2026-05-29 08:54:54+00:00,,,,
5b9524ca-81f3-4140-af4e-71d067e46982,29217ae1-4fff-5434-b9c6-b2e586fac975,complete_onboarding,in_app,2026-03-11 08:52:18+00:00,,,,
8b0ce037-71d0-47b7-88a7-6c32dab06c1e,d70ff553-a479-5f54-8d80-949a85df8fa2,complete_onboarding,email,2026-03-17 05:45:26+00:00,2026-03-17 09:45:26+00:00,,,
0c140d21-8c32-4ba4-891b-b52ca3bb21b6,28e61b1e-131d-513d-8e5c-e0ca06f3733b,send_reengagement_message,email,2026-04-08 11:07:31+00:00,,,,
b159dc60-d8fb-43da-8306-c359aec6e839,a6c404eb-edb2-5c1f-b126-eb8057c65b71,complete_onboarding,email,2026-03-17 06:04:17+00:00,,,,
42acfde8-37ac-424f-8e5d-3120239c1294,96cf38cd-ee0c-59a4-a11c-e1eab9267b9d,send_reengagement_message,push,2026-05-04 05:33:04+00:00,,,,
ae989cb5-1929-4637-9882-bbe16c693371,2f1d41f1-2c14-534f-a34b-2a98d6148720,complete_onboarding,push,2026-04-01 03:21:33+00:00,,,,
bb16865e-aef1-4655-b027-465cc979685c,068096d7-67f6-5961-92c4-0544c0702d24,send_reengagement_message,email,2026-04-12 23:54:51+00:00,,,,
ad9fcd8e-6b37-48a0-9c53-5c809fc01fe1,ade184f9-0699-59d1-a129-70211f1bc4ad,send_reengagement_message,push,2026-05-02 01:38:03+00:00,,,,
3041cc1d-e358-4c9e-8f38-22c3a9fcdb4c,44a6f654-928e-5e93-95aa-02ebf5c8ffd2,complete_onboarding,push,2026-04-21 13:06:29+00:00,,,,
476cdabc-268c-4a16-b154-25dadae7bb63,1213cfa8-b60e-5757-bbd9-adfdd9ce3f8d,send_reengagement_message,email,2026-05-08 04:38:18+00:00,,,,
c4352818-d622-43e1-ba9c-49696e25233c,e8d878ce-37c8-5430-8309-537eeed76852,send_reengagement_message,email,2026-05-19 22:48:34+00:00,,,,
764d8182-f338-4515-9737-09119dfa4d31,12450e80-3a02-52e0-aad5-1cf9bd391128,send_reengagement_message,push,2026-04-08 22:17:30+00:00,,,,
8bf78625-5741-43ac-982c-d36c480b8d44,3d572d99-c82f-57ad-9421-ad8ff9ca7a21,send_reengagement_message,push,2026-04-30 00:20:49+00:00,,,,
35b9639d-b3d2-4238-ad52-736ba90188b6,070e9271-594b-5ee8-a9b9-08cbeb3e4525,complete_onboarding,in_app,2026-05-01 05:45:58+00:00,,,,
18b959d7-4151-4d65-a0d5-95785f5acbdb,1aac3437-a7a7-5ff1-8281-1008a79d7fb1,complete_onboarding,email,2026-05-05 13:09:16+00:00,,,,
e2a9eb91-aaf2-4eb5-ac19-f1bd3e8be449,15c2673e-3660-5ba4-bf38-a8b6fcf459f7,complete_onboarding,email,2026-04-18 15:03:29+00:00,,,,
ee91d840-9826-4311-b0f5-9ba5ef885542,26de4fc1-594f-5ecd-9127-33fcd6da8bd6,send_reengagement_message,push,2026-05-09 23:31:54+00:00,,,,
678f1d94-86f5-4fe0-8b42-dffbf23860d9,465b6601-8bce-5f08-bebf-1b829c24cf33,complete_onboarding,push,2026-05-05 15:00:37+00:00,,,,
45930042-dffe-4782-a487-54e21b5348dc,6c11e724-3f23-5311-a1ed-08a2548a2466,complete_onboarding,in_app,2026-04-19 02:47:11+00:00,2026-04-20 11:47:11+00:00,,,
35c93f66-ad39-462a-a944-da51d06f9983,65ddedc1-c8f4-5f1f-b749-057eb40c406a,complete_onboarding,in_app,2026-05-11 11:17:02+00:00,,,,
ae1c87f1-ada8-4919-ad1f-8640a67d8724,618353d2-e211-5855-8b29-ce97560cf822,complete_onboarding,push,2026-03-15 19:17:42+00:00,,,,
a9cb0dfe-0c61-4c0b-911c-140bac21396b,01bb5d2a-cb0d-52f9-bfd5-e6c168afc416,send_reengagement_message,email,2026-04-19 00:07:24+00:00,,,,
005c1159-936a-4be1-a54d-b88497e1c272,aaebd41d-cf6e-53da-98a4-3f52dba381a3,complete_onboarding,push,2026-03-14 17:46:23+00:00,2026-03-15 18:46:23+00:00,,,
3d752545-8a29-4af0-92b0-94bfc2a277c4,e2db0d9c-9b78-51a0-a068-d28fe28f8c15,complete_onboarding,email,2026-03-13 05:59:55+00:00,2026-03-14 02:59:55+00:00,,,
00e99097-fc26-4abe-adba-a2e0187c63c2,fb2bfdfa-3b6c-5cdf-85b5-6d5b4bf9350c,complete_onboarding,email,2026-04-08 13:32:03+00:00,2026-04-08 19:32:03+00:00,,,
0eef40b8-4861-4adb-9f48-685c00b3c5e5,c0dda3e7-7daa-5ba6-921e-7d032725a695,complete_onboarding,in_app,2026-03-22 14:08:17+00:00,2026-03-23 18:08:17+00:00,,,
1d6e37aa-6ecc-4e14-a82d-8f3840c916ed,174745f1-9c39-5cf4-804f-e43f79430973,complete_onboarding,in_app,2026-04-04 02:15:07+00:00,,,,
05124764-79eb-4a55-a64c-98f3b1d22d84,29858a3c-40f3-5eae-a1fa-edac463fa454,send_reengagement_message,push,2026-04-25 05:03:55+00:00,,,,
8e672794-62cb-4336-8122-53fd07a9b875,6a8714a6-2ebd-52fa-824e-99b33fe8699d,send_reengagement_message,email,2026-05-07 20:14:56+00:00,,,,
4cac1ef3-dd71-4bd6-8596-8f99efc2815e,e0925163-a4ad-5bed-9688-3df4ff4a48ff,complete_onboarding,email,2026-05-11 06:04:06+00:00,,,,
955ea145-1802-454e-9fae-16a763ebbf41,597518e2-3dd6-5842-8409-c95d2976b751,complete_onboarding,email,2026-05-04 14:35:09+00:00,,,,
b23e89d6-3002-4b76-8816-3818dc0dcf9b,1e72742e-35d7-514f-97f1-f94f9944160f,send_reengagement_message,push,2026-04-21 02:28:50+00:00,2026-04-21 19:28:50+00:00,,,
c0104d15-763c-4035-a07d-09ce6e9ddd1a,7074d189-2275-55ec-bfb5-fd4a75c0518d,complete_onboarding,push,2026-03-29 11:10:05+00:00,,,,
d7073f4f-6ff6-4528-9b86-26ddeb7fcbdb,37ee136b-39d8-58c6-a4b1-7a833463f533,complete_onboarding,in_app,2026-04-29 04:24:00+00:00,,,,
453e8075-2143-4876-a6e5-aa481a17b7b8,baedba46-05b7-5657-9986-6926ad3f61ed,complete_onboarding,in_app,2026-03-15 12:46:04+00:00,,,,
967476c3-80c3-46d7-a484-7054713e0bd5,931458c4-36a8-5dcc-94dd-80d6291f3fb7,send_reengagement_message,push,2026-05-02 07:01:44+00:00,,,,
443844bd-d706-433f-bbca-50c81cbbd487,2f8715d2-3409-5da8-9128-19f2281f554d,complete_onboarding,email,2026-04-05 04:30:53+00:00,2026-04-06 15:30:53+00:00,,,
69f9b5f2-7d46-4fa3-9126-f0c580c91c10,845ed5d0-6082-5824-ad52-eb54247e22a5,send_reengagement_message,push,2026-04-07 14:43:51+00:00,,,,
808ead47-c3e1-4e69-9bf2-fe3a5179f1a2,dd1397b3-269c-5df5-aaf2-52e89707370c,send_reengagement_message,in_app,2026-05-07 12:50:20+00:00,,,,
cb6276fa-8ac2-497f-b338-803eb03a1300,1867b2cb-a804-57db-b176-e5e515b3a9f7,complete_onboarding,email,2026-03-29 03:08:07+00:00,,,,
636be9c2-e267-4b39-af18-e5d03aa70e28,14bea4c7-cf8a-5aec-8d1b-1911fdde303c,send_reengagement_message,in_app,2026-04-07 19:21:04+00:00,,,,
044cde9e-0f0d-4e17-90b5-eb3b535bc576,1c1b8ea4-eb82-5414-abb1-49b2b84d550e,complete_onboarding,email,2026-04-21 01:41:07+00:00,2026-04-22 09:41:07+00:00,,,
07092889-7c69-490b-bc36-5c7291b68652,fb8a31a1-e51c-56d2-959c-b9114d603723,send_reengagement_message,email,2026-04-07 00:28:18+00:00,,,,
f8735cca-d99e-4117-ad71-9cf0de57444c,22fb7605-8d95-51b3-829a-4595a3f5bb0d,send_reengagement_message,email,2026-04-06 04:25:38+00:00,,,,
6bdfe666-70d1-4d14-9cbe-b1749dc82afc,a617c288-77dd-5909-babe-9bea21bb43fa,send_reengagement_message,email,2026-04-24 23:57:42+00:00,2026-04-26 02:57:42+00:00,,,
472a289c-32b3-4985-a326-7173876ce096,e267a1c7-4f36-5f96-b791-8b5eb8cb2647,send_reengagement_message,push,2026-05-20 18:02:09+00:00,,,,
1fbe9a21-1ba8-48cc-ac9a-d0f2321a2140,e2540cfe-6872-59c0-949c-a66718786cc9,send_reengagement_message,email,2026-04-10 18:38:12+00:00,,,,
d4f79c3f-a45a-4db2-8f43-174d171812bc,91a49084-c149-5967-a2b6-3d97ae5149bf,complete_onboarding,in_app,2026-04-28 23:11:29+00:00,,,,
bb29e059-1e55-424f-ad90-3be86ccb1881,d3e24b6e-d8f3-5d54-883a-8a95b4695e92,send_reengagement_message,email,2026-05-14 19:28:38+00:00,,,,
cf22b341-1ae4-4405-a40f-fc41331d9cc2,67a517d3-7a0e-5b58-b4fc-661ce016bef5,complete_onboarding,in_app,2026-05-08 06:47:59+00:00,2026-05-09 05:47:59+00:00,2026-05-09 06:17:59+00:00,2026-05-09 22:17:59+00:00,
69291dee-e6a8-4139-8cc0-a5472c620b7a,7bde50fa-2c75-5078-94f8-8b68e0f19fd6,complete_onboarding,in_app,2026-03-18 15:39:12+00:00,,,,
ba111520-6a7b-4083-8081-3e19b017a733,b868ba61-1f5c-5e78-a765-13991ad46e04,complete_onboarding,push,2026-04-25 08:13:57+00:00,,,,
76179533-3f7b-4644-a02f-d26f7e80c1d1,b753ad8f-a69e-51cb-934d-d3e2bcf2736e,complete_onboarding,push,2026-04-28 15:33:31+00:00,,,,
a4a97172-b8c0-4a2e-b341-cdf69eed0dc3,e4d0ea6d-7cef-5bb4-a38e-1a350a12adcd,complete_onboarding,in_app,2026-03-19 23:10:04+00:00,,,,
2fb60fc7-d2f7-4581-9cec-be8641f50a79,bed7b00d-7765-5d8c-ba6b-8168208362fd,send_reengagement_message,in_app,2026-05-21 17:29:55+00:00,2026-05-23 16:29:55+00:00,2026-05-23 17:04:55+00:00,,
9c7fcba7-957e-41c7-9996-b397ada4afe6,bffeb39e-fe7f-503f-a38a-3715639c891a,complete_onboarding,in_app,2026-03-14 09:42:32+00:00,,,,
0352b411-0bb2-43d7-84bc-b31e0f868f34,10c70a97-0ab3-5d09-8e5c-f7d48a5492b9,complete_onboarding,push,2026-04-16 15:07:33+00:00,,,,
385f5395-9c58-4fff-9933-ed014f13358c,fc4ede2a-451b-5aa2-a16b-8b978296d377,send_reengagement_message,in_app,2026-04-29 08:06:15+00:00,2026-04-29 12:06:15+00:00,,,
1f6cb573-007b-44f3-b3b9-0079afca106c,e327da09-b3b9-5b91-aa1d-89579020402a,send_reengagement_message,email,2026-05-01 15:28:02+00:00,,,,
5f511768-5cc1-4c88-b60e-feafa6ff7ec8,6c40772f-b74e-5b8a-a34b-fa7c07f6b628,complete_onboarding,email,2026-04-11 20:22:25+00:00,2026-04-11 22:22:25+00:00,,,
685a8f4a-3d35-46d4-a5ea-45db29a3deda,23569456-41f1-545a-be9e-19be308f7225,complete_onboarding,push,2026-03-09 04:07:30+00:00,,,,
4fe48ece-89dd-43ec-af5d-6bac7a3be410,b97ac4c2-1ded-5b78-b937-315484ca93c0,complete_onboarding,push,2026-04-11 01:34:01+00:00,,,,
ac23d158-ddbe-42ce-9f64-bf2787300ea2,dd2fd5f9-862a-5ec8-97cb-fc87b0ed50e1,complete_onboarding,in_app,2026-05-10 15:14:54+00:00,2026-05-10 18:14:54+00:00,,,
f08b8a75-6849-4daa-a8f2-ec4adf43da06,e53bfa1b-e660-5d93-a396-1705897dd3e7,complete_onboarding,in_app,2026-03-26 02:34:03+00:00,,,,
0ce50cc6-8e09-475a-84bf-eee105ebbb85,772cd23b-2f3b-5697-84e9-88d4d845f277,send_reengagement_message,push,2026-06-02 15:24:47+00:00,,,,
b5b2e3e0-890e-4d71-80f1-c48dfc41e905,214f2dfb-e6d2-5c1f-af9d-24299d66c0db,send_reengagement_message,in_app,2026-04-01 19:55:52+00:00,,,,
4840be30-9e8f-47da-b365-c02291e107a3,c83a66f2-24bd-5ef9-a510-36ffc01c1061,send_reengagement_message,push,2026-04-28 13:16:49+00:00,,,,
cb681367-d15b-4300-97b9-ac51aa19aae1,7487dab3-8b4e-5228-a655-4fe9f39dd760,send_reengagement_message,email,2026-04-30 08:51:42+00:00,,,,
6fca3305-25b8-4e53-8e1a-d5501f52fbdd,4c5edf86-a365-5b1b-be4d-67eedd7d0022,send_reengagement_message,email,2026-04-27 23:28:45+00:00,,,,
1b8de032-3ec2-4fab-a024-b45369761874,d46c8a48-14b0-5818-9f05-97b60b8ec5ea,send_reengagement_message,in_app,2026-05-28 14:22:40+00:00,,,,
e7bff366-f072-400d-a959-a79374eb6b8e,a7c419ca-a8de-5157-b55d-51cbb17187f5,send_reengagement_message,in_app,2026-04-24 02:26:39+00:00,2026-04-25 10:26:39+00:00,,,
626936ec-05da-4544-9dfb-d429036848dc,f78d076a-dec6-513d-9472-adc241503ad8,complete_onboarding,in_app,2026-05-13 03:47:14+00:00,,,,
c7b585c1-f4c9-4711-8450-5d6c526ec225,478aa177-23dd-595c-a6d3-5bf7c88d228b,send_reengagement_message,email,2026-03-30 14:39:47+00:00,,,,
c9799bfb-6a58-498d-b593-ca13d9ccb0e6,8ca0a343-1d40-51d4-9d26-400a55702b19,send_reengagement_message,push,2026-05-15 15:23:53+00:00,,,,
ed4dee1d-7701-4ff2-a732-9c4031d49651,aa16b2f7-3438-57b6-9e0a-d473284c11b4,complete_onboarding,in_app,2026-04-16 21:56:09+00:00,,,,
5285d349-475a-440c-a68b-9ea2d12a1734,6103fc74-d484-5c6a-bca5-e2de23d0a318,send_reengagement_message,push,2026-04-11 14:20:37+00:00,,,,
32b33c00-ad9e-47aa-aa34-c2951b55f5f3,5046787e-02e0-5981-8619-f7b13cd80d42,complete_onboarding,in_app,2026-03-22 17:30:51+00:00,2026-03-22 19:30:51+00:00,,,
06def9ee-93f2-4590-b6aa-b52333159034,1f02a9a4-0ada-5d53-95b2-885446c432ac,complete_onboarding,in_app,2026-04-25 15:47:24+00:00,,,,
dd789975-40ef-40ca-89a8-65fc6bb7d465,1454bfc6-e9d7-5b4e-938a-33049b8065e8,complete_onboarding,email,2026-04-19 23:52:48+00:00,,,,
e932645b-c245-4ab2-bdda-bece8605523d,55716dce-dbd9-5485-ac72-217cb5743f95,send_reengagement_message,email,2026-05-07 04:05:49+00:00,,,,
441d56ce-6753-48c1-9b9e-d694c565a1ef,e0ca5e6e-1d32-5495-aa52-10160975dc26,complete_onboarding,in_app,2026-03-10 12:10:47+00:00,,,,
cbebcb9a-17e2-4f75-b6f8-f4ec3b728161,0651a45a-0dbb-5695-b7a6-44574c168055,send_reengagement_message,email,2026-05-06 06:05:38+00:00,,,,
1bfe520e-e757-4821-a10a-417aae21807b,33a872c6-9c7f-5c21-aa4d-c13a72c7ba30,send_reengagement_message,email,2026-06-01 17:10:36+00:00,2026-06-01 23:10:36+00:00,2026-06-01 23:21:36+00:00,2026-06-02 03:21:36+00:00,
9874f1f1-e6d1-4bdc-a7e3-0db24da4f146,f86b60a8-b63d-5de9-ba6d-b95106183082,send_reengagement_message,in_app,2026-03-27 04:41:12+00:00,,,,
8355498b-04f4-448e-84dc-cb231b4722b1,2e2b1ac0-7042-5965-86ad-7b4ae8c13c64,send_reengagement_message,email,2026-04-27 08:40:19+00:00,,,,
774e817d-f292-4736-a579-8dc29df4bfa8,a519856c-e945-59af-a69c-22c5dac4cbfb,send_reengagement_message,push,2026-05-26 21:01:35+00:00,2026-05-27 13:01:35+00:00,,,
db12bdf9-073b-4e0b-85e8-611a36cc750f,dd779f4f-efc3-534f-94f8-812db926a8b3,complete_onboarding,in_app,2026-03-26 12:23:33+00:00,,,,
ffb886fe-946e-4289-9569-fa941a2755c7,f984c023-2006-51cc-a288-4be0e7a686ea,send_reengagement_message,email,2026-04-27 19:31:44+00:00,,,,
beb78eb0-d203-4875-8203-f1f29d4e6305,bff40914-10ae-573e-bb14-509f1046b301,send_reengagement_message,email,2026-05-14 11:40:10+00:00,,,,
cd94c779-2986-4eba-9df5-19a627b70eff,1a8eff7c-ed43-5295-8b7e-e1c690290482,send_reengagement_message,push,2026-03-30 03:54:27+00:00,,,,
f4e94e9f-c5f3-49ef-a75c-f72c2ac92cc1,c8671995-2992-510e-b2fe-af949e34878a,send_reengagement_message,email,2026-05-20 06:36:12+00:00,2026-05-21 15:36:12+00:00,,,
09a0b5fd-a863-4205-9ef1-bae3d8e3fcc3,890bb417-741e-50d4-b1ff-faabc1eed7c6,send_reengagement_message,email,2026-05-21 17:35:07+00:00,2026-05-23 04:35:07+00:00,,,
85f0d4e1-271b-4bc4-a6bb-b6894cd4ce43,7f47cef4-571a-55a1-9cd5-c86e458497e1,complete_onboarding,in_app,2026-04-25 15:44:06+00:00,,,,
24ae7f2f-bcbd-4ff1-a2da-43fa87208dc2,b87e6b02-3339-5bcd-9b18-fab86f38279d,send_reengagement_message,email,2026-05-09 17:23:31+00:00,,,,
60253f58-e1d6-4854-b151-c03f4e273ce7,c4097efc-0fdc-5bc4-8bfd-3113b20404d4,complete_onboarding,email,2026-04-27 14:02:36+00:00,,,,
7b79957b-49a1-4bb3-a1f2-cab16b69dbcb,95c1ac25-866e-586e-b520-932af08d40f5,complete_onboarding,in_app,2026-04-29 22:35:21+00:00,,,,
9ad2dbce-aed2-493b-8806-a656798177a7,48772a6d-7cc1-55aa-a8b8-777e367863ac,send_reengagement_message,push,2026-05-27 08:01:18+00:00,2026-05-28 11:01:18+00:00,2026-05-28 11:30:18+00:00,,
52dd3546-d815-4068-bba3-c83b92dca5ff,f2016586-3aaa-5ea1-b32a-d9ef3cc79ca4,send_reengagement_message,push,2026-04-24 13:02:56+00:00,,,,
d579a0a3-ed19-445f-8df9-0a67d04b64f0,2a22e34e-ff5e-5c27-a3e4-2a4e3f712616,send_reengagement_message,push,2026-04-26 11:13:44+00:00,2026-04-28 04:13:44+00:00,,,
76e08ec4-c68c-4a68-b4b8-5f6a433cf2ac,c3f39766-4208-564e-b3ac-6727c905fa72,complete_onboarding,push,2026-04-20 00:25:22+00:00,,,,
b554d115-12da-4ca1-b299-dfc41c138c43,a90d5fa3-b37f-5a46-92c5-cc78f01d7870,send_reengagement_message,in_app,2026-04-08 07:45:20+00:00,2026-04-09 08:45:20+00:00,2026-04-09 08:54:20+00:00,,
1288b933-7a2c-40ff-8815-c5ff3d18bb4d,cbbc21a1-d633-5658-b184-647447a97653,complete_onboarding,in_app,2026-05-05 01:54:53+00:00,,,,
5cc5b85a-07e7-42c8-98d4-657f97ea4a41,82040709-6f13-53ca-a0e7-1d405ba56087,complete_onboarding,email,2026-04-29 03:58:11+00:00,2026-04-29 20:58:11+00:00,,,
a7600892-6afe-4647-ab89-a6c747819bd6,02263bc7-97cf-5e8c-b9c3-61b4313479e3,complete_onboarding,push,2026-03-27 19:32:04+00:00,,,,
1bab2901-47b0-4f7e-b398-7a4b1588d359,39037d43-ec6a-5b87-b38a-8bee86102dcb,complete_onboarding,in_app,2026-03-30 23:44:50+00:00,2026-03-31 02:44:50+00:00,,,
0de70d83-bea7-4072-b183-7c9296c4c8ed,5090f5d9-2ef3-5f6e-8bb7-3e64f371faad,send_reengagement_message,push,2026-04-25 00:19:03+00:00,,,,
38174ee3-1882-4a6c-9fe4-d02a2054bd59,f7c13e77-5d98-51df-8d3a-9c11a760a53b,send_reengagement_message,push,2026-05-10 17:08:55+00:00,2026-05-11 15:08:55+00:00,,,
d142bdd7-df84-4291-9d72-d6e0ff8ae0c8,ff63fe33-2caa-568b-8704-f340f202e41b,complete_onboarding,email,2026-04-29 16:25:31+00:00,,,,
b298c397-db66-46d7-9ed2-1dab4faba751,460c2dbc-e827-59b1-9691-85a0921f83e2,send_reengagement_message,push,2026-05-11 08:35:24+00:00,,,,
d940d022-dbbf-45ea-915a-08e8cac91ed6,8b51dae2-fe29-5879-a0a6-2c27b60c9d39,send_reengagement_message,push,2026-05-29 03:58:06+00:00,,,,
3d734387-7119-472b-8541-37ae824cc743,b1d0633d-987b-576c-8eec-f3fa98aa3894,send_reengagement_message,email,2026-05-31 06:43:54+00:00,,,,
0dcbd7cc-c4a4-462f-9518-5253a1242124,3d325288-3df6-5bbd-a23f-e0e04c3a0d3e,send_reengagement_message,push,2026-05-13 15:19:24+00:00,,,,
d1c8930e-8cf1-4486-8ce7-be6a56e5f32e,c18f8f48-a73e-51ff-b7f0-4ac2b2ae78f5,send_reengagement_message,push,2026-04-20 14:13:49+00:00,,,,
d8f4e4c0-a168-4282-8ad7-57a62d234e08,4ee64002-ab9c-56b2-888e-abbcc96c1b65,complete_onboarding,in_app,2026-04-05 07:56:06+00:00,,,,
3bb2ffba-a5cf-4ef2-a41c-1f4f8c1ca60b,20f36f17-1e04-54b2-9d4f-9eb17087bb12,complete_onboarding,push,2026-04-19 09:47:01+00:00,,,,
db123391-56ac-49d5-9c52-51e9c20a90d2,bc2b9953-8a6e-5128-884b-188259d1f884,complete_onboarding,in_app,2026-05-02 00:52:31+00:00,,,,
9962b19b-a706-4915-ba7a-b5a00fb74270,be6c27c8-a118-5b00-84e4-f5d2deada99d,send_reengagement_message,email,2026-04-20 11:36:51+00:00,,,,
d2410483-5e89-4514-9a17-784269976e37,9b9d763a-2632-5cd4-a9ee-083a6ecec938,send_reengagement_message,email,2026-04-29 21:32:31+00:00,,,,
2feae603-7328-4d72-8837-eb6cb70a017b,0cdd50e6-df59-585f-bb39-466e2430aae0,send_reengagement_message,in_app,2026-03-29 03:34:25+00:00,,,,
2d1efc98-8ca2-415b-9046-2585abba39c0,9ec096a5-0628-51c5-9f2d-4d6dce0d7831,send_reengagement_message,in_app,2026-05-15 19:45:53+00:00,,,,
707b1871-15f3-4be5-9dbe-451cefee9e53,f003f423-7792-598d-a4eb-9b796d1bffd9,complete_onboarding,email,2026-04-09 19:11:45+00:00,2026-04-10 17:11:45+00:00,2026-04-10 17:46:45+00:00,,
83a92aba-2465-44a6-8eee-a9c3a49db5d2,231e0c3b-61de-5d1d-b1f6-3cf51030fa7b,send_reengagement_message,email,2026-04-26 17:16:42+00:00,,,,
9c53280f-d8aa-47ad-a64a-7cbf526b02f8,54d7d7bf-9274-5a7a-9642-212ad59035ab,send_reengagement_message,in_app,2026-05-01 17:42:18+00:00,2026-05-02 06:42:18+00:00,,,
05e271c5-844c-4135-9a94-1b179a52dee1,0b637469-188f-5adc-af00-997db4447975,complete_onboarding,email,2026-03-21 20:51:34+00:00,,,,
2adb3905-2d8d-43ae-9cdb-0db88d6a08e4,c1745cf5-4c74-5d9c-8e64-bb7d677a3019,complete_onboarding,in_app,2026-04-17 06:14:01+00:00,,,,
2fd849da-b714-45aa-8f66-591d864c69fe,64ac06a7-f0f2-5e7b-a29f-da82e8e45fe7,send_reengagement_message,push,2026-05-16 10:03:26+00:00,,,,
4c931ffe-9b57-4e6c-a734-01f1c64aada3,824ab3f0-cacd-5c36-be99-46e94911b3a7,complete_onboarding,push,2026-03-31 03:03:48+00:00,2026-04-01 02:03:48+00:00,,,
b44c5fc7-220e-4209-8682-a7b6f1debb24,cf2bc700-552c-5f26-b417-9ddd61538039,complete_onboarding,in_app,2026-03-16 01:11:33+00:00,2026-03-16 05:11:33+00:00,2026-03-16 05:48:33+00:00,,
e5f4c098-a15f-46a8-b563-fb8e53731d07,0c831bae-16bd-5747-b872-da84b2f90844,complete_onboarding,push,2026-04-02 16:36:01+00:00,,,,
f3411eef-64d9-4ffe-9f9f-23e8b48b3a1f,68fe0666-3287-5bbf-9ecc-c37984cba8a0,send_reengagement_message,in_app,2026-04-08 16:51:15+00:00,,,,
a284a9d6-499f-457f-b080-c695fb3b96f6,7119ad72-3480-5f5f-96d5-671dfd7b1d49,complete_onboarding,email,2026-04-01 19:14:35+00:00,,,,
161ae50e-6e1a-4348-84ba-5fc43e0b5191,8ddcfd0c-18b2-52ad-8369-9f556e65b872,send_reengagement_message,email,2026-05-08 06:01:18+00:00,,,,
ac36fc95-1060-488d-a834-1dd67c7882c7,2c358308-7a3d-5c60-b228-03d35d23f23f,complete_onboarding,in_app,2026-03-14 19:46:52+00:00,,,,
4b0e2ef1-8328-4b0d-a03e-da5fb0ed7a2e,4c68f3b1-479a-5f12-872f-24153111fe50,complete_onboarding,in_app,2026-04-27 13:28:42+00:00,,,,
66197cee-ec13-4f4c-a7f9-5d4cb76f18eb,04599e7c-46cd-5ef0-a5b7-c6a9402df2fc,complete_onboarding,in_app,2026-03-22 11:57:35+00:00,,,,
5d9e957a-5bf2-47a6-8778-cb60f207bfff,cced0aa8-39b2-500e-8dbc-a70bfa7efaf1,complete_onboarding,email,2026-05-07 17:36:10+00:00,2026-05-07 22:36:10+00:00,,,
0e805704-1215-42d4-a9b2-0f320ce42528,ec13f103-571e-5db1-876a-2375bac62d3b,send_reengagement_message,in_app,2026-05-15 12:55:35+00:00,,,,
6ec18f5a-6fa9-42a9-970d-ad64608c287b,c9125106-c688-5e05-8809-78d4bb5f12d9,complete_onboarding,in_app,2026-03-25 19:24:10+00:00,,,,
2535f871-6dc4-49ce-8446-c39528c32188,8ef3ec88-e86f-5c0b-9552-3f59a1c51b63,complete_onboarding,in_app,2026-04-14 20:42:17+00:00,,,,
6a744994-8f88-4948-a62f-cffb0764517b,8b718fe4-3503-5623-9421-797dc35f780c,send_reengagement_message,push,2026-04-02 15:21:32+00:00,,,,
f3b74716-c86a-4816-a7e8-24688c55f99c,e007508d-7120-5594-bb09-ae77e9ddc165,send_reengagement_message,in_app,2026-04-01 21:10:04+00:00,,,,
f74878dc-edd0-499e-bc03-5636ea3a12dc,d80f8831-0571-5847-8def-7df47c78c61d,complete_onboarding,in_app,2026-05-11 23:12:46+00:00,2026-05-12 01:12:46+00:00,2026-05-12 01:37:46+00:00,,
e5d3239d-6993-4693-b803-ae42b70f2286,b92b834c-625f-5a83-acf1-6969854458f3,send_reengagement_message,email,2026-05-20 08:49:33+00:00,2026-05-21 10:49:33+00:00,,,
e2e7a1cc-da42-4d67-8281-51e238301d1f,5ff88c46-567a-55a6-a43e-b5d4bad294ce,complete_onboarding,email,2026-03-17 15:43:27+00:00,2026-03-17 20:43:27+00:00,,,
de7e5d1e-eb7e-4fe4-a8ca-6274344805dd,2b6e3eea-4990-57a8-9191-81b453df2799,complete_onboarding,in_app,2026-03-26 12:07:59+00:00,,,,
68302547-cc49-490f-a3f0-566b1119ca3b,00628337-d98a-5ae9-961f-240ed68136b3,send_reengagement_message,in_app,2026-04-08 15:20:10+00:00,,,,
6ffb9070-1e24-41ed-aeb9-99d34807231a,14f593e3-7c3f-5058-888b-72bf35af87b6,complete_onboarding,in_app,2026-04-03 06:23:11+00:00,,,,
b8537035-2d7e-4a04-ac3c-ca924ada77e8,1667e599-d36f-5c0f-bce2-3a8ca1b6a07a,complete_onboarding,push,2026-03-27 02:26:28+00:00,,,,
faed22cf-86f1-4fe0-9c1d-ad896cc3057b,a7cc6ff3-93cf-5d8a-8577-280c88ac02ee,complete_onboarding,in_app,2026-03-29 15:16:17+00:00,,,,
ac887b62-8bba-4a75-80a8-701262e1698c,b12174c3-48ec-580c-b399-5aecf116a30b,send_reengagement_message,email,2026-05-01 12:40:18+00:00,,,,
380c5509-5979-4795-ac47-003d07c20087,077c2b1d-b4f1-5716-97bf-9114fc4249e7,complete_onboarding,email,2026-03-20 01:04:20+00:00,,,,
89bd6059-42bb-4b30-937e-fb63c8137482,aec9eee0-0fa0-5ebf-99c9-afdeadc6534e,complete_onboarding,email,2026-05-06 21:57:31+00:00,2026-05-07 09:57:31+00:00,2026-05-07 09:59:31+00:00,,
c2244df9-a886-45e2-afcc-cbc91c59c69e,1026a63f-bc37-5aa4-9d7e-870334315951,complete_onboarding,push,2026-04-28 11:27:50+00:00,,,,
e0103c09-e1c5-406c-82c9-76c1dedfb2de,08b7a834-e6c5-5929-8e5b-85bc1b52d040,send_reengagement_message,in_app,2026-04-06 16:39:14+00:00,,,,
8d0a8fdb-9446-4d64-9068-22d9d890921c,9043fefc-7083-53d2-9fa2-752252008347,complete_onboarding,push,2026-04-24 20:42:31+00:00,,,,
2fcbbe29-acac-4082-8ac1-35e8545587ca,89f357d1-aab2-5617-8c9f-95fef26da30f,send_reengagement_message,email,2026-05-22 16:49:16+00:00,,,,
7b8740df-f7cd-453d-813f-de86461d4aca,2f059662-8378-5d1c-bc83-4e86414c1152,send_reengagement_message,email,2026-04-07 02:05:55+00:00,2026-04-07 14:05:55+00:00,,,
79041393-d20d-4523-a01c-eb5a5ae9899f,47a8ea6a-b6ae-5026-b402-773ba0f75629,complete_onboarding,in_app,2026-04-27 20:06:58+00:00,,,,
ef4b076c-10f5-491c-af5c-1f8d8eb39563,02e3a9ca-9c33-5240-97ae-4bbe7c4c8b8a,complete_onboarding,in_app,2026-03-31 16:19:19+00:00,2026-04-02 12:19:19+00:00,,,
422aa78c-d5a8-404f-a592-7b963bb9ac35,b05cfe17-7e8e-5c8e-9e33-2c08c64228b2,send_reengagement_message,in_app,2026-05-19 08:13:51+00:00,2026-05-20 03:13:51+00:00,,,
34761261-74ff-4985-af04-ce5c1b6cea21,0cab7100-86b0-54ef-9f22-5bc5d33c804c,complete_onboarding,in_app,2026-04-09 00:14:17+00:00,2026-04-09 19:14:17+00:00,,,
fa37d664-5cda-4afb-97ae-db1cd25b03fe,2efd12ec-beae-5270-889b-be2b486ff5fe,send_reengagement_message,push,2026-04-05 04:08:13+00:00,,,,
04c504fb-e43f-4b71-ae7c-55c3af452eb0,5889eb08-e6d1-5b2b-80ab-445f5369e586,complete_onboarding,push,2026-04-02 20:18:58+00:00,,,,
e563aaf5-a43e-4f6b-aedd-547d5aa5600e,10f8c722-2186-5a62-82e9-7ad2f263a5e0,complete_onboarding,push,2026-03-25 20:47:57+00:00,2026-03-26 10:47:57+00:00,,,
13743fe0-a0f4-41d6-a5f7-990ea60200b3,08418d67-ba4a-5bf8-bbcb-2d636b05ded7,send_reengagement_message,email,2026-04-12 03:17:26+00:00,,,,
fe1ff1e8-45d8-4277-b800-a3ab7df90cee,5f5557fd-eac9-5521-bc6d-8cce039bd455,send_reengagement_message,push,2026-04-16 06:35:58+00:00,,,,
8c0c2965-89bc-4320-9310-3e4d71b3e382,927780fb-e948-5370-897a-e2780b7a37cc,send_reengagement_message,push,2026-04-21 09:18:35+00:00,,,,
38e61ee4-49f8-444f-b721-8aa45c13ff98,4e027c55-bc3c-5177-aa01-bc079e159270,send_reengagement_message,push,2026-04-03 18:46:08+00:00,,,,
578499a4-a399-4081-8435-f1bb2b336fd6,be6330a8-a893-52c9-a27b-4fd9601fbf46,complete_onboarding,in_app,2026-04-24 18:55:42+00:00,,,,
e2153f6c-c936-4937-9a19-be11fdff40fa,6ec95e53-7654-501b-9923-7b326a780ee5,send_reengagement_message,push,2026-05-02 23:11:47+00:00,,,,
5c700a52-4ea4-4ea0-8832-7982ba75063e,265a9054-e948-5e35-9fdd-330cd1c986f4,complete_onboarding,in_app,2026-05-03 05:16:12+00:00,,,,
3b2e87aa-e0df-433b-b601-76fb0d6a8e2d,e841db2a-c4f6-5aca-af56-9d89993042a1,send_reengagement_message,in_app,2026-05-13 15:31:35+00:00,,,,
0837c67f-5a57-46f6-890b-9b7738242714,1318cf42-a77a-5b1a-bcae-199bc44a6720,complete_onboarding,in_app,2026-03-17 06:48:56+00:00,,,,
8add107b-5426-4b8b-bdd1-52bacb421e18,a1e1a6ab-9b3d-5253-9ec0-9b49d04e6968,complete_onboarding,email,2026-03-11 19:48:23+00:00,,,,
31e7f57d-946e-40b8-9af1-fef124ed4f46,62d6df70-7d03-5935-9429-d2371a2d7522,send_reengagement_message,in_app,2026-04-24 04:10:14+00:00,,,,
33ae200a-5157-474e-b9ff-3251b52a264e,83bbfb57-f887-5c26-817b-53da8c149087,send_reengagement_message,in_app,2026-04-28 04:44:22+00:00,,,,
9694bcc9-378c-4198-9444-888d6d4e2776,77cbb2e6-e75c-5310-af72-e845542fff71,send_reengagement_message,email,2026-04-11 13:51:12+00:00,,,,
c2bbd5ce-e90d-43b1-b4cc-7788fcfe07bc,99c87965-f94b-5696-92ce-3068a8b931b8,complete_onboarding,push,2026-04-29 23:20:29+00:00,,,,
d8d3215e-5c10-44b2-9349-aff062fd6768,9456e793-3a04-57c8-81af-cbc870aa6474,complete_onboarding,email,2026-04-16 03:06:01+00:00,2026-04-17 15:06:01+00:00,,,
dae373a1-bd1a-4a67-8713-b71840abaceb,ca397cbd-5f6b-54a9-af85-367e8ca02a80,send_reengagement_message,email,2026-05-16 14:40:16+00:00,2026-05-18 09:40:16+00:00,,,
7b680525-7865-4c64-8d33-b4f106d0e82a,d63f5451-69bc-529d-8698-31150cd6caac,send_reengagement_message,email,2026-04-02 12:31:15+00:00,2026-04-03 16:31:15+00:00,2026-04-03 17:11:15+00:00,,
15d35896-7916-4a19-825b-e4ac89135c71,d324aebf-573f-5443-b0ef-a7b304658e06,send_reengagement_message,email,2026-05-21 05:45:38+00:00,,,,
7de6b5ab-e7da-47fb-973e-d2a9781918e8,f01a6649-6d37-5e47-94f2-79fa68de23c6,send_reengagement_message,email,2026-04-09 05:17:07+00:00,,,,
05b9571b-e88a-4663-ab66-b2566b9c5e82,3393cdbc-2db9-56dc-b155-1bf7b1932088,send_reengagement_message,email,2026-04-25 22:17:10+00:00,,,,
61e09c5b-3aa6-4254-9442-02bd948cacfb,dba17e02-e21c-574f-99a4-76d215250c34,complete_onboarding,in_app,2026-04-06 07:35:56+00:00,,,,
9e289524-f0ad-4b96-a9f0-21f7f5c8303e,4335f4d0-b1da-5e4e-8767-8215afdfcafe,send_reengagement_message,push,2026-05-21 14:50:32+00:00,,,,
df8cd217-bde1-4bd3-89eb-45ff57e45601,7029c5a5-0546-5788-ac32-747b7856494a,complete_onboarding,in_app,2026-03-26 02:27:28+00:00,2026-03-27 03:27:28+00:00,,,
7cc214f6-03e5-4527-9847-fba273a7ef3f,7d439f26-458b-558d-b3d8-132f7ee588af,send_reengagement_message,push,2026-04-11 14:41:12+00:00,,,,
1f35e13a-a384-4343-a6cf-6812101a3abd,fcb950f6-5e3d-55d2-9bc6-b7f5e3226d02,complete_onboarding,in_app,2026-03-30 10:25:26+00:00,,,,
67482dae-c9ef-42de-945f-35879c7ff911,ca8fec3c-8312-5e9d-9cb8-7ab168e6d6e0,send_reengagement_message,email,2026-04-19 21:30:07+00:00,,,,
4c1d6fbc-8fbf-4a0e-a9d6-aa2a0ff056c4,ae4ce115-cba5-5fb1-9d23-638b7d7b7569,complete_onboarding,email,2026-03-19 12:52:15+00:00,,,,
52b8fa23-245b-46fa-9431-d71725f407a3,77aa2c61-3e73-5091-8be7-20b6883a1053,complete_onboarding,push,2026-03-19 04:02:40+00:00,,,,
8498cf2a-f5f1-4798-9a58-d5e08e9caf7c,0266a2b6-f83b-5d28-ade7-809705aed827,complete_onboarding,email,2026-03-22 23:05:46+00:00,,,,
f468143f-2911-4ac1-aa42-f239d4a2aaa5,36b8cc10-54d1-5f6d-90b0-5fbbee5cec2b,complete_onboarding,in_app,2026-04-08 06:09:14+00:00,,,,
7fee67d1-4e64-4d73-849b-b264538f6415,6c8c6697-2b9d-593a-a621-c5408dac58a3,send_reengagement_message,in_app,2026-04-18 16:35:48+00:00,,,,
534d421a-0da9-496a-bd74-afc541fbbdb4,54e496d0-a49b-5a1c-a588-d0ccb4c2c557,complete_onboarding,in_app,2026-04-03 01:15:04+00:00,2026-04-04 19:15:04+00:00,,,
89dc066f-5676-421d-937d-4241c8030a4d,4f7ec126-59b6-5489-988b-f9f2c7ac40dc,complete_onboarding,push,2026-04-25 14:45:23+00:00,,,,
87466df4-5ec0-4802-b710-9879588ebb47,5530386a-7843-5459-b217-547aa74305f9,send_reengagement_message,email,2026-04-11 14:58:30+00:00,,,,
6bbab6ba-863f-491b-865b-bf0613ccfc2f,18671f5c-1e08-5892-9008-1c818c33ad3b,complete_onboarding,push,2026-05-08 18:46:53+00:00,,,,
c725108d-036a-4f88-adb4-b2162ef9fe7e,97b9b349-3589-545e-9303-bf1ea09d28c8,send_reengagement_message,email,2026-05-16 20:56:54+00:00,2026-05-18 19:56:54+00:00,,,
fd9f048b-543b-4769-9696-ef80d1b0a52d,7ee0bc10-2b4a-5e38-9c4b-ade190e59b21,send_reengagement_message,email,2026-04-07 01:16:54+00:00,,,,
cc92a74f-08a6-4687-bc32-d375b012fe37,f5294499-f013-5409-a764-a7d43e2aeeee,send_reengagement_message,email,2026-04-16 15:43:47+00:00,,,,
c84d96ea-95e2-4454-9715-7d4566e3d426,89e4d5a4-37ad-5967-a640-3626e7ae1240,send_reengagement_message,email,2026-04-07 15:57:38+00:00,,,,
e79237a9-b5ff-4d64-8de4-de328e2195c6,5a4b5ca7-a71f-5bd4-9fe6-c9f5070f1bc1,complete_onboarding,in_app,2026-03-25 19:45:49+00:00,,,,
6da0ee22-b539-4f43-b595-a4be834452a4,1cfe259a-50fd-5e55-be6c-12587ec3a384,complete_onboarding,in_app,2026-04-01 05:15:42+00:00,,,,
128c4a9f-f09a-4fa5-b00f-b1bfbd6f3405,c6c73338-13b0-5526-ab6c-2318000e29f0,complete_onboarding,in_app,2026-03-07 23:54:10+00:00,,,,
de98d1aa-6549-4757-86d7-e511e5d39f9d,f6c44ef3-63c2-5147-9421-e497c0b1759b,complete_onboarding,push,2026-04-06 06:41:18+00:00,,,,
47e5becd-02d3-4115-aecd-47032cb0df92,1e8d5247-8627-5a94-8844-9de32842d766,send_reengagement_message,in_app,2026-05-13 08:50:27+00:00,,,,
3b523266-8b48-43f2-b112-ca7663a3119f,8c9f06f8-b943-546f-b241-9981150d96d1,send_reengagement_message,push,2026-04-15 21:42:32+00:00,,,,
c76e87aa-3634-4de7-ac70-59d438f37ce2,21a7c4bf-4fbe-5d2b-b1e8-06b67ac71d38,send_reengagement_message,email,2026-05-24 08:54:59+00:00,,,,
73c396a0-8542-4846-9682-02c9dcb33877,4f1305c3-1fe7-518d-a872-bab2508bc932,send_reengagement_message,email,2026-04-20 11:30:55+00:00,,,,
cf026637-ce3d-492c-aa68-edef5cbbf900,60435cc8-4434-57fa-ac3f-65c63ac2a44f,send_reengagement_message,push,2026-05-27 03:43:11+00:00,,,,
8938661c-5e09-414b-8d0e-2fa96a8627a4,8fe5fe8d-fb88-5471-99b3-7f1d22bb816d,send_reengagement_message,push,2026-04-11 06:48:40+00:00,,,,
4c3337fd-fca8-42ee-b145-9af9301a94ec,e1efec84-66b9-5242-9aee-eae3c583dc80,send_reengagement_message,push,2026-05-02 05:08:10+00:00,2026-05-03 04:08:10+00:00,2026-05-03 04:46:10+00:00,,
22fc2480-0ffb-450c-9d4c-16dd3109d8b8,4c86276e-13cb-50a6-9746-46a2ef0d3684,send_reengagement_message,email,2026-05-17 15:47:06+00:00,,,,
bbaea3cf-6f99-4e85-9031-d40eb277bc84,f85b660f-45cb-5494-a0a5-2c6e73df07e1,send_reengagement_message,in_app,2026-03-30 01:46:07+00:00,,,,
76f64b8a-1532-443f-a8e0-9b7f14cf0ecd,3b2571a8-e3ad-58fa-8826-eb3f83278784,complete_onboarding,push,2026-05-10 04:05:06+00:00,,,,
c3899bfc-683d-4cb4-9280-a3e2a3309105,ee3c43e3-ae86-574e-a003-a4083c792af5,complete_onboarding,email,2026-04-01 04:22:18+00:00,,,,
bd19c744-146a-4b92-b189-3f4b5bf658a2,1f1398d0-0e1f-565b-a769-c063049a9a15,send_reengagement_message,email,2026-04-29 08:34:29+00:00,,,,
ebaad73b-23ed-4f5d-887a-6de38e9bfc0f,775bd8a3-03fe-5d6c-a316-073f49257b4d,send_reengagement_message,in_app,2026-05-08 08:41:41+00:00,,,,
f9ca15c3-36bf-46d2-abf0-6b16988e1172,28b3739e-63f1-5f02-a2dd-e19fd3ed1687,send_reengagement_message,push,2026-05-09 08:48:18+00:00,,,,
cfce7b6c-910d-43db-b039-e5d4bfb1c27f,7dd1fbe6-a7a7-52df-88a2-70e74393d1a7,send_reengagement_message,email,2026-05-24 20:02:13+00:00,,,,
8f68e61f-70ee-4f48-ac4c-dc8674d96a1e,7cd3e140-8e04-5661-aac6-d94cba6f0387,complete_onboarding,email,2026-04-19 00:41:19+00:00,,,,
305c10cd-574c-4a67-ae70-c6dbbb148760,13c50d20-46d2-579f-95ac-4609ae50f701,complete_onboarding,push,2026-05-14 22:03:41+00:00,,,,
5a6ac468-7667-4308-acbe-ab581b8ce97d,671973df-28f3-5a82-be87-7f877f6537eb,complete_onboarding,email,2026-04-08 12:49:29+00:00,,,,
2b6b4d35-51e7-449c-9102-5441efb564ad,3c1a795a-c5d3-5b68-8627-b9ffc27de179,send_reengagement_message,email,2026-05-07 07:58:58+00:00,,,,
c76ad648-58f8-4a2f-86ed-6854bd6c0aaf,01476732-3c61-53a5-adc1-7d116d66738e,send_reengagement_message,in_app,2026-04-25 10:23:58+00:00,,,,
4f1d2924-43fe-4dc7-8654-4c6cf908460e,027df38c-89c5-5d8a-bfa8-f81fcc24d732,send_reengagement_message,push,2026-05-26 09:28:28+00:00,,,,
6a062d97-b893-42bd-b9d0-e519440435de,5344707a-a13f-5fd9-a236-a0f183fc14c4,send_reengagement_message,push,2026-05-22 10:25:59+00:00,2026-05-23 09:25:59+00:00,2026-05-23 10:11:59+00:00,,
8fb84921-c050-48f9-998b-943b2993c8b0,f4e33089-5bb1-51d2-94a4-e32596f5365a,send_reengagement_message,push,2026-05-27 16:39:17+00:00,,,,
f81d7834-6c24-41ea-a517-88f6adb6a19d,108b86c9-8bcc-5513-8dc5-f601a62ca8cd,send_reengagement_message,push,2026-04-29 19:05:19+00:00,,,,
19894a4d-9987-4ec4-8ec0-d929d172752d,dc1dd381-b7a9-5358-88de-912c076a1ffa,complete_onboarding,in_app,2026-04-30 14:38:36+00:00,,,,
c58fc0d9-2712-42cd-8b96-620e596e473d,2c9614a4-0b64-5995-99b9-ab147204f95b,complete_onboarding,in_app,2026-03-31 18:09:50+00:00,2026-04-02 10:09:50+00:00,2026-04-02 10:21:50+00:00,,
d2398f1e-d6c6-4f1c-bf0c-764ce9f9fd36,1f8f9d7e-6c82-57ea-bb46-48aa567c9996,send_reengagement_message,in_app,2026-04-26 19:18:07+00:00,,,,
ff072b1a-13d7-4df6-b3cf-3223c97844f1,ad40af2b-7327-5cce-9645-a8f077b419a7,send_reengagement_message,push,2026-05-17 10:55:14+00:00,,,,
65069e5d-ec00-468e-b24a-8736d2a44b3e,97a8e6f9-a55a-57c0-9501-d0ad5a554c4e,complete_onboarding,email,2026-03-12 14:23:26+00:00,2026-03-13 08:23:26+00:00,,,
cc142a12-f0d6-4ed7-a0d0-0c37d5761c43,05d2a30d-7295-54c8-b4d3-10af63a76239,send_reengagement_message,push,2026-05-14 00:34:16+00:00,,,,
9168cddc-c695-47b7-b735-0cd1788d7922,95b76769-c833-5a3a-97f8-232e70f92265,send_reengagement_message,push,2026-03-27 02:10:25+00:00,2026-03-29 01:10:25+00:00,2026-03-29 01:53:25+00:00,,
87ab3594-f712-4669-8eca-b056e7e0bf1c,d5ae3e53-e811-5e28-afed-9c85da7c1cdf,complete_onboarding,email,2026-04-16 01:33:26+00:00,,,,
298b4905-6510-409b-964a-0a611b88b420,33364075-b3b7-54f5-8c4b-429e41d15797,send_reengagement_message,email,2026-04-27 22:14:38+00:00,,,,
d0c82250-d96b-43cd-8828-76afaa4802fd,f237761a-ab45-5d13-9a9b-f0a25d7a88ff,complete_onboarding,push,2026-04-08 08:07:54+00:00,,,,
586837aa-63fc-417b-8543-1d98908ab1aa,b495a6b2-8884-5c3e-8235-acc4412a4a93,send_reengagement_message,in_app,2026-04-29 02:35:04+00:00,2026-04-29 07:35:04+00:00,,,
6e5d6dee-e080-4f1b-8542-6128d1a0f6cb,a820c078-02ae-5c89-9ed2-df94e2f294bc,send_reengagement_message,in_app,2026-04-28 22:38:29+00:00,,,,
dfc3f1fc-dece-40e4-ba9d-bec7c31d007f,4ed92387-03c3-5e3a-8275-c2f2793df660,complete_onboarding,in_app,2026-04-04 02:35:30+00:00,2026-04-04 13:35:30+00:00,2026-04-04 13:54:30+00:00,,
2002c18b-de8c-441e-bc3d-842344632466,4a5f6e22-c098-5909-9c74-bfa83c47a8f6,send_reengagement_message,in_app,2026-04-26 03:26:32+00:00,2026-04-27 02:26:32+00:00,,,
053db3a7-4438-4c08-8232-3f8628a5af69,5880c2fa-9e44-549c-a867-51e2b3508458,send_reengagement_message,in_app,2026-05-04 04:53:05+00:00,,,,
6fc8bc7d-6dc0-48bc-8fc5-cb2d74605402,381c55ee-1137-5e1c-b19d-58297605d6ea,send_reengagement_message,email,2026-05-17 16:17:56+00:00,,,,
cd944d47-5bdc-4a0e-b285-243541328db3,63bc4098-2a21-5ed5-b5dc-eb01fd0c53b8,complete_onboarding,in_app,2026-04-14 02:22:52+00:00,,,,
2672cafc-36f5-48a4-b357-9456e752c775,f516b809-16b9-55d2-aff0-9a2423e0f83c,complete_onboarding,in_app,2026-04-20 08:01:02+00:00,,,,
44e01ba4-d3d8-495a-b704-0988517a5634,e3e236ab-bbef-5b55-8d61-477992b290df,complete_onboarding,push,2026-05-03 17:25:51+00:00,,,,
4bf0f7a8-9a36-40d6-8401-3a271eac7fc3,92d6ee38-51c0-5628-874b-7609fb3d07de,complete_onboarding,in_app,2026-05-14 06:37:55+00:00,,,,
fc34a9c3-f633-4f9d-b004-a46fde191bf8,beb9eb7a-75e0-50ae-8f9a-1a68c54e2197,complete_onboarding,email,2026-03-14 11:56:09+00:00,2026-03-15 16:56:09+00:00,,,
7d77403b-56f2-4dca-b4be-d7f113988658,23371250-07b5-5e8a-a3dd-9f9e01327694,complete_onboarding,in_app,2026-04-25 04:36:17+00:00,,,,
8fa5ee5f-b31b-4939-bbf7-a42dee695fae,049940c2-63b4-5d8d-adfb-4f7c081fa21c,send_reengagement_message,push,2026-04-10 12:53:38+00:00,,,,
385c09ac-3257-41fa-a0a8-0e09da948dfd,7542879c-8e16-5792-a5b6-c4de1f76239c,complete_onboarding,in_app,2026-03-20 13:52:08+00:00,,,,
5edf127d-1561-4e14-b22b-9359d1da5e6a,9464734c-f3b2-512b-91a5-4b9f60468876,complete_onboarding,in_app,2026-04-30 17:12:57+00:00,2026-05-01 02:12:57+00:00,,,
3a30fb8e-5767-4987-9278-77b406f9f77f,37e4627e-251a-5402-96a4-b78091849927,complete_onboarding,in_app,2026-03-11 17:45:08+00:00,,,,
5d56d6d0-57b4-459a-a0dd-b2c7569f1beb,1f7677ee-f9ab-5ffd-a467-b2ecf4e3533c,complete_onboarding,in_app,2026-05-04 12:01:03+00:00,,,,
ebdcdb5e-d73f-4c96-8a34-492a7dece205,4605a094-6226-5972-b7f2-b6eea2ba3bf8,complete_onboarding,in_app,2026-04-29 04:01:21+00:00,,,,
df9d39a9-0509-47a3-a260-8a1abc2ea63d,3c51f0e5-07b1-5ac5-aa97-e574e3fd16ca,complete_onboarding,email,2026-05-14 15:25:43+00:00,,,,
eff3463c-bb19-4f34-9ef5-058ad5618bcc,8108fb7e-1d59-5070-a924-1b2ba1fe4090,complete_onboarding,in_app,2026-04-22 02:06:47+00:00,2026-04-23 05:06:47+00:00,,,
4e6999b3-269e-4a8a-bca0-a82d29d9d63b,ae9d2744-691c-5259-b0b8-d2fca0a17f5f,complete_onboarding,push,2026-05-06 05:32:31+00:00,,,,
fa93ae8c-cb5f-48f6-9328-7b61ace11593,32d7978a-601a-5f11-a012-0a166f9e1715,complete_onboarding,push,2026-03-15 04:17:36+00:00,,,,
c161a80d-4871-4bcf-ab3f-c39dc2583fa3,224ef5f4-3b1d-5718-b24b-97a59ef552c5,complete_onboarding,in_app,2026-05-07 09:40:20+00:00,,,,
26020031-def7-4761-a328-f8a672e05a31,9ef40288-7836-5d0c-80d0-07bcffc8dc07,complete_onboarding,in_app,2026-03-18 01:29:57+00:00,2026-03-18 11:29:57+00:00,,,
68ea6df3-5f75-4e6b-9995-be29225cdbfe,b040b0da-b214-55cc-b9d9-5320203e5be9,complete_onboarding,email,2026-03-28 16:33:35+00:00,,,,
0df3983b-6e9e-422b-958c-530cab01610a,678f0be0-39d6-5772-8d35-8f645c231b56,complete_onboarding,push,2026-03-15 20:17:16+00:00,,,,
fd698dee-bf6c-40aa-8f32-67f86bcea090,69d66719-a566-578b-84a6-918b767017af,complete_onboarding,email,2026-04-03 17:09:04+00:00,,,,
13143dc8-8dd7-41bb-ba3b-9d18a455c03c,c63f1a58-fa75-5f58-9fd7-a014124ba4d3,complete_onboarding,in_app,2026-04-27 16:20:30+00:00,,,,
9e24dbba-b026-4142-8e47-4e877ff9c79b,14a7ccf7-7316-59b3-8594-05671c6ff0fb,send_reengagement_message,push,2026-04-13 11:56:55+00:00,,,,
3dc8163c-de83-48cb-ba31-397c88155b8c,01907be9-f0e1-5310-9943-e2c5d61c7853,send_reengagement_message,push,2026-05-21 17:33:18+00:00,,,,
f95ec049-8536-4c21-a6fa-2286e0fe97aa,7ada632c-0f47-5027-bcf3-f406c6aa4c7a,complete_onboarding,email,2026-04-17 20:01:53+00:00,,,,
ee9be4a0-1980-4caf-9176-613af7b38bc9,10b91ba0-5873-5f7b-9f2f-c2d5fa0249e1,complete_onboarding,in_app,2026-04-19 09:30:04+00:00,2026-04-21 06:30:04+00:00,,,
3ef0221d-4c97-4411-816b-f0102a5b2a7b,98ddf25f-0f47-5f86-b904-61c5a2efcf64,complete_onboarding,push,2026-05-10 18:39:40+00:00,,,,
2e32ba37-72ef-427f-9a51-2b3457d7d71a,226047e4-84e4-5cc0-b310-1caab5a66b8d,send_reengagement_message,in_app,2026-04-24 19:08:10+00:00,,,,
d5735ff4-3c27-4c60-b3bb-0de5c86933e5,ab14667b-4cea-59f3-a3ff-412d6713f97e,complete_onboarding,push,2026-03-30 18:43:30+00:00,,,,
5bb72361-126e-485b-b750-965b2cde5297,59866c90-1c7c-5c0f-93f7-8467bc7fb6e7,complete_onboarding,email,2026-05-14 14:58:55+00:00,,,,
242c286b-30af-4ce4-b072-3b2f3dd012a6,30be063e-30ae-5429-8f85-2dda0944f2c5,send_reengagement_message,email,2026-05-03 10:23:40+00:00,,,,
179c8436-c72a-40c2-94dc-5a4ef6b57674,4d437b64-9ead-5925-be45-a0e75fca583f,complete_onboarding,in_app,2026-04-18 09:47:02+00:00,,,,
398853c2-3903-48bb-a25f-3c6f3ac4bd43,505f7d03-6959-57ec-b9ff-2fb39101a884,complete_onboarding,in_app,2026-03-27 10:40:18+00:00,2026-03-29 01:40:18+00:00,2026-03-29 02:08:18+00:00,,
a507aa42-9f54-4591-a43b-41e4138eb48f,909fcf06-f9a6-542c-8c35-cfc97724b9ff,send_reengagement_message,email,2026-04-09 20:45:47+00:00,,,,
8d0222fb-3ed7-4648-b559-50ac7aa3e923,3c900ddc-f243-5899-a81e-1de509bfec31,send_reengagement_message,email,2026-04-06 17:11:18+00:00,,,,
28f93253-f7b4-45f3-bbb3-1ffe4f768178,6b86bbcb-c189-5a88-b5f1-73668df8b1b8,complete_onboarding,push,2026-03-22 10:12:48+00:00,,,,
160b0179-df0c-43a4-adf8-b5a459bd8af3,c9f9ebcb-d4ef-5259-ad80-fcfb1fcab0c2,send_reengagement_message,email,2026-04-08 11:13:37+00:00,,,,
4dcbb30d-7f19-4a58-888f-0b2874c836cf,7a01ac8b-9a27-55f6-b6a8-a99d6d2d8527,complete_onboarding,in_app,2026-04-27 12:34:08+00:00,2026-04-28 09:34:08+00:00,,,
1a759c4e-f494-477f-b603-f709cbeaaf9c,b80b5096-4c73-5545-81a1-b55c6dc5c8cb,complete_onboarding,in_app,2026-03-10 23:57:25+00:00,2026-03-11 19:57:25+00:00,,,
faa28eb5-174c-4658-b87d-3ef9da2d78c3,3d327404-21c7-5ab4-a78f-e3d4fc44c47e,complete_onboarding,push,2026-04-19 10:15:37+00:00,,,,
09fc86d3-c9b0-4d92-b45a-5b20ad6f0194,a78ac4f3-bb79-50af-8afe-0df9ec6532e1,complete_onboarding,push,2026-05-11 12:01:47+00:00,,,,
494db131-f8b0-4510-b32c-f903c156cc5d,7696fecc-5731-5ac3-9f86-6f580c790aad,send_reengagement_message,email,2026-05-17 19:45:17+00:00,,,,
751daee4-42eb-4524-b534-9230645e33cc,24ab7048-22dd-51b6-a068-0d9d05454833,send_reengagement_message,in_app,2026-04-22 19:10:06+00:00,,,,
f36cb8a5-aa74-45b8-9beb-37780821fc71,949c235e-5cf5-5791-ab09-61b124227c69,send_reengagement_message,push,2026-03-30 02:22:13+00:00,,,,
4d7880f2-194e-4650-9c56-71f63ae8fe4b,9b34baea-0fe1-58fc-860e-e70372b010db,send_reengagement_message,in_app,2026-05-22 13:18:14+00:00,,,,
32afda08-bf85-447f-9a32-f8341a96e70d,54c7269d-026b-5114-bfd5-b89b8c136a2d,send_reengagement_message,push,2026-03-26 05:12:50+00:00,,,,
fc852235-be73-455c-b154-23455342cb31,26579c79-b069-5d53-a8b4-129c2be4abb7,send_reengagement_message,in_app,2026-05-12 00:16:52+00:00,2026-05-12 14:16:52+00:00,,,
e76b337e-0dac-4c46-9d4e-1493dcfd4e6e,cfe509f1-ac0f-547f-89db-a27f87af6d43,complete_onboarding,push,2026-04-22 07:05:28+00:00,,,,
03be8d06-8cee-4f8e-a9eb-8f000fe3f33f,4ec94513-eed3-54a7-b306-4af6a165489e,complete_onboarding,push,2026-03-20 05:49:16+00:00,,,,
ca58d0e5-3584-48d3-960f-ddc6522bf59d,1e3721b0-7ec4-5943-ad44-09d29420663d,complete_onboarding,in_app,2026-04-27 01:13:30+00:00,,,,
aa533612-5f29-4ade-b44a-a6f1cfb3d11a,4af51303-9c75-533f-a83a-1ee3acbbc050,send_reengagement_message,email,2026-04-07 02:33:54+00:00,,,,
aee62783-c711-4328-b350-0dd24e8ea356,ad0f5af5-74ff-5cb0-b82c-9543a5af28e7,complete_onboarding,in_app,2026-03-22 13:40:21+00:00,,,,
aa86a02f-63a3-492f-95cb-d2ff67ed8d6c,33855a19-2e7f-5ea6-9b3e-62c1d78abaff,send_reengagement_message,in_app,2026-05-21 00:39:07+00:00,,,,
4d184db4-f38a-4f37-8a32-d79c0e9f3b27,3c83970a-dbf6-55f1-967b-3a9f3b3e15fb,complete_onboarding,in_app,2026-03-25 06:21:44+00:00,,,,
a7d6e688-a903-455a-a0e2-aa37966dcc53,8bd0f7c6-2e78-5c30-a570-de93f337b452,send_reengagement_message,email,2026-05-28 13:44:08+00:00,,,,
63229c53-5317-4f2c-bc1e-b52088c88963,d9375721-ec91-5009-8f49-e3618648ebb3,complete_onboarding,email,2026-05-09 00:23:59+00:00,,,,
8e698a55-9dad-4cc1-a8ed-8c2930dc6430,56bb4f0e-fbf2-5c07-ba3d-27b2baf9b4c1,send_reengagement_message,email,2026-05-18 02:08:19+00:00,,,,
c1264e8f-52bc-4d33-81ec-f320e7e09f00,838190ef-b19c-544c-a997-9def7d5e2148,send_reengagement_message,push,2026-04-04 15:55:53+00:00,,,,
71b7c13b-990b-469a-9614-a0d6a3bce82d,c4728021-70c7-562d-ab55-58c309334342,complete_onboarding,email,2026-03-27 15:50:19+00:00,2026-03-28 20:50:19+00:00,,,
2be3ecff-37d3-4772-837e-5367191b4561,e503a9e9-5e30-50cf-8d72-5fd46a5ffff2,complete_onboarding,in_app,2026-04-22 18:17:06+00:00,,,,
5633d0a9-3bd0-4091-8263-cbcbfef45389,2f8eb35c-938a-57d3-b4b1-08d48e1c6b37,complete_onboarding,push,2026-05-14 22:42:26+00:00,,,,
5020e573-bae0-4a3a-a1af-ad9fd463bc42,5cda04c8-e143-5b47-bd16-d0385c847fa1,send_reengagement_message,email,2026-05-21 04:46:06+00:00,,,,
5df9adda-43df-4566-b8a5-841b87d2caf0,04330664-ead8-5f74-b277-d30250da23a6,complete_onboarding,in_app,2026-04-04 23:57:53+00:00,,,,
74dec921-a0b3-4236-ba39-d00aa207df21,bfce50e9-4039-5c3d-93c3-6c517d1ed661,complete_onboarding,email,2026-05-12 06:19:02+00:00,,,,
b2a6d4be-cb5f-4e73-84e9-8b793e36ccc4,6dc583f4-af43-51e2-94c7-2ad8dc220ed2,complete_onboarding,in_app,2026-03-26 01:23:56+00:00,,,,
2b0f14d6-bd07-43c8-a893-9539d93131ae,4ed9643b-6d9f-5586-9ae1-876db9059f97,complete_onboarding,push,2026-03-30 14:42:52+00:00,,,,
b89b2077-a42b-4453-91ec-038450536aa7,c4cdd7cc-79f0-5ec0-b70c-6428f4161e18,complete_onboarding,in_app,2026-05-12 13:14:34+00:00,,,,
32d1d83e-ce75-428e-b1b9-9363d90ba24f,c1ad3818-76ce-5e5f-9751-d0af5fb9b8f6,send_reengagement_message,email,2026-05-03 18:07:00+00:00,,,,
ca178506-9d62-4e52-98b8-0290772b7a15,a754b0b1-7d39-52e1-bd09-810f405196f5,complete_onboarding,email,2026-03-25 06:10:24+00:00,,,,
61967e18-78ea-4157-884c-d2fd781f2596,c2ede33e-ebd9-585a-90db-7f40ba8d7dfb,send_reengagement_message,email,2026-03-26 08:51:06+00:00,,,,
f1d14b7e-63fd-40f9-a0bc-15dd9e117061,dcbc6dc4-0381-5de0-a32d-0a246f7465ba,send_reengagement_message,email,2026-04-24 16:00:30+00:00,,,,
e880afb3-0533-4f88-8216-21b4a9e0f933,918402e1-89a6-5df6-8f4f-55ce7553c40b,send_reengagement_message,push,2026-06-02 00:49:05+00:00,2026-06-03 22:49:05+00:00,2026-06-03 23:04:05+00:00,,
25c6a4ff-4b1d-48c3-8280-aafbbe5f0442,c64d81d4-95b3-5e0b-9336-53cd12a04174,send_reengagement_message,in_app,2026-04-24 20:14:43+00:00,,,,
fda52055-fb23-4963-8ded-2288c35285e2,44c07cc0-1d25-592c-bdae-ec273abe63be,send_reengagement_message,email,2026-05-13 06:25:12+00:00,,,,
0c27555f-06b8-4f76-8a6c-2b65f3775b02,fb84803d-eded-59fb-b4c4-baa3644cbb16,send_reengagement_message,email,2026-04-12 11:01:30+00:00,,,,
676a0e3c-0cc8-4591-960c-00a18b70bb82,4c72a7e9-6325-5d44-8983-acc1351ae482,complete_onboarding,email,2026-04-29 12:24:52+00:00,,,,
ff7b390d-88e9-4fa4-b201-3107679c76f6,cfd394d2-2a74-5693-a0c4-c31a85a982a8,complete_onboarding,push,2026-04-29 12:42:35+00:00,,,,
8b017186-e9c9-4d73-9e4a-c3187737aa7b,3cdf9a71-54f3-5f3e-aeda-1c0425705aaf,complete_onboarding,email,2026-04-17 23:20:45+00:00,2026-04-18 07:20:45+00:00,,,
cb904f2b-16ef-477b-891a-e487dd549e8f,e682aaca-1b0a-592b-8120-a26e50fb31e7,complete_onboarding,in_app,2026-04-29 06:10:56+00:00,,,,
de18986b-677d-48fa-a2da-819e152a0893,a5d5e51e-50dc-5e4d-8a8e-cf6f5e2f5374,complete_onboarding,push,2026-04-15 22:31:47+00:00,,,,
edbe7446-e074-48a5-a1e6-44c1797b6bbb,371e729f-6fc9-596e-90bf-e6020a68093d,send_reengagement_message,email,2026-04-21 02:29:39+00:00,2026-04-23 01:29:39+00:00,,,
5aaea5cc-c085-4c92-a20d-707a7ae6f003,2aaf9382-3f3f-57e7-98db-e58091395c95,send_reengagement_message,email,2026-05-15 21:55:44+00:00,,,,
bfce784f-f3d4-41ca-8931-7cc3c0582747,ee987bd6-090e-55a6-9483-b6cd244e92d0,send_reengagement_message,email,2026-05-22 14:58:04+00:00,,,,
b7510b93-0eb7-4199-a14b-7d1c57eb8739,17a15c28-9670-5928-80ef-9f502421d8ba,send_reengagement_message,push,2026-05-23 00:47:47+00:00,,,,
454bc71b-1ec5-4857-adaf-07b72df7a492,9193b3c9-ac8a-55f5-8368-ac89d51c0fd5,complete_onboarding,push,2026-03-21 16:51:06+00:00,,,,
7018635b-38e4-425d-8803-9f1f98f595eb,efb0f3fa-5911-584a-998f-c892c721d21b,complete_onboarding,in_app,2026-04-22 16:26:13+00:00,,,,
b7a39915-ff6a-45d3-9d7c-012aaaae65fb,e5903579-00ed-51b1-90ad-786b533535dd,send_reengagement_message,push,2026-03-26 07:07:48+00:00,,,,
94235e0d-73d3-4fdf-961a-ee6b882cb6b8,f10fe45e-68bc-5441-bca2-86be4ddbb785,send_reengagement_message,email,2026-05-04 11:13:50+00:00,2026-05-05 05:13:50+00:00,,,
874aef6f-6f40-4204-8db2-044241276167,aaeea7ab-4ef8-5fd7-a1b4-cead69d50d32,send_reengagement_message,push,2026-05-04 09:51:10+00:00,,,,
2d81e9a1-ef8a-4419-b034-49d2a677b102,dd13bb68-acc0-5ac9-91f1-6f678dea8917,complete_onboarding,in_app,2026-04-01 01:56:53+00:00,,,,
77a1407f-7ddb-49c4-a8d0-1e5fad5cace4,239d8e72-a38e-5749-bd16-e5230837f211,complete_onboarding,push,2026-05-14 14:11:33+00:00,,,,
a63de89f-ae72-4e15-a742-99ca836b6395,5a52a511-b0fa-5c9a-9f54-645d1bfbb792,complete_onboarding,push,2026-05-06 22:10:58+00:00,,,,
411f689f-c1f9-4002-8bb0-d3d3dbad5c7b,b2f90991-4bb0-5998-ba77-c2bfb8bbe304,complete_onboarding,push,2026-03-09 15:59:40+00:00,,,,
68aa8eeb-6c2e-4d6c-999e-e8df9e97f459,0135ca2f-e0ce-5ca9-8a62-4a10d209d53e,complete_onboarding,push,2026-03-21 09:49:53+00:00,2026-03-23 05:49:53+00:00,,,
48f65017-9653-4b2f-8150-06029f3696f6,b925ee95-bdd4-5cc6-aae6-8b3dbb1ae6cf,send_reengagement_message,email,2026-04-09 08:26:40+00:00,,,,
73eb361b-f359-474a-9586-e461daad3b11,af02f1af-f1a3-5660-b8cf-e254a4d509ba,send_reengagement_message,in_app,2026-05-26 22:21:26+00:00,,,,
e693ca90-4ad1-4bdb-8a12-a444693cc488,337634c4-70bf-51ec-8b68-b2d4aee64262,complete_onboarding,push,2026-05-01 21:15:41+00:00,,,,
9fa17176-9b5b-423c-919a-788c78a1cbd3,798d30af-a503-501f-8165-5730ffd23aee,send_reengagement_message,email,2026-05-17 23:10:41+00:00,,,,
dc4d9872-a499-4134-b188-e6383730020f,2839d7e6-932b-5e04-9757-04475f3cdaf6,complete_onboarding,in_app,2026-03-13 03:27:11+00:00,2026-03-14 06:27:11+00:00,,,
b4b0c9a2-47d7-4ded-8002-d14e14fb81ab,44de9b20-8cb6-55c7-ae1b-9d77e4ee1918,complete_onboarding,in_app,2026-03-16 16:23:39+00:00,,,,
0b0fae51-bea6-405a-9dc8-e330c0c42be0,79f9d501-d39f-50df-ad10-dca26f30e155,send_reengagement_message,email,2026-04-22 06:30:29+00:00,,,,
dc33ae08-a3e1-47d4-b6f1-2307129a2a64,4108ef5c-820f-5749-87e2-1006580faca4,send_reengagement_message,push,2026-04-18 08:21:14+00:00,,,,
e240e3f6-eec6-4fe0-ad79-20ed573a2266,f1548031-2366-56e0-9a6d-63d5e0ec8bd8,send_reengagement_message,push,2026-05-16 13:09:26+00:00,,,,
64c618fa-a8d5-4b9d-b42e-e60466952901,1df5c732-89a5-58b9-9d50-ff38a3ea31c6,complete_onboarding,in_app,2026-03-17 18:43:32+00:00,2026-03-18 02:43:32+00:00,,,
2d65cbed-187f-44af-9ae2-d971cf120b4d,ece7f94c-5616-53b1-9ad5-e4af23657009,send_reengagement_message,push,2026-04-20 15:16:30+00:00,,,,
e79d429c-505d-4813-a3b0-3fba8965d6b3,25cf4af4-a84d-5d9a-9ad8-60e4d1fb844a,send_reengagement_message,email,2026-04-11 07:46:01+00:00,,,,
32af3187-bb3c-417d-b3be-509f1d46ab8d,8dd971e4-399e-5cd9-a5a6-21016c01cc37,complete_onboarding,email,2026-03-20 00:42:46+00:00,,,,
6e5154c5-e78e-4797-b841-8f0d5d6ce57b,272ee2bb-ad9f-5367-9a65-e0e31cf575be,complete_onboarding,in_app,2026-03-18 22:09:46+00:00,,,,
21d430cb-45a3-42bb-8152-deb76995d9ff,112c65c4-b66d-5c08-a069-e50e649ecd8a,send_reengagement_message,email,2026-04-08 11:44:26+00:00,,,,
2b79049f-4595-4e2a-bd99-5c8ce18d4c62,4072d99e-c83b-55bb-abd0-b3bd9023b471,complete_onboarding,in_app,2026-04-06 00:50:12+00:00,,,,
8b5d74ed-ffb0-48e6-a3c7-ce6891befd1a,eea428eb-6b40-54cc-bcfe-dd1862318309,complete_onboarding,in_app,2026-04-09 01:54:51+00:00,,,,
8f3031b5-43ab-4ea1-b2c1-01b5a8775288,9fb63202-ae81-5384-994d-7ca81f053dcb,complete_onboarding,email,2026-04-27 03:11:42+00:00,,,,
7af442ac-7828-4689-8594-0d368a4dccb1,de10c89e-5613-5741-8181-93d85476992e,send_reengagement_message,email,2026-05-24 11:09:51+00:00,,,,
83ba03d1-4093-4302-825b-65222b2c20cb,aac55beb-b22d-5171-9c2c-467a879d8076,complete_onboarding,in_app,2026-04-12 07:46:37+00:00,,,,
fb29dcab-2d40-45d4-93ad-8b90dd68218e,63bb1644-885a-5bc8-a7ab-f49bd1eb1be9,send_reengagement_message,push,2026-05-09 07:34:11+00:00,2026-05-10 23:34:11+00:00,2026-05-10 23:56:11+00:00,2026-05-11 08:56:11+00:00,
63ded253-0ecc-4b29-b07a-13df8e97b28e,914ca81f-0806-519e-a67c-c7f03eadf93e,complete_onboarding,in_app,2026-04-26 23:03:09+00:00,,,,
7b0a7fa5-9dbf-432f-aa7d-e759a128f5a9,fc86054e-4fe5-590c-9906-a88ca1a3e22a,complete_onboarding,in_app,2026-04-23 15:18:19+00:00,,,,
1b7fa536-8838-44eb-a848-85ac3b6ea8e5,e5df5f1d-506f-5795-96f8-257a7acee402,send_reengagement_message,push,2026-04-04 06:20:20+00:00,,,,
f6b403d0-afcc-49de-a34a-713283c3899a,1535b4d4-5b9d-5965-a4a9-b5e7199392e6,complete_onboarding,in_app,2026-05-13 19:49:35+00:00,,,,
89f1ac77-e5ff-42e8-9257-4b531e667ece,9a211e79-33d9-5c4e-9913-6130d5e70b72,send_reengagement_message,push,2026-04-06 08:55:35+00:00,2026-04-08 06:55:35+00:00,,,
19ce22c6-afe9-43b7-ada9-0ec86be46a48,074dae44-0655-5afb-aa58-725ed3f8a8e2,send_reengagement_message,in_app,2026-04-23 10:00:44+00:00,2026-04-23 15:00:44+00:00,2026-04-23 15:54:44+00:00,,
7902a77f-79b4-4f82-b9c5-3c9f1f4c43cc,3daefb83-30f9-56ed-8268-69cb5af596de,send_reengagement_message,email,2026-05-10 00:42:33+00:00,2026-05-11 12:42:33+00:00,,,
bf6f16b7-ecb8-47a3-bbbd-94a267de9cc6,5c5311f6-889d-59d8-af91-4f8079d6a51a,complete_onboarding,push,2026-03-23 18:37:29+00:00,,,,
76daad15-129b-46de-9934-1a8ac651b561,0010346b-d2aa-5e54-bfdf-1f7f0b776b1e,complete_onboarding,email,2026-05-09 17:03:44+00:00,,,,
9be495cc-9b66-4165-a4bb-8c7f76366382,d49c26b4-ecc3-5f2f-8eeb-5e8ed0fb54b2,complete_onboarding,email,2026-03-11 22:27:10+00:00,,,,
46febff9-5abd-4a51-95e0-d6b67623004a,7f9f2b93-ed6a-503e-b7ff-84f35414f98e,complete_onboarding,in_app,2026-03-23 23:10:10+00:00,,,,
b78df966-f968-4a53-bcad-b14963c1ac41,b40234cd-c4e1-5fc5-beb6-7623236801d3,send_reengagement_message,push,2026-06-02 12:24:12+00:00,,,,
c1887392-e340-4b37-a734-2fbc847af026,8f258234-2335-5153-aa9a-c573e9310f0b,send_reengagement_message,push,2026-05-15 08:34:25+00:00,,,,
5b1721fd-5bea-47bc-a2e7-a64dc1aa704d,fec938c4-02d9-58ca-b86a-408be68f60cf,send_reengagement_message,push,2026-04-01 00:01:57+00:00,,,,
46411999-d7b8-4585-9c69-a63e4d2812dd,89a7c62a-09e7-546a-8c50-9721e027fabd,send_reengagement_message,email,2026-05-31 21:30:29+00:00,,,,
880da72e-ba4e-4a48-b9d7-907bf884d3f8,13202e6a-7647-52bd-ad67-56179eaedc7b,send_reengagement_message,in_app,2026-04-01 17:56:11+00:00,,,,
dc2bcdd2-6427-47fc-aa5e-4ba34fa3bc41,0e31e67c-09b2-555b-a397-b4d846d6ae49,send_reengagement_message,email,2026-04-23 13:40:10+00:00,,,,
09cf2fb1-f51a-4853-9df5-88d0f7df47cf,e29c0812-6cbb-5b7a-bef0-adfa03e60854,send_reengagement_message,in_app,2026-04-27 07:23:27+00:00,,,,
fd755e78-b68d-4b33-9770-6c4e0c5e8517,5571c679-d266-58fd-bca6-f35059d8687e,complete_onboarding,in_app,2026-03-16 00:57:24+00:00,,,,
8d35f322-ac67-4011-95d3-5396d816abde,2f75ec1b-e5c5-5f36-b9fe-c5e8d4c32494,send_reengagement_message,in_app,2026-04-08 20:07:52+00:00,,,,
9488d46d-1f2f-47c6-87f6-47d8afa8955f,4aeef17d-2caa-5cdb-b584-7b31ab814333,complete_onboarding,in_app,2026-03-18 23:44:13+00:00,,,,
01cd893a-b454-4cb6-84fa-881fa42dec3e,e7c91ef7-04f0-5cc1-8003-a6be857c3809,send_reengagement_message,push,2026-04-07 18:58:52+00:00,,,,
534bce04-6876-4f54-90a0-bc0d30fe07c1,10a0bd8f-0712-58fc-9d81-82bd8c46725a,complete_onboarding,email,2026-04-08 00:05:56+00:00,,,,
7f9c5a7c-81cb-4d1d-ac19-d607ccaf6854,7664150c-8a50-5e84-9ad6-c695a2254035,send_reengagement_message,email,2026-04-11 10:06:08+00:00,2026-04-13 05:06:08+00:00,,,
34a22972-b45d-48e1-990c-2625e9957053,950e52ad-e43a-5a61-bc29-e9fdc6c6e3ca,send_reengagement_message,push,2026-04-14 23:17:43+00:00,,,,
6000a01e-ca1b-4c1a-8e4e-c2a0c1f76ba6,9f1ecfa4-10fc-53b0-8752-e1401d2c7289,complete_onboarding,email,2026-03-20 06:20:37+00:00,,,,
2d5da838-a311-4594-9e27-bfbf8eabf03e,31d9c517-8c14-5214-bf4d-683fe5fe1a7e,send_reengagement_message,email,2026-05-19 22:16:32+00:00,,,,
51450ee5-fc95-4ec5-9ff2-8fbd64790bb9,258555c7-fcd4-560a-9649-517fd4e30501,send_reengagement_message,in_app,2026-04-09 14:39:52+00:00,,,,
8aae24f9-27a3-4f41-a5d4-cb57a83b26c4,22acd189-9ada-58e6-9501-0422ff3fd72f,send_reengagement_message,in_app,2026-05-27 14:59:36+00:00,,,,
23414cd2-2ceb-4347-a1ba-38afc1bb779a,3ed0af17-cd1d-50fa-9271-342da97788a5,send_reengagement_message,email,2026-05-02 04:20:39+00:00,,,,
35768553-f2e0-4c5a-8dff-1a8c67fa35de,41aabb50-33c4-5945-bbe8-4bb9bbeaf473,send_reengagement_message,in_app,2026-05-20 09:18:18+00:00,,,,
8c363e77-2653-4e46-b825-8b04d6572bc2,100f8efc-7822-5af0-80f7-f036bd5bd664,complete_onboarding,in_app,2026-04-19 21:52:08+00:00,,,,
7ac2e3a9-1461-4c15-8eb0-0cb7f1cd3e03,a1cd2f7a-2301-53e3-99d9-60b52e47243e,complete_onboarding,in_app,2026-03-25 08:32:48+00:00,2026-03-27 02:32:48+00:00,2026-03-27 02:43:48+00:00,,
67bd2c65-a163-46d8-adc1-17ec3c26fe7c,5e53a157-9f3d-5792-a7d7-948826f4a455,send_reengagement_message,email,2026-05-06 11:51:19+00:00,,,,
2f2c0148-a935-4bd5-8133-8244aaacf8fe,7f8491c0-0ba3-5ea9-838c-7ffacfa35136,complete_onboarding,in_app,2026-03-25 21:57:58+00:00,,,,
82e6f8a7-9a2c-4541-9d54-edfc15420454,c118ad8a-5430-59e3-9be9-b2d89ea836cb,send_reengagement_message,email,2026-04-03 04:20:09+00:00,,,,
aebc1954-3c8f-4012-b1a2-9355751a371a,f38ad885-b4d2-5f2d-932e-0daf1c0010c1,complete_onboarding,in_app,2026-03-24 13:49:47+00:00,,,,
a931cc6a-e1aa-4d3d-b534-5db2f710ca09,52ad84a8-9a02-592b-9036-8217ceb448a9,complete_onboarding,email,2026-03-26 00:27:37+00:00,,,,
b093d351-357f-4736-9e41-40f884fed913,2e92b67a-abf1-5592-a5d9-693a856683c7,complete_onboarding,in_app,2026-03-16 07:37:22+00:00,,,,
9b9ad33b-2c03-411e-9e0b-fb464ce7628c,2efb7e1a-09cf-578d-b848-f7dce0991b6c,send_reengagement_message,in_app,2026-03-27 15:05:48+00:00,,,,
73833ea2-fa74-4ae7-8371-ade4894c848f,1bcb7564-2301-5686-8022-9ddf41b8ea7d,send_reengagement_message,push,2026-05-30 02:55:47+00:00,,,,
f1f98d70-2f48-4e78-8442-024e3d67fc85,45577654-aa90-528c-87c2-a95293479046,send_reengagement_message,in_app,2026-04-30 10:13:35+00:00,2026-05-01 13:13:35+00:00,,,
1477960b-e1f2-47cb-b408-98fa12ae9bf2,4305e10c-c709-5aa5-8962-1cd9b2a2d969,complete_onboarding,push,2026-04-03 17:47:27+00:00,,,,
ef79b187-01eb-46cf-a3c2-624443dc1e81,e031ee75-c920-5ed9-8e5a-cddce6848d6a,send_reengagement_message,push,2026-05-29 04:00:02+00:00,,,,
7b8412dd-9c8b-440e-9d02-5f838b36f2a2,e0dd9033-ec25-5e08-b9c3-cfaac101f4c2,complete_onboarding,in_app,2026-04-03 19:09:12+00:00,,,,
884c0267-abe1-423e-93ae-bac4741bffd3,b31094b7-a1e6-52ab-9257-c149ef73d614,complete_onboarding,in_app,2026-05-04 10:05:13+00:00,,,,
668d25f9-bba7-4b76-821a-f9c6bffdfbf5,7af26500-b27d-5470-b855-7de8a86347fc,complete_onboarding,in_app,2026-04-19 14:38:40+00:00,,,,
a62279c7-4fcd-4f6c-b9b8-a4cc02c64329,5f73618f-45ed-5ab3-b432-399339a8edb1,complete_onboarding,push,2026-03-24 15:39:01+00:00,,,,
5d41ae95-f87b-443a-b264-d5b83a1e07bd,8af869b1-ada8-51bb-81f5-48e0fa20d929,complete_onboarding,in_app,2026-03-09 10:09:11+00:00,2026-03-09 16:09:11+00:00,,,
8c5da3b3-0ddf-4c68-9ca2-5068747310f8,b043ef63-853c-5d4b-ae9a-b07863bf43b9,send_reengagement_message,in_app,2026-03-31 20:50:48+00:00,,,,
2e78fb92-d977-4df4-9c04-e75c6c43b1f2,1756ffe1-4da8-5e6a-8b48-23ec2a5bcaa1,complete_onboarding,in_app,2026-03-18 04:10:29+00:00,,,,
08dd0804-939d-4fa8-a076-1302cba0d498,7ff936ef-1f6c-5869-8322-626edc1ed647,complete_onboarding,email,2026-04-30 06:38:29+00:00,,,,
c6f9425c-adf6-44e8-8292-225035acba7c,7bc65ba8-c119-50dc-a4df-52d523ec4189,complete_onboarding,push,2026-04-05 21:49:21+00:00,,,,
fbd1f259-5e25-407b-a810-4131dc78bb35,d7a5a44d-45b2-5a3a-afbd-05eea3b022ec,send_reengagement_message,in_app,2026-05-19 00:29:27+00:00,,,,
0cfc8f6c-c17f-4e2a-ba6b-d032a5ed6fa8,bde0592b-f14b-58a0-a65b-8a1ea1b77295,send_reengagement_message,push,2026-04-06 02:15:12+00:00,,,,
01f6c6af-8064-4643-bf49-25983617719e,493fa769-2bda-5cf7-a356-479a42ddb934,complete_onboarding,in_app,2026-03-21 13:18:25+00:00,,,,
b12187f5-b9b9-43df-8e3a-51386cf7f5cd,568914b1-3c92-52bb-8aa9-943fc4c7b969,send_reengagement_message,in_app,2026-05-28 07:12:24+00:00,,,,
5463e3cb-5d0a-468b-81f7-113ba1b52c41,94a434b4-2d0b-56a2-907c-5d3f4c645dec,send_reengagement_message,push,2026-05-07 09:10:05+00:00,,,,
89ed1828-a4d2-4933-af1c-7de097d320e9,2633b836-de61-5fb3-94aa-8a567cf7bedc,send_reengagement_message,push,2026-05-23 17:15:03+00:00,,,,
6364da9f-433d-4937-b60c-f2cff06be78b,fe07b387-2e4f-5843-a0ec-3ec9ce518633,send_reengagement_message,push,2026-04-12 02:57:21+00:00,2026-04-13 23:57:21+00:00,,,
0698b855-66c2-4152-aa2b-f736042e095d,7e1f0966-36e6-5b6b-be5a-abc88169dceb,send_reengagement_message,push,2026-05-23 12:55:05+00:00,,,,
1fa37df4-8651-49e9-bc4d-49a01be596f6,b001e272-b6d1-5130-a8b8-9cabf82c9ab2,complete_onboarding,in_app,2026-03-12 00:01:34+00:00,2026-03-13 21:01:34+00:00,,,
9bcd2ba8-3b2a-4418-a474-dadba5e39631,549b0e56-a22f-594a-baf7-9e1b04e2ba73,complete_onboarding,push,2026-03-22 17:00:23+00:00,,,,
5e3ec9be-061e-4dbb-8790-b88fbe81a7b7,a09fdbc4-ede4-5700-82d3-29cfefe301a9,send_reengagement_message,email,2026-05-01 02:07:47+00:00,,,,
40d55d13-5892-4800-a8bc-8ca0e1ac0b97,da460b55-1027-5da2-abf7-a5e7b6c9f98a,send_reengagement_message,email,2026-03-29 11:41:14+00:00,,,,
2f05482c-8a51-42c3-b919-0ff8c0264617,2fe3c1e6-dcec-5c2e-9323-99358d66adf7,send_reengagement_message,in_app,2026-05-24 05:16:53+00:00,2026-05-25 04:16:53+00:00,2026-05-25 04:22:53+00:00,,
be10be61-7db6-417e-84a3-b62ff1a940aa,9c020c16-db1e-59e2-b2ef-c1be624bf918,send_reengagement_message,in_app,2026-05-24 20:27:11+00:00,,,,
2a84b48e-55e7-4082-a554-a1c3c2a81e65,ed3bd3fd-93d0-5a21-b3ac-7d0005029238,send_reengagement_message,in_app,2026-05-02 08:40:06+00:00,,,,
172e71f3-3f7b-4422-8cae-9a314de14bec,f90aac41-cac7-5c9c-b01f-5ac07a351bd2,send_reengagement_message,push,2026-04-16 02:24:17+00:00,,,,
68d2b477-aa28-4b16-aa86-48e9e88b3cbf,1d77250d-ff00-5c5a-a4fd-96935f12c338,send_reengagement_message,in_app,2026-04-01 19:53:02+00:00,,,,
39c537a4-a097-471e-934a-881fbdbc59c5,bfdc36f4-76e5-5baa-bc62-ac887b77df28,send_reengagement_message,push,2026-05-07 16:55:30+00:00,,,,
f42e2835-f179-4fcb-9b3e-e10458f6f6d7,deb528ea-c8da-590a-b45b-b9a2a802f49c,complete_onboarding,in_app,2026-04-13 02:23:01+00:00,,,,
3a59dbd3-4f6c-4332-b73a-27459423742e,9d24e3d1-4261-5c91-bb8a-b3f2f3d56c55,complete_onboarding,in_app,2026-04-28 10:30:17+00:00,2026-04-30 06:30:17+00:00,2026-04-30 06:48:17+00:00,,
41fdb0ec-6f2a-4aaa-8d03-192c6b5c3d0d,b871e28a-543d-55c4-8199-d19e8c954a8f,send_reengagement_message,email,2026-05-06 13:47:50+00:00,,,,
bfa2cf4f-e64a-488b-a204-785fdf5b90d0,5f2dc41f-d14a-51b2-ae1a-1a63c3d61745,send_reengagement_message,email,2026-04-03 20:27:12+00:00,2026-04-03 22:27:12+00:00,2026-04-03 22:31:12+00:00,,
4f41ff50-e8a9-46d5-8114-35b3cd4c396b,eebc5ada-cbc5-5373-97b9-ebf6c07b0592,send_reengagement_message,in_app,2026-04-03 09:38:32+00:00,,,,
5e5776e2-50c4-4cbe-901d-efaef39131cc,d2b834f8-1dac-5f93-bf5a-689f32df55d0,send_reengagement_message,push,2026-05-18 21:04:04+00:00,2026-05-19 13:04:04+00:00,,,
c0fbf75e-d738-4fa8-b89a-5fdaf7dc258f,5f4b57fb-64ea-5d5f-8b2f-97853ecd12ee,complete_onboarding,push,2026-03-17 23:20:36+00:00,,,,
16cc8060-fbea-4262-aaea-446271f793f9,1d0d8cbe-fa73-58da-a634-d9cf248eb050,complete_onboarding,email,2026-05-10 18:10:28+00:00,,,,
9eadcb88-3eae-4e46-b492-40fba996ddd9,1ac79132-f748-578a-9ff8-f660af079e9e,complete_onboarding,in_app,2026-03-14 07:26:54+00:00,,,,
21856724-e81d-40f8-b761-bdaabc268cac,aad424a2-3fa1-5d48-81b6-84ea811accba,send_reengagement_message,push,2026-05-15 06:11:19+00:00,,,,
76f13f1d-8237-4314-9367-d21e0ac557ed,e324f42c-3e48-5ca5-8ab7-7c8d25c81167,complete_onboarding,in_app,2026-05-13 06:58:55+00:00,,,,
06fddfb5-6fc3-4bd6-b362-50571dab591f,ca9258c6-f65d-5e02-9173-47ad37ec85a5,complete_onboarding,in_app,2026-04-06 10:39:52+00:00,,,,
c9b83c4a-f5ff-49b2-a91e-0e1cf628be53,a945b052-e597-54ed-9a1b-2408a37705a2,complete_onboarding,in_app,2026-05-06 11:46:43+00:00,2026-05-07 05:46:43+00:00,,,
80c460b6-1ba9-4dd7-8340-f130ff7d2d9f,7e82cbe5-aebd-517a-a9c1-c7130f56c57f,complete_onboarding,in_app,2026-03-19 22:10:48+00:00,,,,
5cf3db6b-a5d2-4fd1-9964-0a006d81f7c6,c7b61dcc-00f9-5eb0-9e1e-5472d97ad8b4,complete_onboarding,email,2026-04-12 09:28:10+00:00,2026-04-12 12:28:10+00:00,,,
426d0515-1a5b-43d3-9084-d4200716ebe4,16bbe7fa-7bb3-58dc-9259-2113b113101c,complete_onboarding,in_app,2026-05-13 22:23:28+00:00,,,,
ea9ba4c4-87e3-44c3-8a44-741abca5a11e,9c0eda5d-1772-5cae-91e9-2b346ff31a26,send_reengagement_message,email,2026-05-16 09:20:25+00:00,,,,
38bf624b-2f8f-4cec-80be-c46c14030e03,be50aab9-2c0a-5ca2-9b39-c98000c9a4b9,send_reengagement_message,push,2026-03-29 04:42:00+00:00,,,,
d486ac4e-1f00-4329-94be-d44e5449d4f2,ce9183e5-2e3f-5e32-83be-55ee3ec19a7e,send_reengagement_message,push,2026-05-21 14:45:27+00:00,,,,
88beef64-125a-4ac3-aa07-e3686e129d7e,c0e0ce6b-e0ed-549f-a4d3-90d23a95904c,complete_onboarding,email,2026-03-18 03:00:58+00:00,2026-03-18 12:00:58+00:00,,,
a8dde958-d1f0-4918-b709-b5c7076a65e6,bad6cbc6-7e64-5e71-9617-34bd931718f3,complete_onboarding,in_app,2026-04-27 16:55:41+00:00,2026-04-29 05:55:41+00:00,2026-04-29 06:36:41+00:00,,
421e161f-da45-422c-93ef-47be663188e6,4d3f9428-21e1-5ec1-9324-6e5b70862b84,complete_onboarding,push,2026-04-18 20:18:06+00:00,,,,
40ad8e6c-a402-42fc-aad2-935a860b07a4,fed136a9-d9cc-5d58-b871-a78933957694,send_reengagement_message,push,2026-04-14 20:41:14+00:00,,,,
c9b74939-ca85-4a30-80f2-5fb7836a4afe,94b81783-764c-5d8e-bcd7-c17d4e571824,complete_onboarding,push,2026-04-05 05:29:48+00:00,,,,
51111760-93ce-4111-a190-f40b09c596f7,3aa708db-3d04-536c-b5e0-29fd5a72a8c2,complete_onboarding,email,2026-03-15 03:08:57+00:00,2026-03-16 08:08:57+00:00,2026-03-16 08:48:57+00:00,,
666bd75a-b2a3-454b-a858-23ba112205ba,e68b85e9-080a-5055-a15d-f275c930aa35,complete_onboarding,in_app,2026-05-14 02:06:51+00:00,2026-05-15 05:06:51+00:00,,,
dcb8d666-3b6c-4626-ae3c-f0097cc5e803,b3911292-08ee-5cb7-a1ae-8da731ceeecd,complete_onboarding,in_app,2026-03-23 10:41:17+00:00,2026-03-24 15:41:17+00:00,,,
97725e5e-9fd4-40aa-a582-1c708e37b4e0,3a1d123c-fe17-5da8-bf76-e991b8a22889,complete_onboarding,in_app,2026-04-10 16:45:38+00:00,,,,
3a2fbe17-80f9-4a0e-bffe-ab4848b23e38,f42b2ac8-d5de-578b-ba25-957512823cc6,complete_onboarding,in_app,2026-04-22 09:27:42+00:00,,,,
6aff5ddc-1c6f-4c54-bd12-186c63561413,8381cabd-caef-5c18-9a15-30aa4ce02e50,send_reengagement_message,in_app,2026-04-29 20:30:36+00:00,,,,
3f820a3d-5626-423b-a8ae-5dd5b1c78be7,cbecfc9c-7efb-57ed-a42d-b0ded46e8fd3,complete_onboarding,email,2026-04-16 04:51:31+00:00,2026-04-17 05:51:31+00:00,,,
0ab3e5aa-582f-4f94-853c-f3d26dfff4f6,ca5ccb3d-fc6b-5291-8fdc-5860eb62a614,send_reengagement_message,push,2026-05-24 04:20:42+00:00,,,,
c590665b-7f50-426f-a0e5-e757ead85e36,eb4021f5-0678-57c7-90b2-924a14f795eb,send_reengagement_message,email,2026-04-22 06:17:18+00:00,2026-04-23 11:17:18+00:00,,,
3a029e37-aeda-4119-8398-d383252ac4d1,3e3eba3e-4852-5fb8-9e5c-ff3d6f2f5331,send_reengagement_message,push,2026-05-22 10:00:27+00:00,,,,
ac5e703f-7c3e-4a96-9ae2-e953238b4098,02e87213-9e3e-587e-b1fe-eaf3a41fda12,complete_onboarding,in_app,2026-04-30 07:05:30+00:00,,,,
6b6d60c0-7788-472c-a2cc-a44ef70dc00a,a47839bf-a2e3-5c16-9857-434990976ffd,complete_onboarding,email,2026-05-12 07:25:34+00:00,2026-05-13 21:25:34+00:00,,,
3e6203d3-74f5-413b-86c2-60ca3a03de61,cc793d7e-49a3-5186-bbcd-072d3a640f3a,send_reengagement_message,push,2026-05-20 01:47:09+00:00,,,,
7ed87e77-e3ca-4ee9-907f-18b6d6ee2332,50aee09c-8978-5c10-b947-3bfc37f83ea9,complete_onboarding,in_app,2026-03-24 00:34:35+00:00,,,,
b7560d04-31c3-4845-b5fd-78a71c6dc714,9314e9c9-baa0-5c5a-bc2d-df2ddf9d7788,complete_onboarding,in_app,2026-04-29 10:14:10+00:00,,,,
e937d897-b7b8-4cbc-b18f-d6c760e5125e,fe25589d-e738-596c-a69f-6c85b211e321,send_reengagement_message,in_app,2026-04-14 23:24:51+00:00,2026-04-15 23:24:51+00:00,,,
a0e3e1fe-ffe2-48f5-a06f-44357f48f1ea,808e77c0-91b1-59cb-94e4-dda18da05d83,complete_onboarding,push,2026-04-22 18:43:15+00:00,2026-04-23 00:43:15+00:00,,,
ff3e6855-69af-4713-80cc-9ab17d5e1bce,950b6143-ed29-55ce-81e6-0aa51c113f70,send_reengagement_message,in_app,2026-04-12 10:55:01+00:00,2026-04-13 09:55:01+00:00,,,
aa26a383-ddee-4ec0-a148-918c085659d4,d875ecca-3a7e-542a-8c00-fe8921b67434,send_reengagement_message,email,2026-05-19 23:25:02+00:00,,,,
14a223f6-5d0d-4f73-9802-8faa7e4b0e06,c6eb72b1-1ade-543e-9b7d-9bdf2eca6358,complete_onboarding,in_app,2026-03-20 00:12:20+00:00,,,,
e5899e1a-1566-4160-9223-65a2a6478434,af3d7ffb-3b61-5b42-8f34-f7fa6eafdd80,complete_onboarding,in_app,2026-03-30 05:59:36+00:00,,,,
d6b3e461-9160-4a36-8adc-55392ea9699d,61717fc4-9dd6-5f8b-ad9a-a945c2f6928a,send_reengagement_message,email,2026-05-19 20:54:15+00:00,,,,
55a097bf-66b0-4c78-9710-6d150d8e5bc4,0fab163d-cf04-55b5-a24d-082fae0cb44c,complete_onboarding,push,2026-04-07 07:28:43+00:00,,,,
044a4755-66b4-49b8-878b-866491bc4408,2432a117-9243-5d7f-8c12-f906ed4118f7,send_reengagement_message,push,2026-05-31 06:47:48+00:00,,,,
73f1a54c-629b-4a69-b2fa-4b9edddcf45b,35f6cea0-bc4b-5ba4-978c-012fb3e438a5,complete_onboarding,in_app,2026-03-07 13:10:56+00:00,,,,
352feb7a-c2aa-47a6-8bf6-9e93f1ab85b1,8ff1f6ef-4165-5311-895d-393114ac707e,send_reengagement_message,email,2026-05-14 19:21:38+00:00,,,,
9a83a69f-97f1-468c-957a-138eec2efe1e,fef807a1-f89e-5ef7-b99c-3450b6b60df6,complete_onboarding,in_app,2026-05-02 04:18:43+00:00,,,,
16581b48-baf6-4c7d-ae46-8d03d8f77cb4,a41895a3-d588-5b4a-98f9-f3bd7f7899b1,send_reengagement_message,email,2026-05-28 07:58:33+00:00,2026-05-29 20:58:33+00:00,2026-05-29 21:26:33+00:00,,
402d350e-eca1-4723-ab21-d60a658ed27d,979e0d93-e9d4-579e-9d7d-13211d5fb72f,complete_onboarding,in_app,2026-03-17 19:35:05+00:00,,,,
d1d84c84-2d2b-4882-90e3-cee07e07aed5,25b37104-33af-544d-9ea3-ebbe31483e5b,complete_onboarding,in_app,2026-05-13 21:48:37+00:00,,,,
1a1754ea-a457-478f-a7ed-2866e705043f,68fb7155-8bf4-5afe-9acc-a5356dd3ea39,send_reengagement_message,email,2026-04-22 01:36:44+00:00,2026-04-22 14:36:44+00:00,,,
0641aef0-7c9f-456b-b089-bc886b29d291,4eecc663-706b-53a5-99b9-1adb95d4404e,complete_onboarding,push,2026-03-31 06:59:44+00:00,,,,
88bf8247-b2e2-40e8-ae45-83046fd61093,dbef090d-e391-54b9-afea-de9a7237f4d4,complete_onboarding,in_app,2026-03-31 12:46:39+00:00,,,,
4720b498-10b8-4776-8b50-e74b627437fe,df7d54cc-86b4-5c92-8308-d424a63776f0,complete_onboarding,push,2026-04-20 00:53:52+00:00,,,,
34a5c56b-08a4-4f28-b24e-de00b1d389a5,52d9b505-2e06-59b2-9b94-9bfef24c2cb9,complete_onboarding,push,2026-04-21 11:47:22+00:00,,,,
edb2b84c-abe8-4597-8389-ab4d6fc70fd3,0e6a14ab-50d0-5baa-b487-64a287c4fd9d,send_reengagement_message,email,2026-04-27 16:49:56+00:00,,,,
ea33409d-61c5-4a6b-a42e-3042fad6e252,ef7443ed-aafe-5190-a81d-751d7ce60950,complete_onboarding,push,2026-03-11 21:38:08+00:00,,,,
c0ffa572-0a5e-46e8-a063-02bf24a71b3a,b8d95e14-67bc-561b-b32b-c812d68544fb,send_reengagement_message,push,2026-06-02 01:51:24+00:00,,,,
a6b0ed55-6be8-4364-ba97-3e07c5da6ef3,8a808455-f07a-5b6a-a029-9a5dcd24d2eb,send_reengagement_message,email,2026-04-10 07:48:05+00:00,,,,
6edb33f9-7d5c-41c8-8ca3-055fbde60433,621e0e05-1f92-57ad-8896-f647d254b6d3,send_reengagement_message,push,2026-04-01 11:20:43+00:00,,,,
29175629-1f30-43f5-8198-a4c98570a855,29037dd9-dc8d-5f13-8411-ffacaa1625f9,complete_onboarding,in_app,2026-04-17 05:15:54+00:00,,,,
81f31af8-aaf8-42dd-858b-b96eb46d6cf2,b47000f1-1a1f-5387-beb8-e5e5df14340d,complete_onboarding,in_app,2026-04-04 10:53:33+00:00,,,,
635be896-1bb5-40d7-a43f-780164f20af0,2c55f65f-c92a-507f-8a70-2731e538f9e8,send_reengagement_message,email,2026-05-07 11:22:44+00:00,,,,
adfb44b6-2ad3-4b80-b121-3896a062a54a,29a86ce7-ef71-5b91-8d88-a3aa1e6b2ffe,complete_onboarding,in_app,2026-05-06 09:53:32+00:00,,,,
aa767fe8-0cdd-435f-a5b3-7b6997ee5739,d298584a-47b6-5357-882b-6fef8018f674,send_reengagement_message,in_app,2026-04-01 17:10:09+00:00,,,,
79d51f95-97a2-4904-9953-cc3227493a56,76e4b87b-7e62-5c01-a1d9-f3ea2e6497c7,complete_onboarding,in_app,2026-03-26 14:23:19+00:00,,,,
e5826d1f-edfa-414a-9360-254341582de1,7e6e814f-a633-5fd9-9cf7-915a89b44427,send_reengagement_message,push,2026-04-30 15:26:31+00:00,,,,
755db5b8-6f2c-4b47-a81d-3bebe84d114f,b000d6fe-4188-585c-9fa7-323cc47d2709,complete_onboarding,email,2026-04-30 08:35:04+00:00,2026-04-30 09:35:04+00:00,,,
e224cc8b-91c7-49d1-b522-1597659c2f0d,70f3873e-440b-5087-86d9-9254151c7152,send_reengagement_message,in_app,2026-05-06 10:39:52+00:00,,,,
961032fd-2056-4803-b160-ff6de2b42749,4433d53a-7d83-5501-8167-8081ea9d7d29,complete_onboarding,push,2026-04-02 09:53:19+00:00,,,,
68cd4239-f5ea-415b-9587-e412d2597832,d9a4217e-beaa-5d47-aa0c-9cffbe622bc5,send_reengagement_message,push,2026-05-07 02:15:40+00:00,,,,
1384c2bf-3618-4260-be58-b567ce310a25,1cc07005-d719-578d-9045-00ed2b896108,complete_onboarding,push,2026-05-13 14:50:39+00:00,,,,
fdf25474-fb31-4240-a93d-46e0427f0a50,da12a019-fb7c-5c5c-8906-1f45b9fb6c8e,send_reengagement_message,in_app,2026-04-28 02:58:06+00:00,,,,
f15c23c8-05b2-4b4b-bc2d-820db52fa1f3,a077ba65-1a25-523d-b15a-84c1419952db,complete_onboarding,email,2026-05-06 23:07:30+00:00,,,,
c137b331-d971-4873-85b9-8521807a3720,a1485afb-30d6-5b50-b2bf-dd0fcf73e0cf,complete_onboarding,push,2026-04-29 19:36:26+00:00,,,,
c7d1ce1f-1e17-4e59-b038-fe5249a8605f,ec972884-0820-5cfb-bca0-1f94d2189d05,send_reengagement_message,push,2026-04-15 18:59:10+00:00,,,,
73cdb7fc-9764-418e-bc15-eb2b9ff1fc08,9ff6f2b3-ba46-5414-a927-7a48da7ae394,complete_onboarding,in_app,2026-03-24 05:10:36+00:00,,,,
50f8e6d7-d511-4ba9-9ec4-505b30f694fa,e599c552-5e5b-53c0-904a-5dafa0c12e96,complete_onboarding,email,2026-04-29 03:26:22+00:00,,,,
b811e573-2cbd-4d80-842f-e70cc8ba4674,92de2d14-e112-5f0a-8fec-39a805757a64,complete_onboarding,in_app,2026-03-21 07:35:10+00:00,,,,
74d82b28-4e24-4239-9774-2bc4bb2d3e6b,4908a444-7f5f-5f4e-bc21-d30b83c5021b,send_reengagement_message,email,2026-04-18 05:50:02+00:00,,,,
79c7436d-b05d-4ad0-ac50-a2dd81964e39,0f46c2b6-3da0-5174-96fb-63020459bffa,complete_onboarding,in_app,2026-03-23 05:49:01+00:00,,,,
f2009dde-e10a-456d-a70a-aff66b8ed760,ff1db8dd-efea-54a5-9dc1-06c7c580e16b,complete_onboarding,push,2026-04-17 20:08:11+00:00,,,,
1ffd2df6-74f3-4f19-b496-9655d0b1b161,8f40a329-89a2-5808-8afb-19f735654117,send_reengagement_message,push,2026-04-15 07:05:42+00:00,,,,
c3c58af4-a9cc-4bf2-a827-c969f85a208d,40cbf0c1-d81c-5ec6-b164-93ea17655d8f,send_reengagement_message,push,2026-05-10 10:26:37+00:00,,,,
2e77f4d7-6f80-4d78-ad10-87b0871e339b,bab53960-c27b-587e-a2dd-634592db4d45,complete_onboarding,in_app,2026-05-10 12:06:06+00:00,,,,
200126b6-c1a2-4ae2-8bc7-696cac2917f8,967bdfc9-8c25-55de-a5df-4bc7555e1812,complete_onboarding,push,2026-05-03 05:48:34+00:00,,,,
ad8aede2-85a8-45e6-9036-99d0e1ddeddf,60a84eed-0f2c-5587-be6c-3fdbe3d92290,send_reengagement_message,push,2026-05-30 09:48:41+00:00,,,,
6d1f734d-7d5d-41dd-92f2-e5dd7e942a53,e90dcc10-76e7-586a-812b-4c6351372700,send_reengagement_message,email,2026-03-27 16:29:25+00:00,,,,
c732357e-1d35-4357-aa62-1fe37235069a,b8f6a3f9-917b-5f6a-8745-887eb50c3f76,complete_onboarding,in_app,2026-04-07 10:14:01+00:00,,,,
afa331c0-5e06-40f4-88bf-c433ab2c7aca,9f4ad4c6-3a94-5f58-92ca-91a6ee09f6a1,send_reengagement_message,push,2026-04-10 04:34:52+00:00,2026-04-10 21:34:52+00:00,,,
9d9da3c6-bbc6-45bb-ab35-6c7f23c4f9b1,310d002b-e817-5283-ac00-9852574912f7,complete_onboarding,in_app,2026-05-09 07:59:23+00:00,,,,
8a5fb9d3-8b42-4683-8735-17ba72a914fa,6ae238dc-6b53-5823-8d93-a1feace53ac1,send_reengagement_message,push,2026-04-17 02:17:08+00:00,2026-04-17 18:17:08+00:00,,,
3b0f8bba-cc73-48d2-9c93-d76b9e6a15d4,e4ddfe04-6f30-552f-ac85-1dd74d80db0e,send_reengagement_message,email,2026-05-03 21:11:39+00:00,,,,
e68c97a6-21f6-4870-bdec-66ae7f09f8b9,76c642bb-3a06-5933-b0e0-83d2c902d5b3,complete_onboarding,in_app,2026-04-17 18:35:43+00:00,2026-04-18 17:35:43+00:00,2026-04-18 18:16:43+00:00,,
b71724f9-8b0f-4ef1-aa1f-4e6a06685854,28a638b0-c1a7-5751-85d7-8b41422eebe0,complete_onboarding,email,2026-04-10 04:43:18+00:00,,,,
ec7be183-c4c5-49c4-9f7c-3aa75d476f6b,e502d253-2386-51d9-9044-30332c0967d0,send_reengagement_message,in_app,2026-04-27 17:31:37+00:00,2026-04-28 19:31:37+00:00,,,
cdb84d0b-005d-43b0-a726-282b2542b07b,3d98ae23-878f-521b-8e07-1059a6a6d325,send_reengagement_message,in_app,2026-03-29 19:25:38+00:00,2026-03-30 07:25:38+00:00,,,
99dd91f9-770a-42fa-9685-5e632b627224,11b345d4-397e-5222-b80d-025a34358b47,complete_onboarding,in_app,2026-04-07 05:16:35+00:00,,,,
ea81be23-b096-4069-b95a-2435feb24c52,bdf69ad4-3e9d-53c6-b723-19943f183dd9,complete_onboarding,in_app,2026-03-31 00:44:40+00:00,,,,
72abbd75-886a-4d3c-84ff-354f938ad778,57e131be-a2f4-534a-89de-31b09b316176,complete_onboarding,push,2026-05-02 11:01:20+00:00,,,,
8e4243fc-8c61-462a-a990-31c8e8e64329,47153005-6c86-5e2c-85af-93c4dbfc9e41,complete_onboarding,in_app,2026-05-05 16:36:20+00:00,2026-05-07 02:36:20+00:00,2026-05-07 03:18:20+00:00,,
67db55e9-2faf-4d62-90cb-f0370f9694c7,a359adbf-92da-5b7b-af79-a8fafeeef545,send_reengagement_message,email,2026-05-16 18:41:18+00:00,,,,
52ac62ce-7bad-4d20-a964-995ef57e6325,ce7a2493-ddfc-517b-ae2b-4b68943638dc,complete_onboarding,in_app,2026-03-09 03:09:29+00:00,,,,
7401021b-7133-4142-8b0e-d405af6669fd,35a071f5-8df1-5b74-874d-d7ce5b23fc15,send_reengagement_message,push,2026-05-23 01:04:17+00:00,,,,
5e47212a-43be-497c-b614-44782c7b7d7f,54752da5-7cb9-5449-b306-f87c4aabad15,send_reengagement_message,push,2026-04-22 08:29:53+00:00,,,,
e490c081-71c1-4c92-9691-9be964d79ee5,62df599c-e818-5ddb-acab-b5b2f5bb2c40,send_reengagement_message,push,2026-05-30 05:09:55+00:00,,,,
a563d34b-b880-43be-8895-62425998cadb,061ffaf0-ad18-5a76-8695-21111eb3e1f4,complete_onboarding,push,2026-05-05 20:14:28+00:00,2026-05-07 18:14:28+00:00,2026-05-07 18:53:28+00:00,,
8f99a08b-db1b-42e0-b308-5d66d8d2308e,112f6333-ca0e-5211-a50f-f70ef65adb07,send_reengagement_message,email,2026-03-29 12:15:29+00:00,,,,
83c736be-3868-4f34-b30b-a1c808f8cbe1,b5e64e80-f942-526f-998d-2b3e8aedbeff,complete_onboarding,in_app,2026-03-31 19:52:58+00:00,,,,
e07af656-4f39-4a69-a933-2b6319ea241c,dcb7a3ea-235b-578c-9c01-d2144e843db7,send_reengagement_message,push,2026-05-16 17:30:44+00:00,2026-05-17 11:30:44+00:00,,,
65812bc1-2b96-4918-92fe-858746702263,91cfade9-fb70-5917-8ad9-d278cef668fd,complete_onboarding,push,2026-04-12 05:01:46+00:00,2026-04-12 21:01:46+00:00,,,
4c25182d-30de-44f1-96d7-8825899874cd,c66d6889-85b8-5186-a706-228d64a317df,send_reengagement_message,push,2026-05-24 19:06:14+00:00,,,,
f13e5af4-7dda-4917-b28e-61c395893c0a,d7350890-34c1-5196-886f-a34aff816c4d,complete_onboarding,in_app,2026-04-27 11:29:17+00:00,,,,
11030947-a00d-4138-bbd1-c64cf45dcd07,8cca973a-ac44-5993-98ef-19631e47b3a2,send_reengagement_message,in_app,2026-05-15 16:45:49+00:00,,,,
86d0e973-1400-4d0f-ac98-2cda40f4c9d4,de72bff5-10f8-532c-a516-ed23feda340c,send_reengagement_message,email,2026-05-26 02:43:38+00:00,,,,
53718d84-a49e-4e16-8aea-31408a71ce3d,07bdb87f-2df7-5954-948c-2d2479879016,complete_onboarding,push,2026-03-27 13:23:27+00:00,,,,
cf189860-b0c7-4ff6-bed5-9155283ab01e,93de3d23-2279-532a-be4f-98a85e391bec,send_reengagement_message,email,2026-04-09 21:34:16+00:00,,,,
56c75574-dd05-4e32-8ecb-e89328c12738,5c0226f2-4b15-5f6b-9914-5ba7e59b7d66,send_reengagement_message,email,2026-05-02 18:54:57+00:00,2026-05-04 01:54:57+00:00,2026-05-04 02:01:57+00:00,,
b4ef52fc-769a-48d4-906b-91e23981ab58,01ade064-e68e-587e-b76b-a4297d2fdc28,complete_onboarding,push,2026-04-12 15:49:13+00:00,,,,
0669c263-2b44-4a7c-a7cc-c8f59e65f1c9,91ab5c93-7498-5186-9864-a3d0928063c7,complete_onboarding,push,2026-04-04 06:11:22+00:00,2026-04-05 04:11:22+00:00,,,
88df9110-8c11-47e3-941e-dd9d576ffb42,e7855e28-95ca-5b32-bcbd-3368bae42c7f,complete_onboarding,email,2026-04-29 18:28:14+00:00,2026-05-01 02:28:14+00:00,,,
c77274b0-2a79-47ce-9186-1586b1c49269,05e14081-3216-5cf2-9425-ba6581b4ebb8,send_reengagement_message,email,2026-05-20 03:13:27+00:00,2026-05-21 23:13:27+00:00,,,
85a23f19-0f13-4649-89db-ce6e2940f341,476a6ce4-bc77-576d-85fe-4dc153d44ffd,complete_onboarding,email,2026-03-23 22:52:42+00:00,,,,
2c1db72c-a9b6-4e9f-afa3-5e49189c5f55,81ea5531-7a0a-5b56-bf01-0f425a5257fd,complete_onboarding,push,2026-04-30 21:23:48+00:00,2026-05-01 13:23:48+00:00,2026-05-01 14:08:48+00:00,,
ce0beb82-94d2-45dd-9142-026b6d2e42c7,81ef2c9e-20da-5283-87b9-d7da3fc85817,complete_onboarding,email,2026-03-22 22:06:56+00:00,,,,
4e49e02b-3de5-49f7-837d-8ad10373b324,b9df4035-2f17-511b-85cb-10f9b2c1caad,complete_onboarding,in_app,2026-04-04 03:02:28+00:00,2026-04-05 08:02:28+00:00,2026-04-05 08:43:28+00:00,,
f3455328-4a0f-4884-914c-1358cf1e4e63,b55bfb1e-f249-5cfe-a841-f13b63c33e9f,send_reengagement_message,push,2026-03-27 21:00:48+00:00,2026-03-28 07:00:48+00:00,2026-03-28 07:32:48+00:00,,
e101d73b-a2b0-4517-907b-8d6eaca68d63,f7ea693b-87c4-5cb8-ac5a-4dc7c2326777,complete_onboarding,push,2026-03-30 11:41:31+00:00,,,,
077b2dd8-592e-4ee0-8801-4ca5545abd32,fbde7ba8-8a41-538c-b0e5-b10521ad8b64,send_reengagement_message,push,2026-05-31 03:18:03+00:00,,,,
677168ad-112e-476d-89e0-ca0725059eef,e842d7f4-4c51-5818-8e99-0916330988b7,complete_onboarding,email,2026-04-06 12:52:59+00:00,,,,
2b7b4b44-2bda-42da-938f-3fa018036662,445ac040-1652-5201-bc81-59023abb4f1f,send_reengagement_message,email,2026-05-13 23:47:15+00:00,,,,
aa8c403e-b205-44f8-9cd1-dc444f1f67d9,9da7a978-6fd6-510b-b552-19a86e5d6917,complete_onboarding,in_app,2026-03-14 10:43:35+00:00,2026-03-15 19:43:35+00:00,2026-03-15 20:16:35+00:00,2026-03-16 13:16:35+00:00,
386b3503-5c26-4e0b-b835-e535700bb5aa,6e7ffe21-66c1-56a8-b964-3ffb22b2a898,send_reengagement_message,email,2026-05-08 20:29:15+00:00,,,,
ebcf26b4-493b-40d7-a75e-64a26251394e,1c59bb41-367c-50e5-ac73-cf7bac8d1dbe,send_reengagement_message,push,2026-04-05 15:19:41+00:00,2026-04-05 17:19:41+00:00,2026-04-05 17:50:41+00:00,,
652059b1-6b2d-45b9-bf39-5395b36a0264,1c59bb41-367c-50e5-ac73-cf7bac8d1dbe,send_reengagement_message,push,2026-04-20 15:19:41+00:00,,,,
288d21c9-693a-4529-9547-0b86ab6aec68,6ecb24aa-3d2f-5d61-b44a-4fa295e4fb0b,complete_onboarding,in_app,2026-04-27 08:03:17+00:00,2026-04-27 21:03:17+00:00,2026-04-27 21:55:17+00:00,,
4406e955-30f7-47a7-80d5-167ec120bce2,4805df31-12c1-534f-abd3-5d48de082ab9,send_reengagement_message,email,2026-05-01 16:21:02+00:00,,,,
599a8095-491f-4081-80f7-c3097674ed52,88e508d8-6e80-5631-8ac2-e473cdcb822f,complete_onboarding,in_app,2026-03-14 02:16:56+00:00,,,,
9cdf743c-b784-4cf8-905c-e78737b382aa,6325b55f-bca0-5d48-8bbe-f3d78d0ae0e5,complete_onboarding,in_app,2026-04-08 20:28:38+00:00,,,,
42843be4-2fd8-4ecc-a0d1-c050a2e3328d,a7992dbb-b7bc-5458-8dad-a0e805dec9e6,send_reengagement_message,email,2026-04-03 11:52:04+00:00,,,,
8b7e54dd-77cb-4dea-b561-400734ba80d7,83dde7f9-e9d5-5341-8057-f8fae513f7f6,complete_onboarding,in_app,2026-04-07 00:25:30+00:00,2026-04-08 20:25:30+00:00,,,
507b4f0d-6aa2-4cf3-9859-510ef2373a22,f1e3b94a-aeab-53bf-a31b-1aaf6d9127b4,send_reengagement_message,in_app,2026-03-30 05:15:33+00:00,,,,
ef8a1a97-1de4-46a6-b740-7acc63452c90,b6ec9c6f-df99-50bd-9be8-55537593e430,send_reengagement_message,email,2026-05-09 04:34:01+00:00,,,,
55d016c1-f138-4d8c-9758-97a73a9e2b70,ab5d24b5-be80-58b1-b254-45aec1781a67,complete_onboarding,in_app,2026-03-28 10:06:21+00:00,,,,
3891ee83-e987-4973-91e2-76a3f12ac413,5c21a2c3-fe6f-5e28-8203-f4c9725ea121,send_reengagement_message,email,2026-04-08 21:44:29+00:00,2026-04-10 04:44:29+00:00,,,
6ef01618-dc85-4b71-9755-02859f9eef32,3da0247e-03ac-5a6d-b86c-58035635afa4,complete_onboarding,in_app,2026-03-08 04:39:15+00:00,,,,
7b908aab-a69a-4b45-a2bd-82e1d12a2a39,57b82502-6731-5d31-b46a-21c61536a514,complete_onboarding,in_app,2026-05-07 06:37:29+00:00,,,,
dd381816-e532-4949-b4da-3d673c379fcd,d7802138-c865-5754-9495-671e19430204,send_reengagement_message,in_app,2026-05-22 18:23:45+00:00,,,,
832b6563-e451-4d5a-810c-b36aac29ff8f,f1c1c6e2-0ad8-5d9d-b793-41cd48970722,send_reengagement_message,in_app,2026-05-21 00:15:41+00:00,,,,
ad259cfb-b835-49de-a053-b947d3eecab8,d3c9c85c-a735-5d5e-b687-35194247e0df,complete_onboarding,in_app,2026-03-11 00:16:27+00:00,,,,
26146f0c-88ca-426b-9c21-cbc8a7b2dc92,09e37638-ec42-55d7-9434-5b27ea9d3014,send_reengagement_message,email,2026-04-19 02:52:37+00:00,,,,
f3e5782c-7786-4c0a-90dd-2a35788748ef,a13d6e4b-2d33-5f37-86df-c9baa3b4fc0a,send_reengagement_message,email,2026-05-04 22:10:36+00:00,,,,
fcdaff17-6a28-4b84-b774-4baea12be54d,ce86e380-be1a-5f19-b80c-6109d1d1aac6,send_reengagement_message,email,2026-04-03 20:47:17+00:00,2026-04-04 01:47:17+00:00,,,
0871cd7b-d631-45c2-919d-66760c5b3811,d65a4ee8-abfd-5af8-b7e9-458715082e96,complete_onboarding,in_app,2026-03-16 17:32:27+00:00,,,,
d10ecf4d-baf0-4609-ac8e-cd5172d5fd14,e1b5cc37-8105-55cf-bd1d-6225dced29a0,complete_onboarding,push,2026-03-25 03:42:44+00:00,,,,
64392779-bab6-412f-8639-8c9799128a11,5ee1d764-1053-5058-ad10-bd821721bc78,complete_onboarding,email,2026-05-13 02:12:18+00:00,,,,
7614a406-a343-4afe-8f66-c1123822373a,56159e64-30b1-56da-a755-def05a8317a3,complete_onboarding,in_app,2026-03-18 16:52:36+00:00,2026-03-19 21:52:36+00:00,2026-03-19 21:57:36+00:00,,
b0979e56-d687-4c10-8684-6439d7b97eec,2a904bb4-3e37-5802-b7b0-9f528ffc9541,send_reengagement_message,push,2026-05-11 18:47:23+00:00,,,,
bbcb62bf-f110-4ff0-acbc-f2eded287774,bf0364aa-287c-51d8-9b68-b34434e02a5e,send_reengagement_message,email,2026-05-28 14:39:43+00:00,2026-05-29 07:39:43+00:00,,,
fbd633fc-4ecf-4122-aa81-b78eaa289a3a,1a0a9a6d-cd3e-59be-a640-b1c4b35667d0,send_reengagement_message,email,2026-05-21 23:52:36+00:00,,,,
70ab91a7-c7eb-4eae-93b6-855369df51a5,8caf1b05-ba7d-5386-861f-2e13fc7c031b,send_reengagement_message,email,2026-04-17 22:03:42+00:00,,,,
2153ccbd-02d5-4d0a-b4a3-db48cea9f6c6,43c25bfe-be88-5e01-8911-5c5d02417157,send_reengagement_message,in_app,2026-05-22 02:59:40+00:00,,,,
e871413c-c760-470a-b9a0-5d52e3221527,03965a82-be08-536a-8b20-8188eebe0150,complete_onboarding,email,2026-03-18 16:05:12+00:00,,,,
e8945866-d637-4936-890c-e946b8ae9f76,6e64cf66-33e2-5763-ae70-d8caa56ec96a,complete_onboarding,push,2026-03-27 01:50:41+00:00,,,,
f6da8972-d18b-4767-98f4-bca93a5abf57,b4b63f12-8e76-541a-b637-ea081528a32a,complete_onboarding,in_app,2026-03-21 14:41:39+00:00,,,,
d69e2373-c4e0-4164-9c83-8ddde7cabfe8,10e3d5fd-75eb-5750-9640-a16fe86eaa32,send_reengagement_message,in_app,2026-04-04 04:31:36+00:00,,,,
97db12ae-31a4-4a16-a921-6db18f7454d2,70b03456-fd0c-5c59-873e-df4c1fa394c8,complete_onboarding,in_app,2026-03-13 05:02:31+00:00,,,,
5ad1faab-bf4b-4b0b-8a00-efa4949eb8b7,e101d46b-322f-5e4b-abbf-84267a7c28d4,send_reengagement_message,push,2026-04-07 22:19:58+00:00,,,,
a579e3dc-d737-4344-ae9e-d2affdea8863,613b927b-03b2-5282-8fce-15fd9a040a76,complete_onboarding,push,2026-03-15 06:54:10+00:00,2026-03-17 02:54:10+00:00,2026-03-17 03:47:10+00:00,,
61d4835f-c999-4a38-90cd-7db478e99249,0848666b-83a3-5e61-9765-95d5bac7e3cb,send_reengagement_message,in_app,2026-04-21 05:59:00+00:00,,,,
0d06f7d3-1223-46d8-a885-ecc7eb39a588,7d9c39df-034d-5858-a86f-35f3fcaf73f3,send_reengagement_message,in_app,2026-03-30 22:04:48+00:00,2026-03-31 19:04:48+00:00,2026-03-31 19:39:48+00:00,2026-04-01 01:39:48+00:00,
fb06bc3e-f676-4ff1-9389-0efdeb8fde16,97e8bf83-bebe-5a57-a4f2-9c174e2ae27b,complete_onboarding,in_app,2026-03-11 05:28:26+00:00,,,,
a677f15e-c1a5-4543-9d3f-cdf6ce460c99,d87e79e3-82a9-5185-a3fe-3046a5f863f0,complete_onboarding,in_app,2026-05-14 07:08:48+00:00,2026-05-14 20:08:48+00:00,2026-05-14 20:25:48+00:00,,
dc57fc1d-f803-4bfa-80ee-b52c9405dd7d,0681b3ad-bc37-513f-819c-59487fba69bd,complete_onboarding,email,2026-03-13 01:13:17+00:00,2026-03-13 08:13:17+00:00,,,
4e7dc7af-1eac-4fc6-8116-21b8523248f5,c500eea0-9f10-5685-8fe0-3f73bd25caf5,send_reengagement_message,push,2026-03-31 02:38:21+00:00,,,,
c10cc6d2-e821-4165-83e9-81bdc77d6f81,be79f526-72e0-5406-9d04-ef11940b96da,complete_onboarding,push,2026-03-09 01:51:19+00:00,,,,
5b512143-1971-4c07-aeca-dea863fb8b58,2ec0e606-d87b-52f1-a29f-2ca5babc0867,send_reengagement_message,email,2026-04-04 03:29:21+00:00,,,,
8417cb56-ca26-4c19-bd02-bd653f494e5a,2a913f88-ebe7-521c-8372-1b40813e7123,send_reengagement_message,email,2026-05-01 10:14:01+00:00,,,,
c36eb259-f8de-4024-af76-70e5f1e8a674,0e93e5d0-6d60-58d4-9aea-f03f7bfbef78,send_reengagement_message,push,2026-05-22 01:55:59+00:00,2026-05-23 03:55:59+00:00,,,
40f725be-6cae-4f40-a865-6ceeab18a2d6,2967f237-2fdf-5ce5-8037-ae8c2fbc57ef,complete_onboarding,email,2026-04-26 16:58:54+00:00,,,,
479ccdfc-88d7-4bad-92e6-f6b4425fb7aa,8302780e-1faf-5e15-8dd3-47279756b68e,send_reengagement_message,in_app,2026-05-05 00:52:39+00:00,,,,
a843f772-f1b6-454f-9271-e2109df2ea2d,a8d658bd-55f7-5c8e-8abb-5da929778ce4,complete_onboarding,email,2026-03-12 20:48:01+00:00,2026-03-12 22:48:01+00:00,,,
036036f2-bcf9-48db-b611-6a0f2831f8cf,ed951ea2-ea3d-5b1b-992b-1acce5e49134,complete_onboarding,in_app,2026-04-29 10:26:04+00:00,,,,
865d35fa-bc8d-4e4a-a0e6-9238369d90cd,19350ee3-5968-569d-91b7-caa20bfce53c,complete_onboarding,in_app,2026-03-09 13:41:16+00:00,,,,
9cc2c7db-9f1b-4435-aa5e-93016c64cb77,bbd77c7a-556e-5617-9392-8c442092ab43,send_reengagement_message,email,2026-05-08 12:47:24+00:00,,,,
f0941d31-1b52-4767-87c4-913a718e0de3,69d26de3-c099-571d-b035-27c48ea5421c,send_reengagement_message,email,2026-04-23 05:51:11+00:00,,,,
e18d0d02-8dd2-49ef-bde8-264f9a1b3fbb,993cadc3-6b3c-5c66-bb7c-2dd996f3d670,send_reengagement_message,email,2026-05-25 20:52:53+00:00,,,,
a0eb3338-0f33-4a67-b994-80bcd2d54449,3a428867-e8f4-55fe-8e3d-bfd8a83fa16a,complete_onboarding,in_app,2026-03-28 05:16:28+00:00,,,,
593acf13-b5c1-46b9-bdf7-91894c77ea82,e1d4436f-0576-54ab-8f85-5ee221091c9b,send_reengagement_message,email,2026-05-09 01:18:07+00:00,2026-05-10 08:18:07+00:00,,,
efe5b816-7380-41d3-8384-908775326c0f,50b77f40-421e-5915-aff5-0ba4f03372d5,complete_onboarding,push,2026-04-06 08:37:53+00:00,,,,
967d7378-e68a-4358-978d-9d99e90636db,ec489a04-e7e1-53c5-a684-950d082a30a3,complete_onboarding,email,2026-04-12 00:38:19+00:00,,,,
fb7fc00c-eb63-4ed6-9c40-ddeae82734a2,a30f8974-e3c9-5a37-9bde-dfe06a3c69b6,complete_onboarding,in_app,2026-05-10 18:38:56+00:00,2026-05-12 17:38:56+00:00,,,
a61e85cc-8431-4d1c-8b3b-aafc39ca4c78,b5045541-d930-50ed-b992-a0753301d60a,send_reengagement_message,email,2026-05-14 04:18:47+00:00,,,,
5e6fe20a-51ac-4d8e-bb99-8e63152074a6,2b90b4c8-b086-56c5-bfb7-477a56a0db32,complete_onboarding,email,2026-04-04 14:30:15+00:00,,,,
ba87e467-a537-4647-84b2-9a837343de53,c5d06805-3ec7-5db1-9e4c-34092543dc86,send_reengagement_message,email,2026-05-13 14:46:11+00:00,,,,
7924a29c-5d84-45e1-83f3-a0fe5e53a071,84e5dd2b-af72-561a-a7f2-76aa0f57bc30,complete_onboarding,in_app,2026-03-30 21:04:53+00:00,,,,
846e902f-79c4-45d0-bcbc-2106c9831db0,69020ecf-52d0-541f-ad02-a6bd0a960989,complete_onboarding,push,2026-03-18 13:58:20+00:00,,,,
23d97785-0e79-47e1-bf55-f25276497cc8,99959424-591c-588c-9834-53165316d08f,complete_onboarding,push,2026-03-11 16:58:49+00:00,,,,
e28c8c9a-c9ba-4854-b25a-b4f217fa8228,3decec87-83ae-5436-acf7-d167f1c06bb2,send_reengagement_message,email,2026-04-06 17:02:46+00:00,,,,
69f2f74c-77c2-456b-aa80-529211858146,f5a02353-4bcb-5cf8-b8ff-6c5c33fcef1c,send_reengagement_message,email,2026-04-24 00:41:34+00:00,2026-04-24 20:41:34+00:00,,,
b6cf666d-52bc-4964-8af8-f1884badb95d,2405b4fe-69db-5119-bae8-e14de78e91a5,complete_onboarding,push,2026-04-30 23:07:21+00:00,,,,
b0a6d274-58d4-466f-b84f-f72554037b7f,1894a1ed-c278-5492-82e4-8e1ca03d115d,send_reengagement_message,email,2026-05-18 22:01:37+00:00,,,,
e20cc2cc-4af0-4594-bd2d-eb1cab67e77c,a4709234-0e2d-50aa-bdcd-0f5cf7d0fa70,send_reengagement_message,email,2026-04-12 23:43:30+00:00,,,,
d4f7f0f2-2056-4ffd-bffe-71684098d12f,83c0bd33-2708-52bf-8b0f-652f3452c2cd,complete_onboarding,in_app,2026-04-05 02:42:44+00:00,2026-04-05 13:42:44+00:00,,,
0ae2060d-ee3b-4e6a-a59c-8f43609dfce5,e2c67004-0d21-5048-a179-6ddf01dedb08,send_reengagement_message,in_app,2026-04-05 14:14:52+00:00,,,,
c447daa6-6b7b-4847-b2ed-91aa70f3f3d2,9a91a44f-bfdd-5782-b130-81d656a00fb3,send_reengagement_message,email,2026-05-17 02:41:02+00:00,,,,
accbc866-aa21-464f-8cff-5cfdeb59bbe7,22fb03d8-c90e-5dc6-8685-540ed6dc347b,send_reengagement_message,push,2026-04-11 23:57:32+00:00,,,,
63769cf2-d911-4da3-a4f5-9df0221ec501,af6e0901-b74b-59f1-a475-70f765c5ea79,complete_onboarding,in_app,2026-05-01 04:00:55+00:00,,,,
08aa6697-12ba-4741-b226-f4b347442aa6,c5628a9b-b70e-52ac-a119-3cb3cd5be360,complete_onboarding,in_app,2026-04-23 13:07:28+00:00,,,,
f69493a2-3028-4bbc-a235-852aadf7fb06,3d8044d8-63dc-5b24-a386-56745e5feb74,complete_onboarding,email,2026-03-29 18:48:47+00:00,,,,
dc44576a-04ce-412b-89a5-acd5e0c198c6,7525cb57-b2c4-52c7-b52f-133a3509ec6c,complete_onboarding,in_app,2026-05-11 18:01:02+00:00,,,,
cdaa311b-31b4-47cf-85fb-d32c61c7ed53,7d242172-8c19-5521-be58-325b93670070,send_reengagement_message,email,2026-05-09 13:30:35+00:00,,,,
f86d9c12-f451-4156-b7f9-2788eaea3dc9,52ecee40-f926-5440-acbc-21c49cc0f18e,complete_onboarding,push,2026-05-05 02:12:50+00:00,,,,
2021d64f-4a76-4a56-9d07-3f5ad6be9b51,4eb81b7b-378b-5571-974a-75e22299c7e3,complete_onboarding,email,2026-03-12 08:44:41+00:00,,,,
47e469dc-36d7-4d83-87f0-856415aac242,6e6ced52-2adb-5d9e-86c9-7b50162f5108,complete_onboarding,in_app,2026-05-06 19:50:32+00:00,,,,
5a6668ca-47a9-4d38-904a-12034f83a94d,9c665ef0-d5b1-5129-986f-653e404f94c2,complete_onboarding,email,2026-04-28 18:52:48+00:00,,,,
2dbf97e1-b2f3-4645-9938-de8c8e0d37f7,1cd7fb57-e556-57af-9b15-b4461a6f2409,send_reengagement_message,in_app,2026-04-09 06:00:00+00:00,,,,
2d5e3ee9-3761-4796-8151-9172f493f1c3,ddfd7183-d664-5380-b73d-3e63277bfecd,complete_onboarding,email,2026-03-28 05:29:37+00:00,,,,
7b182050-0395-43d5-9a3a-8fc1d4acb9e9,83ba0d14-34e1-575d-af51-443f2b30b258,complete_onboarding,in_app,2026-04-27 22:24:47+00:00,2026-04-29 21:24:47+00:00,2026-04-29 21:40:47+00:00,,
6f4decf5-06a6-47f0-b10d-6c8509445957,0b068562-b9b1-550b-8bc2-4dad042dbcbe,send_reengagement_message,email,2026-04-09 22:43:34+00:00,,,,
348ea69d-18f8-4dd2-9d71-14e8cb29d195,19ab2488-f0db-5537-87be-d2aa72534652,send_reengagement_message,push,2026-04-26 05:11:56+00:00,,,,
b96d884e-830c-43b5-be4b-e4efe77b9d41,a043919d-e775-5e38-bc81-55747c202ee7,complete_onboarding,in_app,2026-04-23 12:49:13+00:00,,,,
a05dd9aa-9b4b-4e0b-8c13-114dd39b4d8b,a2ee206a-c52c-5d49-b9ce-c34b76bc5f88,complete_onboarding,push,2026-04-20 21:12:37+00:00,,,,
8f28529a-0c74-432d-91d1-ee6e5d9ce973,c7411835-aee6-5ade-8e32-212bdac3b009,send_reengagement_message,email,2026-05-27 18:37:22+00:00,,,,
ea9d30d3-6063-4b10-82f0-b10a1598c8d8,f57bb1df-6270-5c37-ab8d-4af639568234,complete_onboarding,in_app,2026-03-14 16:42:17+00:00,,,,
ad6ebea6-01a8-41a9-83b8-b6347cded8ec,085465d4-7225-5631-b7b5-22779c5b566f,send_reengagement_message,push,2026-04-15 08:33:05+00:00,,,,
c9777527-b044-47c6-a18a-7a24fca9b3cf,a285ff86-b29d-550d-aa57-e6ae386e0ffb,send_reengagement_message,push,2026-06-01 22:57:35+00:00,2026-06-03 06:57:35+00:00,,,
2d490746-69b2-45d6-859b-49a775f9930c,19e07462-0f44-54a5-a754-d4e5fdcbc851,send_reengagement_message,in_app,2026-05-04 05:59:18+00:00,,,,
bae404ff-6905-40c5-8ea6-1b2515f9b06b,ac957e8c-257f-5963-9f9f-0726f809d546,complete_onboarding,in_app,2026-03-24 03:51:30+00:00,,,,
baf818a3-7337-41ae-b89e-eb54c65c48a3,9f0864d7-12d8-564b-8cc2-782ea4d0f578,complete_onboarding,push,2026-03-26 23:57:54+00:00,,,,
ae9a3ae1-1fae-4235-b455-65b0c5b8b637,3ac992d9-2d43-5849-a00b-47d35edbb503,send_reengagement_message,email,2026-04-18 09:44:08+00:00,,,,
6c7fd933-2341-40f8-8d87-7c23a1f35824,dc4a279d-1682-53d8-b6f2-74cef9fe96ee,send_reengagement_message,in_app,2026-05-03 05:53:47+00:00,,,,
9627ce69-f414-41c9-a61c-45510591f372,b909f24f-0829-505e-b997-efaf266ccb9c,complete_onboarding,push,2026-03-26 15:12:06+00:00,,,,
1265e7da-7e05-4ee7-a6f3-3abc84bb0ba2,9fb7fb99-51a0-5383-92dc-6db768f19832,complete_onboarding,in_app,2026-04-18 21:48:11+00:00,,,,
252db627-167f-47bd-99cc-59af38f334d8,a7753662-8b0c-542b-89f2-a02f17e18214,send_reengagement_message,in_app,2026-04-25 17:21:44+00:00,,,,
180e97bc-3293-4701-8082-f4ca5cd872d4,2aca1026-5fe5-5f1c-a597-d9f51fcafd3b,send_reengagement_message,push,2026-05-07 02:42:54+00:00,,,,
8892e669-0805-48bd-b1b0-2205aeecf385,4e600836-b870-52b8-a144-4b42f8b4ceb3,complete_onboarding,email,2026-03-17 16:52:49+00:00,2026-03-19 08:52:49+00:00,,,
3685dfae-e3e3-42ee-988d-fa8722f022ef,9e13d2e5-d629-5563-b51f-0cb64e288356,send_reengagement_message,push,2026-05-08 00:35:33+00:00,,,,
c61f9e2b-316e-4be4-9c26-93c0b77b18ab,f7daa027-e518-5ade-b17d-5cf290c8942b,send_reengagement_message,in_app,2026-05-28 19:22:18+00:00,,,,
494d5a78-ecb3-4e77-b390-b77dcb53b9dc,83ba61ea-023a-53c7-9ded-dbf6ae0492c8,complete_onboarding,in_app,2026-03-16 07:41:30+00:00,,,,
b1727083-5265-48c5-8553-ff5aaa7f572d,08674ad1-885d-5ab3-ab55-36708e42dddc,send_reengagement_message,in_app,2026-04-17 14:14:44+00:00,,,,
63a981dc-2602-4ea1-811e-a9281d43581f,29e4bf52-9919-50bf-91ec-e8aa765295a0,complete_onboarding,in_app,2026-04-23 20:30:09+00:00,2026-04-25 14:30:09+00:00,2026-04-25 15:24:09+00:00,2026-04-25 23:24:09+00:00,
53300d85-3fc7-4da1-ab35-a4b57034f172,b5446fce-e6e0-59cc-8ae3-c6d5ff730204,complete_onboarding,push,2026-04-22 13:23:10+00:00,,,,
eab8f254-f324-4346-ab70-2c9d95be582b,8b18c71f-ee64-591a-a75e-69a7ca1a68fc,send_reengagement_message,in_app,2026-05-03 14:38:19+00:00,,,,
4672828a-1f4f-4fc6-9efc-68ef09e226a5,33f749df-e28f-5b0b-8427-4aa3de7ef79b,send_reengagement_message,email,2026-05-12 02:21:56+00:00,2026-05-13 10:21:56+00:00,,,
5b1fd7f9-53aa-445b-a1b3-28ca85fea249,af9abbab-8b92-531d-a145-7eb666b6bc99,complete_onboarding,in_app,2026-04-18 01:08:42+00:00,2026-04-18 22:08:42+00:00,2026-04-18 22:10:42+00:00,,
cfea20cd-c976-47d9-9270-7f7c12ddaf39,e731f1e4-1fa2-58aa-a8ac-692a8d4261ac,send_reengagement_message,email,2026-03-31 02:39:38+00:00,,,,
fddafa3c-6344-424b-b14d-0ad6290d9717,b4a65969-9e3b-553e-9262-cde90bafb6bb,complete_onboarding,in_app,2026-04-27 20:07:30+00:00,,,,
85328815-1ceb-43c4-a9fc-9b2511a5ba93,641f7bad-13b2-5b1f-840b-ac705fd02b6d,complete_onboarding,in_app,2026-04-06 19:57:53+00:00,,,,
270ec127-6c11-4560-8a93-d8bae1db9d0b,1679fa2f-65d9-506f-9538-4a7b83324001,complete_onboarding,in_app,2026-03-10 13:12:08+00:00,2026-03-11 06:12:08+00:00,,,
51064912-21a9-4ad4-a69b-867bd73b8396,14240761-82cd-52fe-b2b5-df410de5d0b1,complete_onboarding,email,2026-04-04 05:21:42+00:00,,,,
cff55849-7d11-47fe-ac9e-749394c5e694,42d34900-af33-5baa-878f-afee69f991ce,complete_onboarding,in_app,2026-04-06 00:39:26+00:00,,,,
cbc4d39f-20d9-4c77-b948-20cbafd86f5e,b2c62a97-eb87-528b-ba73-40545cf63f4f,complete_onboarding,email,2026-03-12 23:35:38+00:00,,,,
c3a1f7b7-136e-4264-bf59-2a4cb4accb37,0e5725a8-acb5-53cf-8139-1c6f0165f4b6,complete_onboarding,in_app,2026-05-14 17:31:18+00:00,,,,
9219123c-a023-4f2e-bb8c-7ae41de7c720,29ae6979-a489-58b5-86d6-d832c74efc88,send_reengagement_message,in_app,2026-04-10 08:14:27+00:00,,,,
80ce4f32-6cab-467f-b69c-4307982bf83d,88476c23-8050-59f4-a64f-166574b8157d,send_reengagement_message,email,2026-04-17 19:34:08+00:00,,,,
36b02559-fcec-4937-a02b-a28ffad86a85,25f3e0e5-09e5-5e55-8187-e8808ca3ca36,complete_onboarding,push,2026-04-06 10:14:01+00:00,2026-04-06 19:14:01+00:00,2026-04-06 19:49:01+00:00,,
c07fc47b-d28e-4045-90e2-29ceb88b84ac,5e83378d-64f1-532f-a704-283b6ce0ec2f,complete_onboarding,push,2026-05-03 10:37:47+00:00,,,,
b81f7c94-3d70-416b-aae8-f45a484f5622,5c93f485-55b5-52ad-abed-122ce610833b,complete_onboarding,push,2026-04-27 06:15:09+00:00,,,,
42115b60-fa6b-45d2-a891-c212286fb4b7,523ccc14-3d74-57f8-a415-b20081ad07f7,complete_onboarding,email,2026-04-29 04:42:52+00:00,2026-04-29 15:42:52+00:00,,,
4be7d349-8a63-4212-b149-d66a1709e04d,314a2a17-7030-5522-a209-d1af5fc9582b,send_reengagement_message,push,2026-05-23 08:02:21+00:00,2026-05-24 10:02:21+00:00,,,
497dd18a-ef56-4efa-9f15-ed59f5b0c563,4a73e60c-8d04-5892-b313-d919f00b4e73,complete_onboarding,in_app,2026-05-03 06:03:56+00:00,,,,
d71f046e-8cb4-4b94-ae4f-45d3355489fd,00c128bb-af81-5323-becc-bd833c3b7b03,complete_onboarding,email,2026-04-13 15:50:30+00:00,,,,
c8a5d2cb-d2a9-4222-aa50-45ef46081666,fd463455-b401-5343-84dc-05203233e56a,send_reengagement_message,email,2026-03-28 13:30:12+00:00,,,,
541e4349-92de-4fa8-b9aa-9d41f96c48cc,01f0112b-8e08-5b70-929c-9f2758ef83c0,complete_onboarding,push,2026-05-12 07:17:15+00:00,,,,
68d10142-6280-4b4f-8e9f-a451a8c89395,8ec2231d-12eb-5bc2-8786-762a87abb6eb,complete_onboarding,push,2026-04-08 14:33:08+00:00,2026-04-08 15:33:08+00:00,,,
47e925fb-49fa-4449-b598-0b2178c6b392,3ff600cb-d109-513c-8a19-8282e0c109f6,send_reengagement_message,push,2026-05-02 07:04:12+00:00,,,,
4c11f3d2-19f0-4bd7-9095-dee37bde704b,21a1904a-a2d5-519b-9f50-20247dbb7f0e,complete_onboarding,in_app,2026-04-10 10:39:55+00:00,,,,
11fdc861-f07e-433f-8c89-9f8bdff7106c,8be5d7ce-c732-5e3a-b370-4983b4ec622a,complete_onboarding,in_app,2026-03-12 16:51:34+00:00,,,,
c2df8468-50c3-455c-9a08-46a0b449c989,4b38ad76-b2ad-5f29-a0c2-8bf8c2fcdd3d,send_reengagement_message,push,2026-05-07 18:15:18+00:00,,,,
d1a38bff-639b-4bdf-8b67-a044d20a8961,0df05b93-50f4-563d-98d2-126340650a40,complete_onboarding,push,2026-04-25 18:42:49+00:00,2026-04-27 12:42:49+00:00,,,
b3c708e6-fc58-41ca-8143-0cbf8831c9c4,5379a02b-6c0c-5b23-85aa-d7b7a89b1347,complete_onboarding,email,2026-05-10 00:43:08+00:00,,,,
9ffdb43b-c4b2-4ca1-98a9-fc59be6a7d76,d5911b53-37d3-5330-bbc5-3c785afd4469,complete_onboarding,email,2026-04-09 22:26:28+00:00,,,,
99331838-d92e-4cfb-b26c-ecd3cdbe993d,8200b485-37e8-5f77-805d-cdba50599c8a,complete_onboarding,push,2026-05-12 04:04:36+00:00,,,,
493d5f7b-1dd9-4832-b945-da111700d992,7947fbda-c585-5bf5-8468-55fe105fe610,send_reengagement_message,email,2026-05-01 11:27:23+00:00,,,,
994300ac-4bac-46bf-9f80-8ac71a8fe29d,c1dc447b-8dd4-59b9-aad2-d9c813f01f74,send_reengagement_message,in_app,2026-05-09 07:13:30+00:00,,,,
b5f637fd-5173-47da-bbd9-69fff70447e1,10c16912-bf81-5293-b0d1-8d7df5247262,complete_onboarding,push,2026-04-17 12:54:24+00:00,,,,
d21a9658-bd57-4a76-97e9-a952c300e1e5,fdb4bb65-4119-5dec-9aeb-22022727e40d,send_reengagement_message,push,2026-06-02 21:49:01+00:00,2026-06-03 14:49:01+00:00,,,
359dfa38-45ad-42fb-ab95-60b60d479cc0,a7e93fca-07ac-5c90-a236-d7693e26f310,send_reengagement_message,email,2026-05-15 21:19:29+00:00,,,,
d15f9115-0b1a-46d1-98f0-e0443f3e25ac,c7efbd40-be0a-501e-b64a-a34b01604351,send_reengagement_message,email,2026-04-03 06:43:38+00:00,,,,
158673da-60bb-4e3e-86ff-fdef6c6bc7be,26f1ddca-8504-5bc0-aba2-cb9b53dbea89,complete_onboarding,email,2026-03-11 22:59:01+00:00,,,,
b89735c4-2f0d-48e4-94e7-ead9312ba6c3,ab2aa262-f747-5330-b5fd-bde17a28a234,send_reengagement_message,push,2026-04-23 06:45:44+00:00,,,,
05fde93d-ed00-4f9e-94ea-9973c1ce9aad,e07bbac1-06ec-5315-8805-a60968e3f0b1,send_reengagement_message,email,2026-04-30 13:58:41+00:00,,,,
66dafe5e-bd1f-4119-807f-5f98e59a11d1,7ce8a838-6245-523e-a3b6-3932f0557f92,complete_onboarding,in_app,2026-04-22 03:14:25+00:00,,,,
6fd4bc21-bb15-4d3f-a03b-d04b5b0e2e1a,eb906d56-c044-5a7c-966c-66f7342fa6f1,complete_onboarding,push,2026-04-09 05:30:55+00:00,2026-04-10 04:30:55+00:00,2026-04-10 04:52:55+00:00,,
2cb5f185-d5fc-4a1c-b683-e377ea5468f7,f087a820-8921-5942-9125-8c10ea928b76,complete_onboarding,in_app,2026-04-11 12:14:41+00:00,,,,
48f642b8-bc98-4d81-8290-68b932c16c9e,2b849b37-129f-5eb7-9824-1fa5e5b5eba5,send_reengagement_message,email,2026-05-28 14:18:36+00:00,,,,
432bb5fd-1bca-41ad-8b17-1d852b520b7f,52a918f6-453b-5722-844a-9da82e8a7878,complete_onboarding,in_app,2026-03-30 02:33:31+00:00,2026-03-31 07:33:31+00:00,2026-03-31 07:50:31+00:00,,
33cd0a8f-3dbd-47b0-86a0-1bcff007f318,8ee29b73-aae8-5bb0-bddd-6420ff270105,complete_onboarding,email,2026-04-10 01:14:47+00:00,2026-04-11 04:14:47+00:00,2026-04-11 04:31:47+00:00,,
42f30544-2001-4b1b-bdde-8d5653bda807,79dc577e-83dc-51da-9acb-37710874b94e,send_reengagement_message,push,2026-05-03 11:01:46+00:00,2026-05-04 06:01:46+00:00,,,
7e1e6806-cafb-4d1e-bcf0-434c7737d209,890a2729-8531-5d31-b8fe-8cb5b5cae01a,complete_onboarding,push,2026-04-08 07:32:18+00:00,2026-04-08 18:32:18+00:00,,,
7655b726-5e4f-408b-8f36-f942cbc76fa4,ae2ac9af-e59c-512d-8c6c-17d00c2781c3,complete_onboarding,in_app,2026-05-12 19:12:24+00:00,,,,
9c511d9e-c2bf-4903-bbcd-2a230c18996a,8437b366-7c1a-570b-94f1-825018135577,complete_onboarding,email,2026-05-12 09:24:10+00:00,,,,
01a8b733-9b0a-4198-a099-12924d52e661,740c5c53-cb09-5d49-b3be-87eace8c3951,complete_onboarding,push,2026-04-11 09:43:41+00:00,,,,
605bc97e-9117-4344-89de-e7eb145974a1,81896773-586e-58a2-a6a3-037cbe83b903,send_reengagement_message,email,2026-05-05 15:19:55+00:00,,,,
fa63a610-a5bb-4e94-8b0e-d8f27fe36362,cc0aae70-5599-5e05-b944-b66e2a70507a,send_reengagement_message,email,2026-04-07 11:32:39+00:00,2026-04-07 20:32:39+00:00,2026-04-07 21:10:39+00:00,,
275f75ab-d19c-48aa-b8ca-47061c92b89f,b9e43320-eccd-5d37-838d-699c11093e65,send_reengagement_message,in_app,2026-04-24 09:25:27+00:00,,,,
39775b3d-8a85-4212-8e4b-1fdf476e804f,01f83b61-12f8-5d19-8284-f49d16c8e628,send_reengagement_message,email,2026-04-09 23:12:46+00:00,2026-04-11 13:12:46+00:00,,,
22aba038-40d4-492c-ae16-51ba60c46f70,b13a503a-5716-5ae1-b404-eaac29c36fb6,complete_onboarding,in_app,2026-03-16 22:32:48+00:00,,,,
e3ae04d5-c35e-4ae4-9c10-e76efc6f8834,15942c56-19b6-5ea0-b724-00483d42c42e,send_reengagement_message,email,2026-04-01 13:37:49+00:00,2026-04-02 06:37:49+00:00,,,
01e8b858-ef3f-4886-a180-3c46eae1c484,7ea7c3d3-bcd1-54aa-9ae8-86aa65aa9989,complete_onboarding,push,2026-04-16 12:11:00+00:00,,,,
3dcbbf48-c793-4087-963d-063361ea774d,bde676d9-3c7c-5f19-af40-567bd6060e8e,send_reengagement_message,push,2026-03-26 00:56:25+00:00,,,,
29de4069-255c-4716-92f2-db75cb173792,ff0b8bf3-29ab-5c8a-9fb2-b439bb1c07d2,send_reengagement_message,in_app,2026-05-09 14:03:42+00:00,,,,
5c93d8f2-cf75-4acc-a8e6-b9980e4572f5,e7273581-2fdb-5d1b-bcce-42b2890dced4,complete_onboarding,push,2026-04-05 19:18:06+00:00,,,,
a9bfa1f7-4997-470f-9041-a1ba8cd6528b,70d32fed-aab6-5b71-adf6-b86891c8058b,send_reengagement_message,push,2026-04-20 06:53:42+00:00,,,,
729a1988-9832-4d09-affe-e63fef4d9192,475ff210-6c83-5974-9b93-87012bf08b42,send_reengagement_message,in_app,2026-05-18 01:51:55+00:00,,,,
adebc6a6-3245-4a13-8e4d-f1bf05d72969,5a177a68-dccc-50a2-8d72-02aa950f0bc7,complete_onboarding,in_app,2026-04-13 04:10:09+00:00,,,,
b3c3d213-2946-4482-8071-4dd8d424233a,1661249b-acff-5c97-9553-4bb14c1c60f6,complete_onboarding,push,2026-04-26 14:37:12+00:00,,,,
ce5a31f3-de73-49b1-8a2e-433bd7aef549,a2d97a1f-6a3c-5dad-81c5-5a68f9c9f7a9,send_reengagement_message,email,2026-05-13 22:53:21+00:00,2026-05-15 13:53:21+00:00,2026-05-15 14:23:21+00:00,,
a324ea5f-6874-46a1-9ca8-e04859262a00,a39ae0f8-0f28-5c57-8f01-bdefcbd71220,send_reengagement_message,push,2026-03-28 05:14:19+00:00,,,,
cdf31464-8d53-4729-a825-f7810989ba4e,6ede499f-8505-55b6-978b-b77492a496df,send_reengagement_message,in_app,2026-04-09 20:51:17+00:00,,,,
427cf3d8-3394-4398-90b2-bb61ccedeae8,abf17436-f462-5fef-ba7e-cc613b49141c,send_reengagement_message,in_app,2026-05-04 07:53:29+00:00,,,,
535f003f-04ca-4b0c-9104-22acd85892ee,6443dc6b-aabb-560f-86ce-eab9e40ac838,complete_onboarding,email,2026-05-13 07:30:14+00:00,,,,
529bd52b-38df-4711-8f86-ed7fc4f116f3,8c6e751a-947e-520e-8f9d-f9db0c321669,complete_onboarding,email,2026-03-17 15:29:33+00:00,,,,
a45ddc5b-1a6b-47e0-a9b9-f14341564355,82e91963-de3a-5596-a7f2-fa12884b6c51,complete_onboarding,in_app,2026-03-14 06:48:14+00:00,,,,
7c79c3b9-b8fc-450e-b652-86525ba95892,681d6fa1-78d5-5bf2-b278-7f26a9b47da4,complete_onboarding,email,2026-05-10 22:25:19+00:00,,,,
22fd7994-7c06-44cc-bba4-fe6dd4181c2e,32f18614-c901-5028-a604-1d11a79283f6,complete_onboarding,in_app,2026-05-12 17:01:25+00:00,,,,
7680f4ba-0512-4b23-a0a2-525659a68662,d4c17766-868f-5a55-aff0-39c43b1e7253,complete_onboarding,push,2026-03-18 13:09:22+00:00,,,,
1b61e263-a929-487d-847a-ab9fa14599b8,a451bd1f-9004-5b99-bcb3-7ccc4b4c9ccf,complete_onboarding,email,2026-04-03 17:13:40+00:00,,,,
5c777781-b90e-451c-bf43-8c747de55a07,507634a3-ce38-51d6-90c2-d662567bdbd0,send_reengagement_message,push,2026-05-08 05:42:51+00:00,2026-05-08 16:42:51+00:00,,,
8bcbbda9-cfb6-4d92-99d8-db7c3e065a18,784f5fd2-ac93-55f7-978c-c71022bd4b59,complete_onboarding,push,2026-03-20 11:17:49+00:00,,,,
8d06a2fd-1ba4-4194-aa3e-d438975b6cee,8a73cfd8-3373-52a1-9f48-6bb804c49252,complete_onboarding,in_app,2026-03-29 12:15:01+00:00,2026-03-29 14:15:01+00:00,2026-03-29 14:53:01+00:00,,
fa6b2c2f-4a2e-474e-9ec2-6ffcc0e53ba2,f5d0ef9a-77c8-5299-bad8-656190be67d6,complete_onboarding,in_app,2026-04-03 06:35:52+00:00,,,,
41a849c5-e812-485f-a4b0-fd617c76b440,dea08c65-e9f0-5fc4-951d-7be687101641,send_reengagement_message,in_app,2026-04-16 06:09:15+00:00,,,,
b99fb14c-680a-4611-8d3b-da62a751bd5e,8ec35167-a317-5033-a41e-6a2804a98e6c,send_reengagement_message,email,2026-04-23 10:41:59+00:00,,,,
9a771b4b-6e3e-494d-b225-7ce21a1649a0,7cc67b1e-7e37-5270-8316-304c360d0cf9,complete_onboarding,in_app,2026-03-26 23:32:57+00:00,,,,
2ea52a37-cc34-4948-8cad-e987ef426832,7ea3de6e-5c86-5353-90d6-b3124c2a0c86,send_reengagement_message,push,2026-05-17 09:58:07+00:00,,,,
6e262a07-7b35-4a9c-9273-3249aacbec24,5ed7a81c-5c39-5ea9-87d8-83fcd93ce6c3,complete_onboarding,in_app,2026-03-17 13:25:31+00:00,,,,
78910bfa-963e-4675-8790-f0dad79ff63c,184f8dab-d5d5-5fe3-b11f-6ca1c94c3f9b,complete_onboarding,in_app,2026-03-22 22:00:15+00:00,,,,
ff406425-98bd-455b-a1fc-70c17ea70fcd,fd42cf22-7d38-5011-bea3-ab677b8395c8,complete_onboarding,email,2026-03-24 05:58:56+00:00,,,,
3201b590-a29c-456a-b573-fcae138b3996,f7b932d0-3f26-57ac-a1fe-c018ef51dc0f,complete_onboarding,in_app,2026-05-08 11:59:27+00:00,2026-05-09 09:59:27+00:00,,,
d6524cc4-c546-4036-a0e8-56c9977ca4bb,5007a8eb-dc66-5239-989e-9273833e2a47,complete_onboarding,in_app,2026-05-11 04:03:08+00:00,,,,
3e92322a-c95f-4135-9c04-c7d3677eb0eb,e887c3be-4abe-570a-899c-e951e52d5135,complete_onboarding,push,2026-04-10 12:20:48+00:00,,,,
28b0b47b-32ca-4785-a564-5f92288cdb7f,5a157b9a-d51f-5cc2-a41e-661a17dd1290,send_reengagement_message,email,2026-04-05 18:59:55+00:00,,,,
b74ea523-6e4f-4480-903e-a217f7ee2d6d,45162d71-b8b5-591a-bf51-3ddb3b6e5c87,send_reengagement_message,push,2026-05-17 04:05:23+00:00,,,,
35fe5819-5b03-43a0-96c6-03a394119d1b,a9d431e4-5f48-5b0d-a469-295791be3172,complete_onboarding,push,2026-04-09 22:54:07+00:00,,,,
732e936f-c360-4bf1-a11d-f2b523dfef20,9eedf47c-9034-5499-9fa5-838cfa5f9ff3,complete_onboarding,push,2026-03-31 20:09:02+00:00,,,,
01326afc-bce6-4179-bcf9-9e8a04b3c6a9,fcc90149-c82a-5b2e-bf27-014742dd9eb1,complete_onboarding,in_app,2026-05-14 22:03:35+00:00,,,,
28d6a732-398b-4243-a177-5fe7c168269c,d0604790-9a9d-576b-98d4-93e1dc959f6d,send_reengagement_message,email,2026-05-20 16:23:50+00:00,,,,
75f424b0-4ed1-411c-9fa3-75a195ab2de0,8482cdbc-f39d-54eb-9a0a-c1850d5c2105,send_reengagement_message,in_app,2026-04-10 10:51:13+00:00,,,,
c705e7d2-1808-455c-bdb7-3a721af28700,95bcc441-18dc-5c0d-976d-1423c958da51,send_reengagement_message,in_app,2026-04-19 03:15:18+00:00,,,,
0f08b3b8-4736-4d66-99ca-c46d852f54b5,2f511332-f7e3-52c2-b960-879f7e5db390,send_reengagement_message,push,2026-04-12 06:43:00+00:00,,,,
9a726fca-dfac-4bb0-b7ac-ffa956d18623,7a4a985b-59f5-5fbd-b592-ad505e9b30dd,complete_onboarding,email,2026-04-23 01:45:19+00:00,,,,
fe45d398-b0ad-4e26-acfa-24f6be437ae4,e965ce63-789d-5817-b0b6-9a4d3b522c76,send_reengagement_message,in_app,2026-04-13 03:18:52+00:00,,,,
802ce18e-7a6d-44f5-9ca1-92474b755bc1,9738fbb7-6e5d-52f8-94dd-e2a1f7f87e18,complete_onboarding,in_app,2026-04-20 01:51:03+00:00,2026-04-20 23:51:03+00:00,,,
3ecb2bac-56fb-47f4-8c2a-26ef7b072b86,c2e541ed-97b1-53ad-8509-0f101cfd912d,complete_onboarding,push,2026-04-16 04:31:41+00:00,,,,
251a5118-9e2c-4fb8-9270-bffb794a3554,ef08dd46-feb8-5597-8b0b-dfe44d290ac1,send_reengagement_message,in_app,2026-05-16 19:19:21+00:00,2026-05-17 00:19:21+00:00,,,
f18829b7-268f-4c16-971f-d460f0d8aef2,56730025-07e8-5d0d-b223-7d57644ce844,send_reengagement_message,email,2026-06-02 13:16:22+00:00,,,,
d426a04a-5312-4902-8dec-5a1fa19ea11d,915d2b37-069a-5600-ba53-606a779f5233,complete_onboarding,in_app,2026-03-07 14:36:22+00:00,,,,
07cb3c78-c750-4bca-a68a-f9728e91a31f,a5405e3f-9fef-5c24-bd40-de0ea22b4dd4,complete_onboarding,push,2026-05-14 07:54:00+00:00,,,,
436fb6d5-1982-40d2-9d7f-0e4395c60bbb,fcf2924b-5ab1-5bf0-9963-9cbab2543e88,complete_onboarding,push,2026-03-14 13:05:20+00:00,2026-03-15 16:05:20+00:00,,,
cdc812e8-ec55-4cfc-8b25-b42477ab435c,5f7b487f-447c-5d20-a33d-0e6d5e4d354c,send_reengagement_message,push,2026-05-01 08:20:10+00:00,,,,
152c567e-40ee-40b3-ab55-78b2c5826ced,162c6c9f-80c4-55fa-8678-6b9cf3e8ae25,complete_onboarding,in_app,2026-03-30 12:30:47+00:00,,,,
39d10031-a164-4a09-826c-e3cde280c7c0,d1d07f54-11f5-56ca-94a3-f363c5d57ecb,complete_onboarding,push,2026-04-20 02:13:43+00:00,,,,
89db535c-2776-414b-bb9b-4fa84cd7a9c2,dcf9002e-aeb9-58fe-b29c-837015d74bbc,send_reengagement_message,in_app,2026-05-14 19:11:44+00:00,2026-05-16 09:11:44+00:00,2026-05-16 09:48:44+00:00,,
d27633be-6d78-4050-99c0-6e6988efef92,45b5eb56-ac1e-5e84-baed-84a1a1d4e5a9,complete_onboarding,in_app,2026-05-05 08:06:39+00:00,,,,
ba39d8fa-7eb0-494d-801b-fc9ebdde9278,5ad78458-1517-563a-8753-d38cc8f3f626,complete_onboarding,in_app,2026-04-03 17:40:40+00:00,,,,
c40bb1a8-219a-49b9-8e86-e2150d659863,a79297e0-66d0-5330-9bae-d402419c4d1d,complete_onboarding,push,2026-05-10 08:56:15+00:00,,,,
6699440e-838f-4964-8a04-14075dddb587,4c42190a-8e36-5b79-a450-1761be036b8b,send_reengagement_message,in_app,2026-04-17 05:57:09+00:00,,,,
7e44c8cd-5aa3-4bd5-9578-6ac3a25c6601,14bc8ad1-5e26-5ac6-8f93-f7143aed0614,send_reengagement_message,push,2026-04-09 01:35:34+00:00,,,,
72a8b481-5a85-4775-95f2-953d03a0cc3a,c4bf21da-9ecb-596d-b025-4e453b8cb00c,send_reengagement_message,push,2026-04-21 03:50:32+00:00,,,,
2110b80e-5003-4ea0-b253-3bf35c6270ce,7b3192b2-6f40-521a-ba56-681e97ef0f16,complete_onboarding,push,2026-04-12 11:15:53+00:00,2026-04-13 21:15:53+00:00,,,
9b2aae2f-ceb7-41af-9ff5-a09a44c412f8,bb1511ab-e83a-5cc8-b075-93ec807400ce,complete_onboarding,push,2026-04-22 02:28:20+00:00,2026-04-23 15:28:20+00:00,2026-04-23 15:30:20+00:00,,
71c3f775-0837-4794-9195-9b895d975b50,e9d853ff-47c2-506f-a07a-2157440b2a84,send_reengagement_message,push,2026-05-22 11:10:40+00:00,,,,
cd3cb450-d24b-4396-b42b-62f6d0c40dc5,5f903a3e-405b-5569-9c3e-f2a32fd913c0,send_reengagement_message,email,2026-04-10 12:21:47+00:00,,,,
345b0046-9f40-4234-8ced-490777fc1326,2aa991d6-cc7e-5178-844a-0cdc6ea5bab6,send_reengagement_message,in_app,2026-04-15 22:06:08+00:00,,,,
c09b2e91-4975-4bae-b34b-68aa08f9cebb,8fd5f595-e7c8-58a5-9202-0bd731ef0942,send_reengagement_message,email,2026-05-29 18:27:09+00:00,,,,
61928b89-108d-4fd1-a009-fe8ecbee101f,dddbffc2-a778-5086-b512-39e20e411cc4,send_reengagement_message,email,2026-04-25 08:19:24+00:00,,,,
730f1309-56a2-44ef-a3c4-96fff7cde110,f2f6bc28-eafc-5dde-97d0-68837f2a9fac,complete_onboarding,email,2026-03-23 16:02:27+00:00,,,,
77cd88a7-6262-496a-9146-dc1d9f962088,d2145b7f-4156-5ae4-b4a7-abc302955760,send_reengagement_message,push,2026-06-02 00:11:17+00:00,,,,
9ead795e-a184-4058-ab4f-fe11d33a193c,0e0ec94d-fe4e-5918-8d25-28637519cb6c,send_reengagement_message,in_app,2026-04-25 23:29:46+00:00,,,,
52310d5e-de20-4772-886b-5e161380ecb0,f26e1c8c-1f9b-54c0-a705-f663cf0a59ec,send_reengagement_message,push,2026-06-01 23:14:13+00:00,,,,
444a6666-65e9-46c0-9afd-7dc0e35d7acb,f50f9161-c5b6-5d53-b900-ec1f29846e75,complete_onboarding,email,2026-05-09 10:23:12+00:00,,,,
ff3ecf12-ded6-4593-b8fc-a99dc508d198,9084dd19-a505-568e-8da5-18449fb78d6a,send_reengagement_message,push,2026-05-27 12:30:45+00:00,,,,
b3730745-9214-4ed3-bdfc-92da1d834cd0,08aa872e-aa85-548a-b318-a64cfc113da8,complete_onboarding,in_app,2026-04-16 03:31:27+00:00,,,,
366a578c-ae48-48a4-8275-b70ca229a084,05c1184a-9f64-56e9-b270-cf909b1ec480,complete_onboarding,push,2026-05-01 02:13:48+00:00,,,,
4982583b-8a2d-45b3-9afc-2644e9b5c320,b22ff445-d00a-57e8-836b-d1986e9ae659,complete_onboarding,push,2026-05-12 06:40:45+00:00,,,,
34c2f9bf-98c8-4a7e-9e06-c915950f1873,d80a02be-b61e-56bd-b084-ebb7948913b0,send_reengagement_message,push,2026-04-13 13:40:47+00:00,,,,
c2011c0e-9be1-4fed-9216-99939b907311,216b2bb3-7386-505f-9a72-3ccc95d2aa9f,send_reengagement_message,email,2026-03-28 14:30:37+00:00,,,,
29bf0c17-941b-4374-a55c-96c6ea42ca92,faabd747-8315-5025-a4ae-79ae0db6540c,complete_onboarding,in_app,2026-03-29 03:19:38+00:00,,,,
3f31aa7a-40d0-47ad-b8bb-52da604b6085,9ff51210-5bd6-5f1e-b3d3-b2887688f4b6,send_reengagement_message,push,2026-05-08 22:42:12+00:00,,,,
3ca7c6f3-e900-4995-98e0-f0bbac366f89,ec005180-0893-5f46-bfc8-5df9e808e713,complete_onboarding,email,2026-04-13 18:18:00+00:00,,,,
4b8c53ad-5f7b-4fe4-baeb-6a417c59d1b2,2c6fad0c-a9bb-5a20-bc5c-9510544a5333,send_reengagement_message,email,2026-03-31 13:26:52+00:00,,,,
55b7a8c9-ea49-4fc1-a1de-87c405d22a58,92e58eff-6fd1-54ab-a560-89d8cce0067f,complete_onboarding,in_app,2026-04-14 16:38:49+00:00,,,,
48c68fd1-01f8-4cac-9d60-4db5cd443df0,fcbaebec-9ac3-529e-bbe7-9391cd7f00fa,complete_onboarding,in_app,2026-03-19 00:48:13+00:00,,,,
484cbc8f-614e-42e1-99b2-276f6fc1a457,2b3ba462-ec56-51ed-9f50-7f1c70252fbb,complete_onboarding,push,2026-04-10 21:06:44+00:00,2026-04-11 01:06:44+00:00,,,
20fbd640-070c-4f52-aabf-d0f6e04bc336,5daf572a-d101-569f-8666-052bf9c85718,complete_onboarding,push,2026-04-15 17:21:34+00:00,,,,
6113e552-b04e-4dc6-8a9e-6c0a9034ef26,6af40e62-d54f-51b9-a7ca-40aeed297828,complete_onboarding,email,2026-04-19 22:19:32+00:00,,,,
76705806-4e2e-4e63-949e-e177ebd3cdfc,38f97a85-584e-5840-95d4-61f14bac9608,complete_onboarding,push,2026-04-04 11:11:25+00:00,,,,
3d44a338-fd4e-4ce9-9362-aba047eb5b93,66028867-8c7b-516c-827d-1f52f261a6d9,send_reengagement_message,email,2026-04-23 04:10:57+00:00,,,,
832f73e7-47b0-4a7e-a32f-1175d51be971,0afe0348-f710-53db-a22c-48ba8e8caeb7,send_reengagement_message,in_app,2026-05-11 19:43:01+00:00,,,,
f554e945-be09-46bf-abfb-141daf680932,24be1575-d4fb-58d1-88aa-ddfea220de2b,complete_onboarding,push,2026-04-27 16:37:55+00:00,2026-04-29 08:37:55+00:00,2026-04-29 09:30:55+00:00,,
c7fa2bf7-3b0a-4f21-b3bb-311c440e756f,a404eca3-fe23-586c-a3ef-d77c1fd79af5,send_reengagement_message,in_app,2026-05-20 17:37:06+00:00,,,,
ae8bac10-8c94-4dc3-8255-c6fba716b37d,e4abde03-6dc7-5cd1-b05a-19047460829d,complete_onboarding,push,2026-03-30 00:21:30+00:00,,,,
216d26ef-eaf4-43e5-8e94-a8cfcb0035b0,c0c0b91c-ca2e-50eb-9cd7-88f0ad506863,complete_onboarding,in_app,2026-04-05 06:16:12+00:00,,,,
55097b28-a526-4eaf-b6fc-d05bf19a73c4,432511bf-0588-5b8e-917f-c7cee8208b93,send_reengagement_message,push,2026-04-17 19:36:02+00:00,,,,
1f0f9d74-87c6-407b-9028-e3d101db2644,f08a8122-1e68-5539-b87b-c7b94ebc2141,send_reengagement_message,push,2026-05-01 09:36:44+00:00,2026-05-01 15:36:44+00:00,,,
7ccc45d0-1888-4a5f-96e6-152e29925741,5488b3ab-94d5-502c-8bdf-95a94c59ab8f,send_reengagement_message,in_app,2026-04-03 18:41:09+00:00,2026-04-03 23:41:09+00:00,,,
dfa9dfef-1c71-464d-948f-a4a785a18257,9cd59327-83be-5e51-9035-1eed7aa45aae,complete_onboarding,email,2026-04-05 16:13:51+00:00,2026-04-06 04:13:51+00:00,,,
5d174500-83e0-4e1c-954b-64bc46d1e01c,c18e8d72-1c11-55aa-be97-8781d1331c66,send_reengagement_message,push,2026-04-08 00:30:25+00:00,,,,
8ee4e3f6-4b40-4efd-94cf-8a7c10f5dace,e728ca98-9a04-5449-8138-cbc6195ba31f,complete_onboarding,in_app,2026-04-12 17:39:57+00:00,2026-04-13 12:39:57+00:00,,,
4760452e-31d6-4ff8-85f3-51178bb42056,9e91a5fb-3499-5e36-974e-bdf0cbd3f742,send_reengagement_message,push,2026-05-23 16:27:44+00:00,,,,
a951ac39-2453-4fec-9849-2f94bf3aa7fd,7759c0c6-3ef2-505e-a6cf-eb657082d4d0,complete_onboarding,in_app,2026-05-13 23:48:53+00:00,,,,
3bf933f4-60b7-41c2-af45-1867ef6b11e1,42c95dd3-603b-577c-acfa-e3cf3ba8c7bf,send_reengagement_message,in_app,2026-04-25 19:02:35+00:00,,,,
dd6756c3-081a-47b1-a00b-49bb693705c6,8c7deebc-48b9-53c4-a3fd-618cb46ff913,complete_onboarding,email,2026-03-10 21:16:55+00:00,2026-03-12 06:16:55+00:00,2026-03-12 06:46:55+00:00,2026-03-12 11:46:55+00:00,
547a46b5-5ab5-480b-9f87-5239f3274bcc,796fdf45-cbb3-5af3-b202-e6fbd7513752,send_reengagement_message,in_app,2026-04-10 17:20:55+00:00,,,,
7a5ed21a-904e-410f-9b3a-836841c952e0,05d2391c-82da-5b1c-bf06-68b0d4d6a605,complete_onboarding,push,2026-03-14 05:34:46+00:00,2026-03-15 02:34:46+00:00,,,
d1352b51-bc89-4907-987c-42527d589191,bddd94da-1960-5194-9689-242a5d2f310d,send_reengagement_message,in_app,2026-05-03 05:23:32+00:00,2026-05-04 10:23:32+00:00,,,
a06bef78-6ae0-4eb7-a805-52dac13cf1e8,591aa6ac-4380-580a-b214-e22e37113152,complete_onboarding,email,2026-03-19 04:51:37+00:00,,,,
2d874e91-4438-4da2-88bf-d8156dc3e6c1,adaf41f7-894c-521d-bedf-1fe9f2efb4b0,complete_onboarding,in_app,2026-03-08 11:02:02+00:00,2026-03-10 08:02:02+00:00,,,
e9891f8e-1ad2-4ebb-affe-51c3e414c8c7,28cce141-e929-51d3-be9e-4d4644d94e39,send_reengagement_message,push,2026-06-01 08:24:24+00:00,,,,
deacb41b-47b1-4d52-8a3b-b0ccebe9f00a,19754c05-f01a-53d0-8daf-88314cd11f5d,send_reengagement_message,email,2026-04-16 19:53:39+00:00,,,,
766592e3-fd70-427e-b4cc-7f8c91966b2f,bd3983d0-9b1e-5bf6-85a2-1666a7d6ae9b,send_reengagement_message,in_app,2026-04-02 17:29:22+00:00,2026-04-03 06:29:22+00:00,,,
2e0c44a7-3fae-41c1-b15d-54619e98e585,bb876b49-c907-5d42-a117-9c95f1d68585,send_reengagement_message,email,2026-04-07 05:06:50+00:00,,,,
5f9d498a-b59c-4d22-bb14-ca6aac306cba,543b6582-ae7e-5a7c-9a25-6c1eb202d261,complete_onboarding,in_app,2026-03-24 14:42:06+00:00,,,,
cdd01b3c-b378-46d5-bb61-5080185a3bd4,4a4f6514-1009-542b-9799-2e86a09aa1a0,send_reengagement_message,push,2026-05-10 06:07:30+00:00,,,,
514ef9cb-18cf-4b4b-ad4e-5265b7c094bf,4bb265c3-7477-5cce-adc0-9096d24c9dbd,complete_onboarding,in_app,2026-05-07 12:47:34+00:00,,,,
b91c47f2-cfae-45ba-940c-c004a0a0a36c,8ad38c88-1a5d-5829-9d0a-36ebc86dfe94,complete_onboarding,push,2026-03-25 23:27:04+00:00,,,,
073fd14f-c93e-4813-87c3-22ec637086c4,1e39d59c-a58f-5182-b174-303d1065239a,complete_onboarding,email,2026-04-23 10:04:14+00:00,,,,
e9982fc8-0916-457d-bb9e-35188dfedf17,d99a8c88-b1a4-5f33-af22-c1a1ff043c78,complete_onboarding,email,2026-03-11 11:33:05+00:00,2026-03-13 07:33:05+00:00,,,
719104eb-c173-40ed-8ca0-deb74d3ad1a9,08865fe2-ca81-5e91-878b-ce47c028872e,complete_onboarding,in_app,2026-03-07 16:43:49+00:00,,,,
cb76c60e-f420-4068-8736-f72838978345,b0d68582-a3d6-571f-abe1-fe4c3ada3a87,complete_onboarding,push,2026-03-10 18:58:19+00:00,2026-03-12 14:58:19+00:00,,,
a3dd4db2-40ab-40b2-8c10-cba433090a27,e4732584-17ee-55cc-bc84-3ef65c5871c1,send_reengagement_message,push,2026-05-28 16:42:01+00:00,,,,
099e621b-e760-4fa0-a175-c3e51ac55b09,d130b367-5996-56dc-9810-6dc0504968d1,send_reengagement_message,email,2026-05-05 03:20:24+00:00,,,,
fd760875-88c5-4693-87eb-873a08307a60,2cb16bdc-65e3-54e7-8d8f-89046ca31cb8,complete_onboarding,push,2026-05-01 13:21:39+00:00,,,,
bf0fac4b-4188-4ac1-ac0e-a1cf2eda9164,3ea24e55-35e4-5b03-9894-cae81b2616dc,send_reengagement_message,email,2026-03-27 11:58:25+00:00,,,,
c89eb01d-6cc0-4f61-8c4b-4a366b0fea79,65965bae-e8c7-5937-a8b9-7e144c0d28bc,send_reengagement_message,push,2026-03-27 12:49:04+00:00,,,,
599a1a62-4828-4193-b49d-2640ce865891,0d38759e-e8be-544f-b5a1-ed3da1469c58,complete_onboarding,email,2026-03-14 01:55:23+00:00,,,,
412fd46d-b7bb-4215-bf04-73f095a003a8,e0113c24-5a86-5aab-90c5-db795caf38d5,complete_onboarding,push,2026-03-17 17:20:14+00:00,,,,
b517df9c-c9d3-4804-8281-1123210182c3,f98f847c-1337-5087-9885-94ea5f9316f7,complete_onboarding,in_app,2026-04-11 19:22:21+00:00,,,,
611b36c8-cbfd-45cf-8e86-fdaf75ede5cc,905bc29e-8374-525e-9aa5-2a10010ab2c3,complete_onboarding,email,2026-04-17 20:28:24+00:00,,,,
6001082c-f6aa-4ed2-8d94-54d063babe1e,38a8637c-f6ea-5af5-a648-efdf54ee5397,send_reengagement_message,in_app,2026-04-10 19:02:00+00:00,,,,
5eb6de27-6131-4bc1-9d45-e9fe6cd37728,9a050627-7cfc-5d9f-93cc-13996f6442db,complete_onboarding,in_app,2026-04-06 16:24:11+00:00,,,,
80ecb0bf-1a9c-459a-9fea-ddf8fefdb9f5,c1a96a55-d168-5f61-8434-66ec7face6c4,send_reengagement_message,in_app,2026-05-11 13:35:11+00:00,,,,
a9323cf9-3468-45cc-9847-85486bf3f4ed,6fd046dd-98a3-5d0f-a100-e8102ec518b4,send_reengagement_message,push,2026-04-21 09:40:24+00:00,,,,
f56ef8a7-368f-4fb3-8a75-e20afa24e5e6,64f64b62-a3c5-5aa0-84d7-71c36258cdb1,complete_onboarding,push,2026-03-11 22:53:44+00:00,,,,
7398f7f8-e40a-46d5-8e0f-e4209eb081d9,05d69114-b85e-56c3-880d-2ad54e814816,complete_onboarding,push,2026-04-07 04:18:18+00:00,2026-04-08 02:18:18+00:00,,,
0b34037f-4fb7-49b6-8197-36fe81b3aac7,48f7123e-83c6-51f2-b09b-bcf2e3f14538,send_reengagement_message,in_app,2026-05-20 09:21:26+00:00,,,,
be4344b3-b790-477c-9f6b-c839e12040df,0168d0ed-a677-531a-85b0-d628228cd60c,send_reengagement_message,push,2026-05-08 05:54:43+00:00,2026-05-08 23:54:43+00:00,,,
10953ceb-3817-4e7b-9573-186a65f525dc,4e80fd8d-43b9-563c-9050-252eb6d8f4a5,send_reengagement_message,email,2026-05-26 14:53:40+00:00,,,,
02929677-86ee-477d-9415-17fa4e54ae3e,3cc0b40f-656e-5147-aaf4-3559e0a721b6,send_reengagement_message,push,2026-04-03 16:56:22+00:00,,,,
7c7e4ada-ed1b-421f-a343-380884a643ac,dc09a351-2653-5cbb-b9e0-545455c343a0,complete_onboarding,email,2026-03-07 18:14:35+00:00,,,,
e9896492-9bd7-4f11-8ad8-2f5b14435130,b112a7c0-763e-55c0-a176-0cf6832b05b6,complete_onboarding,in_app,2026-04-13 19:45:03+00:00,,,,
1e6f29c6-f8f8-46c1-ac43-ac15e52f9db0,69eebfe4-7c28-590a-b019-b65bc64638b9,complete_onboarding,email,2026-03-19 07:46:05+00:00,,,,
38b319d4-cccf-4275-9587-8e8fdad7cc2b,cbe2ae95-cb6e-529e-b45c-05df25bd4b00,send_reengagement_message,in_app,2026-05-05 23:38:57+00:00,,,,
bda1591b-284e-44c7-b08a-b93a498d78a7,935fa489-3efd-5c68-8ac4-55653006eaaf,complete_onboarding,in_app,2026-05-08 08:51:54+00:00,,,,
41d70fee-e585-4b84-8384-576eb650564d,94391e7e-3b45-597b-8d76-b2d7a0888ec5,complete_onboarding,email,2026-04-13 21:57:40+00:00,,,,
52fd44db-f9a0-454d-a632-88a9de910ed3,25585084-f605-5524-a5b4-895f187200c6,send_reengagement_message,in_app,2026-05-12 00:53:16+00:00,,,,
a4e1e1e4-f9cb-4861-bda6-b1f60da05856,d345cf60-f7f6-59c4-9a39-fc02c89046d5,send_reengagement_message,push,2026-04-05 08:27:54+00:00,,,,
e2c3466b-a160-4d31-99e6-69fab36ce11f,5316ff83-856a-5e14-9819-8dcb88c07458,send_reengagement_message,email,2026-05-26 22:03:11+00:00,,,,
17acf9c6-9927-4cc2-bd41-128639a0681a,ad783560-b88b-55d1-87e1-e62d657555bb,complete_onboarding,push,2026-03-20 23:49:14+00:00,,,,
b1e2219d-99c9-4626-91d8-f043ef7f608c,ffaceae3-6869-5d97-b277-3fd699e039e2,complete_onboarding,in_app,2026-05-01 18:30:06+00:00,,,,
6a17f22b-541b-4d62-970b-800404ad88af,c76f2cb7-6561-5a4e-a154-01b89802a829,complete_onboarding,in_app,2026-04-21 12:56:12+00:00,2026-04-21 13:56:12+00:00,,,
f65cc173-dafd-438f-b1aa-4eed2aef4dce,d0bcee47-6984-5ef5-9b9a-69d98f30d7bc,complete_onboarding,email,2026-03-16 17:26:16+00:00,2026-03-17 21:26:16+00:00,,,
2075459e-6053-441e-a985-c25ed4a53487,976b46f5-3efc-530c-9745-2a3c66e91294,complete_onboarding,push,2026-04-26 00:17:46+00:00,,,,
4871a7a1-c6f0-49d1-a514-6bf7c71efb3d,d0f7c690-aa54-57c3-9c0f-ba57ecbc40e4,send_reengagement_message,email,2026-04-08 13:21:39+00:00,,,,
0cf1fc01-7663-4e2c-8d22-72c7c45b2f37,00cf3aba-5784-5517-9c8f-60c9a7ab9d90,send_reengagement_message,push,2026-05-06 08:39:01+00:00,,,,
a668cf94-a2ab-4839-82d9-ba31094e860a,de477da8-a963-5d11-a074-cdf8436b9806,send_reengagement_message,email,2026-05-31 05:13:57+00:00,2026-05-31 19:13:57+00:00,2026-05-31 19:29:57+00:00,,
31592383-6caf-46c9-9f27-4cf885fe81a6,a6dd2044-8f3e-5854-b4fe-b7e264451127,send_reengagement_message,push,2026-05-30 18:24:48+00:00,,,,
9337ceb4-7320-4f1e-83b3-8ec98e73b4be,5961405c-827f-583e-b9b6-a7638ecadd8e,send_reengagement_message,email,2026-05-25 02:46:14+00:00,,,,
9dafc645-4773-4d6f-8746-1da12eeca40a,bff1e945-c15b-5b6e-8118-e0f6651ab708,complete_onboarding,push,2026-04-10 02:10:08+00:00,,,,
fe0d6693-05d6-421c-bd65-92a361f2a021,ffe5fec4-b6b1-570f-96ce-aeadc1f5234a,complete_onboarding,email,2026-04-14 14:35:38+00:00,2026-04-15 12:35:38+00:00,,,
f9b656b9-6fbd-4ee2-96fd-bd75fbf22ef6,b766ad4f-c7b7-5720-9c40-dfe099ca13b0,complete_onboarding,email,2026-03-27 17:15:00+00:00,2026-03-28 00:15:00+00:00,2026-03-28 00:53:00+00:00,,
38e7c209-5ebe-4ebf-be80-aa89240d377f,27942b08-06f4-5b54-a588-8aa709ad1372,send_reengagement_message,push,2026-05-28 13:06:24+00:00,,,,
ccd9d897-7736-4568-b16f-e87a947586c2,87f60c3b-2e79-5919-8600-c66c9d441ac7,send_reengagement_message,push,2026-04-27 22:17:50+00:00,,,,
48eb4cb4-a9c7-4cb1-8e35-586a01d080bf,ff4cb1a6-2a21-53d5-81a5-7edec3dd9938,complete_onboarding,in_app,2026-04-29 05:48:45+00:00,,,,
e7469d5a-f275-4af4-8586-d06b457283fd,129f8256-ea8c-5eaa-bc3c-95f74669f38a,complete_onboarding,in_app,2026-03-31 19:36:25+00:00,,,,
5c1f2d13-8fa7-4464-9cc2-9996189148c6,f74ec3a0-2982-5e46-b872-3d0f2e0c9a16,send_reengagement_message,in_app,2026-05-16 02:08:31+00:00,,,,
cf57477f-5b18-4e34-9bbc-4acc498649f2,468edfa7-cc2b-5a3a-b3b8-544f6957b14c,send_reengagement_message,in_app,2026-04-10 11:37:56+00:00,2026-04-11 16:37:56+00:00,,,
9b4e1509-d4b0-484a-886c-5a12aef4885c,8081c460-2d20-53df-8d58-2d68cf6ab141,send_reengagement_message,push,2026-05-15 15:09:54+00:00,2026-05-15 23:09:54+00:00,,,
a3205778-7b8a-4f36-a8d5-adceac99a0c3,57850866-6a7a-5d96-9cf0-6af03093b031,send_reengagement_message,in_app,2026-03-29 04:06:53+00:00,,,,
1e2c44c2-432b-4772-880b-bb962a90febb,10363530-d713-543c-a5d0-d54393143202,send_reengagement_message,email,2026-04-02 05:34:47+00:00,,,,
e5bcd851-6f18-4fc5-9414-049939963367,b68add5f-15ab-5ffb-a1f5-ad3d9697397c,complete_onboarding,push,2026-03-31 07:15:49+00:00,,,,
8984f075-530d-4e0a-818d-13d0d0550c0a,4b7e6faf-84cb-52da-9470-ac1916a24ab3,complete_onboarding,push,2026-04-09 06:15:03+00:00,2026-04-09 21:15:03+00:00,2026-04-09 21:42:03+00:00,,
647efdda-5afa-4d37-b901-391f579149f2,fd7e4ac2-fa74-5b57-ac2e-3af48b5eab8b,complete_onboarding,in_app,2026-04-25 02:05:36+00:00,,,,
4a2deb51-50be-4f00-923d-e4ae8e0a01e2,6a1f3e51-8682-5a28-98d1-cd9c6c4a7bab,send_reengagement_message,email,2026-04-19 18:35:25+00:00,,,,
58c6b679-789f-4950-8b79-cd076a4a226c,87467783-e333-54cf-95ae-b1e12f33b7cd,complete_onboarding,push,2026-03-08 06:31:57+00:00,,,,
acaa5cec-2642-4251-ba67-3e1e12919554,3f8bc1fb-9c0f-5e5b-9bc0-c16e469573c8,send_reengagement_message,email,2026-04-17 10:51:06+00:00,,,,
dada2d25-c8f2-49f7-bcb8-78b28db83660,1dc974b3-10aa-547f-8d32-ca699d2f0f99,complete_onboarding,in_app,2026-04-06 07:16:45+00:00,2026-04-06 16:16:45+00:00,2026-04-06 16:32:45+00:00,2026-04-06 18:32:45+00:00,
097ea1f5-e0d7-4a52-93cb-294fdc269297,46b581b7-ece6-5f77-9419-adc45ab57853,complete_onboarding,push,2026-04-13 12:23:59+00:00,,,,
7938d40e-ead0-4500-92e6-147dd846648d,567f95a6-72ac-5d1c-9067-83087f627522,send_reengagement_message,push,2026-05-09 10:28:45+00:00,,,,
e5fbb6d5-3c57-4fe1-b7b3-6d5d8c77b589,7d7f5209-942c-563d-80ae-6eafd3261dc4,complete_onboarding,push,2026-03-24 02:07:47+00:00,,,,
111c8669-e77f-4b95-a509-da27d045581f,e3e2270a-7a17-5d0d-92d7-021a70696369,complete_onboarding,push,2026-04-18 02:49:44+00:00,2026-04-18 18:49:44+00:00,,,
02a60d43-d58f-41e5-a1a3-81ca35ddc646,f4fb91dd-60f2-5d5e-8592-8040a6a7033a,send_reengagement_message,push,2026-05-08 13:54:31+00:00,,,,
e7a5ce3b-23d6-425a-994c-74cf41785094,ff69a019-c493-5697-8548-284bc7a07d8d,complete_onboarding,in_app,2026-04-29 14:07:46+00:00,,,,
30ff138c-d2d6-4bf5-b3f3-f413d7472daa,815478b2-bd8c-5d62-9aeb-d4f0f9ec1c78,complete_onboarding,in_app,2026-04-12 00:30:51+00:00,2026-04-12 12:30:51+00:00,2026-04-12 13:29:51+00:00,,
da41e419-4a74-4e35-93bd-8d821891ed11,5424cec4-8bca-5238-bf66-dd45efbb01ea,send_reengagement_message,email,2026-04-10 06:58:31+00:00,,,,
4e8ffb90-d516-4c58-b99a-0af28a9d0d92,a4251f14-7aa6-5191-b81c-601a5e6d6ab1,complete_onboarding,in_app,2026-04-25 02:35:04+00:00,,,,
8c69c832-64e6-450e-9515-bdfe7c7f1616,8db5c1df-fb9b-505e-8a84-b3263161bc34,complete_onboarding,in_app,2026-03-10 03:55:05+00:00,,,,
fcaad691-5114-41b4-9ab2-4f14ffb8c54a,eabd3cbd-51d6-51c8-b091-7aa2071782b0,send_reengagement_message,email,2026-05-24 15:58:38+00:00,,,,
5ce7e410-156b-43ea-99f9-09abb06cfa3f,c768214a-2acc-55d4-be3c-f2c10ee72083,complete_onboarding,email,2026-04-18 20:07:13+00:00,2026-04-19 18:07:13+00:00,,,
5148fe4c-7ad2-40a9-848d-282723ecb543,ff277151-befd-5ceb-a1d5-edb616286b7f,complete_onboarding,email,2026-04-17 15:14:23+00:00,,,,
bd80ea87-a765-4a56-bb98-9f2a5422ca41,fec76d3d-5ef6-5013-814a-ea89eb45c2fb,complete_onboarding,in_app,2026-04-23 22:41:27+00:00,,,,
4e2167d7-74f1-4e37-8c59-4ab8242707af,3bd3f7cb-da4a-5e13-80eb-1f89c588f21e,send_reengagement_message,in_app,2026-04-11 22:39:25+00:00,,,,
0da279d4-86a4-4263-89dc-0a922d3be2e5,14f8e64e-1bc4-58c8-af17-0df0b1adf856,send_reengagement_message,push,2026-04-07 07:11:59+00:00,,,,
ce481b01-4d15-41fa-9341-87b9e9c767af,8d65a4d3-08fe-57ab-a5a6-9767405fe8db,complete_onboarding,push,2026-05-05 16:03:19+00:00,2026-05-06 14:03:19+00:00,2026-05-06 14:39:19+00:00,,
70104b46-8371-4cab-be09-21431de60cc1,e8a3067b-9fa8-5abc-b032-fd94c092179a,send_reengagement_message,in_app,2026-05-04 16:28:51+00:00,,,,
114ab6a4-0098-40e9-97c6-ab9086dfaab2,a514b4e6-d3f8-5d6c-b982-a67a289b4755,complete_onboarding,in_app,2026-04-07 09:18:17+00:00,2026-04-08 10:18:17+00:00,,,
17c08307-e581-4127-bc88-d0161bc4e0a2,5aa02440-0978-5723-9513-1996e9537ddc,complete_onboarding,email,2026-03-18 04:51:44+00:00,,,,
a2b2553f-1a64-486a-8eb4-ce9fcb7b90e3,71aa3504-eca9-5d5a-a4c8-6a469c512bc0,send_reengagement_message,push,2026-04-23 13:28:05+00:00,2026-04-23 15:28:05+00:00,,,
ab625f8b-bb17-42de-a6e5-97f48e706e3f,dfe6ab8e-a05f-598a-bb7b-6ebbb8039249,send_reengagement_message,email,2026-03-31 17:46:55+00:00,,,,
75811fec-a1d9-45f4-b894-bad626f7474d,2be2e84d-bf48-5656-9d86-8ecb868cf83e,send_reengagement_message,in_app,2026-04-07 04:33:36+00:00,,,,
f52925df-bf2d-43e9-bb9c-50a422326393,f43ea890-a04a-5198-b265-0ca2af3d8ff6,complete_onboarding,in_app,2026-03-16 15:19:58+00:00,2026-03-17 00:19:58+00:00,,,
78184a0a-4e12-4ef6-bdae-e362c84dac0d,a2a2c42b-c624-5ac2-aa82-ecd561b35e47,send_reengagement_message,push,2026-05-21 21:13:54+00:00,,,,
2ae6a60b-794e-4855-b0ac-0d762e86aa94,079d9f65-8f45-5db0-a42c-a1b9685bb8a3,complete_onboarding,in_app,2026-04-15 03:38:37+00:00,,,,
d218a791-1eeb-4a61-a355-a1e559f6b8e7,79a87d0f-dc4c-5f4d-9791-d8924944b2de,complete_onboarding,in_app,2026-05-09 20:56:12+00:00,,,,
b718d629-5248-4e9c-8a14-82a09d18c776,c9e96ab1-34f9-5f61-a4ec-ef941fc88696,send_reengagement_message,push,2026-04-25 01:59:30+00:00,,,,
91e62eb9-3070-4826-8b94-215bb18228d5,ba19d2c2-3db5-5bf2-b815-92070fbc4e61,complete_onboarding,push,2026-03-20 21:25:57+00:00,,,,
20b04e99-a029-4e40-9c48-ab3421378292,4df491e8-3bb4-55a9-a64f-54b4b0e21c61,complete_onboarding,email,2026-04-17 23:49:07+00:00,,,,
4b3d5c15-4baa-44ab-8ba4-0fee0508fdb9,8ad46173-61a8-5051-ad7c-c0da0ec2b5d1,complete_onboarding,email,2026-05-10 03:22:20+00:00,,,,
60b1c0f9-2a72-4ec5-bbe6-649a6120547d,bba02a0b-5981-5ddf-b57e-0ea434f98105,send_reengagement_message,push,2026-05-01 17:58:24+00:00,2026-05-03 12:58:24+00:00,,,
f0368c7a-d047-40ee-996d-b3febb9b5312,e6fcd528-d9e8-58d8-911a-f3ada8edb0ec,complete_onboarding,email,2026-03-08 05:34:38+00:00,,,,
6a5bcec9-533e-4a72-a56f-7837ac1fa5eb,2ccd2601-cffd-5ae5-808b-22ee1069946a,complete_onboarding,push,2026-03-27 22:48:00+00:00,,,,
8f6ff11d-1ca5-457a-8925-8b2fc0293d59,18948453-a8d1-504d-81de-d2611c29ca56,send_reengagement_message,push,2026-05-28 19:44:15+00:00,2026-05-30 12:44:15+00:00,,,
87eb6e18-56e5-4e7f-8030-12a781436cfe,a41cc721-71f3-5f5e-8b84-d55c03d958c7,send_reengagement_message,email,2026-04-30 18:23:09+00:00,2026-04-30 21:23:09+00:00,,,
aa88571f-d95f-408d-86e7-2d23554a1bbd,5bacfae8-d11b-5baa-992f-9ef9b5ee61a3,send_reengagement_message,in_app,2026-05-30 16:23:37+00:00,,,,
83f3b029-c926-4182-8dcf-908cc88f56a8,ceb7c1bf-0ddc-56b3-8006-f1020b358210,complete_onboarding,email,2026-04-11 03:21:08+00:00,,,,
0fb879b4-5777-44e6-b11a-5d995ddf7830,ce81952e-0ce2-565a-b83d-7403be76a5d5,complete_onboarding,in_app,2026-03-07 19:57:27+00:00,,,,
91fe02e9-103e-487e-94d0-43d18b20e9ec,fc5dc704-5648-5fd1-a002-96547c44a373,complete_onboarding,email,2026-05-06 05:46:23+00:00,,,,
59dcb299-fa56-4db1-afd5-3db042c23333,db5370d0-b7e5-5bfb-aad4-5988a2608934,complete_onboarding,in_app,2026-04-28 15:33:34+00:00,,,,
0820ce8e-8fed-4656-b920-1404883f54b8,e710b96b-8551-5b99-aae1-3fe67b9491ea,send_reengagement_message,email,2026-05-14 08:27:02+00:00,,,,
554bdd96-3425-461a-b7d2-b36e6c920602,97918524-a994-55cd-a2bf-a1ef756c411f,send_reengagement_message,push,2026-05-31 22:39:12+00:00,,,,
61c1b0c7-5553-4e3d-be9d-e81a1711cb50,1e98424a-13a1-5ed8-9013-e34e613b18f5,send_reengagement_message,email,2026-04-08 12:53:49+00:00,,,,
da1aade5-5485-4709-bd04-86964f7e921d,1095c2c5-320e-5358-8337-141da32e400e,complete_onboarding,in_app,2026-05-08 12:10:25+00:00,,,,
1f7ad688-3d23-413f-aa44-cd536f7b5e41,e6c35c40-8ec1-54f7-bf18-eebe7fd4eadc,complete_onboarding,email,2026-03-23 01:13:27+00:00,2026-03-24 18:13:27+00:00,2026-03-24 19:07:27+00:00,,
b234a50a-56f1-4f7f-8d54-b0092e8e7746,a44bbe0b-39ba-5b5f-a62b-435ee7b112f5,complete_onboarding,in_app,2026-05-12 23:29:44+00:00,,,,
4b9992d5-dc43-42d4-8ba7-64b9d93430b9,1214eb4c-a24e-5479-b7f6-c24c295b6bc0,send_reengagement_message,email,2026-04-08 05:00:33+00:00,,,,
8550a54c-5c2e-4f5f-9216-5ed7612e6435,535b5cb0-d16a-5a88-839e-be04c76a1b24,complete_onboarding,email,2026-04-13 23:20:07+00:00,,,,
891b1f32-dfe9-4b2a-b205-dc53eaae069c,e73ec3a4-f86d-5d2d-949e-971a7007b633,send_reengagement_message,push,2026-05-19 11:09:12+00:00,,,,
14f79c2c-0a0f-4b1d-a63b-6a6cf8e099f6,cb306d07-eaaa-5d47-8776-0e64dd58203d,send_reengagement_message,push,2026-03-30 14:27:49+00:00,,,,
77903aa2-60e8-4327-968f-5fc01c6d66f3,59bf4cfe-b215-5193-b13b-753cefc00b4c,complete_onboarding,in_app,2026-05-04 15:15:02+00:00,,,,
2accf4aa-bf8f-437f-9917-a10e0067df71,06e1370c-fcd2-5edb-be6b-cd6e96c1fb94,send_reengagement_message,email,2026-03-30 04:03:59+00:00,2026-03-31 09:03:59+00:00,,,
1fa38085-3129-474d-b0b5-a7d018a4ad7c,e0baef27-953c-50c3-aceb-2432f9e81744,complete_onboarding,push,2026-04-18 08:29:57+00:00,,,,
da15b406-39b1-4d7d-befa-44534775803e,8400cc4e-1a45-5d40-9eba-09028fe8c727,complete_onboarding,email,2026-05-10 17:41:31+00:00,,,,
f77d9380-ead9-4283-af11-87a6b76b750f,d93bd76a-f048-5d24-a146-f10f10da26f1,complete_onboarding,push,2026-04-18 10:00:13+00:00,,,,
20ad3826-d6e5-4c46-94ee-92c32b68c34f,f612ac5e-f003-58a5-ad1d-231a3e5986b2,complete_onboarding,in_app,2026-04-09 04:32:12+00:00,2026-04-09 16:32:12+00:00,,,
2c6fd5c5-2ef6-434c-82dc-a782c04745c6,62149393-aae8-569a-a48b-c93df14ba3cf,send_reengagement_message,in_app,2026-04-23 18:58:18+00:00,2026-04-25 00:58:18+00:00,,,
9285e2c7-1ce3-4027-9dd2-7c5690846db7,24cbb0cf-8708-5d20-92a5-005d34ba1af3,send_reengagement_message,push,2026-05-09 00:47:55+00:00,,,,
c07590c1-83e6-4217-b9fc-fc4a68278b3c,8be4efae-2063-5c24-8c04-b6859c976239,complete_onboarding,in_app,2026-04-15 10:58:12+00:00,2026-04-16 15:58:12+00:00,,,
fb03083e-626e-4c1c-a483-a8deda66d3fe,869e643a-3509-51e8-930d-a5aec6a1e804,send_reengagement_message,email,2026-04-29 14:55:33+00:00,,,,
46a7b93f-b51c-466c-b965-a0025555aa51,cc6bdc4e-c614-5bdf-afdf-c8af9d111bec,send_reengagement_message,email,2026-05-10 17:22:36+00:00,,,,
17652335-1994-4e04-a5b8-a841fdb08d4c,cee26e40-91a8-5af9-83f2-4d0cf934b24c,send_reengagement_message,in_app,2026-05-16 01:03:31+00:00,2026-05-16 11:03:31+00:00,,,
ff2b10a9-6324-432f-86c4-4ea87b96f0dd,122f9814-0396-5a6b-a243-d909cc6b8dab,complete_onboarding,push,2026-04-24 21:51:48+00:00,,,,
4ff2082a-8878-41e7-8950-f454535c2ddb,0e01859a-6589-5c3f-83a8-4396724d72cb,send_reengagement_message,push,2026-03-31 04:13:42+00:00,,,,
dbd5eaad-e2bc-4026-a4a2-fb1d3f6c23a3,c8c57a62-97c6-562a-a3db-866a7056cd9a,send_reengagement_message,in_app,2026-05-15 08:31:00+00:00,,,,
4a7e6955-6b6b-4843-8f88-7afe1e058c8b,cca1e35b-e00d-5e61-8054-7d14ea9f65a8,complete_onboarding,in_app,2026-05-04 13:54:28+00:00,,,,
76b2fd89-2dd9-4f4a-a877-806423fa9fe1,c2ea5640-4e18-5759-9a19-845c9f23a36c,send_reengagement_message,push,2026-05-01 03:29:18+00:00,,,,
c541d0e5-fd07-4e0c-9e4f-babfd27d5d69,d48bf801-fe29-5d67-a71e-0a9032201234,send_reengagement_message,push,2026-04-27 14:24:28+00:00,,,,
3dc43c35-74ef-46cf-9dc1-df4f6d7966c9,869f2640-b223-532b-b624-b25191b12900,send_reengagement_message,email,2026-05-14 20:51:00+00:00,,,,
cb919e26-d431-4a7a-9d35-7aebf5bbde3f,15196109-f51d-5b10-ab27-cf28a864b015,complete_onboarding,in_app,2026-04-11 04:16:43+00:00,,,,
91b2249c-a15c-42d3-82c8-2251c34b5553,f0878446-2ee2-5a32-991d-15b1f165ef1a,send_reengagement_message,in_app,2026-05-02 14:05:49+00:00,,,,
5662d2e7-4c74-407b-ab0a-e7823d8759f8,520b168e-d4a4-5152-ba9f-55049dbf78cb,send_reengagement_message,push,2026-04-16 13:01:35+00:00,2026-04-17 18:01:35+00:00,,,
f5fa85de-4410-4f14-810e-326118846d02,fb01324a-39cf-5070-8edf-2db8ab0d4f95,complete_onboarding,in_app,2026-05-10 00:33:47+00:00,2026-05-11 12:33:47+00:00,2026-05-11 13:03:47+00:00,,
bb9f1379-3e94-4d8d-a45d-d6b5bde61c87,1dd1d286-5a96-5f92-8b68-159f73279369,complete_onboarding,push,2026-05-12 21:25:23+00:00,2026-05-13 13:25:23+00:00,,,
96a1ee90-87ed-47dc-9c82-4f8e27618173,401b6570-49cb-5095-a4fa-b96212bd68d1,send_reengagement_message,push,2026-04-03 23:59:37+00:00,,,,
e282f393-4233-42e3-bd7d-1e2ab326f639,c9d8b811-d915-5e75-bf22-9c4a0b06a1d1,complete_onboarding,push,2026-04-26 14:03:13+00:00,2026-04-27 02:03:13+00:00,,,
71a69e54-3cd7-4c76-8e7e-becd08192f1f,f7ababc7-1b38-5d6d-85f8-eb95e9d708b8,send_reengagement_message,email,2026-03-27 14:38:30+00:00,,,,
3a457946-10e7-4768-9a0e-ae2a512eea2c,d6ba6629-ca31-5ce3-adc4-254eb93ae536,complete_onboarding,email,2026-04-01 11:02:41+00:00,2026-04-01 22:02:41+00:00,,,
2accd5da-b9f0-4b4b-a776-6deb5349b878,64e81f70-820f-51ed-8b74-6adb5c6e2fd3,send_reengagement_message,email,2026-05-31 22:18:57+00:00,,,,
b1218e4b-2fb7-436e-b205-9b2994a08ae8,f9e2647e-b342-55bc-a8b1-4727d6045334,complete_onboarding,push,2026-03-19 01:28:50+00:00,,,,
386cfcf0-9419-463d-8aac-d00904f42292,5be98d83-3890-5c62-99a3-95a4600bc146,complete_onboarding,in_app,2026-03-22 03:37:24+00:00,,,,
98d06594-cbde-440e-8f2d-163f787e4320,3c35b0a8-eb95-5188-81a5-968e476d52ea,complete_onboarding,email,2026-04-26 05:55:56+00:00,,,,
9cfa6ad5-ec8f-4e03-bb79-7aeb7888af5c,e6ac70e7-57d6-5f71-b0fc-e82c26229dbe,send_reengagement_message,push,2026-04-27 00:15:18+00:00,,,,
c0c0633d-daba-437b-96dc-f3309f70adb9,13783667-973c-5669-980e-c8fb1a7119d6,send_reengagement_message,in_app,2026-05-05 22:12:07+00:00,,,,
ebd5e0be-ccd5-4b1c-a7bb-15f96761e449,577d5400-6d4b-5201-a2c8-88f19beaf394,send_reengagement_message,email,2026-05-30 00:53:34+00:00,,,,
07b7f8bc-5d1c-4d25-a2c0-1fcc811ddea5,1bbc561d-511c-54d6-9e6b-0367f741a304,send_reengagement_message,in_app,2026-04-30 22:51:39+00:00,,,,
dab7bb63-00f2-47a0-befe-645da481d89a,d3f09433-f9ee-5cd5-b0e6-1e8192055bee,complete_onboarding,in_app,2026-04-26 15:44:45+00:00,,,,
cd2d3a52-c245-4b77-a789-afc2bb218d7d,219a4a5d-112b-558e-a13f-39ab405c046e,complete_onboarding,in_app,2026-03-13 18:08:08+00:00,,,,
77110bd4-17f1-4460-85f7-f7709c5f4952,81ab2485-ecf5-521a-9801-2cee1a829ab2,complete_onboarding,push,2026-03-21 20:26:36+00:00,2026-03-22 22:26:36+00:00,,,
39821f00-c108-4675-91ac-1b153b7e0d9d,0919554f-219c-5425-af9c-ed9de3339bf4,send_reengagement_message,push,2026-05-30 07:59:58+00:00,2026-05-30 10:59:58+00:00,,,
d2be3d8b-9858-44f1-80d4-bf4b6ec9b0a1,075a1d39-70c4-54fe-8625-9eb22a3417b7,complete_onboarding,push,2026-05-05 07:25:58+00:00,,,,
0fba5d5f-311b-499a-8422-01b29b375bed,1fdb4391-3a0e-5620-b024-78c5c25308d1,complete_onboarding,push,2026-04-21 07:27:20+00:00,,,,
b24f2fc1-4a6a-483b-85af-6681620d81ee,d9aa2dad-e2f2-5f8f-a6f7-ba49279fbd84,send_reengagement_message,email,2026-04-21 02:17:59+00:00,,,,
864ce976-b2c7-49b3-90ee-29c7a79d962e,51d56ec9-d7fe-5518-99be-92070f4773df,send_reengagement_message,email,2026-05-23 18:27:05+00:00,,,,
0b6ff984-ca49-4829-a555-70a2870a6326,44270396-632b-5b24-91ac-25a4fcc39655,send_reengagement_message,in_app,2026-05-19 04:27:53+00:00,,,,
ac417cd6-b901-402a-8bef-e4de33c313f4,de1fce2f-4ab6-5445-8153-b9272b3eaf18,complete_onboarding,email,2026-03-23 16:15:15+00:00,,,,
2d1c82fe-43d5-4565-969e-a12a62b230d5,8817b0fa-eb8e-5adf-a68f-432e953e6c17,send_reengagement_message,in_app,2026-05-05 16:45:40+00:00,,,,
9d1577f3-49f4-47d7-8f7a-7b029be7ff93,82a3be47-3588-564a-94e5-fa86a3c0788c,complete_onboarding,in_app,2026-04-18 16:30:06+00:00,,,,
74507c56-3d30-4907-8a52-5439e4f04b22,051b47f1-c577-533f-9deb-9087492789b6,send_reengagement_message,in_app,2026-04-27 22:40:48+00:00,,,,
07273e94-0b79-41a8-8c7e-818a7810c657,b81c2c05-63ea-5713-8bc9-8ade7ebf742e,send_reengagement_message,push,2026-05-28 22:33:57+00:00,,,,
90e31562-25a3-4433-9bcc-4e1bd020226c,a9d326e2-69d7-5df0-ab94-aa1acc21868e,complete_onboarding,push,2026-03-24 19:04:19+00:00,,,,
97dcf384-fd6a-4005-b836-ca922caf41b2,01f2ac42-7639-56f5-b315-39fd599e7ec7,complete_onboarding,in_app,2026-03-13 13:22:01+00:00,,,,
9e9949a7-4dd6-4b4c-a6fa-c39a7fb6f465,fc36721f-a1ff-57d0-94b2-e02e514acb07,complete_onboarding,email,2026-04-23 19:29:10+00:00,,,,
76497633-b147-4add-87f6-5c9a8e3ebc71,4563145c-f0f4-5834-a96a-19dbcb5124d4,complete_onboarding,email,2026-04-20 10:28:47+00:00,,,,
883a2a09-ca54-40e3-a49b-83f1c0ffaa21,30b2e928-f594-53df-83d0-b05c247b7169,complete_onboarding,email,2026-05-14 02:59:21+00:00,,,,
76a6201b-b607-4868-b7c2-4e9971a93747,9364aa72-8808-5ad2-a03e-e2c4d76c4982,send_reengagement_message,push,2026-05-02 10:04:21+00:00,,,,
e2ddb7a2-2ab6-483e-85fa-0c8000531cc8,d0f1520d-b6ed-5b67-ad3c-7c5241d0e058,send_reengagement_message,in_app,2026-04-05 09:23:25+00:00,,,,
e541c77f-4e0d-4102-af2f-d7d321af22f3,02e6460b-6a08-5af6-993b-f464d90398d3,complete_onboarding,email,2026-04-07 02:39:34+00:00,,,,
fb13dde1-2b99-4771-abe9-3870805d6f5a,937ee533-a4d0-53f9-a1bf-79e9ab3a1c33,complete_onboarding,push,2026-03-13 02:23:38+00:00,,,,
c3ca5e57-78a1-4a95-9cd8-ae4fef69675f,647461ad-e8e3-51ba-8c05-b2f2230eb134,complete_onboarding,in_app,2026-04-22 07:01:48+00:00,,,,
7388f643-c5c7-4bbe-9e06-1750b4a1d2aa,8198568e-df06-5195-ab3b-192f8fa79420,send_reengagement_message,in_app,2026-05-11 12:28:01+00:00,,,,
1e0c8a40-8ea3-4be5-a753-90457c900b1d,76ca9413-bd0d-544a-a440-a070033063e2,complete_onboarding,push,2026-05-05 04:16:08+00:00,,,,
84e4516b-9b20-4a15-b103-a762a30a1034,e7102848-f890-57af-a8ac-8b6f40189469,send_reengagement_message,in_app,2026-04-18 10:36:08+00:00,2026-04-19 07:36:08+00:00,,,
0d7961ea-d13f-4bcf-9d75-b971498cbfcd,99c4fba1-10f5-5553-9693-a40d6c0678d4,send_reengagement_message,in_app,2026-04-16 09:33:39+00:00,,,,
3231b568-a423-4ce0-9fdc-5c700dc68d50,f92dff20-cf3c-539c-8def-050364c8cf8a,complete_onboarding,push,2026-03-11 21:58:50+00:00,,,,
93396726-bad0-4de8-8da5-7a47ac5bec35,b2914901-2dd7-5ae3-9a75-e962dc7701fc,complete_onboarding,email,2026-04-04 15:29:33+00:00,,,,
67912efe-5f11-4709-a8bd-484b094aa68c,1fea0164-3876-5151-9915-8335cce4e896,send_reengagement_message,push,2026-04-27 19:06:20+00:00,2026-04-28 19:06:20+00:00,,,
5a32b315-0c06-487e-b9cb-0d4a5dbd7b2a,c11fb25a-38ba-561e-8a30-69587e7bd89e,send_reengagement_message,in_app,2026-05-17 01:25:25+00:00,,,,
85621f21-0118-4a72-a5b1-b55877ba6d42,e9c49337-4137-5ee6-add7-0248d3570a85,send_reengagement_message,push,2026-05-17 00:14:38+00:00,2026-05-17 16:14:38+00:00,2026-05-17 16:24:38+00:00,,
649696a9-12cb-403d-a4b3-fa097d266fd0,106e764b-5b23-5557-ab82-521b2c051cb6,complete_onboarding,in_app,2026-03-16 16:15:28+00:00,,,,
9ed36e9c-159f-45ec-b263-4a1524819353,b4f83090-99dd-58d0-bcb4-265e14cfcf81,send_reengagement_message,in_app,2026-04-14 16:09:44+00:00,2026-04-15 23:09:44+00:00,,,
573d0caa-487d-49b1-9c75-af2bf54365b3,773ff9fa-d34f-5ed6-b7e6-f9c8d5cb71b7,complete_onboarding,email,2026-04-11 06:59:50+00:00,,,,
6cd99a73-1447-4797-8cb5-682856d4d767,68076236-a2c0-534a-bb17-fbe8e6ddd8d5,send_reengagement_message,email,2026-04-18 02:50:14+00:00,,,,
58360931-711e-4fd1-afb4-90be6a85c637,4d358979-d922-59cb-8445-c5c2b71ee230,complete_onboarding,in_app,2026-03-08 18:18:19+00:00,,,,
ededa634-c2a3-42b9-aa33-56c4a27f3621,d66eab2c-e888-508e-b835-d425f5153fa2,send_reengagement_message,push,2026-05-23 08:28:40+00:00,,,,
17bb67a5-cbfe-469c-9bea-5793c43f73fe,75174274-c631-5cb5-9c7f-60979a3ab291,complete_onboarding,in_app,2026-04-26 10:59:15+00:00,2026-04-28 02:59:15+00:00,,,
a1752158-3e16-4afe-a67a-0e8730f639d6,cbadd356-cb37-5f40-a348-37ddfaa05da2,send_reengagement_message,email,2026-04-30 21:14:19+00:00,,,,
a848e1af-29df-4d91-bbb8-188662bfc1f3,ff944f61-7177-5ec8-9093-a8285f6f5579,send_reengagement_message,email,2026-04-16 21:45:47+00:00,2026-04-18 08:45:47+00:00,2026-04-18 09:16:47+00:00,,
9e846e73-3e88-4431-9086-e691304abb2a,a518dea9-a397-5d59-bca5-14a1a3b1528e,complete_onboarding,email,2026-05-04 03:33:49+00:00,,,,
69a238fb-ca20-46d4-9385-828b4dca33bd,9b0ddbac-026f-53db-b9cf-a1d1dda2daf1,send_reengagement_message,in_app,2026-03-28 10:25:31+00:00,2026-03-29 16:25:31+00:00,,,
c0916c98-600c-4bc6-a6aa-81f5b057a0ac,ee0ddae2-413f-5186-a6d8-215276dafb36,complete_onboarding,email,2026-04-06 19:13:14+00:00,,,,
8b7256ed-fa3b-4d9c-93a3-58ee8d555c4f,e7478d72-a5e2-562c-96ec-9c98014c9277,complete_onboarding,email,2026-05-01 06:23:26+00:00,2026-05-02 14:23:26+00:00,,,
86b1433c-5984-44f4-bb62-49200c8992f6,367ca3dc-d175-50f9-a6eb-092cae57d76a,send_reengagement_message,email,2026-05-30 18:07:35+00:00,,,,
79711de8-637a-4a6b-9c88-6afb20fa4ec9,ab6e606f-412a-51d6-b730-47fd1ca964e8,send_reengagement_message,in_app,2026-04-12 08:20:50+00:00,2026-04-13 11:20:50+00:00,,,
19413e42-f180-4010-ab40-dc235541806a,d102188a-c067-56c9-a8fc-d5283a9e6d2e,send_reengagement_message,push,2026-05-09 21:42:56+00:00,,,,
14480154-077a-483d-a8d5-8f599ec016e7,311ddf5a-347e-528f-8459-69b4fbd03c08,send_reengagement_message,email,2026-04-08 02:07:05+00:00,,,,
c011e609-a6ab-420a-9bf8-8879f1d5100f,c85c662c-c84b-575f-9744-eacbc5399d13,complete_onboarding,in_app,2026-03-14 23:55:41+00:00,,,,
4e32cf56-ac7c-47ff-9574-30e611d7d041,3685768a-a747-5976-b51b-f13cccf579a5,send_reengagement_message,push,2026-04-19 08:36:17+00:00,,,,
ed635cdd-838c-4d46-94a7-22b08405bfaa,9ed3f3f2-7434-58fc-ac6e-68e2d8ac6de0,complete_onboarding,push,2026-05-07 01:42:49+00:00,,,,
351186b6-bc51-4511-b2ca-60105f06e831,e7f8428e-1564-5972-831c-8dc5a7bcba45,complete_onboarding,push,2026-04-23 13:46:16+00:00,2026-04-24 05:46:16+00:00,,,
a28ce416-5808-40e9-b72b-a8d60f49c08e,996fe755-206d-5f63-9f93-9b42093870d6,complete_onboarding,push,2026-03-26 12:20:49+00:00,,,,
007b79cc-1450-4c81-85b6-e49f94e24b58,883d03d7-c13d-59be-aba5-6f0fbd675a76,send_reengagement_message,push,2026-04-04 18:33:13+00:00,2026-04-05 16:33:13+00:00,,,
f7c54206-479d-4fbd-8a3d-b1d39f97d394,1604d1e0-f4b3-50b8-af29-0028092e0c12,complete_onboarding,email,2026-03-25 16:23:11+00:00,,,,
7f90d55a-9ddb-4882-b163-370f64ca66e4,74d2e496-45ee-5765-8648-86e1f542aaa5,complete_onboarding,push,2026-03-17 12:51:16+00:00,,,,
3cb2ec12-7265-46c5-a45f-a7f8847efe4f,06e01bf5-7f9b-5aa4-947b-98e317d62346,complete_onboarding,push,2026-03-19 21:48:49+00:00,,,,
10db0a20-8deb-42e8-bb36-75a2d12aecfc,ebe1969a-f93f-56f1-b60a-43c695e41f9d,complete_onboarding,push,2026-04-23 10:33:21+00:00,2026-04-25 03:33:21+00:00,,,
a1cd5013-8f3c-4fe3-8ee0-5d8421d10172,9cf2283d-78f3-52c6-a564-1913504b6f43,send_reengagement_message,push,2026-04-04 03:44:54+00:00,,,,
05779237-e183-4aec-a0f2-86796477b417,de50aef8-4603-52fc-9ff1-c42888ddd9a4,send_reengagement_message,push,2026-03-29 06:26:54+00:00,,,,
0fa5b97b-7628-47cb-8e20-81276e8f657c,bcf5739d-23cb-54c9-b442-919a064b7f65,complete_onboarding,email,2026-04-13 10:06:55+00:00,2026-04-13 22:06:55+00:00,,,
c0362c39-105d-4c37-b7c3-2b1beb852b39,79f60c70-945a-5687-80bc-ffb13e061240,complete_onboarding,in_app,2026-03-26 18:35:56+00:00,,,,
eb411c0f-4abf-44b4-9598-d6c0b132db74,652612d5-42f6-5621-9d7c-23748beb8392,complete_onboarding,push,2026-04-07 09:01:28+00:00,,,,
bb44d378-ab52-4e6e-a17c-398103bd9814,b4b46ff6-df02-5e42-bbc8-5da221f75249,complete_onboarding,in_app,2026-03-21 11:43:22+00:00,,,,
c759e95e-c598-4762-b363-c0b4af05196f,9c4e75fe-e803-592b-8a41-c6fbc9b5a219,send_reengagement_message,push,2026-04-25 10:25:26+00:00,2026-04-26 17:25:26+00:00,,,
d84ca4ed-aa85-4870-af57-56a121a2c42b,f5261de1-d72e-5c51-abe7-d1d6fae14fb6,send_reengagement_message,push,2026-05-12 14:40:37+00:00,2026-05-13 15:40:37+00:00,,,
039f1568-849e-4cf8-857d-a4ee08ad0e4f,0fa54e96-9a75-5cbc-aa51-348588c17da0,send_reengagement_message,email,2026-04-23 14:10:10+00:00,,,,
e5b8cbce-d1bd-4081-b74f-96d8ab19d050,b59cd409-60c9-59b7-8940-4dca0ad793a2,complete_onboarding,in_app,2026-04-13 09:04:54+00:00,2026-04-13 14:04:54+00:00,,,
64863046-e3c1-4512-9051-c1d919b5f92c,9c08c01f-8714-5b29-a4b4-cc188f709859,complete_onboarding,email,2026-04-12 00:13:37+00:00,,,,
a3d16545-a951-4c18-a6b1-ea81c27a1211,269ae2f7-26ed-5807-9bdf-6d5f4dff9e44,send_reengagement_message,push,2026-04-13 13:13:57+00:00,,,,
b09dca39-1f70-4628-8762-292b8d60d49d,af4fb9f1-3607-531f-9e92-52646f626e95,send_reengagement_message,email,2026-04-14 07:04:38+00:00,,,,
5202b91c-bff7-4d0b-96c6-ec7171e356b5,11c74d90-c591-5f20-bc18-7d9c5797aaad,complete_onboarding,email,2026-04-05 08:59:55+00:00,,,,
c1514de7-0172-4da3-9ce8-9eaf7fc2be85,c488be9a-42a1-5ed6-b66c-2900976590d1,complete_onboarding,email,2026-03-09 05:03:50+00:00,2026-03-10 00:03:50+00:00,2026-03-10 00:54:50+00:00,,
5e0f8442-0b78-4095-8b14-ea24f382f940,a63edb0d-019d-547f-bc03-0e1808e666e5,complete_onboarding,push,2026-04-23 07:00:50+00:00,2026-04-23 23:00:50+00:00,,,
e9127ec8-b459-44c9-997f-2fad49c5b391,e6720aaf-cd00-5df0-a5af-8a3d56e70d02,send_reengagement_message,in_app,2026-05-07 09:25:23+00:00,,,,
91d7d1ca-10c2-49b0-93a1-71d860dcf109,c4477cd5-07df-516c-a342-5c1b1158c3da,send_reengagement_message,email,2026-04-16 02:57:21+00:00,,,,
bedef426-9ecc-4ce2-8f04-3a13a43c93d0,cbd897b2-abc2-5dd2-be34-22b81f65f660,send_reengagement_message,push,2026-04-20 18:52:36+00:00,,,,
1eb43427-cd93-4198-aa78-e2e89e783392,f01840a7-cd57-5a8f-b29a-29ff756df9e6,complete_onboarding,email,2026-03-29 16:19:41+00:00,,,,
7ebf91ed-ea7d-457b-ba70-ad31c74ba8f6,00b4e4a6-170b-5ec7-84a5-390a83b7e4b9,send_reengagement_message,push,2026-05-09 22:36:37+00:00,,,,
ed2c3033-b8bd-449b-9df9-41f2cc4e4d8a,4e142660-0fdb-58ea-9aaf-c030e4f74154,send_reengagement_message,email,2026-05-17 10:05:46+00:00,,,,
c826edf2-fca2-4e6e-8689-5c2ea1d2b642,9240b821-8afa-5999-97e4-955653933a0b,complete_onboarding,push,2026-03-14 11:57:08+00:00,,,,
9ee0ff4a-7e23-48b2-b047-ec23de16d429,f1367bde-c48a-5504-a644-d049d2065ecc,complete_onboarding,in_app,2026-04-04 12:27:21+00:00,,,,
97413711-21b6-49ba-b3f9-914d42009271,68399ba5-e6f3-5152-b166-67f3ffe2c294,complete_onboarding,email,2026-03-07 22:48:54+00:00,,,,
fbb41796-6ba8-472f-8fbd-c935735029d9,9bb362e1-c6aa-5351-b91f-15f1790d9794,complete_onboarding,email,2026-04-07 04:55:32+00:00,,,,
d362b8f0-9c09-4310-8413-3478b33260eb,352aa7ee-ffc6-5c4b-985e-4f01cb11fb90,send_reengagement_message,push,2026-04-12 03:10:29+00:00,,,,
efbb47ef-65b1-4d8d-b729-ad0a5f295958,cf8312a0-1fae-54f3-9bda-4fc20c731fe1,complete_onboarding,push,2026-04-07 12:02:31+00:00,2026-04-09 01:02:31+00:00,2026-04-09 01:53:31+00:00,,
3c69927f-2b6d-4163-93ed-1ef41a9d39a2,c9abf2bd-bd47-50b5-8ab5-5d87c2555eaa,complete_onboarding,email,2026-03-29 08:05:10+00:00,2026-03-30 13:05:10+00:00,,,
17f56f3f-5e06-4650-87a3-67abefdfe85b,1000cac6-7618-5096-a840-0051c18eeea0,complete_onboarding,in_app,2026-04-03 04:34:58+00:00,,,,
5dee0a2f-5fa8-41bc-a9d3-4da37fe077a9,7c9a0518-372f-54d0-aeb0-5fe4ad5c4807,send_reengagement_message,email,2026-05-17 18:27:36+00:00,,,,
f0ba31af-af67-4da2-ac31-40baae760522,c2f1b95f-2a56-5d0d-981c-a33205e4a5dc,complete_onboarding,in_app,2026-05-01 21:51:38+00:00,,,,
f8e077c8-ab62-46de-8bf4-2b6afcdfb521,d3b1cc46-22da-56de-a26c-5c6eb4863a08,complete_onboarding,in_app,2026-03-07 09:42:33+00:00,2026-03-09 01:42:33+00:00,,,
37c927c9-d20e-4767-a093-6da4546aadf9,d4999f3d-6f20-5958-9c19-562f2467afe5,send_reengagement_message,push,2026-04-21 01:41:55+00:00,2026-04-22 10:41:55+00:00,,,
5e265708-57ab-4522-a372-a3bd9c994b52,9c03ff87-d1e8-58ec-b53c-3e4c6bc5e652,complete_onboarding,in_app,2026-05-04 10:26:35+00:00,,,,
415bc8f5-daf3-4809-8abe-bf2685dec682,438dd8a0-6b5c-5c5d-b273-59bc470d846e,send_reengagement_message,email,2026-05-01 14:24:37+00:00,,,,
4545cec5-a4e4-47cd-89e9-3ad4f00cb237,32701066-343c-598f-84bf-2d4f0f6ee381,complete_onboarding,push,2026-03-21 03:56:39+00:00,,,,
dd4c258d-8aab-40bb-b8fa-ab0b71764641,9bc539aa-65fc-53b8-998d-384ea583c367,send_reengagement_message,push,2026-05-05 22:51:41+00:00,2026-05-06 12:51:41+00:00,,,
1042329e-5224-4d5d-94e2-84821a9891d3,0a2e43bd-474b-53fc-a25e-fa0ff8b302f3,complete_onboarding,email,2026-03-17 00:00:07+00:00,,,,
de9ae3cb-e386-4b2c-b001-bf5f5dd778a5,df12a872-4c1c-5d95-a4f8-299385d13f3e,send_reengagement_message,push,2026-03-27 12:09:09+00:00,,,,
a7c8489d-e7a5-465b-b1ab-d2de4c2397e1,11eaee65-e7bf-5516-a388-cdd9111dc146,complete_onboarding,email,2026-04-11 13:03:38+00:00,2026-04-12 13:03:38+00:00,,,
3ff693d6-154d-4546-bc2f-d99ef44f9d6c,a8e1bcb6-ba7b-5383-be7f-179ee13bf884,complete_onboarding,in_app,2026-04-28 04:45:58+00:00,,,,
0c839cf5-1ce5-464e-8274-70fe4b89d53e,71062289-6d6e-5a0a-a795-6efe50d47a9b,complete_onboarding,in_app,2026-03-30 19:02:25+00:00,,,,
81d854b1-be82-488c-83d5-00739c866c24,9ecdbf10-5ca8-5ea3-bfad-0d6740f67d3d,send_reengagement_message,in_app,2026-05-23 22:41:33+00:00,2026-05-24 12:41:33+00:00,,,
3758eae6-c982-4cd5-9629-8b5a44dde12d,e242cb52-0ed1-506b-a3b3-d8b3ff413124,send_reengagement_message,email,2026-04-24 01:38:22+00:00,,,,
2e8f3220-8eb8-4cf5-97c8-0a4a31bc7e03,8c2bc19e-de39-5c3d-81db-660178af18a9,complete_onboarding,push,2026-04-26 22:09:36+00:00,,,,
4193ff93-05a4-4594-b9e0-b56151e87779,ac605a0b-c815-5a96-af3b-0fdfda13db67,send_reengagement_message,push,2026-05-19 00:21:02+00:00,,,,
efd779ae-f77c-44b8-879b-00010f893224,9bbe60e0-dd35-5b12-bd37-0f9545242a2a,send_reengagement_message,email,2026-05-22 13:04:50+00:00,,,,
d14de956-74c0-4092-8dba-c00c7702e9b4,7b15e79f-86fa-5074-94f3-e16b87ae3905,send_reengagement_message,email,2026-05-30 00:37:16+00:00,,,,
f08656b9-e009-4efa-ab63-0aec3b6be6c6,257c71e9-29c5-5852-a685-60f64a1bdaa4,complete_onboarding,email,2026-03-29 09:34:27+00:00,,,,
4506d0d4-3e32-4d98-b4d9-34d03e669cd3,a5a18606-1934-5482-a5d3-5d1b74f6c9db,complete_onboarding,push,2026-03-08 12:52:36+00:00,,,,
647a23f7-1a43-4902-a98c-212ebe2e740f,36161778-49d7-54fd-b7b4-db9dc1214403,complete_onboarding,in_app,2026-05-13 14:43:17+00:00,,,,
513d1063-0a89-49a5-a21e-30afb255f166,70a43843-d341-5194-9a26-d8f86329311a,send_reengagement_message,push,2026-05-06 11:52:22+00:00,,,,
a090859e-0240-4c59-9c6d-5084d948ab8d,9c435cf4-3c3d-5f2f-b1e7-819e722d2ccf,complete_onboarding,push,2026-03-24 01:13:59+00:00,2026-03-24 08:13:59+00:00,,,
ebf9e1bf-d1d2-4c62-9d57-78b52f909eda,51babe37-f23f-5164-9424-9cc911b2fb14,send_reengagement_message,in_app,2026-05-17 16:55:31+00:00,,,,
cf4ea8ec-3471-49c0-b47e-6e5874a833d0,f5a8a3fc-b1d0-5f36-a62b-c5de12e709c1,complete_onboarding,email,2026-05-08 08:51:04+00:00,,,,
b714251c-e747-4267-a71a-6fbb153dde60,39d3194c-a15e-559b-bef8-45e64edeadfd,complete_onboarding,in_app,2026-03-26 15:38:27+00:00,,,,
b83734d9-ed6b-4a3a-9958-30e139a1bfd0,12d936ea-e192-5881-bf33-30057a467568,complete_onboarding,push,2026-04-29 02:34:15+00:00,,,,
4622792c-0900-406f-9060-b0fab03aaf75,6dbb4b54-df00-571e-b4d4-4b55e3441a1a,complete_onboarding,push,2026-04-30 08:11:30+00:00,,,,
5adbd66f-881b-428e-9313-fe3bf1e5325b,83bef92a-9619-5f2e-8670-da950a581c57,complete_onboarding,in_app,2026-04-10 14:47:18+00:00,,,,
9925b602-c4ce-45a8-822c-c16397437b4a,e7c8007c-7e33-5c27-9593-944678f38fd3,complete_onboarding,push,2026-04-19 15:10:46+00:00,,,,
4c1bba66-4627-4017-850e-e2e9047110b9,f763632a-769c-5784-829f-c3996b73c98f,send_reengagement_message,push,2026-04-13 14:19:28+00:00,,,,
cf5712e2-d553-4ddb-817d-43fc3ae487cc,8f934db6-0a13-52dd-baca-fb892e5fc456,send_reengagement_message,in_app,2026-05-29 02:41:34+00:00,,,,
6ef93fa0-4170-4137-a679-d76588746076,87a23e2c-0099-543e-88ea-8ebb452c1484,complete_onboarding,in_app,2026-05-13 20:01:10+00:00,2026-05-15 15:01:10+00:00,,,
f896ea5b-6ed7-4bf4-b88f-af5b124fdf41,cacddc44-919e-5096-b2c0-b28b68fcaad9,complete_onboarding,in_app,2026-05-13 16:32:37+00:00,,,,
716b3aa7-79d3-443e-b0ce-0f714666bdea,8848e81b-82cd-5271-ba4f-f453db2b12e1,complete_onboarding,in_app,2026-04-26 20:40:43+00:00,,,,
e58291ea-b9de-48a9-b845-553d8b041d69,d3c3b0dc-2f6d-515b-bd1b-3724fb1a11fb,complete_onboarding,in_app,2026-03-09 22:07:29+00:00,,,,
6b9163ee-e9c1-4028-96e1-8dc196276f89,138f3161-311b-5dff-b118-d1f89b7abfc1,send_reengagement_message,push,2026-04-25 16:48:59+00:00,2026-04-26 01:48:59+00:00,,,
c851346c-475d-45c7-ae43-28f2a5353040,3f7d3ef8-0015-52aa-92d9-8d797c7f7a9e,complete_onboarding,in_app,2026-05-12 05:29:55+00:00,,,,
00deb346-ba7f-402e-af81-304433902da1,4ca306d9-7219-5b90-b03f-11d9eeb4ab66,complete_onboarding,push,2026-04-13 17:48:41+00:00,2026-04-13 18:48:41+00:00,2026-04-13 19:45:41+00:00,2026-04-14 16:45:41+00:00,
f063f5b1-7a57-4e5a-9b08-36d6058273da,3d8ec865-5423-528d-8e3e-4ec379c2171d,complete_onboarding,in_app,2026-04-12 23:53:43+00:00,2026-04-13 12:53:43+00:00,,,
4ce88019-fb3b-476a-a3dc-033dbc8b10be,15eaf51f-ca2d-5d60-8a1a-22ada0ac189a,complete_onboarding,in_app,2026-03-17 03:00:23+00:00,,,,
93339bf4-4d11-40d7-ad6c-05d9a7999cbd,0fb67d8d-9419-5333-968d-141ce8a4c1f5,complete_onboarding,email,2026-03-30 04:53:20+00:00,,,,
005f59d9-a184-4add-8388-6cb3a581fbd1,c9925134-2728-5bbb-82b7-07a89edd845e,complete_onboarding,in_app,2026-03-13 08:08:23+00:00,,,,
1d7f7270-b152-4408-b539-c36ed5d206f4,aeeea4a7-01cb-5c5a-a774-a841a268e5fc,complete_onboarding,email,2026-05-14 03:32:38+00:00,2026-05-15 07:32:38+00:00,,,
110b52c6-1c45-4ab1-980e-02999251a116,5f6c14e0-4d56-5fce-8681-8f9d8e502c9c,send_reengagement_message,email,2026-04-08 02:45:25+00:00,,,,
3ae00b41-74fe-4c21-8425-772734e64ef2,dd264e02-eb03-53ce-9e8e-6c3b8a5e1656,send_reengagement_message,in_app,2026-03-27 02:52:38+00:00,,,,
b6753913-8cfd-42cb-903e-04812aa4c163,e274c3c8-2c44-5dbf-8ac6-dfe0d73faa1f,complete_onboarding,email,2026-03-12 08:53:54+00:00,2026-03-12 16:53:54+00:00,,,
407af7ac-2c77-4468-9f1b-9912cd940a0d,2cedc988-2c31-595c-b659-bbedeab2722a,send_reengagement_message,email,2026-04-26 05:21:10+00:00,,,,
c796054f-84d4-41fd-9ef3-06a04ddbccee,b00e67d2-f484-5c4a-9a2b-60daba2a57b7,complete_onboarding,push,2026-03-14 02:24:30+00:00,,,,
79dcd502-d166-4a5a-9626-7e558eb924a9,057c6b03-e704-5a49-82c7-58cd873e5169,send_reengagement_message,push,2026-05-23 03:26:08+00:00,,,,
0a7f9da7-2b8b-445b-bb31-0deb1415a247,4cd773d4-9dfc-56af-b13d-de4caafe0b69,complete_onboarding,in_app,2026-04-11 08:36:48+00:00,,,,
5c196bcf-b8f7-4dea-8eef-33094a864470,d1374367-5625-5f79-9c24-d92e312e0b03,complete_onboarding,email,2026-03-29 08:22:48+00:00,,,,
cc45c4e7-0d35-4a99-8692-861b20c8e278,2c320230-510c-54a6-a37e-d0ccd4e5765d,complete_onboarding,in_app,2026-03-07 05:12:57+00:00,,,,
7ed64c88-b148-4c24-b1b9-618bc2001a14,815a601f-3199-5e4c-816a-c1ce60ac738a,send_reengagement_message,email,2026-04-28 02:32:45+00:00,,,,
42a9606d-83d4-4542-808a-ac42cb656bb9,ffb71a8e-914e-5cf1-8eda-70d06b0586e5,complete_onboarding,email,2026-03-17 10:33:33+00:00,,,,
2a1c09ac-5cc0-4e46-8d3a-4f2628a1dc02,e86f316b-e1d8-5d73-8906-a64f4461c91f,complete_onboarding,email,2026-05-13 11:38:36+00:00,2026-05-15 04:38:36+00:00,,,
67b47e2d-a192-457e-8557-0d3a0d7b6725,b9cd2f76-c716-5a04-8d65-731a82379793,complete_onboarding,in_app,2026-03-27 02:02:31+00:00,,,,
3fc5e38f-2129-45dc-9b6d-89eb1b4cc24e,c1b76d09-03df-53a6-bba3-47e85976d079,complete_onboarding,email,2026-04-08 18:23:44+00:00,,,,
86c2e581-509f-4292-9ced-86f0c7044cb4,74c2c8d3-d653-5b82-b78d-cac6e58051bc,complete_onboarding,in_app,2026-03-08 06:50:11+00:00,2026-03-08 10:50:11+00:00,2026-03-08 11:15:11+00:00,,
a712d50d-d838-4025-bdef-e67a58f482b4,078745ae-86ba-5812-9979-b323a2e09f58,send_reengagement_message,email,2026-04-04 00:48:19+00:00,,,,
49a32d55-a3d5-447f-8595-607bcd7c5ba6,6fd346ac-4053-5af5-b838-e3957658ffbf,send_reengagement_message,push,2026-04-09 07:35:50+00:00,2026-04-10 12:35:50+00:00,2026-04-10 12:54:50+00:00,,
b9d38242-9d9b-4b61-a9fe-0fcd94ac9bb6,efb5c804-6785-5eff-968e-107c9d03c189,send_reengagement_message,email,2026-03-29 13:39:01+00:00,,,,
1f164472-c420-4696-9542-cc04cba0b75c,36502149-894e-5dff-bfe1-9455de02f0a3,send_reengagement_message,push,2026-05-15 02:14:42+00:00,2026-05-15 17:14:42+00:00,,,
e78d0110-7612-4ca3-aac4-7024e1859d7b,1a3505aa-4f64-5ad2-bb65-49b602303656,complete_onboarding,push,2026-05-11 05:36:34+00:00,,,,
b3be1ae7-d63a-48ab-b0cc-1c895d5ab06a,3c8da48f-1708-5712-be38-25ef1ee64b93,complete_onboarding,email,2026-05-13 23:44:53+00:00,,,,
279ad498-c77e-4439-9379-8ebd18b1e591,52c8f6cc-ccd7-5dc6-a747-cd6bfb4f37eb,complete_onboarding,in_app,2026-03-25 08:10:48+00:00,,,,
fc426dad-cdc5-40bf-add9-6d6af5e2f310,d1a040c7-8cdf-5f51-a5a2-196c00c8ae57,complete_onboarding,email,2026-04-30 10:09:48+00:00,,,,
1292eca9-2c52-41d3-81cc-47c7591fe0c3,c7bb3e1f-94e2-568a-bcc4-88ee614b3974,complete_onboarding,push,2026-04-10 18:43:46+00:00,,,,
25c25d3c-2c16-44a6-ad65-6be70a66a8e2,5d3b2454-8361-5d25-8597-f3abf8950bb3,complete_onboarding,in_app,2026-03-10 03:56:22+00:00,,,,
0d683f45-bdf3-48d5-88d3-8ed04b6a9a45,917acd14-9713-5e36-8f6f-8372ceac45fc,send_reengagement_message,in_app,2026-04-01 06:12:06+00:00,,,,
f8945b7c-cbf0-4795-9bdf-e4a61186770f,4102245f-3bab-589d-8dbb-da38a60498ee,complete_onboarding,push,2026-04-13 19:08:03+00:00,,,,
3f24e963-ac28-4de1-b112-5e57049927d8,acddd0eb-2cfd-586b-b36e-95cffcc0dd3e,complete_onboarding,in_app,2026-04-05 05:34:21+00:00,2026-04-06 05:34:21+00:00,,,
ace43117-7d3a-4934-9d77-6f6d035d8d31,fabc9e8f-d7b6-5a46-b784-40136bdb0361,complete_onboarding,in_app,2026-03-07 13:52:46+00:00,,,,
b4183271-fe5c-45cc-82e1-e92494a94b6e,5b0dcd59-b56e-59b0-a356-a3bfdbbb4a34,complete_onboarding,push,2026-05-10 04:15:16+00:00,2026-05-10 11:15:16+00:00,2026-05-10 11:55:16+00:00,,
715704db-aad2-4fce-a13a-1270512806e9,83f73c08-0ea5-5c3a-a232-8655abeb99c6,complete_onboarding,push,2026-04-26 09:26:15+00:00,,,,
8501c76a-230d-4906-98c2-f1f5462b0af5,92c4eee5-d219-5cd2-af36-528a1315ce28,send_reengagement_message,email,2026-04-29 15:59:44+00:00,,,,
1b151286-00f3-42ce-bae7-e272a2bed426,9fce1622-df6d-5652-b7d8-06e54c9da35c,send_reengagement_message,push,2026-06-02 02:27:42+00:00,,,,
780b3bd8-155e-40e1-b545-41852d04b2db,44e47753-0f56-5cee-a4d4-0c36234d630a,complete_onboarding,in_app,2026-05-13 00:11:58+00:00,2026-05-14 10:11:58+00:00,,,
fce8331a-f3fe-4c26-a90f-acad1e4fbc28,fc0cc375-d35c-5a6d-9e7f-b072b46e780b,send_reengagement_message,email,2026-06-01 04:51:49+00:00,,,,
fbb4e0f7-02d4-40de-87dd-526cd09dfbb0,a360b001-0d0a-54ec-a043-fe2e4f9cd8ae,complete_onboarding,in_app,2026-03-24 20:37:53+00:00,,,,
fe75eaa0-9433-4a25-8376-3b8dc6c33a91,e53c65d4-cff7-5d96-a61e-e1459fa27405,complete_onboarding,in_app,2026-05-06 18:45:18+00:00,,,,
5c6742c8-8b8f-4bd5-9b12-1203794fdba8,34d159bf-f01a-51f0-ae23-94c080495692,complete_onboarding,push,2026-04-10 19:31:35+00:00,,,,
fd87cff5-08c4-4011-9d3b-4f914d5a6feb,2f6576d2-9f55-5c52-a003-fd3ffee9a747,complete_onboarding,in_app,2026-04-26 02:18:59+00:00,,,,
6005bc27-fa3f-41cf-a291-a2e78d2a2e1a,41239631-7e89-57ec-a1d5-a723b8150d90,send_reengagement_message,email,2026-05-24 07:22:57+00:00,,,,
83c197ca-29db-4c0d-873d-cc3bdcbe0030,5898c7c6-72df-554e-8931-9f6ec299edf3,send_reengagement_message,email,2026-04-06 06:28:06+00:00,,,,
b007b904-33c7-473c-9e2c-8cee336b89d0,a9f95dd7-e4b1-54fc-b2c1-b5ff1bd128f5,complete_onboarding,in_app,2026-04-06 22:18:20+00:00,,,,
66f65688-4db5-4c2e-8f03-c9e3872d3205,4f4353a4-1cb7-56de-86fa-0f626ffb83e6,send_reengagement_message,email,2026-04-03 21:27:24+00:00,,,,
d819dbe3-2766-4952-a2d8-13d46d2ff1d5,3b315fd5-616e-5b47-a938-c4a55739353d,complete_onboarding,in_app,2026-03-26 06:49:50+00:00,,,,
a78dccfd-f872-4e30-9582-1f54230abc0e,48d42737-c268-51a0-84e1-1f1a496f9b99,send_reengagement_message,push,2026-04-23 12:47:00+00:00,,,,
2f7e813f-8bb1-4fef-a635-6cefde171d8a,d8b60df8-90f1-56c8-bf05-047b0fbf178d,complete_onboarding,in_app,2026-05-05 00:40:00+00:00,,,,
ec6e98c5-d1bb-4037-8a11-0116f4d6a27c,83cb381a-c333-5f32-af57-f45e834bac97,send_reengagement_message,in_app,2026-05-24 12:34:27+00:00,2026-05-25 18:34:27+00:00,2026-05-25 19:28:27+00:00,,
fb995ae9-9ca9-42e0-a79d-33fe074b07f8,77d52b30-df1a-5fe6-93c8-bb65936b8df3,send_reengagement_message,push,2026-04-21 21:39:24+00:00,,,,
e3826fd5-fb36-4b9d-89ac-a4aaa3d84eee,0f40f365-4190-5fcc-b21a-43c50a187aac,send_reengagement_message,in_app,2026-04-17 17:08:47+00:00,,,,
64cd6529-484c-426f-89d6-391dd10ccced,b25c6d9e-548e-5cc5-8f10-dde0796567ad,complete_onboarding,email,2026-04-12 14:52:38+00:00,,,,
3489c475-b411-47eb-9f35-12e6a05e3b20,e94fb97c-6cca-5179-94c2-e74a31c43227,complete_onboarding,in_app,2026-05-08 22:03:27+00:00,,,,
f4eb0870-6554-42da-95f6-409f3a11610c,be9f82c7-b476-5e74-8117-6e9778ecfedd,complete_onboarding,email,2026-05-13 09:07:42+00:00,,,,
91e3c8b3-9c81-4723-8455-9602df1f564b,a9042cba-98ed-5455-a982-13b0d716f4a8,send_reengagement_message,push,2026-04-10 15:31:16+00:00,,,,
f1ca43cc-8dd9-49a1-859d-d11331601e59,339da7a1-5592-59e6-a707-0fb96d443bb3,send_reengagement_message,in_app,2026-04-07 20:48:57+00:00,,,,
12fef0fd-7763-463c-bd4b-9f48ad949d81,9efbbbdd-f4fc-5a5e-972b-a8771eec8302,send_reengagement_message,push,2026-05-13 18:25:06+00:00,,,,
398c8956-8fdb-405c-8fb3-e94fbfc7c49a,9142c452-a1cb-507d-9b82-3d06e09d2900,send_reengagement_message,push,2026-04-15 19:07:09+00:00,2026-04-16 13:07:09+00:00,2026-04-16 13:55:09+00:00,,
4e5b18ea-3a6f-430d-a9d5-7494f15ad9a8,0e26fe3c-0d7d-50a8-9db6-1e029e24b5e3,send_reengagement_message,in_app,2026-04-08 18:48:22+00:00,,,,
ecd91117-9cf6-4f33-9f35-0fd8ea10aea8,cb3d5f96-5475-585f-abcb-dcd2eca2a8a9,send_reengagement_message,email,2026-03-28 03:27:03+00:00,2026-03-28 11:27:03+00:00,,,
7d635803-efe0-4d20-8dad-742577cfdcae,63122335-eadf-5b89-9a33-2741413ee789,complete_onboarding,email,2026-04-03 19:43:06+00:00,,,,
8874c08c-8db3-4ee9-a4ef-3a6b99f9bc77,ca4eec53-957a-5355-b3b8-7e03e66d0e7d,send_reengagement_message,push,2026-04-22 00:52:58+00:00,2026-04-22 11:52:58+00:00,2026-04-22 12:22:58+00:00,,
d34b9485-2406-4e9b-bea8-f839d81a22f0,9c112212-f103-5b1c-94d7-18495eb99058,send_reengagement_message,in_app,2026-05-03 20:25:27+00:00,,,,
d6adbb55-ad5f-4995-a3b5-73ab9a49295b,7e6597e7-006e-5cb6-89e5-f9503519f9f0,complete_onboarding,push,2026-03-20 19:30:12+00:00,,,,
b5f765dd-bcb2-41a0-b935-b4556420691b,002f4bcf-2d1d-52a6-bff7-579bfac21763,complete_onboarding,email,2026-04-25 06:59:23+00:00,,,,
3dd86e33-aa6d-4c2e-b666-b19177a07ae0,3e332e55-8ab1-5a88-8c80-1926270858ff,complete_onboarding,push,2026-04-22 22:08:15+00:00,,,,
3cbd5d96-d61a-46bc-a474-c36b67d9c512,2d53c124-4391-520e-9ffe-ec71aed93605,complete_onboarding,push,2026-04-07 21:38:58+00:00,,,,
1902097e-5150-4d08-9e22-c8e2b53b604d,ea4b6f11-770e-5556-bbd7-19c80ea63c6a,send_reengagement_message,push,2026-04-07 12:16:05+00:00,2026-04-07 18:16:05+00:00,2026-04-07 18:44:05+00:00,,
5ef8af8c-32ac-4dd5-aea8-26e5f90c6b88,38a31dcf-f627-5931-a9e3-b53642a09b8e,complete_onboarding,in_app,2026-04-10 23:31:08+00:00,,,,
62f85903-a639-4017-9a5a-d4ecb3a579b8,0cb68368-0234-5c01-bbb7-7d082daadb42,send_reengagement_message,in_app,2026-05-11 13:29:22+00:00,,,,
aa4cc0fa-1c60-4613-b472-11fab642c1f7,c9fc45bb-80d2-5d1a-aea8-95bcd5438c7c,complete_onboarding,in_app,2026-04-01 17:13:02+00:00,,,,
07b79959-15a6-4531-b594-04d335cdbd06,1c988913-b958-5c5d-b28e-254082ec7942,complete_onboarding,in_app,2026-03-25 04:18:54+00:00,,,,
5a753abb-7fdf-4f5c-b6dd-139904f0a7a7,955c51ac-3757-5fd8-92b7-1864b781e3cb,complete_onboarding,push,2026-04-10 22:46:25+00:00,2026-04-10 23:46:25+00:00,,,
47b3a657-08cc-453d-b3a3-47be4d819198,73315d84-2531-52f5-86ce-1efc1fc96198,send_reengagement_message,push,2026-04-19 12:14:25+00:00,,,,
acee0c6a-27d2-4a73-ad07-798ed6c52f6c,ed09dec5-cbdf-595f-9ba2-081b577a2a80,send_reengagement_message,push,2026-04-22 15:14:56+00:00,,,,
6f2269eb-4cb8-4f55-813b-8dd52f7e6616,34fd5126-3e4d-5bbd-8e8b-646b59b5b774,complete_onboarding,email,2026-03-31 01:42:46+00:00,,,,
15850364-19c0-4555-9ecf-119c9a4aac95,d89185e8-c577-56bf-992f-55a3d095a255,send_reengagement_message,email,2026-04-15 22:32:15+00:00,,,,
0e115adc-8d28-4267-adb9-53e99f0654e5,78fa634d-d0cf-5194-be44-34007f6284fe,send_reengagement_message,email,2026-05-14 10:56:26+00:00,,,,
01050715-9f07-4e58-99f6-134c26c27932,0183c761-0724-591f-aeb4-af39e2e00d15,complete_onboarding,in_app,2026-04-07 18:09:38+00:00,,,,
54196013-b3d7-4d92-b497-6a8b6d8557ad,0b24d790-a975-5937-8dc2-380af31ae3ff,complete_onboarding,in_app,2026-04-08 04:32:20+00:00,,,,
b1fa03e0-4e58-49c1-86b0-098b52a33562,8336cda8-e594-5d4b-b456-4997c6a83b85,send_reengagement_message,push,2026-05-10 01:30:35+00:00,,,,
389c2801-739a-4b0b-908a-c474059f9738,726810da-8b74-5643-9876-d764a8313549,send_reengagement_message,in_app,2026-04-19 22:18:38+00:00,,,,
5941b756-a993-4626-96cf-5baed2272d0e,ccde9f76-89e5-5ea8-b0f5-f5d97028cfbe,send_reengagement_message,email,2026-04-01 23:18:43+00:00,,,,
ab7c6518-b972-4837-b0be-ca529ac2e708,01a5c97b-56de-52af-9577-f5266aec656c,complete_onboarding,push,2026-05-04 19:56:34+00:00,2026-05-06 05:56:34+00:00,,,
7c8e7f49-e53f-4397-b14d-8965cfbe9a61,c4411dab-2c2c-525a-b472-f2de1d00e286,send_reengagement_message,email,2026-03-29 20:14:49+00:00,,,,
bb7901de-ecc9-4471-8e91-38962ab463f8,299d1cd3-f1a1-5be9-8429-ab1076a1bfec,complete_onboarding,push,2026-04-15 11:08:59+00:00,,,,
3a035519-2e24-44c3-9e86-de63a70a53dd,b73f41bc-b0ef-55f2-a44c-04c276fac581,complete_onboarding,push,2026-03-25 08:12:00+00:00,,,,
6183af1c-a978-417e-9cbd-816ebb1f92a0,0bf193d3-2ccf-5eaf-800e-fab11421129d,complete_onboarding,in_app,2026-03-21 18:06:12+00:00,2026-03-23 08:06:12+00:00,,,
8716d56e-7966-4a2c-ba9f-1cc9a1e27dcc,e4584fac-3b64-5acd-9378-563214bc06fd,complete_onboarding,in_app,2026-03-09 21:28:46+00:00,,,,
030175d7-1552-4074-b887-3cce9e7da173,230118a6-f23c-5453-b8fa-674ac1a6052f,send_reengagement_message,email,2026-05-27 02:33:03+00:00,,,,
3d3bf52c-b866-49e9-83d2-29736db140c9,54f2ea2b-b45e-555d-8e09-6196182699bc,complete_onboarding,push,2026-04-05 14:45:48+00:00,,,,
9fcdd421-3493-4f78-aa7c-ab1c4512632c,915e641c-1ea4-5df0-82f0-fe20aad711a4,send_reengagement_message,email,2026-04-18 15:25:43+00:00,,,,
d845c55b-2b8a-4e3d-ac28-1362105f04fc,4bd0720b-ad52-5e53-b0cc-94389a51ef7f,complete_onboarding,in_app,2026-04-27 03:28:26+00:00,2026-04-28 02:28:26+00:00,,,
5d328691-8ea0-4c36-8779-2e2b29f2599c,e5d8bbfd-0b35-545e-bc7f-37f8181a4ae3,complete_onboarding,email,2026-03-09 16:32:58+00:00,,,,
c2332bdc-f153-4938-bc9b-c1ff206e98eb,65ca6f89-fb5a-58d6-89d8-a199cebfcc25,complete_onboarding,email,2026-04-14 22:53:44+00:00,,,,
4cfb5e0a-872c-469d-8a3b-a85bd0093af2,fd88e7c2-392f-5a50-a26b-5f1e871c5264,complete_onboarding,in_app,2026-04-10 03:03:27+00:00,2026-04-10 14:03:27+00:00,2026-04-10 14:11:27+00:00,,
1d0f6b54-c354-4b7b-95ce-aafe6501ad0d,33b18d64-8907-50ff-b96f-8d3f0f7aebe1,complete_onboarding,email,2026-04-14 04:29:33+00:00,,,,
4eb7d035-84a2-445e-876b-0510bc44b43f,c12c85a5-476c-51c5-8ad8-ec2f0c7305d3,complete_onboarding,email,2026-04-22 19:30:49+00:00,,,,
f5f68997-967c-40bd-9f77-567b74d5584d,5f8e8c5a-0c08-54e1-84f6-d46d4a5324d9,complete_onboarding,email,2026-04-27 13:12:55+00:00,,,,
db432b49-17b2-4373-9c52-9bfafbf313b4,d82d7fa5-9270-5444-adc2-9696eb3bf58a,complete_onboarding,push,2026-03-30 17:38:12+00:00,,,,
69de007c-35a9-47c7-b421-b7f2899ff792,bfbdb029-19fd-5b6f-a693-6240e6919e50,send_reengagement_message,push,2026-04-04 00:31:29+00:00,,,,
09a39735-d206-44ac-95bf-e9e1d6bca4a0,f6ff9f9a-b685-563f-a654-6b26d5536166,complete_onboarding,in_app,2026-03-27 11:17:07+00:00,,,,
e7b1c9a1-0cfe-41cc-aa5e-18b3a2cd48da,3d270ef4-0df2-58ba-8e06-8a219ce9148e,complete_onboarding,email,2026-05-01 16:17:57+00:00,,,,
fb55fd8a-44c5-4acb-a15a-e49c59c3285c,9fda7910-15d9-5130-82e4-3d3758d70dc4,send_reengagement_message,push,2026-05-27 13:09:20+00:00,,,,
09a9d38a-f9e2-470a-be3c-98f818fb6a0b,44b4de6a-123a-5525-87e7-629eb8233cc0,complete_onboarding,push,2026-05-10 15:31:05+00:00,,,,
fc0c2b2a-a205-4c0d-9fbf-49c4d15cf647,fe349291-eea6-5db3-abfe-009421e1de87,send_reengagement_message,email,2026-04-10 14:46:15+00:00,,,,
17fb3b01-b6b9-45ce-ae53-60eb60b5b6c3,33ef1875-70d0-5789-b349-04281bdf03fe,complete_onboarding,in_app,2026-04-17 20:25:00+00:00,,,,
e84fe45c-3932-4bb1-95f3-beba9424b68b,703f9601-907d-5a24-ae4c-2ee720a76cf7,send_reengagement_message,push,2026-04-05 10:06:54+00:00,,,,
5ee0073d-e9eb-490e-b627-de9b891c9881,09268e1e-e751-577b-a749-4939a2b2fea8,complete_onboarding,in_app,2026-04-25 00:21:16+00:00,,,,
6e04e6dc-64df-4053-8e96-52eb6384611c,4cb7c9fa-6688-57b2-8c27-345c295847eb,send_reengagement_message,email,2026-04-23 16:40:35+00:00,,,,
f31af2b0-9ecd-4459-8f8b-da741a1856fe,737bb595-9160-5bbb-a174-b2830ea2a253,send_reengagement_message,in_app,2026-05-14 05:41:56+00:00,2026-05-14 09:41:56+00:00,,,
2b960a5b-3642-44b0-8398-b03368bf3310,b44a014b-2104-5cc1-9d69-5fca678fa0d5,send_reengagement_message,push,2026-05-12 06:34:09+00:00,,,,
c103a583-126b-4aff-b7c7-d049394a9360,842e862a-18e2-52cb-8d66-75731da26bbc,send_reengagement_message,email,2026-06-02 12:05:22+00:00,,,,
f89499cd-3ed3-4ea9-8191-c8ffff6c5c9c,71fc39c7-5e82-56b6-a68d-83ce73108737,complete_onboarding,email,2026-04-09 17:11:35+00:00,,,,
425730e2-8d0a-4825-b8ea-79607deff848,5e47923d-9f01-5d62-aa5c-a85939706487,complete_onboarding,in_app,2026-03-30 13:35:13+00:00,2026-03-31 18:35:13+00:00,,,
218df533-7219-4dcc-869a-c5127208092f,b012e240-9344-528b-8097-3a982eecc942,complete_onboarding,in_app,2026-04-12 08:18:24+00:00,2026-04-13 23:18:24+00:00,2026-04-13 23:20:24+00:00,,
f4bac09c-77e9-4d4d-804c-faf8355b7ea7,6f8685dc-8c59-5a9f-8932-f1ad811effe8,complete_onboarding,email,2026-03-18 05:41:24+00:00,,,,
f02b942a-0f6c-4135-99b8-2441d7b9a7ec,6c26b98d-7319-5f8e-b173-28a203e7d4d0,complete_onboarding,email,2026-03-14 17:04:29+00:00,,,,
93192cf3-2f66-4d82-be71-1afb2ed5e86a,206aae66-30ef-573b-89ca-a5caebcc981c,send_reengagement_message,push,2026-04-30 19:44:26+00:00,2026-05-01 14:44:26+00:00,,,
43c240af-108c-4fd0-8ff4-56f8afb0b0ff,93d3ff73-45a3-5d26-b698-a2fa2b37f120,send_reengagement_message,email,2026-05-21 22:52:21+00:00,2026-05-22 17:52:21+00:00,2026-05-22 18:34:21+00:00,,
0b601262-33d7-4d4a-89e6-8cf83e8ec65b,cb784cdc-cafc-5791-aaad-c50659086217,complete_onboarding,in_app,2026-04-12 19:03:41+00:00,,,,
290fcf65-a0dd-4cad-90ba-40e78b34be07,24de1efe-197d-5ba4-ac91-fae693fe9b43,send_reengagement_message,email,2026-05-18 22:51:55+00:00,,,,
6fc2ed8d-a8f1-4b9b-be9b-2a0f156b7efd,7ece0d3f-2aa9-5ecf-a62b-ca3dd5e860b8,complete_onboarding,push,2026-03-19 06:37:22+00:00,,,,
906122ee-7457-450e-a12a-0f27c0dc0e41,c1648f7d-f0d7-53d8-8954-9512f11c4e35,send_reengagement_message,email,2026-04-26 00:11:27+00:00,,,,
02fdbae4-0663-4dfc-aba7-5ecec297269b,e61128c7-1455-5928-b8b6-1725fe47be74,complete_onboarding,email,2026-04-18 07:18:32+00:00,,,,
25561d97-d9fd-4517-9496-db3abe0c3a74,5ffe405c-4c09-5a03-8b77-b57fc8cd37d9,send_reengagement_message,in_app,2026-04-18 23:45:02+00:00,2026-04-19 03:45:02+00:00,,,
55eeb566-9cb9-4787-8951-ae75cf39bbbd,1daeea46-42d3-5ccf-b831-0d6de5f528c3,complete_onboarding,email,2026-03-07 23:23:25+00:00,,,,
6609645c-7adf-454e-9f69-369bc6c7e163,c9dbff31-7cfa-5e20-8e2f-9ff2ea95c4dd,complete_onboarding,email,2026-03-12 01:37:44+00:00,,,,
f950c600-ea3b-4771-bf09-4dfe0a0d8912,b40055e7-2f56-5304-b138-20cfb8dc45c6,complete_onboarding,email,2026-05-10 00:13:06+00:00,2026-05-11 23:13:06+00:00,2026-05-11 23:27:06+00:00,,
d80dfce0-9935-4897-9c63-eceb71fbc052,5c3af72e-c859-539c-a510-3a5abab3e6b5,complete_onboarding,in_app,2026-04-17 18:06:23+00:00,,,,
3d428910-16b9-4e0b-a9cf-11703ed333cb,fe67b155-10be-55ea-bb95-9fd9cb2e58b1,complete_onboarding,in_app,2026-03-25 06:08:05+00:00,2026-03-26 12:08:05+00:00,,,
1441d712-dcb1-43ca-b216-e59d4b35776f,13f4ae26-16e1-5b22-b719-e0a2744987df,complete_onboarding,email,2026-03-24 20:36:13+00:00,2026-03-25 16:36:13+00:00,,,
04a0d75b-5b6b-4193-9ef4-b46bc1a5a3d4,38696e71-2bc2-58de-90b1-45488ead47f2,send_reengagement_message,email,2026-03-28 17:30:41+00:00,,,,
35d04d7d-fbb8-45da-800f-39aef56fc1cb,33803df9-03ac-5b2d-a68d-08c433ba4c4f,send_reengagement_message,email,2026-05-30 04:33:03+00:00,,,,
fc1c5d59-ca9a-4133-a260-8da32336a7b6,33d58598-1eeb-51b2-8d35-bf9c6fe3d70b,complete_onboarding,in_app,2026-03-14 11:15:38+00:00,,,,
e3721866-b9ea-4085-9cc2-0274e850da0e,733432a8-d589-5902-aa26-6b222ebd5db6,send_reengagement_message,push,2026-05-17 09:39:37+00:00,,,,
003e7a9b-8589-49a9-b4b5-79e93519b551,a663309b-59bd-5765-b882-781f5419a9a7,complete_onboarding,in_app,2026-03-23 13:51:07+00:00,,,,
11411528-9a45-45ee-ad0c-f0f00aa8221c,004a7107-8b52-5816-bd52-0dc17a0e90c6,complete_onboarding,in_app,2026-03-30 03:47:48+00:00,2026-03-30 08:47:48+00:00,,,
234bc311-8136-40bc-9846-203701df568b,ee51fb44-1772-5f5e-afa3-d0ec685eee80,send_reengagement_message,push,2026-04-13 21:35:18+00:00,,,,
e209caf1-f175-4097-b349-eebd2c6d757d,fddaad60-b4ed-5325-89ed-b513f7c0da48,send_reengagement_message,in_app,2026-05-21 21:24:24+00:00,,,,
8095827a-d18d-401e-9280-d3385e83a300,d5094a1b-5205-52a5-a0f0-4a76cc1a684d,complete_onboarding,push,2026-03-09 06:19:59+00:00,,,,
eed1dd44-c77a-40f0-8b4d-04396e7a1b92,a514f84a-29e4-5580-a07d-828392a58d1d,complete_onboarding,in_app,2026-03-31 07:23:25+00:00,,,,
39066f0a-640a-4f49-bdf6-5ea423863c20,738b65a6-81f1-595a-bae9-47f5f51994cd,send_reengagement_message,push,2026-04-14 06:36:40+00:00,,,,
0b9c2387-2632-4c03-bbe6-f5d4d7b9701f,804d7db0-28d7-501a-a4fa-f0709de17933,complete_onboarding,in_app,2026-03-25 20:00:50+00:00,,,,
54f31ec1-ae1c-4390-a27f-86227247b30c,92bf681d-f7e7-5465-9de0-d57f79b76800,complete_onboarding,in_app,2026-03-20 07:30:40+00:00,,,,
9a358024-370b-4320-b3c2-908b2462671f,d7a8d758-458e-5208-802b-3005952632f7,send_reengagement_message,email,2026-05-27 23:00:41+00:00,,,,
83b61b8e-c145-47e4-81cb-026bf18d8f8f,6a8fabc8-c2d8-5223-a15d-87111654a9ca,send_reengagement_message,email,2026-04-21 02:59:45+00:00,,,,
3791ff84-34af-4adf-a5bb-7521aa4a3574,4e22ca3c-d5e7-5257-b899-f61f8bc8add4,complete_onboarding,email,2026-04-04 20:32:52+00:00,,,,
2231677a-5f65-4070-b2c6-6aaaf11c50c4,79b8c353-a05c-5c43-b5db-2c758dfa4645,complete_onboarding,in_app,2026-04-02 13:50:14+00:00,,,,
4ce65cbc-b497-43b4-b713-7cc4a5b750fe,5640883f-1a49-59a9-96ea-e43af49494b0,complete_onboarding,push,2026-05-13 15:14:22+00:00,2026-05-13 19:14:22+00:00,,,
b9038a2d-fe82-40c6-9a6c-7a13b403a8c6,af6412d9-a8cd-57b2-8104-c58170b08a96,complete_onboarding,push,2026-03-30 09:23:47+00:00,,,,
fc32f63e-338e-4cf0-8217-a5b5f0ba67d1,272000e7-0ec8-5e5f-8d69-740cc43c09de,complete_onboarding,email,2026-03-30 13:49:59+00:00,,,,
2b789142-d4e6-4d35-8e61-adbcdfe1575a,efeec6e3-df22-5f15-8d48-e4c2cceb3d8d,complete_onboarding,push,2026-03-29 15:02:30+00:00,2026-03-31 03:02:30+00:00,2026-03-31 03:33:30+00:00,,
c63c5b9d-dc44-4be6-bae9-cd0419edcfa5,085fddf2-72ff-58c4-b6fb-723faa8c9c07,complete_onboarding,in_app,2026-03-29 13:27:24+00:00,,,,
2566ddc1-370a-4cb3-8696-bb530dbd5801,3e32989d-df83-5ee8-9a43-50b35c421b52,send_reengagement_message,email,2026-04-01 04:35:40+00:00,,,,
f6500bbc-e427-48bd-b32f-c1ba86433e9f,9170aca0-33db-5b66-b0a9-6cff39482af8,send_reengagement_message,push,2026-05-06 16:40:49+00:00,,,,
e57dacc5-d944-4ad2-86a4-38408d9165de,97150356-7dd2-5a44-9b89-f40f1e144bfc,complete_onboarding,in_app,2026-03-08 17:44:20+00:00,2026-03-09 09:44:20+00:00,,,
dbe747b9-4aa6-4717-8c47-4a379544d7c9,6564ccc8-cd78-50c6-a05b-c7359a43e8ab,complete_onboarding,in_app,2026-03-22 14:10:34+00:00,,,,
2b3107cb-e50c-438b-9d94-9b59ab9af98c,f8466f19-9ad0-59ba-b983-f396e750ff04,send_reengagement_message,push,2026-04-08 22:42:03+00:00,2026-04-10 18:42:03+00:00,,,
ba552218-ca05-4c7b-8adb-b45b1b314b99,d44df25a-9340-5b62-ab7a-2ac572cbff99,send_reengagement_message,email,2026-04-15 02:42:19+00:00,,,,
6ed9c2be-c83e-4c1f-a0f3-4223a156991f,c632a929-d1b9-5148-8228-9448f89247cf,complete_onboarding,email,2026-04-28 05:00:40+00:00,2026-04-28 20:00:40+00:00,2026-04-28 20:38:40+00:00,,
9664dc34-3f44-4056-af63-7c69d13fbb3a,329c917e-5a16-5a00-92b5-4c45e476cc10,complete_onboarding,in_app,2026-04-17 08:46:00+00:00,,,,
f0248398-cbeb-413d-8f69-da855897ab6c,7c980090-8769-5120-abdb-214049a44ae8,send_reengagement_message,in_app,2026-06-02 08:46:50+00:00,2026-06-02 16:46:50+00:00,,,
1b913496-8577-414d-a165-0d55b3d6230b,a8dbaf59-293a-5a83-9dd5-17599d189c68,complete_onboarding,push,2026-03-31 05:35:08+00:00,,,,
c45fe454-2b0f-45c0-948e-7964512a0686,602d720b-74f5-5e36-a79c-e2d3d656913d,complete_onboarding,email,2026-05-10 01:38:20+00:00,,,,
9fae102a-df65-44f3-bc45-f26e1933e90c,3eb47f60-1827-58af-bc4c-2037fd9bbbd7,send_reengagement_message,email,2026-03-29 02:22:34+00:00,,,,
126b87a7-26a8-4408-ad49-ebe0a5e0b286,b70f4732-4796-537e-8dda-b69358065431,complete_onboarding,in_app,2026-04-10 18:59:13+00:00,,,,
bde68d20-c090-4a95-8d25-47a526937b36,91d0b31f-e6d8-5c96-81cb-9e154d5837e7,complete_onboarding,in_app,2026-05-01 02:53:34+00:00,,,,
c490014d-8756-4967-9a28-4af5ce52eefc,ac506cdd-83dc-5b73-943b-0cf927b6c7cc,complete_onboarding,email,2026-04-12 16:42:00+00:00,,,,
e54679ab-0252-40f8-ae2e-ff15c04c9d35,7dc8d7e3-8b93-5002-a7ef-8da81485842c,complete_onboarding,in_app,2026-05-10 09:33:41+00:00,2026-05-11 20:33:41+00:00,,,
ee087f76-3b4d-4a6c-8009-a8c852d6e8ae,47e7ba7b-3ae9-5b54-bd50-56a9c483fd68,complete_onboarding,email,2026-03-28 16:56:48+00:00,,,,
b4c1bf4e-8c2f-4e9b-b45a-f68bb0dcbf99,fbd4ba06-ff4d-5f96-ad38-3878dc49ac3f,complete_onboarding,email,2026-03-09 07:11:55+00:00,,,,
8f1bd952-d2c9-4cab-9d57-133c26f60411,49594308-217b-5d4e-bd4f-582ef61ab072,send_reengagement_message,in_app,2026-03-30 16:36:51+00:00,,,,
2d221767-a443-4bcc-a1e2-5dbf684b0e50,5a26dc93-24ec-55c5-8f9f-7ac7328a5247,complete_onboarding,email,2026-04-28 18:26:12+00:00,,,,
ce568d25-1151-4073-aa00-74667238f9d9,7ce581d2-0e04-552a-9878-1b2884423c76,send_reengagement_message,email,2026-05-15 14:32:19+00:00,,,,
96572c2f-8aa4-486c-a910-eb572f74eefc,e92d9827-0e8d-5a9c-a11b-06d0954f0a3a,complete_onboarding,in_app,2026-04-09 01:06:04+00:00,,,,
6c6f5139-9ee1-458a-9431-32efd45c76f3,0c996839-9c10-57fc-b9bd-15987a542531,complete_onboarding,in_app,2026-05-07 18:57:19+00:00,2026-05-07 23:57:19+00:00,,,
8ee68530-b697-4df3-bb9e-57dfe83876ba,18c259d3-07a1-5aca-816a-7215bfd7c5de,complete_onboarding,in_app,2026-03-18 17:14:27+00:00,,,,
fe4ba27c-a1d5-4803-9b2a-a3761655beb1,8b6f572b-839d-59f5-87af-bff243eafb7f,complete_onboarding,email,2026-04-05 23:16:55+00:00,,,,
4cef6516-f8b7-4a9b-9233-edee10f897d4,dbc76f53-2236-51c9-8753-b36b83b16652,send_reengagement_message,email,2026-04-03 09:45:26+00:00,,,,
f8383eea-af09-4313-82ad-502a31dca3e8,69b35c48-95eb-5f4c-b60c-dace8708f5d8,complete_onboarding,in_app,2026-04-28 21:56:44+00:00,2026-04-29 06:56:44+00:00,,,
7e058343-9428-4edf-9a84-9f8510ff89a8,78d6ee8e-729a-525d-9779-aae1775002d4,complete_onboarding,in_app,2026-04-25 06:50:04+00:00,,,,
3b9a8b6b-7447-4269-be06-049f7bc5bc80,599f78a7-fe9b-5d5a-a770-ce9951f0a509,complete_onboarding,in_app,2026-05-01 15:23:45+00:00,,,,
bb6bfaab-10b8-4039-bd0c-dd01d13b116f,023c2332-5e4b-5465-9fe7-02e25657a0c7,complete_onboarding,in_app,2026-04-28 17:45:07+00:00,2026-04-29 09:45:07+00:00,,,
65e369b0-1526-42ae-ae7e-a2c56e7e1dea,717e280b-dadd-598e-a3ac-0b7ee9e09900,complete_onboarding,in_app,2026-03-28 06:48:31+00:00,,,,
0c3d2a37-606a-49b8-ab0a-265f525bb61a,51f1bfae-f19b-5836-9b2c-c2736fef2160,send_reengagement_message,email,2026-05-29 02:49:29+00:00,,,,
704da8ce-4b1a-49d8-affb-2fee5218ab3a,cc7d7a3e-7ec3-5702-9e7e-6169d347e4fe,complete_onboarding,push,2026-04-10 00:06:24+00:00,2026-04-10 18:06:24+00:00,,,
48f44726-0655-4b37-8bb7-bdeb6a65d823,afcaffef-e4ad-5c2b-8136-eeb70a1c60e3,complete_onboarding,email,2026-03-13 12:13:45+00:00,2026-03-13 13:13:45+00:00,,,
8e9061e0-1871-4a0d-88ba-95e2f883809b,a76ac7eb-c19b-5cba-a551-79630dcf241f,complete_onboarding,push,2026-05-09 23:13:06+00:00,,,,
ecc01c65-d55a-444d-8860-2c1f94752f7e,7d3236c5-7c6d-5729-a291-a930ffb29853,send_reengagement_message,push,2026-06-02 14:30:34+00:00,,,,
273d7850-594e-47a2-84f2-a5030cc9e9eb,cc7de650-cedf-5c0e-9699-0c1cad1fc4cd,send_reengagement_message,in_app,2026-04-25 17:44:38+00:00,,,,
6336b43b-86ec-411b-8574-27913ddd856c,5bd93e8c-b5ba-5a22-96f9-a071fd5ed58d,send_reengagement_message,push,2026-05-18 03:16:11+00:00,,,,
35105161-ba11-4e75-942f-6d99a1df15d5,50f8c15d-e7f9-5567-911b-870274b929ef,complete_onboarding,in_app,2026-03-09 12:06:33+00:00,2026-03-11 04:06:33+00:00,,,
a13dc755-4ce7-498e-9dc4-810d34e0681c,75968832-3598-50d5-94f8-ad2bb5ca6154,complete_onboarding,email,2026-03-13 10:27:22+00:00,,,,
9ccdb648-c237-4a3b-a06f-9bd957a81515,6b67806b-530f-54de-9a00-b95be66d78b0,send_reengagement_message,email,2026-04-14 01:59:35+00:00,,,,
c802e326-0b4f-4b65-a36a-e0fb17134118,a9245ded-08eb-5719-af13-72b98d9b9d4d,complete_onboarding,email,2026-04-21 06:42:57+00:00,2026-04-23 02:42:57+00:00,,,
c382fce1-7cd6-461c-ab50-4016ce7c748a,c6a9b4b9-4ca5-5bdd-955a-d4bc55a59c58,complete_onboarding,email,2026-03-16 04:56:52+00:00,,,,
0e7ba5d3-717a-46ca-8e4c-e0d37b6c4514,81512d35-274d-540d-898b-12d9c0311294,send_reengagement_message,email,2026-05-11 03:29:03+00:00,,,,
07ba829b-6bc7-42f0-baab-749cef388ce6,24bdd922-23c9-5982-956a-bbc9428a9fd5,complete_onboarding,push,2026-04-29 03:25:45+00:00,,,,
b45a9122-64b7-4b30-8f0b-f942fedca568,21ea864e-7e75-538b-8c26-ce1ba0c67b16,send_reengagement_message,push,2026-05-16 00:08:09+00:00,,,,
30eb7e6e-a82f-460f-9a60-3f3587ce42d2,9e7e002a-23d3-5e2f-82e3-3c90765b4e61,complete_onboarding,in_app,2026-05-01 03:30:46+00:00,,,,
28cf9b0d-762d-4238-bfe5-829139dad843,7497132b-9649-5807-8faa-c069506ef93a,send_reengagement_message,in_app,2026-05-20 09:31:16+00:00,,,,
a124ca29-6a20-40e3-93cd-194293f9372b,5c684667-3e01-5c62-a8cf-5aadfbef5ae0,complete_onboarding,email,2026-04-17 13:35:27+00:00,2026-04-19 00:35:27+00:00,,,
1c2d2ac1-d1f3-4004-9201-f636d0f6a613,53e945e8-c299-5a6e-bf13-c47b5f21a94a,send_reengagement_message,in_app,2026-04-30 20:08:54+00:00,,,,
9a5fc07b-4d49-4682-954b-f45b9c82790a,65fabb2b-2409-5510-b407-dac5fd4eb8f8,complete_onboarding,in_app,2026-05-05 02:57:37+00:00,2026-05-05 14:57:37+00:00,,,
6bf26e08-f33f-4322-bd7f-d3f7a1cbc217,aac87a9a-8a2d-5a1d-8435-c2f947f87ab2,send_reengagement_message,email,2026-04-19 00:19:55+00:00,2026-04-19 12:19:55+00:00,,,
f3270204-f544-4fae-a354-36371d25e854,f8af74e8-dc2c-5818-8dd1-78fd289d49a0,complete_onboarding,in_app,2026-03-13 18:05:39+00:00,,,,
35c9879b-ba53-4d9a-adf9-e1f005e1f619,f1a25d45-e544-5dd7-aad1-1ea2c278c1aa,complete_onboarding,in_app,2026-04-27 21:15:01+00:00,,,,
d0bd5314-bbac-409f-bb00-f3670c36b3f7,4e0b4de6-f760-5ef6-9fe9-0d936c3e76bb,complete_onboarding,push,2026-03-26 00:55:46+00:00,,,,
1b5c5af0-9489-4d1d-a1cb-4e79d40b5173,ed08ba87-9e4a-523e-aaa4-014ac7860a06,send_reengagement_message,push,2026-06-01 12:58:54+00:00,,,,
308c65da-1c05-4915-9ee3-9be83241cb32,21daef59-fb03-5f46-91cd-98796474e4c0,complete_onboarding,push,2026-04-04 13:52:39+00:00,,,,
cac3a7fc-5c54-4eb2-aa4b-e0cdb092b73c,b7fae69d-5ea2-5ad6-9c67-5defd7cd99d8,send_reengagement_message,email,2026-05-23 18:34:07+00:00,,,,
325b4bba-8181-4d56-a1c4-c2769ea16a7d,76766ad1-6247-5bf8-8634-5bd7726ca8c8,complete_onboarding,in_app,2026-03-09 22:18:36+00:00,,,,
c778dcd1-f78a-47d8-ab11-644ab6089daf,358433fc-7cb7-5b9b-a037-e86215277283,complete_onboarding,in_app,2026-04-21 11:41:08+00:00,,,,
719fad46-b3e2-4458-bccb-e2dfd99e6ed4,417be6cd-e36f-5ee3-bf7c-31a7c94e3916,send_reengagement_message,push,2026-04-25 22:14:44+00:00,,,,
e152f668-df5f-48e0-b342-84370de75199,cc67675b-103e-5817-9f80-c6e5cf513edd,send_reengagement_message,email,2026-04-13 07:11:35+00:00,,,,
80ea8198-5952-4cf5-b0ec-b32019966726,1a1eb01a-87bb-506d-9fbf-2c96ca89ce77,send_reengagement_message,push,2026-06-01 00:17:46+00:00,2026-06-02 06:17:46+00:00,,,
c9e85db5-e22a-443b-8b55-b802d8536384,c74ec31d-bcdf-5aeb-b5c7-a2b4ec66ee56,complete_onboarding,push,2026-04-03 02:22:08+00:00,,,,
f707313b-4ee3-4b31-ad3d-3e7af6f2cca2,19ecb7f7-ac83-55ca-aefe-eb57dc517c03,complete_onboarding,email,2026-05-04 16:23:39+00:00,,,,
3364d44e-9788-48a2-b760-f3c50114bce5,36e5e3b2-f0ee-5b10-9dd0-017c04db8199,complete_onboarding,email,2026-04-05 07:58:10+00:00,2026-04-06 22:58:10+00:00,,,
63e04aec-820d-4ce0-9fbd-ac30d69aef71,b6c426e7-cac1-519e-a74d-cd3aef6e5bb9,send_reengagement_message,email,2026-03-29 07:56:40+00:00,,,,
c3b8c51f-eb58-45c3-87b7-c5ef09690f10,7deedf61-358e-5507-b725-ab10705f7767,send_reengagement_message,in_app,2026-05-25 16:18:19+00:00,,,,
e0be1741-4251-48d9-a3ee-3aa96142525a,622e711d-1f94-553b-9390-5a1444824ddc,complete_onboarding,email,2026-03-19 18:32:28+00:00,,,,
19588a9b-3371-4d0b-b9ca-94c81836378c,65be16b5-9568-51e0-80f4-ebab49ab0120,send_reengagement_message,push,2026-04-13 15:41:03+00:00,,,,
13177c3b-98fc-4e8a-9882-bcd02adc03e5,59250edd-c242-5d7a-965f-0e771e967b4f,complete_onboarding,in_app,2026-05-05 09:59:33+00:00,,,,
ed238cfe-094f-4af8-a747-745197a0b21c,81179b25-5219-5c7f-91ac-5c67d0d9fb1b,complete_onboarding,in_app,2026-05-07 16:02:18+00:00,,,,
e28c6fcf-4833-42c3-8cf3-f301e3712236,75a723f6-5a70-5145-bd40-aba6333f9458,complete_onboarding,in_app,2026-05-09 06:08:42+00:00,,,,
bbd1b58a-a8d8-4bff-b20e-39203db74b49,cbedc9b2-fad1-550d-9e21-feaf20dc2cab,complete_onboarding,email,2026-04-05 09:24:27+00:00,,,,
54020d55-88ca-468a-b4cf-61ba8d87d7a1,a0cf84c5-eb5f-598b-b399-3e817d4aac0d,complete_onboarding,in_app,2026-04-28 05:32:47+00:00,,,,
d0e5c890-ba6a-4588-8daf-c12e8008b659,3847427e-844b-5b4e-9c20-2bb1100e813d,send_reengagement_message,push,2026-04-29 16:09:34+00:00,2026-04-30 17:09:34+00:00,,,
4feb8a40-d0a2-4bf7-bf3e-9b34d3415d98,c614d503-65ee-513a-8afa-54c6644036bf,complete_onboarding,push,2026-03-10 14:02:38+00:00,,,,
5cdc1874-c764-4a4e-8a88-e11ed1a3f7df,d81f70f6-3ec6-5499-b0dc-34d7edcee543,send_reengagement_message,in_app,2026-04-23 19:46:57+00:00,,,,
8c60014a-e0b3-4f71-ae97-b5d3d2ea4afb,b3360391-e903-57d4-9a96-7a0f8c78dd9d,complete_onboarding,email,2026-04-08 06:33:16+00:00,2026-04-09 16:33:16+00:00,2026-04-09 17:22:16+00:00,2026-04-10 08:22:16+00:00,
52d79788-a177-44e0-ab81-023b1d9b9149,cbec5131-1ece-5f32-8ad3-d6eaf5a3fc4b,send_reengagement_message,email,2026-04-12 18:12:29+00:00,,,,
8e25256f-33de-491f-848e-c9cbf050d438,1b0622ca-dfe7-53a1-9d57-3514332d1b96,complete_onboarding,in_app,2026-04-01 20:07:16+00:00,,,,
f857a4f1-4e10-4804-8c8b-ab1bc6416de0,b2f4800e-ccea-5bcd-9b80-2d85b1d3ca0e,complete_onboarding,push,2026-04-10 16:26:12+00:00,,,,
d6c5010f-b547-42a9-bcdf-23f147c04bf5,c2609fbe-527b-553e-ae26-89344a15b6ab,complete_onboarding,push,2026-03-10 10:18:22+00:00,,,,
bd1713aa-e391-43f1-9d7b-d5f0b4dad32e,a6b5769e-8038-53eb-8ddf-c53196cc0237,send_reengagement_message,email,2026-04-05 11:23:00+00:00,,,,
8a9bb4ff-13fb-485d-bf43-7f4d8066df84,147002c5-4cb7-5430-95ee-989480e3fcef,send_reengagement_message,in_app,2026-04-19 06:47:44+00:00,,,,
0cb70e1f-8885-4de4-9957-065a79a8c1e2,73b83f6c-216d-5919-846b-3c04777848d2,complete_onboarding,in_app,2026-04-17 23:29:06+00:00,,,,
2e43475a-f1b4-4a10-a871-b84b487bea06,6a4b1bd3-f57d-5c93-b76d-baad5b013388,complete_onboarding,push,2026-04-15 00:56:53+00:00,,,,
afc44ebe-5837-4e26-9448-bcb39c43fff0,7d3a1d5a-72af-5d66-b438-4f07092801e2,complete_onboarding,push,2026-04-14 00:49:01+00:00,,,,
bdafaa91-525b-45d7-85a9-5a894effdb7f,d01601b3-1c3b-57e7-a45f-d51edf7e6c02,complete_onboarding,in_app,2026-04-04 12:36:13+00:00,,,,
2b2e83c3-46aa-4855-97b4-9fd272c90847,e5c5a419-3979-50ec-9b14-5a61c4773f1c,complete_onboarding,push,2026-04-09 08:22:09+00:00,,,,
441efdbb-88d0-4142-b3d8-1a02f9392192,a0ed7397-5d5a-5a01-aecf-ab589d52afe8,complete_onboarding,push,2026-05-02 20:23:54+00:00,2026-05-03 19:23:54+00:00,,,
6c8485fc-ee50-4e97-a398-664c21c1395f,7c4d2ca2-2fb5-53ee-92de-0292cd747eba,send_reengagement_message,email,2026-05-31 14:07:19+00:00,,,,
5555e2ee-f3b5-4407-b801-f284fb898c34,c838849e-7083-5875-8178-7920e837f9f9,send_reengagement_message,email,2026-04-12 17:07:51+00:00,,,,
0a508112-0284-4f79-9cb4-aacc1c68fd2e,70f52488-68d2-538f-8a17-c3ce30e048ff,complete_onboarding,in_app,2026-04-22 04:38:56+00:00,,,,
77c5d18c-8b00-4d60-b54a-be7a223c0c5c,3353df16-2d83-5406-9e76-f219390e8920,send_reengagement_message,in_app,2026-03-26 12:33:33+00:00,2026-03-27 19:33:33+00:00,2026-03-27 19:58:33+00:00,,
00ad07c6-90fa-4a8e-9b4f-06cac5af22ac,b5421d46-ca06-5aed-9aa1-78f751cfb1e6,complete_onboarding,email,2026-04-30 03:29:57+00:00,,,,
ba981e87-e4b5-4e68-8fe0-bbda9e3d23d4,dd2530a8-f238-58a2-99b1-91d8895ed7d8,complete_onboarding,in_app,2026-04-10 06:44:06+00:00,,,,
66040d77-7e8f-4a5d-8f44-d09e700087ef,9a9bbb6f-bbad-5f66-96b9-e2dde0faa16b,send_reengagement_message,push,2026-05-31 18:20:01+00:00,2026-05-31 20:20:01+00:00,,,
0e60c728-c6fd-461b-bbf0-119e590c0b8a,cb12827d-3b97-5978-9b78-88f0f2333e06,send_reengagement_message,email,2026-05-04 21:36:38+00:00,,,,
51ef8bb6-eed3-48d6-a886-89a48aae1d03,c6b671b7-682d-5e62-86f2-796425337227,send_reengagement_message,email,2026-05-22 19:57:13+00:00,2026-05-24 03:57:13+00:00,,,
81cdb02a-d162-4dd0-9ee0-f87951c7daa5,9663ba21-4899-5e1d-bcd0-72a13335cf45,complete_onboarding,push,2026-03-18 10:55:11+00:00,2026-03-18 14:55:11+00:00,,,
bceb39d6-4d02-424c-867d-9fc71efb2723,e29a9040-669c-5fce-b637-676450f063b2,complete_onboarding,push,2026-05-09 22:24:58+00:00,,,,
bfdb37da-dfcd-4e78-a3bc-f701390c10f0,ef38f64f-f9a1-55fd-b78a-0e98b1219b54,complete_onboarding,email,2026-04-12 07:49:03+00:00,,,,
e9d39407-e2c6-4df7-a7f2-fc2425efad42,66c34fb3-4238-5bb1-bee3-a18a9495ff76,complete_onboarding,email,2026-03-18 17:29:02+00:00,,,,
4533bd5e-1f1d-46bb-a3c2-66977bbd22b4,e1770255-f447-5e75-8531-49cbba51fe45,send_reengagement_message,email,2026-04-10 15:27:53+00:00,,,,
124c5fa6-ee12-461f-bcaf-dd4a65e18b94,e6bb4ded-51ef-5ab0-8045-8b348c9fda22,send_reengagement_message,push,2026-05-21 10:59:03+00:00,,,,
a6570083-e054-47f1-a9ae-b64d593e9837,6ed3ab0f-9177-59d7-ba36-631d475e7409,send_reengagement_message,email,2026-04-15 22:18:46+00:00,2026-04-16 04:18:46+00:00,2026-04-16 05:03:46+00:00,2026-04-16 20:03:46+00:00,
d4fabb57-cda7-46ff-b362-f8560cb17f18,71696eba-a998-528b-8a41-0cd687b27218,complete_onboarding,push,2026-03-28 20:10:46+00:00,,,,
d88dff24-587d-48a8-8898-9d4d1449189d,251dcd35-e2c3-5edd-bb3f-c83c4d12694f,complete_onboarding,in_app,2026-03-25 04:16:18+00:00,,,,
1e9cd1eb-da33-4b0f-b0d1-f0f35a799a9f,fd774a98-e984-50c7-b1a0-a6e0a1e60add,complete_onboarding,in_app,2026-03-18 10:55:46+00:00,,,,
c29dc780-898b-4234-90c4-56c3a1d6c39f,91ffd080-f924-50c3-9a36-382d69ae64ab,send_reengagement_message,in_app,2026-05-29 03:24:56+00:00,,,,
500bfa36-ca62-478d-a417-d8ab7bbfc722,12e69b77-66ef-5cbb-97c5-a62c60dbf306,complete_onboarding,email,2026-05-10 20:44:35+00:00,,,,
2faad9fc-6973-4492-9f82-9d2ecca1db31,a39530f7-5737-51ef-b21a-ca954a2bbfcf,send_reengagement_message,email,2026-04-02 22:44:52+00:00,,,,
71a0266c-71fe-4232-b57a-fc1f53645549,075807ff-82bf-5362-ab78-8e8271c06a1f,complete_onboarding,push,2026-03-31 08:58:57+00:00,,,,
106fb079-c4f1-4926-8604-9c78ce27870f,07ef0e79-1af7-5691-8825-61251ae5490b,send_reengagement_message,push,2026-04-21 10:43:17+00:00,,,,
daafd302-eb72-403f-99e6-fe7a1d60fffc,68aa4f5a-b002-58a2-a877-358b259253cd,send_reengagement_message,push,2026-03-30 01:27:10+00:00,,,,
5e59e143-0df5-4cfc-ac6f-c752d80ecbe9,c3ac111a-e5ae-5cb6-ac48-3b97ac1dbb64,complete_onboarding,push,2026-03-30 05:57:49+00:00,,,,
19276eb7-7c23-4c35-8359-ebd86f0621b8,ca805fbd-898b-54b0-8f66-a23175e1addf,complete_onboarding,in_app,2026-04-17 06:02:57+00:00,2026-04-17 09:02:57+00:00,,,
952b4732-30d9-4778-bf60-d76a4fb48afb,2f2e8afc-f70e-5e30-98f2-02a864204475,complete_onboarding,push,2026-05-02 07:07:55+00:00,,,,
4b3ecac4-d24f-4f45-b80f-202d5ae1332a,de207af7-dfb7-5cc8-880f-04ca4a086fcc,send_reengagement_message,push,2026-03-26 20:17:01+00:00,,,,
8dcca3bf-f2a9-4b75-b9bd-1a76fa335982,c7368d75-a307-573c-b31e-81c76e3ad074,send_reengagement_message,email,2026-03-30 15:49:29+00:00,,,,
ed5bb1da-4acc-4874-adc3-178fee80a539,26d8373f-31f8-5161-9266-7c5d4f345f1f,complete_onboarding,push,2026-04-11 02:37:57+00:00,,,,
acb5e9c4-7870-4cc5-9928-bf37d040ebbd,2b7cc2ee-f00c-5b20-b333-7f72279495fa,complete_onboarding,email,2026-04-11 08:16:26+00:00,,,,
abc603b3-33fb-47b8-8e30-89552eb67cb8,6f0828c7-e425-5cdc-a46c-35f8f3e7d31f,complete_onboarding,push,2026-03-27 08:19:42+00:00,2026-03-27 22:19:42+00:00,,,
d8c0f462-2ffc-4a88-94e7-8609e52d0044,f5a487bc-d660-5f10-9144-84a970636894,complete_onboarding,push,2026-03-24 20:10:13+00:00,,,,
5ef27435-c987-4404-9fd2-8027d72744a8,0c280505-eadd-5e47-b29a-a9f00bb6a563,complete_onboarding,email,2026-03-11 19:36:30+00:00,2026-03-12 05:36:30+00:00,2026-03-12 05:51:30+00:00,,
dd109bca-7dfe-4bcd-8036-efe046b9616e,318c5eb3-c3a8-539e-8035-bd8092861de4,complete_onboarding,in_app,2026-04-21 17:48:09+00:00,,,,
871f4612-e7c0-45f1-b182-6b1a8cbeed18,892a707b-9e90-5de9-8f44-8b40bc418078,complete_onboarding,push,2026-04-02 03:40:02+00:00,,,,
935d6532-8b4f-4b4e-97c8-deb5fc7578d3,8e003b24-6341-5f76-b55d-b4bb4271ccbd,send_reengagement_message,email,2026-04-03 04:31:45+00:00,,,,
69d0d178-6047-467e-8a75-f938b06f1f94,5d8cfd62-115e-5fd7-8fa0-6be0bf08e4f9,complete_onboarding,email,2026-04-03 14:07:58+00:00,2026-04-03 20:07:58+00:00,,,
6bb34d3b-8147-4f9e-b46f-779cac30b471,0bb336d9-d378-5c10-8742-375baa4e1517,send_reengagement_message,in_app,2026-05-29 15:45:24+00:00,,,,
45fa78a7-f1c7-42e1-9484-a2308dd2f38a,f888224e-b430-5368-b8d4-e4e65408acdc,complete_onboarding,in_app,2026-03-25 00:36:29+00:00,,,,
d34e510d-5f0a-4b0b-ae3f-6277e33e9a48,7c4f17f9-1fc2-5a64-a1bf-7e1d93fd660b,send_reengagement_message,push,2026-05-26 17:40:12+00:00,,,,
870ab5e9-bfd9-4479-a6cd-3de9f8bbb57c,1569b80d-e754-5153-b334-d6e7d46c22d5,send_reengagement_message,email,2026-04-12 20:28:43+00:00,,,,
fc8263ff-30a2-4bfe-9936-9ca3891a8959,156b0b98-11c1-5c7a-811b-02bbecb30e56,complete_onboarding,push,2026-03-19 19:58:24+00:00,,,,
7b851304-a79a-4c6e-b7fc-c0c171047214,2f7783f2-c546-53f1-b394-04ba752aa99e,complete_onboarding,in_app,2026-03-24 23:37:24+00:00,,,,
327fc9ba-4e97-454d-9706-58535080c237,d27261f3-1f2f-5aec-8ea7-f8c0b016f61f,send_reengagement_message,push,2026-04-17 07:19:40+00:00,,,,
84a856f0-0337-4018-8dfc-98fa3c195e2a,11858b3d-4510-559f-b267-ea8b068c3ebc,send_reengagement_message,email,2026-04-03 07:43:42+00:00,2026-04-04 12:43:42+00:00,2026-04-04 13:17:42+00:00,,
c632c5a8-40f7-418e-b379-f1947caec7eb,002bab17-00e5-5b77-bf7b-55ed08b03968,complete_onboarding,push,2026-04-16 13:07:23+00:00,,,,
84eb574c-ff55-4127-a73b-eaf304bb9a9b,7a4fee7d-d5a3-5a0f-a9d1-02feed602fae,complete_onboarding,in_app,2026-03-30 00:11:25+00:00,2026-03-30 12:11:25+00:00,,,
fcd91a97-e106-4253-a0ac-38b7c2a615af,089ce751-4307-5701-b73d-77ea20e119f9,send_reengagement_message,push,2026-05-14 13:06:39+00:00,,,,
26ef52e0-af91-452a-bac9-a867a311aef4,d5c01406-de4e-5fc5-b598-b0dc6740ff44,send_reengagement_message,email,2026-04-28 21:04:42+00:00,,,,
3702fc1a-31fa-4b5d-8fcd-e9a9f801eac6,9193f48e-6c3c-599c-8d82-39f64cf930a5,complete_onboarding,in_app,2026-04-06 13:02:17+00:00,,,,
39fd7039-8f4d-4a4b-bf67-f8f8504d489c,b16e769f-dcc0-5eca-8fc8-fac884cd6370,send_reengagement_message,email,2026-04-27 11:58:00+00:00,,,,
068466af-a8c0-41d9-8967-7b4b82654b85,6d501a9d-9d5d-541e-9a08-ec499269e216,complete_onboarding,in_app,2026-03-17 18:49:05+00:00,2026-03-18 13:49:05+00:00,2026-03-18 14:45:05+00:00,2026-03-19 11:45:05+00:00,
bae07249-e631-4d95-95ea-8f76fda936b9,2b91d2a5-bf10-57d7-ab47-2672c3b68e88,complete_onboarding,in_app,2026-04-25 04:31:47+00:00,2026-04-26 18:31:47+00:00,,,
1697e9c6-02ca-4a4d-96e3-b6f7998b9450,f677fe53-3e76-5643-acab-811b52c92b44,send_reengagement_message,email,2026-04-02 04:28:28+00:00,,,,
35c5f18f-f29b-4e8e-b9bc-fa71b8aeeb43,ebfee51e-70ed-5b74-b566-f986ab7f0bf0,send_reengagement_message,in_app,2026-05-14 18:51:05+00:00,,,,
ca485e8c-490c-4552-98a0-38e10164e405,8b7a2e13-a109-5cbc-a3ae-327e525c761e,complete_onboarding,in_app,2026-05-14 23:36:40+00:00,2026-05-16 00:36:40+00:00,,,
353b8465-f936-4318-bd1b-6af570556234,a16b3a7e-4eb8-5496-b8fc-16daf0121ac1,complete_onboarding,push,2026-04-28 17:10:50+00:00,,,,
73f8ce84-3286-4582-b9dc-a2210957cdd2,1e9823c8-3111-565d-a597-768c515e3496,complete_onboarding,in_app,2026-04-07 10:03:46+00:00,,,,
f4d67dee-85b8-4e95-8ee3-81f756f67ef9,36b9aad5-979a-52e2-9c94-10e7ef2ee195,send_reengagement_message,push,2026-04-16 16:46:17+00:00,,,,
88060433-70ec-4f03-8c28-1b5446a6f804,8cdd1c4c-f2f9-5b09-8c92-b28f002a828a,complete_onboarding,push,2026-05-06 04:54:44+00:00,,,,
a38c4766-c734-4cf9-a83a-961b60081c27,8e77e4d9-402b-5d25-b773-5c0d90dcfd26,send_reengagement_message,push,2026-04-12 17:54:29+00:00,,,,
a9159903-4de2-4991-ae42-c601f239c69b,f5341b36-1b57-5fd4-92f1-2c2e04015b76,send_reengagement_message,push,2026-05-18 04:33:56+00:00,,,,
bf7dc753-795b-4d18-bf1c-ed8ba9d8511c,d0de1334-2d5b-5d8b-9c1d-eac45f025525,complete_onboarding,in_app,2026-05-09 13:06:10+00:00,,,,
45f90137-22e5-4708-bb5d-ff2774a1faa2,2313e304-2a18-5a9f-93cc-fa504ab811d7,send_reengagement_message,email,2026-04-01 01:19:45+00:00,,,,
55ee083f-f502-400b-b67c-faf75fa48a87,51aa1ca3-6b9f-5634-8443-b989a327061e,send_reengagement_message,email,2026-05-26 23:31:25+00:00,2026-05-27 23:31:25+00:00,,,
71332e13-0486-46e1-99e1-0fcc026bfc6c,3df55a3d-cfd0-573b-aa7a-adabbc847823,complete_onboarding,email,2026-03-14 20:48:55+00:00,,,,
882fd6dc-a79c-4b75-b09b-d375a05a1708,a4c4450b-c334-5f9f-a25c-423697b2e94a,send_reengagement_message,email,2026-05-05 07:53:32+00:00,,,,
e8339a48-8bd9-44ba-b118-d0e0fc19a9a4,38d78586-378a-5d8b-9b4b-6b98d6e4eaca,send_reengagement_message,push,2026-05-29 03:28:14+00:00,,,,
688638a5-44d1-40ba-ba5f-7d56ff9920f0,ae31a634-f29b-5f17-bab2-185278f256a5,send_reengagement_message,push,2026-05-10 04:21:31+00:00,,,,
d1e35b12-25f3-4c34-9696-7357dedbed2d,eb968b70-aa4f-519d-a9a3-3e36b289338c,complete_onboarding,email,2026-05-11 09:02:53+00:00,,,,
fd42d339-cc92-4306-a8b8-b54f7d5c583e,ab2b0eb7-735b-5f93-a6ad-83ab24e1fd62,send_reengagement_message,in_app,2026-04-18 18:13:01+00:00,,,,
2e4ad8ee-fb94-4cc9-80b4-d5cebad27f84,d41b6ef8-fccd-5027-ac84-cf3403518e8f,complete_onboarding,in_app,2026-03-28 17:10:18+00:00,,,,
777336db-d02e-4460-a1b5-6efa20dc2bc8,9a72086e-1923-5c49-9207-48babf134716,complete_onboarding,in_app,2026-03-29 12:12:45+00:00,,,,
cf9a2983-6b0b-42f3-be3e-8a6bee056c74,3669b731-ee5d-579a-b16e-a9487614e87b,complete_onboarding,email,2026-03-31 12:09:09+00:00,,,,
0a844606-7683-4352-9804-2c96b8ea08ab,1a7f6082-1a83-5497-b9de-9555e7ac843f,complete_onboarding,push,2026-04-23 02:43:35+00:00,,,,
2a8b1236-cacc-4919-852e-c66a7eb81602,13bcb2ae-a6c4-5cf5-a2cd-bca47bdab02d,send_reengagement_message,email,2026-04-26 05:15:26+00:00,,,,
bc2b5d39-edbb-4e46-b5bc-819f408d1fe2,314edbd3-232a-5ede-bb8c-c8aeb7587f67,complete_onboarding,push,2026-04-26 21:10:59+00:00,,,,
0541b5e3-1f2f-4f3b-ad51-2abc293f21cb,1c3dc9d4-c109-54c3-89a0-0dafc9302c72,send_reengagement_message,push,2026-04-23 17:09:48+00:00,,,,
6fabd532-6d1d-4269-8d59-1f57f10d1e9b,f64588c9-02c6-5edc-bcff-02acfc18f87b,send_reengagement_message,push,2026-04-01 05:35:34+00:00,,,,
d2010634-0d94-4f18-91d4-273a1d092c9d,f64588c9-02c6-5edc-bcff-02acfc18f87b,send_reengagement_message,push,2026-04-16 05:35:34+00:00,,,,
63653e3a-97fd-4ea7-8f30-a6817aedd30a,30851da3-5144-54c5-8aa5-8a8fb4940527,complete_onboarding,email,2026-03-20 02:42:52+00:00,,,,
23a8a152-dcfc-446a-887a-a0a37b4f8299,e88ca4df-661f-5b8e-a065-ee1255165607,complete_onboarding,in_app,2026-04-14 00:33:03+00:00,,,,
bd273f81-2d5e-49f9-9810-2f20e889379b,bd1b3f5c-7ad4-57d2-9fb0-8afb62a83a25,send_reengagement_message,email,2026-05-26 23:42:33+00:00,,,,
d1929268-6452-45d6-a06b-dbced8494b88,8d9704f7-b904-5600-80c6-42b30f64c503,complete_onboarding,in_app,2026-05-05 06:26:53+00:00,2026-05-05 11:26:53+00:00,,,
66622ab5-8e99-4013-a541-81f1e2fa7eb6,bf45eb11-373f-5d5d-9c67-bae4084fbb5d,send_reengagement_message,email,2026-04-12 11:28:37+00:00,,,,
b1a68324-61c8-4a47-81d9-3a6e89280b93,6ce3db98-e186-5a9d-ab06-e9a16c488b38,complete_onboarding,email,2026-04-08 22:57:43+00:00,2026-04-09 06:57:43+00:00,,,
983ec3b2-6d97-44a0-a0d4-9452dede4c51,cde328a8-831e-5224-83b7-91d2b1a731c2,complete_onboarding,email,2026-04-24 15:55:50+00:00,,,,
31ed758b-ffd3-4e3d-a048-a1eed5d69cc9,a3c0145c-ca8c-5091-8dc4-e32298813822,send_reengagement_message,push,2026-05-07 06:10:26+00:00,,,,
dc8fb310-25e0-45c0-af43-acb23854145f,4dac356d-e5ca-5360-92d0-eab998ff7ae5,send_reengagement_message,in_app,2026-03-30 15:12:34+00:00,,,,
286dd128-ee60-4706-9674-417b9767b931,a011ec5b-cb71-53c3-9c94-d4ec55c4cbdc,complete_onboarding,email,2026-04-16 18:47:32+00:00,,,,
d93e9e62-3972-4d82-b549-e4780b6c9c3f,d6897af4-4dbe-5b05-9e11-63a2adfb8cf2,complete_onboarding,in_app,2026-03-09 16:10:18+00:00,,,,
89111954-9ea5-4f65-929d-5c80b0e5a8c5,56481670-6b03-5181-9596-7c7a2069836b,send_reengagement_message,email,2026-04-03 00:55:19+00:00,2026-04-04 00:55:19+00:00,,,
8b0c81f1-6267-4286-85d8-caddf3adcb6c,f3c43db4-c7a7-5226-b5f6-ff6791eb83c1,send_reengagement_message,email,2026-05-10 02:34:38+00:00,2026-05-11 08:34:38+00:00,,,
ddf069d4-72b4-4b8e-a206-060b3e05f811,b33af989-c34f-5554-866f-c54db95857fb,complete_onboarding,push,2026-03-14 01:49:05+00:00,,,,
0dee9cd0-1b40-473d-be91-83325c50395b,049aa762-c04b-55e0-bc00-2d2b47591275,send_reengagement_message,in_app,2026-04-18 09:24:35+00:00,,,,
bbab2fff-10dd-45ef-9e33-66d81855d384,6b14f304-8173-50d1-b355-33eeea3264de,complete_onboarding,in_app,2026-04-16 14:26:01+00:00,,,,
a9476e27-8d0f-47ee-8ae8-85278f5f240c,5c7c2652-90bc-592a-be7a-b1c341f18150,send_reengagement_message,push,2026-05-10 05:26:25+00:00,,,,
823f45d5-b652-4f45-9f32-79a402e6d6f9,5ff92042-cf23-514c-98cc-010b3facd6f0,complete_onboarding,email,2026-04-06 18:07:47+00:00,,,,
e35de314-a308-450d-b0d2-d546d8fe2d83,c53c8f72-9a79-5f66-9c37-1e52f84ef442,complete_onboarding,in_app,2026-03-13 11:41:55+00:00,,,,
170f5f8c-e9f5-48fc-af8b-539e7030d29a,a25da42a-d426-5b97-ab25-10f235793e03,complete_onboarding,in_app,2026-05-01 03:19:00+00:00,,,,
a3d8aaec-fd68-4245-8f3a-cef502d57d4f,e59353b8-ff6c-5a01-9f48-8b63cefcf116,send_reengagement_message,push,2026-05-30 12:57:12+00:00,,,,
1403b0f6-721a-4ef0-876f-0b2d7d28af64,033c3eef-16a1-5369-ae39-5a1d0bddb04c,complete_onboarding,in_app,2026-05-07 07:43:11+00:00,,,,
d89f257a-7c42-4c2f-921d-94c3212139ed,f4e0ecbd-c873-5a16-ad55-2d5300bd8f22,complete_onboarding,email,2026-04-27 15:32:22+00:00,,,,
a45462c9-5ae8-47ff-88f1-c7ee9b25194a,f1abfd72-f3ab-5865-9c32-f6de7af8cb13,complete_onboarding,email,2026-04-03 18:04:29+00:00,,,,
a1c96c2f-2164-4082-83e4-6a6e31a05bdd,59e2d0b9-fa6b-5ded-ab16-fad28f12d746,send_reengagement_message,push,2026-05-25 11:05:53+00:00,,,,
cfb6bd83-2bce-42bc-9882-e6edecc80de9,6987c1af-bbc1-5381-b4ad-95ac3ddae1be,complete_onboarding,in_app,2026-04-09 16:25:03+00:00,,,,
bd3fd976-4a2d-4d52-82db-eb87e3542877,1b57a2dc-f458-5e5b-8f62-d7bdbcdb7b51,send_reengagement_message,email,2026-04-04 09:59:41+00:00,2026-04-05 19:59:41+00:00,2026-04-05 20:02:41+00:00,,
a22d4723-4bf7-4191-9437-c03010d59ced,a26f849a-2af3-58c4-bd6a-43b17412cdf9,complete_onboarding,push,2026-05-04 16:30:22+00:00,2026-05-06 14:30:22+00:00,,,
864b7439-647a-42a9-9d5c-2783f0740ab2,b608330c-cab4-5346-a966-9422966446e9,complete_onboarding,email,2026-05-10 18:29:22+00:00,,,,
5f6ba762-b153-46fe-88cb-53fff607e97a,0c206ae7-3fbd-5f01-b19b-40588b514faf,send_reengagement_message,email,2026-04-20 09:58:39+00:00,,,,
a888cabe-0bfc-49e7-ae2a-c205b8c50b7e,6022bf87-865c-58f5-be76-3e4e1849ffcd,complete_onboarding,in_app,2026-05-05 23:43:03+00:00,,,,
8aedfba2-d8ce-49e2-8c60-490784d417af,43b2b58b-a450-591e-bd4e-93e6f1dc67cf,complete_onboarding,in_app,2026-04-08 06:00:18+00:00,,,,
b80a490a-c978-4868-89ec-60dbe6d06031,22da8b7f-9503-5d46-947d-292a647b312e,send_reengagement_message,in_app,2026-04-15 11:36:50+00:00,,,,
6d0ead88-be60-470c-9f6f-362e6724b0a6,afe171ae-8b92-5b13-9bfb-162e5d7b9713,complete_onboarding,push,2026-05-03 15:55:25+00:00,,,,
ec371bbd-5f02-4705-a31d-3dc3e0462b2a,372be368-81ab-5198-9218-f49ce9e7ae31,send_reengagement_message,email,2026-03-30 04:24:15+00:00,,,,
97b3acac-57e5-4067-ae78-9dbf6c1488f7,f4e42047-313c-569b-934f-9fb0e88f4815,send_reengagement_message,email,2026-04-20 10:51:44+00:00,,,,
30ca72c7-aea5-42c6-9dbe-03c12c16d22f,db4f222b-ab73-54c4-8f31-0b8b0a77714d,complete_onboarding,push,2026-04-13 11:51:21+00:00,,,,
44a2e3a7-2a77-4c10-b5ca-830a028e9c1c,057f3326-2c17-5904-9c0b-151089f988ab,complete_onboarding,push,2026-03-24 13:32:00+00:00,2026-03-25 01:32:00+00:00,,,
7a1c9dd0-bb8a-41fa-b65e-41ad7f8e66d4,b650ed3d-2a09-5c43-93da-ac043750982b,complete_onboarding,push,2026-04-21 20:33:51+00:00,,,,
017d96ed-fed7-4d18-a559-9281e9e3c1a7,66c3ef71-4bfa-5b92-9cc9-8966950e29c1,send_reengagement_message,email,2026-04-21 15:05:07+00:00,,,,
1ebd57ec-1ef6-4149-bbfb-0d339111944c,deec3fb6-c57f-5356-b2a6-ad704ff59bda,complete_onboarding,email,2026-03-19 23:32:40+00:00,2026-03-20 01:32:40+00:00,,,
0f44d00a-46f2-4e06-9436-cdac09a6831c,5a2462e5-952b-5c82-bcf2-f1ddd9caf623,send_reengagement_message,in_app,2026-04-08 14:09:53+00:00,,,,
bb39cffd-a1bc-4e7f-9f39-0f33794acb3b,d7445540-70cd-590e-936f-e9d58d3d6d70,send_reengagement_message,email,2026-05-13 01:24:44+00:00,,,,
5f2454fb-a167-47d6-ae7b-4bc8e942aba9,9792b949-2467-5c46-98dd-158c65fbc504,send_reengagement_message,email,2026-04-13 01:42:00+00:00,2026-04-13 02:42:00+00:00,,,
7a70452f-7dd8-4680-8481-35757d79fbc6,a344aa8d-1b39-5b94-8023-c4b58397aec3,complete_onboarding,push,2026-03-28 04:48:38+00:00,,,,
e8904a86-a2d6-4a0e-820c-d87a409a674c,8f7ae6da-ae83-5039-b87f-811ed6a1cadb,send_reengagement_message,push,2026-05-08 06:13:58+00:00,,,,
941cec39-25bd-4dff-a5d2-2b0b79341ebb,810efafc-3641-5534-9a7c-9fa37f714c30,send_reengagement_message,push,2026-04-17 18:07:18+00:00,,,,
dab6af8b-b290-4c28-bb14-f926a60a554e,a9078869-e271-5f42-b6ea-4fb24e37f6e8,complete_onboarding,in_app,2026-04-02 18:46:56+00:00,,,,
3f1344a8-0590-4cde-b5cd-574344a3059c,cb86f81f-c3da-543b-ba4e-3240e8ad28d6,send_reengagement_message,in_app,2026-04-11 20:51:22+00:00,,,,
14ca2495-2356-409f-ab5d-4db3b70a52ef,6d606fe8-d18f-567b-b113-b3a64f390f84,send_reengagement_message,email,2026-04-18 19:57:16+00:00,,,,
c100a588-6dea-40aa-82b0-8e0ccda8d52f,b361417b-3366-5066-9e73-066694409336,complete_onboarding,in_app,2026-04-23 19:14:33+00:00,,,,
61c5fab8-39c7-4e2f-946a-1a5fb26ee124,1b041e5c-fdea-588f-a476-ebcc9bf717fa,complete_onboarding,in_app,2026-04-12 20:08:50+00:00,,,,
b8dbbae8-ab3e-45cf-a80f-aa32704942cb,1275848e-d357-5ce6-92fc-f5f7dee8e824,complete_onboarding,email,2026-04-29 06:12:02+00:00,,,,
67c1fd47-e425-4cd4-a866-1d0493198eb5,80712566-3bed-5c00-88e5-1cb9a4b5c92e,complete_onboarding,in_app,2026-03-08 03:52:24+00:00,,,,
d87bb046-0616-4c32-876a-2f891a94d7f0,292583a4-cd30-557d-9276-6770ac30d8bc,complete_onboarding,push,2026-04-02 03:24:18+00:00,,,,
8d8675bd-c509-456c-ae2b-543096f52d37,1070a65d-c372-52d4-a35a-ce5b5f561d1a,send_reengagement_message,email,2026-04-14 23:59:33+00:00,,,,
16f78ff2-e62d-412f-a7c9-784e3598c6a2,4a712d2d-301e-567b-9f88-a0a814bb528a,send_reengagement_message,in_app,2026-05-05 12:55:55+00:00,,,,
e26eff40-98a0-4448-8c65-571164451ac7,beaf463b-be04-5e89-acbc-c04d099b88b3,send_reengagement_message,push,2026-04-13 07:55:41+00:00,,,,
f0add27b-daf8-4d85-b876-1e1fbfaf166b,8a1e3f46-249c-50d6-9862-0fddd30aca19,send_reengagement_message,email,2026-05-31 16:01:52+00:00,,,,
8e66167a-d2a1-4272-be3d-8f68aff44752,af039f59-a487-590e-a028-76cde67fc9b1,send_reengagement_message,in_app,2026-04-15 15:45:58+00:00,2026-04-17 00:45:58+00:00,,,
ccadf41a-1cd5-453e-8d33-b48baeb83d98,bb37430f-6934-54d5-81b0-7710fa19ad73,send_reengagement_message,email,2026-05-01 00:23:55+00:00,,,,
80d02e8d-909a-435a-9d33-70699ddfcf33,d73d6b4b-f416-5755-bdfe-b1045ae5fac2,complete_onboarding,in_app,2026-03-15 11:32:27+00:00,2026-03-15 20:32:27+00:00,2026-03-15 21:18:27+00:00,,
fc25ec91-d191-42bb-9015-d6388672dc13,148e20fa-7a27-51e3-b14e-5b1494253e13,complete_onboarding,in_app,2026-05-08 18:37:28+00:00,2026-05-10 01:37:28+00:00,,,
aff6eacb-61f2-49f4-ab5d-b77e8ba092f7,743b2971-7c2f-51f7-9bda-03e771fb468c,send_reengagement_message,email,2026-05-19 18:19:17+00:00,2026-05-21 04:19:17+00:00,2026-05-21 05:05:17+00:00,,
15424351-5eb7-431d-8613-c04167453f0c,0bf2a1b6-a372-58a7-add3-010d72c4f5e3,send_reengagement_message,in_app,2026-04-19 06:17:47+00:00,,,,
6d2e494e-fe53-4df0-b2c5-4ca5d31a9c15,103a193d-6896-57b6-ade1-65c295e09a57,complete_onboarding,email,2026-03-11 01:14:16+00:00,,,,
afe7aa3d-f942-42b2-b1b5-d62cb08e2c29,f764fa6b-b42b-568d-9e98-2b09f4aec397,send_reengagement_message,push,2026-05-14 01:21:33+00:00,2026-05-15 07:21:33+00:00,,,
e10fb599-3aac-423b-ba86-5464a3677a8a,ea802685-dd48-5c49-b36e-004c5b8d9b4e,complete_onboarding,in_app,2026-04-05 14:35:14+00:00,,,,
a1a6944d-a1e4-4618-ba64-8ba5fcbbb436,4216af4c-5188-5d41-8cde-023f6be40950,complete_onboarding,in_app,2026-05-14 08:03:39+00:00,2026-05-15 19:03:39+00:00,,,
09daceba-e802-4f48-87df-54bf8f391224,2d0ff755-9b7a-5f6e-bdb6-f3307e5bd73c,send_reengagement_message,in_app,2026-05-02 03:58:39+00:00,,,,
d353f96f-2052-48fc-b04b-a9759de9fa39,876fd6bb-427a-5c77-86a2-82f5fc325bf7,complete_onboarding,in_app,2026-05-14 01:59:40+00:00,,,,
f38835f3-0f16-4239-a55e-37ec2dcede02,15dc8e48-db64-5eb5-861b-52bd8b3d5c4f,send_reengagement_message,in_app,2026-05-20 05:34:43+00:00,,,,
35d10126-2895-4da6-90aa-fb0f9934da08,3eaff8ad-2647-5395-933c-011f9e270ee4,complete_onboarding,in_app,2026-04-07 15:04:15+00:00,,,,
11239651-49a8-4a8f-b3f2-4082b995b833,a06c7ebf-fa68-5198-92ff-651f1f63a900,complete_onboarding,push,2026-03-08 07:13:21+00:00,,,,
535ca9cb-219f-4e6c-9b44-c4094ee2bc22,d50db0d2-ace7-5389-9b16-2fd47d337c5b,complete_onboarding,in_app,2026-03-13 09:39:08+00:00,2026-03-14 11:39:08+00:00,,,
1c0062fc-7065-4b1d-b6c0-cc150fa6a705,f06d15eb-8eb5-50f0-ab6e-dd8c445f1154,complete_onboarding,in_app,2026-04-06 14:47:46+00:00,,,,
f54a496d-cf92-4db7-b3d5-d024a1861ab2,531830f9-9201-5a43-8d00-6e17890a47a6,send_reengagement_message,email,2026-05-03 18:41:12+00:00,,,,
141831cb-28a5-4bbe-a740-b825887d98d5,a7462a32-472b-5a75-9a3f-ab76257504f8,complete_onboarding,in_app,2026-03-09 01:55:53+00:00,,,,
a3d9caa2-3349-4aec-a0f0-38a1e33792d5,6284da8b-fe50-5788-830d-7651b85eb7ad,send_reengagement_message,email,2026-04-03 17:35:21+00:00,2026-04-04 19:35:21+00:00,,,
3610f433-299b-46c7-884d-c3ea62961a85,b9aaee67-c61d-5971-9c36-3f5c15bd5aa4,complete_onboarding,push,2026-04-24 14:18:45+00:00,,,,
e39ff3e4-2e12-42b2-88e7-85385a71b671,ba91e0de-31bf-54ba-ade5-4aff1ab6608f,send_reengagement_message,email,2026-05-16 20:30:58+00:00,,,,
e95a9854-7e0b-4086-ba3d-fdcb9bd8e732,411abe49-4b3e-5fcc-a586-31de6713e57a,complete_onboarding,in_app,2026-03-09 01:22:02+00:00,2026-03-10 01:22:02+00:00,,,
63051887-2aac-4dce-9714-27eced6a92a2,0c08fb09-4bf1-5fdd-a831-8069d5e1726a,send_reengagement_message,email,2026-04-30 00:42:46+00:00,2026-04-30 18:42:46+00:00,,,
f1f45688-ee54-4a31-a144-19f788748f30,ac89c982-53e2-5633-93e9-fd3e9fc91eaf,send_reengagement_message,email,2026-03-31 14:05:36+00:00,,,,
2df84a3a-2b72-4f9c-bc84-1f5999cd096e,26842537-1da2-518c-8155-f943da525428,send_reengagement_message,email,2026-05-14 22:00:07+00:00,2026-05-15 04:00:07+00:00,,,
514ec12f-e967-4e1f-9157-f1d8f076cc19,22ace38b-e771-59c6-91c5-282e0fbfda73,complete_onboarding,in_app,2026-05-03 13:13:30+00:00,,,,
3a1c0d69-1fcd-4aed-b9f3-4468e08232e0,787cd59c-defd-580e-8a95-5f309a15ff6a,send_reengagement_message,email,2026-05-24 23:39:46+00:00,,,,
64037e34-66d9-469b-9a97-304ffabcaa40,97a0885a-aa6f-5ef4-a069-403e51cc8f74,complete_onboarding,in_app,2026-04-17 06:34:38+00:00,2026-04-19 00:34:38+00:00,,,
154da063-94b5-4ace-a69b-4c08148a986a,16ed847f-5bc6-56dc-96eb-53b7570b2e37,send_reengagement_message,push,2026-05-08 09:32:15+00:00,,,,
63b1ee57-c7fa-4aa5-b795-4eec293c939a,6aeafee7-e6cd-511c-8eaa-ee40988fcfee,complete_onboarding,in_app,2026-05-09 22:26:03+00:00,,,,
dafab202-b869-4792-8eff-c74d7cb5e7a5,90d99d19-49bd-5245-ae0c-7932f8c5aba2,complete_onboarding,in_app,2026-04-18 06:11:57+00:00,2026-04-18 13:11:57+00:00,,,
5009c30d-3813-4063-a313-3358b14226ce,bc5e4cea-acde-5b32-af71-2110cd4d22a3,complete_onboarding,in_app,2026-04-28 01:34:05+00:00,,,,
8b50bbfe-c282-40ed-9504-be607b70607f,19e3792e-2446-5749-a4ba-08035e03e40d,send_reengagement_message,email,2026-05-05 18:25:46+00:00,,,,
01ad518b-b1ba-4609-9850-094fcd1488ea,e708dd8b-26fd-5aa8-9b64-91769eb6d105,send_reengagement_message,email,2026-05-01 04:54:14+00:00,,,,
072fca76-2fc7-47ff-b097-04d86a740435,727cf39d-4112-54ad-a3c9-30c903f022b7,send_reengagement_message,push,2026-05-24 23:09:10+00:00,,,,
113f2439-029f-459c-ac81-a811363b8e96,206348fa-7452-58c3-9da6-8b6f6171de18,send_reengagement_message,email,2026-03-29 02:17:41+00:00,,,,
04d5a487-efe0-4ff3-bc96-7c801eb79f7b,5ec38b56-2eee-50d5-8d75-f86faff57255,complete_onboarding,in_app,2026-03-09 12:19:41+00:00,,,,
b37ec855-0407-4fc6-a441-ad4f4ac51512,9c7e2fd0-f536-5b7a-a954-a5766d0dc570,complete_onboarding,push,2026-03-13 20:00:27+00:00,2026-03-14 16:00:27+00:00,,,
10fad282-e473-4871-9e4f-a379c38423a7,0db68bbd-0613-592b-8c26-8fc479763aec,complete_onboarding,push,2026-04-14 09:03:03+00:00,,,,
3398c778-2293-4655-9d09-164f4fadcf11,39afa695-b856-5f2b-b314-86f971a08af7,send_reengagement_message,in_app,2026-05-13 22:03:49+00:00,2026-05-15 21:03:49+00:00,,,
0cfa8b6c-99f5-41bc-9491-d3531a7f4a1c,db1dcafa-0f63-534c-951a-dd212a23753c,send_reengagement_message,push,2026-04-09 22:08:30+00:00,,,,
378d5fd6-b46d-49a3-9e75-e3eb23551774,cdcbdf98-df0e-5b46-a37b-b21e1d081b54,send_reengagement_message,push,2026-04-05 17:55:04+00:00,,,,
a4b7882f-b36b-4ecc-8f74-30588d790785,a5f22f90-55ad-5fa0-8186-9a1fedec028b,send_reengagement_message,push,2026-05-24 08:43:57+00:00,2026-05-25 16:43:57+00:00,,,
6394f83e-7c5f-4dc0-921d-126ace43e4fb,5c15e621-5499-5ad5-8be3-352593e4e5c0,send_reengagement_message,push,2026-05-16 18:53:34+00:00,,,,
1ef993ab-25d7-4297-b417-0dbe258d69d2,5c1a7f2b-598b-5688-a164-068be078e1f2,send_reengagement_message,push,2026-05-09 17:44:46+00:00,,,,
d376de29-9615-4b37-962e-6821b56005f2,c00060ac-04b9-5685-8d33-1f800f3eab2b,complete_onboarding,push,2026-04-04 23:53:17+00:00,,,,
e6a5a99a-94de-4fcb-af1a-6f2f7585d1ed,8b3e651e-700b-5853-ba55-d7c757fa86f7,complete_onboarding,push,2026-03-08 09:59:37+00:00,,,,
bf5d42f3-a2e0-417a-9aed-bab2e322c334,b39c95e5-9b31-5433-9c06-8f2c7bc7b8c1,send_reengagement_message,email,2026-04-07 23:30:01+00:00,,,,
b27c186c-981a-426f-be77-13b77f5ea5bf,cc51844d-3b33-5653-95c8-afeb83b1a3f5,send_reengagement_message,email,2026-05-26 21:25:11+00:00,2026-05-28 04:25:11+00:00,,,
99ac0966-28e6-4796-9c0c-f9d27c536afd,e45e496e-0a19-567b-8a8e-426d570fb96e,send_reengagement_message,push,2026-04-18 09:25:22+00:00,,,,
3bed67d3-6a53-4f57-be15-0423e7d563a0,634257d4-3170-5213-9a33-dddd3b7db7db,complete_onboarding,push,2026-04-24 14:43:19+00:00,,,,
cbc27cd2-0496-45b5-b9b1-51b6cabf6ede,acbaa997-e804-504a-8ae3-f46ccd98de1b,complete_onboarding,in_app,2026-04-24 13:27:20+00:00,2026-04-24 23:27:20+00:00,,,
42c6a65a-e8dd-4a3c-b2ac-079934dcd16a,e96ac306-d6bf-54b4-bd38-bf081ddbcddc,complete_onboarding,email,2026-03-28 08:24:09+00:00,,,,
0e928a99-9b36-4852-897d-5a3558a014c7,5db58ca7-be4d-54e5-81fb-d88fb0218dfe,send_reengagement_message,email,2026-04-09 02:25:08+00:00,,,,
76e4f102-73fb-46d7-9983-3c85e3746100,42baacc2-1f3c-50aa-9a25-c7b53dce9a1b,send_reengagement_message,push,2026-05-12 17:23:59+00:00,,,,
5eb6332c-8e3a-4c3b-a442-98466ce6191e,e910028b-604f-5303-a872-02334df4ad76,complete_onboarding,email,2026-03-13 10:58:23+00:00,,,,
1186bdcf-cc82-4d3f-9d82-cb897da06f9d,98d55714-51d1-5ba0-9c0a-430ba191196f,send_reengagement_message,in_app,2026-04-29 03:25:35+00:00,,,,
18178a9c-e78b-4936-afb3-99d75d189f20,5303b788-cc49-512a-b098-680af826e72e,complete_onboarding,in_app,2026-05-07 06:34:31+00:00,,,,
7f5cf703-3aa8-4b07-919e-237409acd826,d87cbf1d-3010-5af5-8649-af8f2a9c2f45,send_reengagement_message,push,2026-05-14 01:57:39+00:00,,,,
b1339747-4c1e-44b3-a3cf-3c9686b5e33a,e0e5ba71-981e-5c17-bb7c-033b229469ad,send_reengagement_message,push,2026-05-17 17:31:55+00:00,,,,
9d65e401-0e59-4bf9-9153-9b6ca37957aa,ebd7ce9e-726d-5de2-bd21-3387b6d6b057,send_reengagement_message,email,2026-03-31 17:53:26+00:00,,,,
89e23b15-ad0a-43d9-a33b-02e2e342c16e,c896a7aa-4fb7-516f-8075-faf87ca8c2ea,send_reengagement_message,email,2026-04-08 18:51:36+00:00,,,,
b47290df-2486-420a-96f2-84ebbceca1ee,c06a6d8d-018d-57f6-8c93-9221be866dde,send_reengagement_message,email,2026-04-13 23:33:44+00:00,2026-04-15 19:33:44+00:00,,,
fc665814-07a1-4c35-a3f2-4046dac73b24,998e8ac4-7468-55cd-944d-f580cdf4ddfa,complete_onboarding,email,2026-03-27 04:04:03+00:00,2026-03-28 22:04:03+00:00,,,
06f2703e-1b6d-45c3-b49c-4343f2205c8a,e68e647f-2421-5c58-9165-d77896d953e5,complete_onboarding,in_app,2026-03-20 09:23:55+00:00,,,,
9f1d71a1-6904-4ae5-9d3e-4504d3c96ba1,02279ee8-bb79-538d-b874-897fe24140d3,complete_onboarding,in_app,2026-05-13 01:44:52+00:00,,,,
5c558747-7130-4f2d-8c9a-2e54a5785c7e,a79e9d37-f865-5ef8-a886-18dedbc5a6d8,complete_onboarding,in_app,2026-03-18 09:09:51+00:00,,,,
f8a093e2-ee6b-440e-936b-3d33bbeaf6ef,916e56fb-561a-58e1-aaf7-39cbb13bbfd0,complete_onboarding,in_app,2026-04-24 20:45:11+00:00,,,,
b08c911f-668a-41ed-8859-83b06af62a13,e065c5d5-5fc0-58a7-86e1-1b54174896b8,send_reengagement_message,in_app,2026-05-05 11:39:37+00:00,,,,
97913c11-9c21-49c4-8356-74601bf51d8d,d6f79821-a1c6-50a0-be21-cb5c860c625b,send_reengagement_message,in_app,2026-05-07 03:01:26+00:00,2026-05-09 00:01:26+00:00,,,
465e2c04-14fb-424f-89be-dcbc5a47bc5a,314e803c-28d4-5c5e-8b7a-bc65af71eed7,send_reengagement_message,email,2026-04-09 19:27:53+00:00,,,,
29088389-b8c6-4cb0-8453-8b926a811b7b,562d9cf5-7ed4-5620-9602-4d3429c5888f,send_reengagement_message,email,2026-05-06 20:21:39+00:00,,,,
de90341e-fa11-482f-b10e-1feeca7cd1b5,36565098-ee12-595b-9af3-dbe2e3b445dc,send_reengagement_message,push,2026-04-15 15:21:03+00:00,,,,
cef2846e-384f-4129-93e6-b0e08db7a126,c5c45f06-1935-5852-9c93-2232d446e111,complete_onboarding,email,2026-04-23 21:27:10+00:00,2026-04-25 08:27:10+00:00,,,
2a6f0bdf-fc18-4a55-8340-d94add439d5d,5609f118-d7c1-58e6-bd34-c6f379172abb,complete_onboarding,in_app,2026-03-09 17:27:03+00:00,,,,
d84d5c96-772d-4c54-82bf-f63dc0f3061a,002f5635-6ba0-5146-a9a1-e8b3ca5993da,complete_onboarding,in_app,2026-03-12 00:35:25+00:00,,,,
323bd165-688a-46a7-8f32-2b986e24c067,a0761d93-63a6-5e9a-af06-84025e698442,complete_onboarding,email,2026-04-18 13:21:10+00:00,,,,
219c9ab4-2203-4634-9018-c29d7117bbb6,77fb4db6-f448-55ed-896c-17a5f157ead6,complete_onboarding,email,2026-03-09 23:29:52+00:00,,,,
d7ab27a2-2ebb-4226-9b36-5807d1428c8f,dfddcbda-a1fb-51c6-b540-ee0709fd03aa,complete_onboarding,push,2026-05-08 00:48:31+00:00,,,,
3fe3f6b6-e9ab-43d8-81cd-ef0456c80859,9e7ddc40-4bad-5e09-8227-cf615fbcdc2b,complete_onboarding,in_app,2026-03-07 08:02:36+00:00,2026-03-08 09:02:36+00:00,2026-03-08 09:31:36+00:00,,
03d03e40-0ff2-4321-a145-77cef71363aa,e5a17a0e-0e95-569e-be31-ca7440b0d59b,send_reengagement_message,push,2026-05-30 22:23:40+00:00,,,,
71904a39-a0c3-493a-88c5-ed94cbea2e5b,16ab84fa-1e77-57bc-bd72-71cc9b21cb8f,send_reengagement_message,push,2026-06-02 04:21:34+00:00,,,,
a1f4d0f0-151e-450b-a24b-7222b3be7db4,fada91f6-1db9-55a3-a4dc-5d6e4de8bb49,send_reengagement_message,push,2026-05-30 11:20:04+00:00,,,,
45ba9193-d66a-4e12-9180-5bcec12ffa09,064a142e-fdc6-59a6-a054-1381fe1d2edf,send_reengagement_message,push,2026-04-16 14:32:09+00:00,2026-04-17 01:32:09+00:00,,,
1f0ce764-ea66-4f2b-a43e-e9a2e12435ed,9433683f-3f01-513d-9e49-bdabeebfa4d6,send_reengagement_message,push,2026-05-17 04:46:07+00:00,,,,
4b761e82-1e9c-42e5-b4bc-caf08a9ce41c,bb1c4201-1109-5da8-a480-51964e91470e,complete_onboarding,in_app,2026-03-21 13:16:14+00:00,,,,
f81c6ab6-7f39-48ef-9a74-9dd8fbf39cea,9d6b75af-5ad6-5a03-aa6f-236d9744abef,complete_onboarding,in_app,2026-04-08 13:02:09+00:00,,,,
78cfbba3-fd9a-43fb-87e5-443d73104727,c478ffe6-e640-530c-bafb-fca5ecbb03df,send_reengagement_message,email,2026-04-11 13:37:07+00:00,,,,
e616a7dd-9caf-413e-a545-61d21601b71a,d1f15dfb-a0c9-5252-884f-39b03bc7649f,send_reengagement_message,push,2026-04-28 12:53:26+00:00,,,,
17add44c-561e-4492-bef3-564178590c56,8a0a1a79-a4d4-50b7-8f4a-114ece4a8ca5,send_reengagement_message,email,2026-05-25 04:35:49+00:00,,,,
1553f9fa-da53-4c33-ad89-a20eec724635,6a2d217e-fae2-5cd9-866b-0ce7bfba6b38,complete_onboarding,push,2026-03-13 09:00:14+00:00,,,,
19656e67-cda5-4170-85f5-4e46c45c5a69,b2b135b1-ec08-5134-a61e-5aa3a2c9cda1,send_reengagement_message,email,2026-04-17 09:36:34+00:00,,,,
9ad18e1f-0c8f-407e-9758-6ff93ef56cfa,8522603b-0fb2-59d5-9128-831b6c5ac066,complete_onboarding,in_app,2026-04-30 06:28:53+00:00,,,,
ac58bc45-8991-4447-a9c9-947e9dd4c77e,1201602f-2d08-5d61-98c4-0a945e5f4a3c,complete_onboarding,push,2026-04-11 23:57:30+00:00,2026-04-12 06:57:30+00:00,,,
4dc48a8a-b7ab-4d4e-aaf1-a01e4d3d9dbc,d6f5e1c5-3b42-5ec6-a0cb-2fc5d923436d,send_reengagement_message,email,2026-05-03 15:40:09+00:00,2026-05-05 04:40:09+00:00,2026-05-05 05:28:09+00:00,,
f3881bdc-ded4-4048-beba-dec1ff3ee190,7e6b1fd2-52ef-5f62-ab59-0da6a475cfd2,send_reengagement_message,push,2026-04-24 17:59:08+00:00,,,,
0f986525-2b29-4297-8156-068ecb892332,bdb9d001-81ab-5048-9766-6d723d2628eb,send_reengagement_message,in_app,2026-04-15 04:50:29+00:00,,,,
2a238e6f-eec3-4a7f-9db2-c3133aa24583,f05494e6-0dc1-5711-87d7-5aa5992819b4,send_reengagement_message,email,2026-05-06 06:33:56+00:00,,,,
a751d7d6-91d1-420a-8d2e-e8b4eefd51fb,fecd343a-43ef-5ba4-8045-d642a51a19a1,complete_onboarding,in_app,2026-04-19 16:23:39+00:00,,,,
50e45064-cf82-4bd6-a1b6-d4666969587e,40969430-50cc-528d-952b-d8046a95bd19,complete_onboarding,in_app,2026-05-07 23:17:11+00:00,,,,
195adacc-3915-42c2-a58b-7b550a264a00,431b55b8-219e-5f27-99d5-698f0b59a6db,send_reengagement_message,in_app,2026-05-07 15:02:44+00:00,,,,
52037857-0d09-4cde-908e-7090af9fe0c5,f7932303-8649-5116-8e74-22e63cb2128f,complete_onboarding,in_app,2026-05-14 15:44:07+00:00,,,,
62873b9a-c387-47dc-8644-a2f6cd610b4c,dd4e4593-cf30-5644-9b57-c87a029620b3,send_reengagement_message,email,2026-05-22 00:48:40+00:00,,,,
7d25d730-e7f1-4146-b9d9-1be06833c4f1,187484b6-5eae-5dab-892a-de8184a45954,send_reengagement_message,in_app,2026-03-31 10:23:54+00:00,2026-04-01 19:23:54+00:00,,,
40032ab5-085e-46a0-be50-fa1decb58144,7d7720b6-b9ef-5ce2-8218-9baa4aa30c79,complete_onboarding,in_app,2026-04-03 01:26:10+00:00,2026-04-04 19:26:10+00:00,,,
677819d6-8605-4182-8487-b3f6dec9d07a,1b86730b-a34f-55b4-b620-4c900a253673,complete_onboarding,in_app,2026-04-02 13:02:07+00:00,,,,
aaaec5af-b86b-4d52-855a-69b85e74914a,e3c57627-46c6-54e8-8221-6ee88de2d36c,send_reengagement_message,in_app,2026-03-26 05:00:07+00:00,,,,
ae602142-6619-42cf-9d57-3e9cff901074,6c5a2afb-0f8b-570c-a747-6c3b2075a94c,send_reengagement_message,push,2026-04-07 11:14:57+00:00,,,,
9fdf8e53-99e3-4fc3-834c-bac503827d20,965e71d8-1337-5675-9486-87372c5a3e3e,complete_onboarding,in_app,2026-04-28 14:10:59+00:00,,,,
c93f8835-4fc0-4a23-b625-ea653f4e621d,a353a617-28dc-5cd4-a41c-c85e82ef854c,complete_onboarding,email,2026-03-31 07:06:40+00:00,,,,
fb0f701c-393d-43ed-98ac-0b6409a5b7d6,5c06f4e3-96da-55a9-b66b-28653ce57b48,send_reengagement_message,push,2026-04-05 04:53:11+00:00,,,,
92f4a173-d17a-42d7-ac56-66ba056d0a7f,ada8e56d-5380-510b-9151-73f03998efce,complete_onboarding,email,2026-03-26 20:03:18+00:00,,,,
255d33d5-2827-4e7b-93c2-3f26d34628be,31cf9b78-9168-5474-8e46-5dbac99414cf,send_reengagement_message,push,2026-04-13 22:54:28+00:00,,,,
81697b37-1d17-48bd-b01d-d311dddf586a,c68a5d0d-9311-582b-8812-9a775f509982,complete_onboarding,push,2026-03-19 01:01:59+00:00,,,,
3114a488-90f6-4fda-a1d5-7f3df1ec39a8,31124f7a-20c6-537c-9232-d13cfef8b5b3,complete_onboarding,in_app,2026-03-13 23:34:25+00:00,,,,
357f6c1b-bd80-4542-b8f8-ce6daf40d12e,96b669b3-a412-590c-ae34-41303c78f4d8,send_reengagement_message,push,2026-05-17 17:18:34+00:00,,,,
957c2d61-02dc-488d-810c-c33884270248,ea12b20e-b8cb-5c0d-80a0-ca45d4f57efb,send_reengagement_message,push,2026-05-21 21:24:34+00:00,,,,
6a2a335d-dda6-4eec-aba9-b020642bf385,ad6add39-022f-5e88-bb38-11b30992d8f7,complete_onboarding,email,2026-04-10 05:51:13+00:00,,,,
d1ce763f-2584-40e3-91d6-e8f090340534,3799ace1-56fc-5835-9ad3-69d180886cd9,send_reengagement_message,email,2026-05-28 10:16:13+00:00,,,,
eacd8168-2a98-4e85-ba4b-2ac8e628d434,0f8f8258-0a98-50cc-9e7b-34a9b2ec57c6,complete_onboarding,push,2026-05-04 03:27:00+00:00,,,,
c9b9f083-cf6f-46aa-b016-cae094fef5bf,0c4c1875-a2a8-5c6b-a942-77121d8ab015,send_reengagement_message,email,2026-03-28 05:58:22+00:00,2026-03-29 15:58:22+00:00,,,
548f1a62-4bc9-46cf-868f-b36e5cec9ca8,632708ef-f285-5374-96b0-7e289191817c,send_reengagement_message,email,2026-05-30 18:05:38+00:00,,,,
1268506d-0781-4b0e-94a9-86716489a32d,4c9a635b-d36a-5eca-a375-8146457492ed,complete_onboarding,email,2026-03-11 14:54:55+00:00,,,,
2650c3b1-fe09-4112-8ff1-5385dccf38a9,7b76f740-727a-55a5-8c7b-6c9a32181d8b,complete_onboarding,email,2026-03-08 20:00:11+00:00,,,,
7234903c-f2e4-4cd3-a0e0-a74e14ce0c18,7934c6ec-4982-55e4-93bb-fd5802f04b51,send_reengagement_message,in_app,2026-04-22 19:49:14+00:00,,,,
aa6191d3-9ba1-47d7-b5bc-191077b615eb,a662ad67-772b-5c9c-8c35-b80604b9f394,complete_onboarding,in_app,2026-04-27 11:07:56+00:00,,,,
e560a7ee-9729-4dd2-8cb0-79217673b2d0,f39f773d-0d0a-561b-bfce-3b8fe3e1c2f7,complete_onboarding,in_app,2026-03-12 12:56:20+00:00,,,,
a27f49cd-4803-4f11-96f6-36653a4bcb01,c12d5ca3-bfbb-52c3-ab38-2b84e30c8564,complete_onboarding,in_app,2026-03-27 05:11:23+00:00,,,,
dd37ec63-3635-460c-97ed-f84d649b6de7,cbea2d3d-5a7e-53d3-b7f0-2d113126dfec,send_reengagement_message,email,2026-04-13 03:04:47+00:00,,,,
0eaf5a46-02f3-4d68-b42c-80cf739bedc8,e0e214cf-18fc-54b5-9017-7b8d4869f94a,complete_onboarding,in_app,2026-04-03 10:03:47+00:00,,,,
e01afd02-173e-45c7-b9f5-4fb5fbe13491,8897a2e4-f7a7-5c62-87dc-9250fbfe9934,send_reengagement_message,push,2026-06-02 00:51:53+00:00,,,,
edc0c8fb-0f4a-44ab-b3f8-2174afab5c1b,94e220e3-4507-5c2d-9a66-beaef223310b,complete_onboarding,email,2026-03-29 20:49:19+00:00,,,,
e5f6554c-8859-42bc-8951-5e39f1e4ec15,7b51b8ee-af17-5ff3-b70a-fefc6c9475b2,complete_onboarding,email,2026-03-15 10:33:09+00:00,2026-03-16 21:33:09+00:00,,,
115ba9f7-b592-479b-897f-b2b9e2a8b879,a5a63c3d-f380-5a16-b8f9-b777553bbcde,complete_onboarding,in_app,2026-03-20 16:04:57+00:00,2026-03-22 08:04:57+00:00,2026-03-22 08:26:57+00:00,,
9fecb7e0-5de1-4f2f-bc47-b7b8a32f33fc,a8a39cc7-d6df-5183-9868-21c965d8abad,send_reengagement_message,email,2026-04-04 04:28:35+00:00,,,,
5faa6aa7-4de7-4960-9aed-48ad7f94d9a8,d16e58f3-769c-59d6-af85-db3126b5e14a,complete_onboarding,email,2026-04-15 13:56:55+00:00,2026-04-15 19:56:55+00:00,2026-04-15 20:23:55+00:00,,
d75eb507-8ad4-4012-9972-799183802117,571af21b-ed07-56ac-8e44-e3343aac0760,send_reengagement_message,push,2026-04-24 00:21:29+00:00,,,,
a47c7e2a-f388-4cfb-8b29-bda48fdbeee5,bc49c983-66a6-5b86-a597-73ff6810bfa4,send_reengagement_message,in_app,2026-04-29 08:41:05+00:00,2026-04-30 15:41:05+00:00,2026-04-30 16:22:05+00:00,,
483a981a-62c8-41d6-991f-164f9907ecf9,a6a1f2f5-bb1b-5d12-a4ea-8994d81a4d5c,complete_onboarding,push,2026-05-03 10:02:04+00:00,,,,
43c0c490-6635-4958-a1b2-f0cf081938c9,417ae90a-a94a-5656-8317-9c9af025f27d,send_reengagement_message,in_app,2026-05-05 01:12:19+00:00,,,,
922d68eb-b032-467c-b729-1af7c4379ffc,a393364c-d099-57bd-b5a3-04fbbf49f267,send_reengagement_message,push,2026-04-05 16:57:38+00:00,,,,
2d65cf92-6aeb-482b-804c-47611963822a,ebfbe32d-3768-52df-9641-29ca96491ed4,complete_onboarding,push,2026-04-01 23:52:24+00:00,,,,
d6f92348-7db7-4880-a76d-4472ad8a439d,e6ea9d3a-426f-5ce8-a61e-6c7a2c934ac2,send_reengagement_message,email,2026-04-16 13:37:54+00:00,,,,
78fcbe0f-b695-42e5-8cf2-8b8f9994afb0,9e533d01-2575-56ad-8978-6c9413fe0a2e,send_reengagement_message,push,2026-05-22 01:07:05+00:00,2026-05-23 13:07:05+00:00,,,
222c3759-2526-4808-9e4a-951a52eb63ec,3d22fdc0-4760-5d3d-84df-a37e27e09ee2,complete_onboarding,in_app,2026-03-28 04:25:51+00:00,,,,
d98298a5-ecfd-4a16-b784-1fe299cba101,ff29dcc3-c73c-5484-9e5f-45986eb2fca1,complete_onboarding,push,2026-03-16 13:29:20+00:00,,,,
8ea81f50-ca19-474c-8297-bb2825de4350,6202b28c-4620-5446-bbea-ac659dc4008d,complete_onboarding,push,2026-04-26 18:49:30+00:00,,,,
d9fca353-6efa-4bed-a15a-e8474b405dd3,2f3c0166-79e4-538f-a873-1087666d5076,complete_onboarding,in_app,2026-04-05 13:25:04+00:00,,,,
4a4b08ed-aa66-46b2-9e79-9a02a20abd16,533b330a-4e7f-5111-bf28-eacbfaae7da0,complete_onboarding,email,2026-03-13 14:44:54+00:00,,,,
3ca4254a-e29e-4b07-9cf2-237370cff641,620c8e74-696b-5d34-947f-220b82c9efaf,complete_onboarding,email,2026-04-23 14:14:43+00:00,,,,
ca797471-0d2a-4fef-9cac-6d6296099d1c,84bf4c10-b3b9-5eae-bf69-3e0bc5f3ae77,complete_onboarding,email,2026-05-03 10:33:13+00:00,,,,
757e408b-672f-4840-aed2-dc84bc63bdfe,8a56e116-6289-5b2c-8e9b-cd08a2f4841c,send_reengagement_message,push,2026-04-20 12:00:37+00:00,,,,
727d12c9-3692-43ec-aea2-40182c82c6e1,8182c081-58cd-527e-a9f5-352796223f33,complete_onboarding,in_app,2026-04-14 08:03:56+00:00,,,,
5420df40-41bd-4b24-994e-fb839ca640b1,ae026484-4be1-57c3-9ecd-af45f8af3c4c,complete_onboarding,in_app,2026-04-15 04:11:11+00:00,,,,
e4a5af95-69d9-4f77-9a10-e1676ea50be5,5c939311-a5af-5c61-9944-ada6e8521651,send_reengagement_message,push,2026-05-10 02:04:29+00:00,,,,
40a6519f-fcd3-4b80-8e6d-d8a9ca5d45ff,7af84dd1-0cdc-5061-9e7c-3b120e08e582,complete_onboarding,push,2026-03-11 18:29:43+00:00,,,,
75d1bf3e-5655-4653-9ba0-f77908bf4d48,8102c42e-6b0b-5d18-8f84-a19e60768178,send_reengagement_message,push,2026-04-06 18:02:53+00:00,,,,
87e3fa13-745d-4135-a6f1-c25bce783848,df5dda89-6c36-51c0-b107-bf434f6f9910,complete_onboarding,email,2026-04-24 03:03:13+00:00,,,,
7ad008bb-0669-479d-b34a-1bcd8e4ca481,43f06e5d-9507-5b47-80cc-ed99dba7fc53,send_reengagement_message,email,2026-03-30 18:29:33+00:00,,,,
720bc7dd-ec5d-401f-94d1-bf9d277ea7a1,8f54e250-191c-5006-b469-b55f2c612c1b,complete_onboarding,push,2026-04-11 16:05:07+00:00,,,,
4c5520f0-96cc-47d9-a921-4e42237cdd45,f3a69ec3-2393-56c7-8d1e-188c93a055a8,complete_onboarding,push,2026-04-26 05:22:13+00:00,,,,
8aedf578-9e4c-4397-8eac-0a16c4883bbd,9ae07e03-1108-575d-8f37-bfac2bc3c77a,complete_onboarding,in_app,2026-05-11 10:30:46+00:00,,,,
a3fbfaaa-999a-4ac7-a036-7b4c83539d63,b4211f8b-e3b3-507d-8e4f-4f81e9fa506e,complete_onboarding,in_app,2026-03-26 21:01:37+00:00,,,,
3f40e819-8114-449c-a395-a672e932dfaa,3767ee52-078d-5e6e-900a-0a79991e9fe2,complete_onboarding,push,2026-03-07 13:12:11+00:00,,,,
c0acbd1c-9440-4242-9641-4e1e79c85f0e,fb4a419c-fb0e-5a7a-81ee-717d713b1639,complete_onboarding,email,2026-04-25 22:31:18+00:00,,,,
6dbf1851-f6c7-4969-9e52-33f9120232be,02f0f13f-3612-57dd-b21f-49ba199030d4,complete_onboarding,push,2026-03-07 02:33:39+00:00,,,,
c7925bbc-3738-49e5-9a1a-8fdb6bbf0102,b734d83f-14b5-526d-9f45-2b0c20680029,send_reengagement_message,in_app,2026-03-30 13:57:18+00:00,,,,
58e77bb5-12ca-4102-aab6-25fab1acf1de,680768cb-89db-59a1-a27e-f058f582d94c,complete_onboarding,in_app,2026-05-14 08:15:26+00:00,,,,
600f669a-da99-4f65-ba9e-9cda70e5752c,8ee613ed-5610-5bb2-a2b4-231b62fe54c6,send_reengagement_message,in_app,2026-05-24 12:22:43+00:00,,,,
2621ec39-2b80-4f76-b50b-d442f642b8d2,8023747f-0008-591f-8803-7285fd59c05d,send_reengagement_message,push,2026-05-13 19:41:07+00:00,,,,
0587de09-ece3-45ed-8be5-a01d60c946bb,0c663c91-fd1f-5603-800c-8d7cc9aa3d50,send_reengagement_message,in_app,2026-05-22 15:38:15+00:00,,,,
f27fb98b-2d9a-45c4-b721-ddbc37481269,02dfe1d8-7668-582b-bf24-3b3b31929f6f,send_reengagement_message,push,2026-03-31 04:46:54+00:00,,,,
546c7b57-437e-4888-a1f3-440312b29f40,1e9e51a2-1ffb-55b1-be2c-9a3e52d7b57c,send_reengagement_message,email,2026-04-01 03:15:56+00:00,,,,
762d0292-f352-42f2-b598-3fd9e57aa4f4,247a3235-8dca-5196-9c25-531e4ad61e5e,complete_onboarding,email,2026-03-27 18:10:21+00:00,,,,
eb012d5d-d74b-4f06-a281-b6cc62b6d1ed,8f87b0e6-b886-52fe-b9a9-2d3c065b1d25,send_reengagement_message,email,2026-03-27 15:20:25+00:00,,,,
14b140c0-415e-4075-938d-2ab03b3f1a0c,b39079fb-a1a0-5dc1-8f03-32a2a5556b9e,send_reengagement_message,push,2026-05-26 07:02:44+00:00,,,,
82e8ace2-e00b-49ae-908d-2ac2941dfd47,770f09cc-e913-5adf-8f65-41b63de5ff87,complete_onboarding,email,2026-03-10 21:12:50+00:00,,,,
95603b08-7410-4838-a145-0b0f7f0f2f92,65408192-b4ef-5f1f-a8d7-422d700556df,complete_onboarding,in_app,2026-04-13 12:55:48+00:00,,,,
0909900e-f823-40ba-9c50-a20e4b064b7c,77520186-65e1-5b9a-ace3-e64d28289728,send_reengagement_message,email,2026-05-23 21:36:40+00:00,,,,
d5659dde-39bf-44b3-a3a1-f5ee8035efbf,0a722c5c-446c-51d1-b6e2-0f77e2a11f19,complete_onboarding,email,2026-04-26 17:08:14+00:00,,,,
80bffb08-ff1b-4688-9997-d082ef1c38e2,5bf3a49c-4f24-549a-bc0a-619c7999cfb6,complete_onboarding,push,2026-03-23 04:40:07+00:00,,,,
b67f85b5-26dc-43c3-89b9-dc35ccc3f0d2,7f698d7d-41a9-51f3-a8b2-b35e61f74cbc,complete_onboarding,push,2026-04-08 10:52:18+00:00,,,,
7425b9ab-86bf-4404-95a1-63bc96d6cf21,66fe05cf-ab17-5ada-b187-6e2baea5a1de,send_reengagement_message,email,2026-05-02 19:56:25+00:00,,,,
0b0bba3a-0a17-42fc-a508-14c2701bd54a,b94a8cc1-2e9c-5a26-b1c8-7ad630e2b930,complete_onboarding,push,2026-04-28 23:40:48+00:00,2026-04-29 02:40:48+00:00,,,
94227b90-e29f-4eae-99e1-ad7d94a029b1,4b6f469c-33ff-548e-8631-f65141934966,complete_onboarding,in_app,2026-04-05 09:51:36+00:00,2026-04-07 06:51:36+00:00,2026-04-07 07:48:36+00:00,,
a5bd56bd-e0fe-4051-9438-8a1e8b219e53,4b63aa4b-f3dc-5848-bf84-7f479210097c,complete_onboarding,email,2026-03-26 16:01:10+00:00,,,,
335a18cc-bc10-4d19-ac62-573dd181c91e,5396dcf4-e082-557d-a49a-11b6f4ea24d8,complete_onboarding,in_app,2026-04-30 21:23:23+00:00,,,,
a38ca2e3-cb31-4d44-b75a-a3eb4b42f319,cb0572f1-920c-516b-8ff5-f6c917c29ad8,send_reengagement_message,in_app,2026-05-26 04:00:33+00:00,,,,
3a2f128e-2c49-4f14-8f02-b918a7221888,3a0d61b3-ee3a-54ef-a8c2-d0241130c950,send_reengagement_message,push,2026-04-28 17:36:55+00:00,,,,
41fbf063-d370-4ef2-ab4c-aede15a44752,a7b4594e-faeb-525e-aa90-1bf390499411,complete_onboarding,in_app,2026-03-08 22:24:07+00:00,,,,
f56edfaa-172f-4db0-980c-a8a8b45d81d1,a895356c-877c-50f5-8bbf-91ce55b7a84e,send_reengagement_message,push,2026-04-29 13:05:38+00:00,2026-05-01 09:05:38+00:00,,,
80fcc628-7f99-4c34-ab5a-58ea32b9e1cd,0e4cdf2d-05e0-56cf-962c-e9af96176a87,send_reengagement_message,email,2026-05-26 08:39:58+00:00,,,,
18baba53-6d54-4f10-b6a3-87a44463e1d9,71adf038-857c-5475-a239-424f3890fd48,complete_onboarding,in_app,2026-05-14 05:56:09+00:00,,,,
de173478-5025-433b-aa30-5cc331ffb6f2,9960fa13-f39f-59f0-a38a-b5e8127cfd1f,send_reengagement_message,push,2026-04-22 16:06:51+00:00,,,,
a1969932-bac4-4f77-b34e-3f266e12e61c,6328f395-b6ca-59b2-b3cb-b470b34d6af2,complete_onboarding,email,2026-03-17 08:36:51+00:00,2026-03-18 07:36:51+00:00,,,
a71eee7e-e504-4e77-8103-52bb0d2393a1,d53ed081-f3ef-5e39-92c4-34c1e39e4392,complete_onboarding,email,2026-04-15 11:30:05+00:00,2026-04-16 13:30:05+00:00,2026-04-16 13:32:05+00:00,,
6c96af60-889a-4fce-a192-adc3461e3ea8,4e8721cf-09f5-563d-b6d4-792ae568cc39,complete_onboarding,in_app,2026-05-03 07:38:43+00:00,,,,
b06ebde8-9264-4b1b-96d9-c56dcf813854,dfd51a07-b439-508e-b22b-3fdae63ef678,complete_onboarding,in_app,2026-05-11 04:55:40+00:00,,,,
50f7f437-ed7b-4deb-a2c2-df54703bf4bc,83977713-ae8b-5398-9d09-45267e2f6a50,send_reengagement_message,push,2026-03-29 13:41:50+00:00,,,,
7f66e993-9ff2-49dc-ba6a-8614f466ee74,95d23a53-f5e3-5513-8078-b91996761dd1,send_reengagement_message,in_app,2026-04-15 01:08:57+00:00,2026-04-16 17:08:57+00:00,,,
077395d9-b236-40bd-a6d5-666b78ed06f5,42267fdb-1025-5a94-9ffc-3752c53f33c7,send_reengagement_message,email,2026-04-27 22:59:09+00:00,2026-04-29 18:59:09+00:00,,,
9606d040-4e06-422c-b732-f6141ae66180,ab42e8fd-1e76-51c5-a986-635766441742,send_reengagement_message,in_app,2026-05-26 03:46:12+00:00,,,,
a757f189-0da2-42e1-ad0d-944339367769,125722c7-55bc-5b11-be75-a1a50735bfb1,complete_onboarding,email,2026-03-14 17:45:11+00:00,,,,
550c1026-4490-4c9a-89f4-1182caa3fa59,4d25d160-08b2-5b4c-8d89-a30ca28e9f65,complete_onboarding,email,2026-04-21 21:35:38+00:00,,,,
b03738b7-baf9-467e-b2bb-e7a49350e763,6e3f838a-38d9-5e70-aca5-f0f6be7bd753,complete_onboarding,push,2026-04-23 06:42:54+00:00,,,,
14f7d132-d949-414f-ad45-f20186e5d355,d19d9bda-adc2-5fdc-b27c-6651ef988592,complete_onboarding,in_app,2026-04-28 15:52:12+00:00,,,,
0329ceff-083c-4e4f-89ec-1ab15bd755b2,b50dcc6e-3d5c-5716-8746-3f4b997c968e,complete_onboarding,push,2026-03-25 04:03:11+00:00,,,,
22bd9043-20ef-4a9e-8081-7b51be8ac521,56e54314-c6b2-57d4-9bdc-c91886cb9ad2,complete_onboarding,push,2026-05-03 02:17:22+00:00,,,,
e03e2858-e889-4565-b3aa-46d94bef9e91,787465ca-7f04-52be-89f3-346379699190,complete_onboarding,push,2026-04-04 21:09:34+00:00,,,,
97914ab9-f69f-4b28-85ee-4d1f1835546a,1a825e70-05e8-5997-9c86-c54ed711279d,send_reengagement_message,push,2026-03-30 05:32:52+00:00,,,,
a837c76d-85df-433f-9d71-91122b94efef,e41f95ce-31ca-53c5-9489-6dfa9f350c10,complete_onboarding,in_app,2026-04-01 07:03:28+00:00,,,,
165954f4-339c-4142-b106-03b20b409395,5657f52b-5f52-52ad-94ae-bd817a78d7d1,complete_onboarding,in_app,2026-04-11 23:30:34+00:00,,,,
46690b06-6bee-408c-8eaf-9dbb59c94899,ec49de80-6436-5296-ae90-4acfcb341979,complete_onboarding,push,2026-03-25 06:33:13+00:00,,,,
9683bbfb-644d-4c0e-a775-c565083440c3,fa1c04a0-94bc-50fe-8957-87db4f9d95eb,complete_onboarding,push,2026-04-07 21:26:57+00:00,,,,
1ebadd64-683a-4a51-bc2d-3b84a59b1e24,f59541a4-931b-5ed6-9236-7c81ee3d5643,complete_onboarding,email,2026-04-05 12:43:02+00:00,2026-04-06 04:43:02+00:00,,,
5fab69a8-866f-450c-9d1b-0ac7b9396546,2167eead-1ea1-570d-802a-726c22881d99,send_reengagement_message,push,2026-04-17 13:20:36+00:00,,,,
f90cc139-d535-40d7-aa51-fb773b6463b4,c2fa8442-cafe-57b7-9a42-c23669dad508,complete_onboarding,push,2026-04-24 00:57:17+00:00,,,,
50551126-63d0-4ab4-babe-af0ae2d8f0ff,8b384cda-cd0f-50c9-839f-8c2b97a2c4cf,send_reengagement_message,push,2026-04-16 01:52:32+00:00,2026-04-17 18:52:32+00:00,2026-04-17 19:29:32+00:00,,
d7a5bca4-6c8d-4a80-a52a-982287025c2a,59bcce5c-50c7-5663-9118-e21299976017,complete_onboarding,in_app,2026-04-28 20:07:59+00:00,2026-04-30 06:07:59+00:00,,,
83f6df5b-0592-4639-8656-7bb77c71766a,9e1d9cca-c211-588c-b4ef-1e2a61be2228,complete_onboarding,in_app,2026-03-24 07:24:43+00:00,,,,
b7e859c1-5852-4ddd-a705-b3ded14ddd82,3dbd3406-4674-51e4-bbfc-229f69acd51c,complete_onboarding,email,2026-05-05 16:14:01+00:00,2026-05-06 17:14:01+00:00,2026-05-06 17:54:01+00:00,,
d2e3158c-4110-46ca-ac2b-2145efe37cfd,1b84eb75-7679-513d-b25e-02e8bd15919b,send_reengagement_message,in_app,2026-04-20 04:31:04+00:00,,,,
2e6fdcc5-3976-4a70-bbe3-10a226cf4d97,c5afbb99-11a1-5d53-891b-ba2bb6621d1a,complete_onboarding,push,2026-03-17 08:18:10+00:00,,,,
07d095e1-b584-4e6f-9453-ca825e88d7ff,cacc4571-163f-5de1-89f4-e4d7c955b0af,send_reengagement_message,email,2026-05-20 15:09:42+00:00,2026-05-20 21:09:42+00:00,,,
2642db5f-23f7-4814-b388-1f554747dc9c,d301fd12-9e77-51dc-bd4e-d00b6c26dc05,complete_onboarding,in_app,2026-05-06 04:12:16+00:00,2026-05-06 19:12:16+00:00,,,
0ac079a5-97cc-4874-acba-b3077c062f53,b4accef6-3603-52fd-9c10-7684ad389d1e,complete_onboarding,in_app,2026-03-21 15:02:18+00:00,,,,
358ec76c-d422-4dad-8a72-7b2de6c6a854,e3ced2f5-4b89-51a4-857b-b4dd83c3fbad,send_reengagement_message,email,2026-05-06 13:06:33+00:00,,,,
a36bdd7f-a0a9-44ef-8520-1fc4e4cfb045,3a006604-ffda-5f90-a50c-5ff20a68da8e,send_reengagement_message,push,2026-05-04 15:07:03+00:00,,,,
117ed450-93e8-4b67-9781-89ed9b39da81,503fcffb-19b5-5f6d-8213-d8268df5a871,send_reengagement_message,email,2026-04-04 05:33:00+00:00,2026-04-04 11:33:00+00:00,2026-04-04 11:58:00+00:00,,
f4d41f42-df7d-4af1-845f-57b8c855c5fe,5dc24b80-f65d-5122-b4b4-8f12a76596e7,send_reengagement_message,email,2026-04-26 04:30:14+00:00,,,,
00d96667-7de8-4984-ad2e-9bd78e8ecb8e,b322de22-e11d-5f66-9381-a629c83c5449,send_reengagement_message,push,2026-05-12 21:01:50+00:00,,,,
bb4d6de7-83f1-4ddd-ad0f-4d86e72d7aff,8e382ae5-510c-5a1d-8d12-1094e6c97ce2,complete_onboarding,in_app,2026-05-12 17:33:36+00:00,,,,
d466057a-872b-4d1e-9e49-c357ef91065e,4c0b42f5-d7c7-5a0e-af76-65c6209e272e,complete_onboarding,push,2026-05-04 11:44:07+00:00,,,,
db075308-9c6c-451b-aafe-ee325acf789d,28b3e41c-7e1c-5eba-ac18-8aee68f8ed3b,complete_onboarding,in_app,2026-03-13 18:00:43+00:00,,,,
5dbc1e9f-69bf-48f3-9c1f-68d3dc4c08e0,ecff9d76-915f-52ce-9d6a-241abac2a27a,send_reengagement_message,email,2026-04-11 09:21:31+00:00,2026-04-13 02:21:31+00:00,2026-04-13 02:45:31+00:00,,
245efb29-3990-431a-8179-f7371d375549,edbcfb88-ea98-581b-8d44-1a295b698a61,complete_onboarding,push,2026-04-06 03:11:37+00:00,,,,
c5cdd602-e6ce-4f32-86c5-0722974bfe71,00c34c21-61ed-5865-ac89-2845d1a219d2,send_reengagement_message,push,2026-04-05 09:23:39+00:00,,,,
18d22fd7-a455-4467-8dc9-a0aa7450977e,1c023b9f-a977-5c23-bbc5-3dff38245880,send_reengagement_message,push,2026-03-26 14:16:11+00:00,2026-03-27 11:16:11+00:00,,,
ab289d4d-54c2-47b8-9cf9-4dd0712bb78e,916ec2c9-1c1d-5ae2-a0d8-de915a7110e7,complete_onboarding,in_app,2026-03-10 06:14:46+00:00,2026-03-10 08:14:46+00:00,2026-03-10 09:11:46+00:00,,
b7bbe9bd-6889-4efb-b020-9006681829a2,5062dc68-1f3c-5cb3-8e12-0850a214e9f4,send_reengagement_message,email,2026-04-15 09:19:38+00:00,,,,
fb8df754-4335-4681-8afa-28f2000d906e,186d085a-6a66-5903-ad83-5f94a342d320,send_reengagement_message,in_app,2026-05-17 14:17:16+00:00,,,,
d65360c4-bb54-41c8-8a98-969bc19b8e14,53cc3a72-8e26-57c2-b59b-c7c8a4bca475,complete_onboarding,in_app,2026-03-19 05:33:45+00:00,,,,
b2ddd464-f53c-4718-990b-04bd986c4141,b307ae9a-e510-50dc-a2a0-44d429524267,complete_onboarding,in_app,2026-05-14 02:46:49+00:00,2026-05-15 08:46:49+00:00,,,
4c3e5f4f-999f-4873-8c02-368c0e63a9a6,9a49edeb-e022-580f-9661-715ba6843e2d,complete_onboarding,in_app,2026-03-25 14:21:41+00:00,,,,
e3459506-af33-4d24-b35f-9b49f6df00c6,59cca7b2-02eb-5350-9c64-2d985467e4cc,send_reengagement_message,email,2026-03-29 02:19:17+00:00,,,,
6ea34b79-b494-4a4c-a0a4-e0708e57608b,63f86eb8-a302-555b-86be-48ad63b2a7cb,send_reengagement_message,email,2026-04-18 03:34:34+00:00,,,,
a665e4de-06c5-4a3f-8c84-59b2ba2f2095,31f76c52-a8ff-5a80-b63c-61ed869a9f70,complete_onboarding,push,2026-04-27 14:48:18+00:00,,,,
485daeee-a5ed-4ad3-ba2f-4cc18fc2da7e,113d5c97-6226-540f-ab3c-0b1eea2b1558,send_reengagement_message,email,2026-04-02 08:36:56+00:00,,,,
6dbbeb17-b530-445e-90ea-6efecfce2c15,ab34882f-f5be-52f9-b72b-e39a1b374515,send_reengagement_message,in_app,2026-03-30 23:00:12+00:00,,,,
580d2c58-c9a1-4bf3-93f2-c4d352a34879,2a44440e-2f0b-5338-b07f-c46566db9c74,complete_onboarding,in_app,2026-05-04 14:30:46+00:00,2026-05-06 09:30:46+00:00,,,
0908bca3-9417-4941-b435-2e5bb9aed1e5,a873c06e-e917-54b9-b34d-ffdbb2422abd,send_reengagement_message,push,2026-05-05 20:34:18+00:00,,,,
b905d82e-5859-4bdb-ba70-9c6ada267781,fbe8669d-903c-5823-a69d-101d56015e56,complete_onboarding,in_app,2026-03-30 16:24:49+00:00,,,,
535fd66d-e74a-4ed8-9039-7740bce92f3e,0866bb05-db28-55fd-8775-a917a4766bc7,complete_onboarding,email,2026-04-28 04:03:37+00:00,,,,
8411cad8-acdd-4b5d-ae83-0071ba644dd2,77e6fdcd-c8e7-596f-b944-d89cdbbf01df,complete_onboarding,email,2026-05-04 06:12:09+00:00,,,,
23573d97-d5f4-4a71-84e8-03ec3f5adf3d,ca695e52-4877-5c8d-b9a7-1d902aa0a513,send_reengagement_message,email,2026-04-19 18:50:31+00:00,,,,
15dd5b90-098d-4a1c-ad9e-b48493613b99,cb6c5b8e-a44c-58ba-9af7-18986afea72e,send_reengagement_message,push,2026-05-03 17:18:59+00:00,,,,
0e45c175-23e8-4429-8d3e-4fe3039cde0e,752c509d-4b3f-5c0e-a1db-bc49614633f7,complete_onboarding,push,2026-03-07 18:06:27+00:00,,,,
38926396-cf0a-4b50-91a8-7214eceb2d40,de4874c6-b40a-5eaf-a607-568453844ccd,complete_onboarding,push,2026-03-28 02:57:18+00:00,2026-03-29 00:57:18+00:00,,,
40b8f833-84dc-4012-a6cf-bed26c177549,4e7fe682-f1b9-5d5b-ab55-fea438029da9,complete_onboarding,in_app,2026-04-17 01:37:59+00:00,,,,
7f8ec4d3-07ef-4802-8397-f421380d975a,ced95f64-0727-59d9-8b2c-78db27c138a3,send_reengagement_message,in_app,2026-04-08 14:23:54+00:00,,,,
f4438aa4-f94e-4093-b127-c06b528e63ae,2a4932b9-1c27-568e-9bf2-3f2ca5fe0b1c,complete_onboarding,push,2026-05-14 09:30:02+00:00,,,,
974df8a3-9b63-4166-b303-88a25541865a,f1a5916d-095c-59ba-8bc0-76f4de83e0cc,complete_onboarding,email,2026-05-13 00:12:45+00:00,,,,
745ec2d8-60f7-43f4-a77d-0be508298ef8,65981dd6-3e92-5dab-875f-01fa709768a5,send_reengagement_message,push,2026-04-12 18:36:51+00:00,2026-04-13 07:36:51+00:00,,,
b4b2d192-78c8-4f84-8f25-9cdcb406166a,857ab538-898c-58b2-bce7-62b5ed6a4106,complete_onboarding,email,2026-04-03 08:22:36+00:00,,,,
33a24c8c-10a3-453d-991c-148f69dcc35e,3d3cb328-f6fd-51a4-8f4a-49d8b7bbc141,send_reengagement_message,email,2026-04-08 01:47:50+00:00,,,,
70cf71d4-c5dd-45af-aee5-45a875d37e11,30e3626b-e3a7-5e1c-9aff-9d688b8e0106,send_reengagement_message,push,2026-04-03 13:13:15+00:00,,,,
60088cd3-836b-404f-b2fc-5536eff49840,f6b3d499-31e7-5ecb-8587-ce3d50ee5c7f,complete_onboarding,in_app,2026-04-02 23:24:35+00:00,,,,
b0438d7c-0953-4971-8744-5b9bb595e660,5860ade3-d0fe-5a68-ba82-db45a2ad64d4,send_reengagement_message,push,2026-05-03 07:30:10+00:00,,,,
34787fe9-df28-403f-9d21-f42600244abb,4d310b7e-1514-5e30-a894-818db6780201,send_reengagement_message,push,2026-05-07 05:12:52+00:00,,,,
52d83e94-ef67-4410-9988-e347f263eece,caf0f00b-6c38-54c7-a6bc-82caa30db3fd,send_reengagement_message,email,2026-05-06 03:42:46+00:00,2026-05-08 02:42:46+00:00,,,
dc28d7da-c6f7-4eef-af4d-2b5e6f9dcf38,c0ae3932-f387-548f-a44f-814bf77eb98e,complete_onboarding,email,2026-03-22 06:40:12+00:00,2026-03-22 23:40:12+00:00,,,
5d29128e-b86d-40e4-8c54-3e6765ce2c19,dde29310-740a-55b0-9b32-fd8a051c21d4,complete_onboarding,push,2026-04-30 16:00:00+00:00,,,,
fb748660-ac9b-4a2d-9b25-91234f1d9619,fce756ba-bfd3-5dfa-84ae-25ec828727f5,complete_onboarding,in_app,2026-04-23 17:32:09+00:00,,,,
a5a4687c-b9fe-48b4-828f-e36153aa2719,ad9b32d0-09c7-58e9-8563-d3d79864c6a8,send_reengagement_message,push,2026-05-16 23:05:20+00:00,2026-05-17 07:05:20+00:00,,,
6ee3acd4-3e41-4d13-9acd-3121a8da2a31,3460a1b0-e84f-5543-882e-760280ba13cb,complete_onboarding,email,2026-04-08 06:45:56+00:00,,,,
9ae48a4d-edc6-46db-a8bb-619a9163b4af,f6a26969-bfbd-5dec-9a35-06331cec3d5c,complete_onboarding,in_app,2026-05-07 14:02:54+00:00,,,,
0ed24da7-3e29-4f2d-afb7-785147605e0b,ddc2799c-f2e6-558c-8452-f707dd3b0e87,complete_onboarding,email,2026-04-02 21:36:16+00:00,,,,
ffa02459-9948-493d-9285-1495469bea73,a2158580-6f36-5613-946f-3a8a33867463,complete_onboarding,in_app,2026-05-01 14:21:33+00:00,,,,
cebbbe92-f146-4fe3-bfcb-279602503ef1,12a8e815-3acc-56fa-a347-e390956f2719,complete_onboarding,push,2026-03-21 01:02:38+00:00,,,,
1538e98a-330e-4f1d-9200-dc5c791e4225,ad2e6ab3-9457-5b9f-95f9-75d9f33910b2,send_reengagement_message,push,2026-04-12 01:28:26+00:00,,,,
dd01f68d-10fd-40a9-92b4-7d7b78e2e27a,7e4e1bdf-33e5-5f37-94ec-909f83737dc2,send_reengagement_message,in_app,2026-05-01 08:17:21+00:00,,,,
545f775a-b42c-4273-bf14-89cf7ead3299,8eeeae4d-e0a9-5934-925f-5e527ae67bd8,send_reengagement_message,push,2026-05-03 08:31:57+00:00,,,,
50d978d2-2dc8-402f-a8d5-f0ffff09faf5,43770853-ca2c-5455-ad44-6f6c4684fa98,complete_onboarding,push,2026-04-27 11:43:59+00:00,,,,
62c83a60-9650-4e4c-8719-6b8ff8a79351,20d39fc7-6bf4-51a9-b7aa-eb440b5effd5,send_reengagement_message,email,2026-04-15 12:30:50+00:00,,,,
6df9c7f6-1c80-4e1f-8abd-edf40aef410f,4b49771c-c826-5bb9-9de7-d64515df07fb,complete_onboarding,email,2026-05-06 05:06:31+00:00,,,,
3d8e22ce-9b08-4c31-9e1f-d9b4e18edb1f,a60cc016-37d0-5e9e-9562-a5017e947b8c,send_reengagement_message,push,2026-04-17 18:07:27+00:00,2026-04-19 10:07:27+00:00,,,
68815c2f-ef27-46be-9c72-ca643eb3e242,ea80e1b3-576f-5eb9-a181-1d6d58f64826,complete_onboarding,push,2026-04-12 20:36:26+00:00,,,,
cd662e1e-049e-4665-9572-fe257b4453ad,7a8be8ee-1dcc-5a60-b393-cb9e247da064,complete_onboarding,in_app,2026-05-10 07:17:58+00:00,,,,
7a85dcc1-09ce-45c6-a4d5-31f3d948ac54,fd6175db-bf14-5224-b303-e45b59bf7a0b,complete_onboarding,in_app,2026-04-13 05:14:56+00:00,,,,
7ce3acfa-f985-45f3-9fad-87e8e87e5875,a3850449-d588-55ea-87a3-dff37084a821,complete_onboarding,email,2026-04-23 01:13:09+00:00,,,,
2edb24dd-dbc3-4bb3-a6b1-6c683a83cf1e,ce4dbcd7-e1d7-5f3d-ad8a-9338037c8e9a,send_reengagement_message,push,2026-05-12 16:40:56+00:00,,,,
7987d348-128d-41ed-9adc-e399f767b1ae,ce4dbcd7-e1d7-5f3d-ad8a-9338037c8e9a,send_reengagement_message,push,2026-05-27 16:40:56+00:00,,,,
23c01f8a-584f-4bbf-83c9-9b3679a0367f,697dbd32-0cbe-5890-bf6d-45713e06835c,complete_onboarding,in_app,2026-05-13 05:55:17+00:00,,,,
a214a6e4-d297-4189-a8b2-c3075ff12f3c,91652e6c-84ca-51ba-b6f4-2536ca1679bb,send_reengagement_message,email,2026-04-29 11:01:04+00:00,2026-04-30 04:01:04+00:00,,,
213142aa-8100-4e12-805a-9bdee5534454,b3b54182-4668-5cd5-af0c-542681c89284,complete_onboarding,push,2026-04-04 18:24:24+00:00,,,,
ec355493-b201-4b98-986d-29a104a9f82e,d3122039-eae8-57d1-9036-3fd4663e3581,send_reengagement_message,in_app,2026-04-08 14:07:01+00:00,2026-04-09 20:07:01+00:00,,,
a082c05d-e8da-4488-a071-e724f45b0542,aa20abb9-3ada-552e-9017-94cb2ae1bb78,complete_onboarding,in_app,2026-04-13 01:59:46+00:00,,,,
88a8d393-41fa-4883-8855-518595cbeb54,2c545b45-20b6-555e-8dfb-7399944583d8,complete_onboarding,in_app,2026-05-09 08:46:05+00:00,,,,
1e3030bd-4299-4356-accf-1e2c758792e4,e5872b3c-ec5f-52f3-8bd1-d646963758fa,send_reengagement_message,email,2026-04-28 14:39:46+00:00,,,,
8a45e8bf-6dde-4685-bb38-162073e0dbc5,7346c342-b968-5831-94d4-647fbe22edd1,send_reengagement_message,email,2026-04-19 01:04:45+00:00,,,,
8e35e3ba-2d0f-4245-a2a6-1ee4b5dcd31f,8228e2a4-fe04-5b73-b40f-57e2cbc529c7,complete_onboarding,push,2026-03-14 09:40:01+00:00,,,,
8c253996-7346-4dc5-8b90-8c42eb8f4bec,4eb21245-5ef5-55a4-b778-e7ef3961f667,send_reengagement_message,push,2026-04-21 21:23:48+00:00,,,,
c4ace572-0d6c-4339-98d4-7512c235d4c5,8ce188f1-751d-5aec-b0ec-cfc6a14b64ba,complete_onboarding,email,2026-03-23 07:58:41+00:00,,,,
72856f72-ddfe-481b-ac35-ac2bfd00ce2d,8b8fc6cd-75fa-5650-8d03-f3e3f3971e96,complete_onboarding,in_app,2026-05-13 09:26:16+00:00,2026-05-14 18:26:16+00:00,,,
723115e9-e12b-48fc-b1fe-892d44356d01,120469fb-2457-5650-bc62-57189787bb20,complete_onboarding,in_app,2026-04-12 09:45:55+00:00,2026-04-14 07:45:55+00:00,,,
1a2523f7-deb2-4cfd-b1c8-0b6d91965335,ba221d15-e405-5b10-8f23-d9760973295b,send_reengagement_message,in_app,2026-04-04 10:50:59+00:00,,,,
993ed52b-b615-44d2-841a-e174180f04c0,4695c4b2-a52f-50bb-aa69-5f9bff2fbd66,send_reengagement_message,email,2026-03-30 15:34:17+00:00,,,,
d0a25bfb-ae55-4d4d-a4a0-c8b6c3e488c7,73a1b95e-838e-5185-87a9-0b2440c4af2e,send_reengagement_message,email,2026-05-23 16:49:51+00:00,,,,
7b5ecd00-9aa8-49ff-8140-e94d347fe5f4,21d08898-fce9-56bc-b99f-4b3be1ccff12,complete_onboarding,in_app,2026-05-10 06:30:02+00:00,,,,
4b1beac5-14e2-4b1c-a576-e1a4ea90d66d,d3543d8e-1ca4-5c5a-ae97-77bbd14dd4c1,complete_onboarding,email,2026-04-28 15:32:00+00:00,2026-04-28 16:32:00+00:00,,,
a7f0f289-39d9-4ddb-a0d0-91525a819aad,5eac1543-a8e5-512c-81dc-831f6c80a382,complete_onboarding,email,2026-03-15 13:05:05+00:00,,,,
b88d38f0-9ccc-48b6-bd71-9f9de7d1ffe5,01ad888d-76af-5fcd-868e-c133d42f582d,send_reengagement_message,email,2026-04-01 18:45:37+00:00,,,,
a571910c-2932-406f-8a5e-2e8fc6ccebb7,b5049e99-06e6-5591-a8bd-389910927ea3,send_reengagement_message,in_app,2026-05-16 19:52:54+00:00,,,,
de14ae7f-50fb-40e9-932c-d75ac7414e70,644c1570-4bfb-5c06-8039-6d28075c6d69,send_reengagement_message,push,2026-05-17 19:22:18+00:00,,,,
435c4d81-ca5b-42c6-8a37-6a93185a48ac,06057e3c-3f5a-53eb-ac9b-20cb824a868f,send_reengagement_message,push,2026-05-22 19:28:33+00:00,,,,
046bdeaf-39e7-4c8d-9850-674488cf0829,c4288e4f-f306-5141-a91a-674b08db648b,complete_onboarding,push,2026-03-13 16:31:23+00:00,2026-03-15 14:31:23+00:00,2026-03-15 15:05:23+00:00,,
60e251a7-1688-40d6-8e21-752a392a0601,3f04e5df-8835-5d1e-9fb2-e0c10b034bbd,send_reengagement_message,email,2026-04-05 13:43:17+00:00,,,,
ee7bac69-8f62-449c-97ed-2f1ea33d83d2,77fbb359-339b-5e63-8ffe-8ee4007ce05c,send_reengagement_message,in_app,2026-05-27 02:51:36+00:00,,,,
86b4e920-ae51-4aeb-bcbf-9c35834220f7,8482ce19-fefd-5d1e-b4c1-9aadb7dc2749,complete_onboarding,push,2026-05-10 02:00:01+00:00,2026-05-10 19:00:01+00:00,,,
403e927b-dce6-479c-a55a-04ea45e9918e,2a6ec322-aae7-503e-aec8-8d732ef33934,send_reengagement_message,in_app,2026-05-15 01:45:37+00:00,,,,
5b7ffd3c-3d99-4ff9-b704-6d03c4de6a5d,a6864e95-998f-5eb8-8f7e-ad1866507130,complete_onboarding,email,2026-03-14 07:35:56+00:00,,,,
98ce7801-9e49-4c58-a035-0a9f9d067d3f,0f65b41c-06f6-50d2-8eb5-84b87525558d,complete_onboarding,in_app,2026-03-11 17:38:09+00:00,,,,
f9d61d07-bf97-4e62-bef6-64e090d2e407,761c0045-855d-5954-b810-8eed1c0603b4,send_reengagement_message,in_app,2026-03-29 20:03:06+00:00,,,,
7ee3f2a6-2e91-4d30-b80b-8ad924b6c8d3,2aa93e22-22b0-5a31-9f07-307eca2bcf50,complete_onboarding,push,2026-04-23 17:41:54+00:00,,,,
70fc8bee-999b-4aed-a200-01553dc68364,d0c72c1d-cac3-5908-b46f-034aeaeba2ed,complete_onboarding,in_app,2026-05-04 08:55:16+00:00,,,,
0e3b8338-3d57-4047-835a-46ba2e177fdd,7381f247-a1cf-5736-b4a5-5008aa9671df,send_reengagement_message,push,2026-05-08 13:58:35+00:00,,,,
8b8fed0b-62a2-4e31-90bd-ea62ca3a2572,4b1a0435-1214-5587-92e3-2e24d08dac60,complete_onboarding,email,2026-03-25 02:02:28+00:00,,,,
b5ac0f83-73c9-4355-9134-54ae59123ed2,5362c407-a0c5-5eaf-ad57-3c2db8cb21aa,complete_onboarding,email,2026-04-28 06:10:13+00:00,,,,
4fc0d7c6-12b7-4170-b914-451dacf74c0d,520d1a42-afff-539b-a166-44adedac0dbc,complete_onboarding,email,2026-03-11 01:55:09+00:00,,,,
0f386675-5a0c-4d1b-ac4a-d6a9fb104320,bf2a9791-d950-5c01-a3be-f70569bb3bf0,complete_onboarding,in_app,2026-05-03 03:29:43+00:00,,,,
de78a9fe-6d8f-46e0-aa6c-77f52a43c97f,6d0a1d97-3246-50f7-b25f-437baf0e5ca8,send_reengagement_message,in_app,2026-05-26 12:57:29+00:00,,,,
187a528d-1a84-4bcf-90c6-f14479e841f0,4bfbdae4-fc00-5b21-8570-39cfad5f582b,send_reengagement_message,in_app,2026-05-25 16:03:41+00:00,,,,
ec9cd900-572b-4470-bdf1-d41dd039d538,83f52073-68a1-5e21-aa3f-60d70b5c40c4,send_reengagement_message,email,2026-05-05 10:42:27+00:00,2026-05-06 03:42:27+00:00,,,
9b0cc4d7-56b8-4c9b-bb4f-a74faa1439d9,3eeee5b3-d3d7-53cc-8272-242c7fbcd9e9,complete_onboarding,in_app,2026-04-08 07:36:41+00:00,,,,
16a2bd6c-c0b5-4464-b073-adeec64ae762,1c197e30-6994-5d75-91df-45ed53573cd6,send_reengagement_message,in_app,2026-04-17 05:59:56+00:00,,,,
68ba2716-b653-4df3-b969-76a5c66de7b3,0f3df9ba-baaf-5692-b954-089f91ef7317,send_reengagement_message,push,2026-05-28 14:21:00+00:00,,,,
b6bb5919-012e-4c01-a800-4833e3ffcf04,15aaa42a-28e2-574b-96b5-1d13dd2595ed,complete_onboarding,in_app,2026-04-24 02:41:05+00:00,,,,
e07d13ce-7e33-4b26-99c0-aa8d82b0b756,89011a82-f524-5a0e-99fd-c2c811c7daf8,send_reengagement_message,email,2026-04-08 03:27:30+00:00,,,,
be2d461a-f99c-40bb-a82e-3d8d532e4506,a64ee589-749a-5833-bf6e-c403a0ec0909,send_reengagement_message,email,2026-05-31 00:44:40+00:00,2026-05-31 11:44:40+00:00,2026-05-31 12:21:40+00:00,,
27a14068-e5a7-4e6d-93ba-dcb88dcd6d7f,24f1b425-fd23-5f88-ac26-9c783819ab26,complete_onboarding,in_app,2026-03-11 02:02:34+00:00,,,,
4138bbe8-6a6a-41bb-ad06-3eecc5570fe0,ef90b83c-96ef-5a17-a182-c9c36d3c2758,send_reengagement_message,push,2026-05-05 12:56:08+00:00,,,,
fe0244da-a8be-42a6-8eee-548368354d46,e7474312-8b95-5b8e-99d8-5e424b76f1c1,send_reengagement_message,push,2026-04-08 03:32:21+00:00,2026-04-09 21:32:21+00:00,,,
20a7fdb3-42cb-42d7-bd41-96f24b231727,837630ad-b46d-5a62-b0aa-be7c8dcd811e,send_reengagement_message,push,2026-05-10 20:09:17+00:00,,,,
e40f4e39-19cd-4102-92ee-34d91e424d6d,54673f35-7fd5-5092-a277-43204af8d5de,send_reengagement_message,email,2026-04-23 11:21:07+00:00,,,,
8eb5c2f5-ba65-4251-8a86-477f311e9301,fc0085b7-2572-5b82-805f-e010bc15ed88,send_reengagement_message,in_app,2026-04-25 03:53:01+00:00,,,,
6cfad8b6-af1b-4c3e-b395-6734374ffd18,57da2784-b077-56e6-ad9b-8e9298fe358c,complete_onboarding,push,2026-04-22 08:04:28+00:00,,,,
2d60cac5-3211-4277-b8be-cb25aebc6a1f,2bc28725-751a-50ce-9b57-8e21786a0ca2,send_reengagement_message,email,2026-05-17 04:08:08+00:00,2026-05-17 13:08:08+00:00,,,
ebf47633-8b0a-42d7-8057-df13a12c1a77,68193b24-25ec-5c50-a437-7c80d300243c,send_reengagement_message,push,2026-04-06 05:21:00+00:00,,,,
35a8035a-350a-41db-aa61-69f98f5e432d,68193b24-25ec-5c50-a437-7c80d300243c,send_reengagement_message,email,2026-04-21 05:21:00+00:00,2026-04-22 21:21:00+00:00,,,
4ff54d91-29b5-42b9-8daf-dc5b3ad52990,abed1845-0072-5d57-b425-36ff90aca246,complete_onboarding,email,2026-05-14 20:08:12+00:00,,,,
55005d17-d0f6-4ca6-a8ee-e8cd582f44d7,1e824c83-7af7-538d-82f2-28f4987fd232,send_reengagement_message,email,2026-04-29 09:28:11+00:00,,,,
d46c8367-ba49-42fb-822e-53df1dcdfaec,c3babfb5-8dad-570a-82b2-dd35890861da,send_reengagement_message,push,2026-03-26 10:35:45+00:00,,,,
08822aa2-ad0a-4253-bcef-dc197b1172b6,fb832728-c5b6-55ac-8370-14af67d34662,complete_onboarding,push,2026-04-23 16:27:03+00:00,,,,
317df1e8-9fa0-4813-ba69-e29fd75ca3dd,fd9df83a-f2be-5be0-a5c6-befca5c72455,send_reengagement_message,push,2026-05-02 05:18:31+00:00,,,,
0f487a62-a1e5-4e5f-b9d2-aa889761ca35,39e659d6-5e52-58e2-afb2-d0c2341e02b4,complete_onboarding,push,2026-03-30 07:26:49+00:00,,,,
3c9bcaa0-05ea-4710-be3c-591c2971cabd,b6e65740-0075-5fe0-aa9a-2dca08678bf3,complete_onboarding,push,2026-04-09 05:09:26+00:00,,,,
dd6590b7-72e4-4245-87f5-4e7fd2f187e6,d92fcd39-bed8-53b8-980f-b9726a80eb78,complete_onboarding,email,2026-05-03 19:56:04+00:00,,,,
36593bed-a46a-4b49-a7fe-b86c5b575ef4,7f35c88d-4856-5768-b4e0-d9993a13995a,send_reengagement_message,email,2026-05-04 10:31:09+00:00,2026-05-05 16:31:09+00:00,,,
f52ac612-a371-4083-abf4-7b2c1ef8d0b5,a5bf5aa7-bd06-56e1-bf8b-88051a5d0954,complete_onboarding,email,2026-03-11 00:12:26+00:00,,,,
fd2991ab-877f-41b7-b014-6de82c759b66,58ffb9ba-c698-5eef-bf11-3f14ecbcfd74,complete_onboarding,in_app,2026-03-10 09:15:58+00:00,,,,
6d3c7941-1fad-473e-95b4-61aea79ee160,2922439a-1bf6-56b4-b28f-3dec5090b550,complete_onboarding,push,2026-04-09 06:16:31+00:00,2026-04-09 21:16:31+00:00,2026-04-09 21:47:31+00:00,,
da6c0a46-4fd1-4448-bdc1-c3e3035cf0c6,86415632-4c9f-56a7-9106-56e7d855f763,complete_onboarding,in_app,2026-04-03 21:28:53+00:00,,,,
91c02a24-8cd9-4de2-85b8-051899c4de64,31d6c992-a045-50b3-887e-9381db33ca05,complete_onboarding,in_app,2026-05-04 16:25:47+00:00,,,,
523957c2-035b-411b-bfea-481c61d8a775,9dff338f-1251-5efd-9df1-95012cbcf216,complete_onboarding,in_app,2026-04-16 05:24:42+00:00,,,,
7f60fff7-ae07-47a8-b050-6adc72e4af8b,3a960b2d-c246-5d98-b17a-9c9488c92f97,complete_onboarding,in_app,2026-04-28 05:21:47+00:00,,,,
9046ecba-8b9e-4307-b874-6432577cb350,d4c73f57-ee0f-5438-bbd7-56658978bf62,complete_onboarding,in_app,2026-04-16 09:04:35+00:00,2026-04-18 08:04:35+00:00,,,
7abcd583-bc8b-4a29-b8e3-137f0f211431,83d94617-3b39-5ec2-a0d3-77bf2d493317,complete_onboarding,push,2026-03-30 19:46:55+00:00,,,,
9e7a76b9-aa93-4e68-b969-be2a104d9ca8,2af9d353-0310-513d-8977-c145a7d285fa,send_reengagement_message,email,2026-05-07 21:05:07+00:00,,,,
45baadf4-3cd4-4024-b971-e5bc206d8610,33624085-2c20-5bc2-9298-d33a4bbaf16f,complete_onboarding,in_app,2026-04-25 16:40:38+00:00,,,,
551ffe3b-cbc5-4503-a16e-0520fa062377,2ef1616a-90f9-57ff-b739-873e0fec54d4,complete_onboarding,email,2026-03-20 01:22:58+00:00,2026-03-21 18:22:58+00:00,,,
7b8fce6d-15b6-481f-b96d-0d8621a1e4fd,a4a8d448-f569-54dc-b0a0-be80de29e271,complete_onboarding,in_app,2026-04-20 06:24:06+00:00,,,,
00e12373-6bea-435a-a361-3e6bb3a1271e,f7b6c8b6-2670-5979-9d67-6f9657aab757,complete_onboarding,in_app,2026-03-26 16:44:16+00:00,,,,
699b35c3-5f66-4afb-b0aa-adf0d5fc5316,3d473f9d-af63-5e9f-b2ca-c35b3e1bcb8c,complete_onboarding,push,2026-05-01 02:21:24+00:00,,,,
4dcfc1fe-6e37-4d41-988d-85e670c6a9f7,b3db0c1f-8f82-5965-a4a1-2b2b6102a10d,send_reengagement_message,push,2026-05-08 02:36:11+00:00,,,,
f7828068-ad47-4848-8a54-526025023fbd,6eb31f79-8b0f-597a-8ee3-4bcc176f8d12,complete_onboarding,in_app,2026-05-11 07:43:54+00:00,2026-05-12 19:43:54+00:00,,,
6f53c7e4-fc6c-4c82-9e1f-79a37a290bb3,fe8630be-a158-5d46-b914-4ebd31baed34,complete_onboarding,in_app,2026-04-13 02:06:44+00:00,2026-04-14 11:06:44+00:00,2026-04-14 11:50:44+00:00,,
8adc3d41-993a-481c-aa66-7e95843feb8f,2effabf2-d337-591b-9202-1300933e6a19,complete_onboarding,email,2026-03-08 17:37:40+00:00,,,,
1e11b1f2-c846-4ef3-ad3b-8bee9cf57a84,aa7cdefb-5108-5ba8-a392-e112c435f9c7,send_reengagement_message,in_app,2026-05-06 19:51:39+00:00,,,,
97b2e64c-9c9e-4463-a888-5dc0ca884f17,b612f2bc-9815-5809-ada8-635c34cda299,complete_onboarding,in_app,2026-04-29 15:51:55+00:00,,,,
f2d6407d-28da-43b5-abc9-cc39d916c13b,d825b08d-83fc-5a61-a55a-78d6af4515e7,complete_onboarding,in_app,2026-03-13 23:34:33+00:00,,,,
3248fbf1-593c-4401-bd3d-b3be6bdff771,8c60f2eb-9b58-5adc-8180-fbd67eb0a09e,send_reengagement_message,email,2026-04-02 05:13:05+00:00,2026-04-04 01:13:05+00:00,,,
c4988101-c256-4cc0-b45d-6e9b91649853,47c33055-31ae-58c4-a6a4-14b3106ecd76,send_reengagement_message,push,2026-04-13 20:20:49+00:00,,,,
9721cb7f-93fe-482c-a4fe-198e88817688,d8fbdaee-01c2-58d7-8e71-7d59c190f10d,send_reengagement_message,in_app,2026-05-23 06:04:21+00:00,,,,
610a71e5-b1fa-437e-9920-eb97287a2557,3dfcfa72-bf50-5c27-8594-db8b9388ab95,send_reengagement_message,in_app,2026-05-01 09:22:25+00:00,,,,
ce72ff50-d38e-410b-8881-106f022e9b16,62493a67-d273-5c16-9e9f-37467a2b7bef,send_reengagement_message,in_app,2026-06-01 08:59:02+00:00,2026-06-02 13:59:02+00:00,2026-06-02 14:09:02+00:00,,
a7c44a6d-7e3d-43d1-97f5-18cc9e19a695,e873f05c-dca1-556d-9a79-8b9ab9bf80c1,send_reengagement_message,email,2026-05-25 05:39:59+00:00,,,,
d30ff4cf-6541-4f2b-98bb-54dd1695a389,fe90169a-9ae2-53fb-ab5f-e0c68410372c,send_reengagement_message,push,2026-05-03 06:48:15+00:00,,,,
cade3da7-8831-4ca4-a9c8-4991c97a8481,8d94a6bb-4626-52dd-8db0-74d60cab56aa,send_reengagement_message,in_app,2026-05-11 20:30:32+00:00,,,,
3e5edf9c-f11b-4517-ba4a-821cfba88dc3,7b53322f-3475-5fd2-a48c-7ef1298d9b56,complete_onboarding,push,2026-03-29 20:08:19+00:00,,,,
daaf4aae-6849-4067-9704-72333fd81449,aa3db1e6-5983-52f2-8235-934f017a9491,send_reengagement_message,email,2026-04-22 12:18:33+00:00,,,,
fe2f8c0f-5bbb-4f75-a8f3-4fb9aaa3dadf,19aee337-403a-53bb-a4e6-75535d7b3340,complete_onboarding,push,2026-04-16 20:48:25+00:00,,,,
8db47f43-64ff-4abd-acd9-fccc12b94059,72cb3c94-0e64-5189-891c-ff2a33032cc6,send_reengagement_message,push,2026-04-07 13:42:38+00:00,,,,
ed2ef470-70bc-4669-9139-d5aaf5c175ab,0d20833c-9e50-5601-92d9-1361438a800a,complete_onboarding,in_app,2026-03-22 07:11:52+00:00,,,,
8c33eeb1-9828-45d6-9f60-0468acd58ba3,06821d29-6d6f-5279-b48f-bc06e08f2ba6,send_reengagement_message,in_app,2026-03-27 00:49:47+00:00,2026-03-28 14:49:47+00:00,2026-03-28 15:47:47+00:00,2026-03-29 07:47:47+00:00,
d3c91076-5b0f-4781-970b-a36d328695d8,4e96da78-7220-5193-9199-cd78fe111426,send_reengagement_message,push,2026-05-15 15:31:52+00:00,,,,
33d21c44-0550-40a1-b233-7b2bbf1b1fde,82172a42-4b5a-5bba-9402-c1709632dabf,send_reengagement_message,email,2026-05-27 01:27:15+00:00,2026-05-27 23:27:15+00:00,2026-05-28 00:11:15+00:00,,
9a0448aa-b7af-4bea-bf42-da560b725edf,44210efc-2675-5a0b-b2d2-8b451416c116,send_reengagement_message,email,2026-05-22 02:14:30+00:00,,,,
bf84b7e8-8a08-486b-8a0e-438de25d517a,bce9cc67-837a-50fb-8c3b-63158349661d,complete_onboarding,in_app,2026-04-02 05:16:29+00:00,,,,
3de0646e-b895-40d6-a9fc-d3e735165554,675a4d1d-52e6-5383-ad6e-d785d61b67ff,complete_onboarding,in_app,2026-04-16 22:45:47+00:00,,,,
787a9e4a-5c44-48e6-aacc-fdef6270f0b9,f7d47eac-691f-504f-96d7-475fd09b8504,complete_onboarding,in_app,2026-05-12 07:05:29+00:00,,,,
e6b8cda6-cf44-45a3-8900-a1219b670257,8beb0309-337e-5bf2-8097-00757cecc180,send_reengagement_message,email,2026-05-05 19:17:46+00:00,2026-05-07 06:17:46+00:00,2026-05-07 06:25:46+00:00,,
68aebc99-83dd-49f3-8f88-b3db70cec331,ed5a0bf3-1f31-54f9-862b-58644ca25be4,send_reengagement_message,in_app,2026-04-15 09:59:22+00:00,,,,
eb0c54c6-5646-437d-8850-3a4ebbbc27f7,17d91a27-595f-5428-af61-d56090d7d809,complete_onboarding,in_app,2026-03-30 08:42:25+00:00,,,,
aef2ddf8-83c8-4dc4-b536-4a8743c7ae9f,1291dc42-83db-5107-8d99-5259bfb7c92c,complete_onboarding,email,2026-04-26 04:07:50+00:00,,,,
44b64268-dcb0-4db4-84d3-f575f589308d,7b338502-8476-5f1d-bfca-6b8dfb35f90c,send_reengagement_message,in_app,2026-04-25 18:59:23+00:00,,,,
28a2cd8f-3d88-4008-acbe-c0b70200dbcc,d82f453f-3007-52a6-ad5b-9c0096bd5250,complete_onboarding,in_app,2026-05-05 14:57:47+00:00,,,,
9410887f-911c-4af4-9419-414dda563399,96783bdd-6f00-5ca4-828e-aa669b4c7268,send_reengagement_message,push,2026-03-28 11:20:25+00:00,,,,
16f255de-c762-462f-bf55-9e9c37cc843d,60e9f81a-bd56-50d2-9fbc-3b0eb15500a9,complete_onboarding,push,2026-04-25 21:49:05+00:00,,,,
6437bb74-b0c5-4f1b-ba61-1845f1b70627,8d4ee774-d7e0-50d0-aa5a-61754f43914e,send_reengagement_message,email,2026-04-20 12:39:09+00:00,,,,
1299f337-448d-49c7-bd6d-f40f7604cb62,3965204f-8177-5bba-bebe-fb892d947573,complete_onboarding,email,2026-04-11 20:42:42+00:00,,,,
36fbdbdb-4a3b-47a5-bfa0-5936f2fb6d78,11fd0314-4ad3-5fac-ac56-f1e2c704b44d,complete_onboarding,in_app,2026-04-01 09:47:33+00:00,,,,
37932538-de1f-45af-853a-5baad8c6337f,bf52ae22-d93a-5bff-bb7d-aa04270fa6c7,send_reengagement_message,push,2026-04-17 19:06:34+00:00,,,,
891ac9b0-386b-4779-86ff-0d284f37e372,064ee10c-a04d-52e3-8c29-2d0b2b6c5897,complete_onboarding,push,2026-03-10 11:25:42+00:00,2026-03-11 17:25:42+00:00,,,
d2ba3dc3-9d06-417b-bdee-ff2d3c3cf54e,126bc5f9-b691-5ac0-9a2c-04e2cf003135,send_reengagement_message,push,2026-05-19 00:16:08+00:00,2026-05-19 22:16:08+00:00,,,
48fc8c51-d491-4486-8db9-abd4ecbb9d26,ae502b81-847f-5892-a9c6-2a2e9805085e,send_reengagement_message,email,2026-04-04 20:49:11+00:00,2026-04-04 21:49:11+00:00,,,
bed66d52-5807-4d54-b3c8-e848102e7255,09180f1c-7192-53fc-9358-21a4decc9847,complete_onboarding,in_app,2026-04-01 22:19:18+00:00,,,,
8067eb96-e602-4827-952e-22a96ddc2802,9a9c2521-f2ec-5878-b2f4-853b6f0cd1eb,complete_onboarding,in_app,2026-03-20 07:38:57+00:00,2026-03-21 09:38:57+00:00,,,
068e9983-c81d-4a11-85fc-7179944fae14,a0298fda-f2ad-55a8-94ec-715b0da6420a,complete_onboarding,email,2026-03-18 01:58:08+00:00,,,,
b6ea8380-c46e-4971-a777-906a8f2ce063,2a6444bc-d32e-560f-84e0-69eb89b3ede6,complete_onboarding,push,2026-04-01 18:19:22+00:00,,,,
f59d0af4-2d1f-4545-bfab-31881ec98df7,dd85c8ea-e5f1-58b2-8ad8-e5ca8605fb94,complete_onboarding,push,2026-05-09 09:28:33+00:00,2026-05-09 14:28:33+00:00,,,
07c2657e-56e4-4ef0-8f6c-af93ea5ab22b,411200e0-150c-51f9-a4fd-e702b5e5296c,send_reengagement_message,push,2026-05-30 03:30:05+00:00,2026-05-31 10:30:05+00:00,,,
8c4b150b-8164-4ca5-92de-c5f56d53d7c7,b79563d0-9d34-5b0a-8da1-5daeb1e04404,send_reengagement_message,in_app,2026-04-29 20:32:01+00:00,,,,
50e80231-7b38-4353-8653-472636d76abe,dba5891f-5732-5fb2-bae3-6f05912316c8,send_reengagement_message,in_app,2026-06-02 00:18:59+00:00,,,,
2a87d246-3048-4f8e-bd13-957b192b5a77,f1dba744-e084-5dd8-a300-10548b5973e5,complete_onboarding,email,2026-03-23 04:53:42+00:00,,,,
5391f85a-4c42-4741-9a98-b835e3dd1bd8,69c5661d-a082-5549-b0ac-b97a3c722dfe,complete_onboarding,in_app,2026-05-11 04:26:07+00:00,2026-05-11 16:26:07+00:00,,,
2da29b02-9760-45ef-9d5c-3d27e588f1f0,43148060-43f5-5f59-ae84-9e1a8fac15b3,send_reengagement_message,in_app,2026-04-02 07:07:19+00:00,,,,
a3f1bb0b-9a22-4288-b8c2-c2b5412ee089,6341a2da-606c-5fd3-befa-18b252283217,complete_onboarding,in_app,2026-03-22 14:00:51+00:00,2026-03-24 12:00:51+00:00,,,
26bbbc31-b4b0-4062-be67-596ec14c1a2b,c8cb0310-2460-5733-a01b-5870afc6af42,complete_onboarding,in_app,2026-03-30 08:14:01+00:00,,,,
f1fdd562-d1fa-4281-a5be-e62b27cc394f,0c79d8bb-4bf7-541f-9967-3497fc875fa3,complete_onboarding,push,2026-03-09 13:24:40+00:00,,,,
13f78dfa-d9a3-4f9d-b7c6-404b62c6ebd1,14413702-b1fa-533f-a20c-c53f75da7f0c,send_reengagement_message,push,2026-05-21 06:50:58+00:00,,,,
d0bd2abf-2993-46c2-b3f2-556afd298e9b,7712ab0e-0320-57c6-ab06-325cc001709e,send_reengagement_message,in_app,2026-04-21 10:48:55+00:00,,,,
f149b431-a966-4997-85f3-91d77d7bb645,5829e046-df81-5e46-aa3b-947fff333139,complete_onboarding,in_app,2026-05-03 17:03:17+00:00,2026-05-04 03:03:17+00:00,2026-05-04 03:42:17+00:00,2026-05-04 06:42:17+00:00,
c77e5bfc-2023-43f3-8c50-a5cdf9abd13b,5483f63b-3ec9-5a23-9b71-e35035bbb517,complete_onboarding,in_app,2026-04-29 07:16:09+00:00,,,,
33ab5da3-635b-49b5-82c5-e50ec1c03917,6aa9711f-3122-5a66-bb90-9a3bd2faf1b0,send_reengagement_message,in_app,2026-05-20 07:07:38+00:00,,,,
d960c86c-8428-4b86-834f-13875c6133cf,420a1377-b34d-514e-b46a-54f6f40256d7,send_reengagement_message,in_app,2026-05-20 09:16:44+00:00,,,,
c7b95e6f-35ce-4ab4-bbc7-9748e38185f1,21690091-e6a7-5327-8867-9c69f9f3dda9,complete_onboarding,in_app,2026-04-15 13:41:10+00:00,,,,
9c95e2d9-1802-4296-baab-2bb89f4b8414,93484911-8b27-57b2-a3d7-4b1d3540f41d,send_reengagement_message,email,2026-04-02 15:31:08+00:00,,,,
8218941b-6aee-46fb-a92a-b52373b1df6d,f1fee8ae-9af1-5c74-9fcd-ead72e180af6,complete_onboarding,push,2026-05-09 17:17:35+00:00,,,,
a489bdfd-be6f-4514-8248-0ea41532abc1,64083d44-9787-52b7-aefb-fe1f497aa38e,complete_onboarding,push,2026-04-17 23:56:24+00:00,2026-04-18 23:56:24+00:00,,,
ea2f86ba-3d00-4c72-b838-5a759ef90b83,d3304c2b-bab4-5c28-8f44-882d7d315d6f,complete_onboarding,in_app,2026-05-08 04:29:36+00:00,2026-05-08 07:29:36+00:00,,,
e812bff5-3358-4de1-99a3-2b343be53444,5bd2628a-4db9-5c08-863b-fd649085184f,complete_onboarding,push,2026-05-12 04:15:46+00:00,,,,
011617d1-b86d-4ea9-bc87-1a3458f4f759,4bee48cf-7bc0-5e53-a5fa-fb5f4444712d,complete_onboarding,in_app,2026-03-19 21:56:27+00:00,,,,
4ba3e0af-8618-421f-8ce1-b8507d206c81,c955e9e3-d038-5be8-8120-2480fad25375,complete_onboarding,in_app,2026-04-03 17:56:25+00:00,,,,
df9d30fa-5ee5-4c2a-8384-9daa5d843830,6e3a2465-20cd-54e9-b939-4d947ddde616,complete_onboarding,push,2026-03-20 06:46:11+00:00,2026-03-21 16:46:11+00:00,,,
c1f49e4b-cb1a-4dc3-9b8f-84efbba7e216,33abc3ba-be17-5532-8f64-cbc9adf166fa,complete_onboarding,push,2026-03-10 12:21:47+00:00,,,,
806beea7-5ed0-413a-a59e-a8e4aad7f976,d8b95549-6ac3-5a9b-a253-ebba49c65a23,complete_onboarding,email,2026-05-12 16:22:07+00:00,,,,
e56c9fe4-d641-4423-9258-c7ee301159d6,cb5351ac-ab48-5408-bdfb-a005973a803c,complete_onboarding,push,2026-05-09 16:59:20+00:00,,,,
e79f3a4d-5876-4766-958e-66b8176707ea,abe92dc0-0a0b-5de6-9ce3-ff13929067c5,complete_onboarding,in_app,2026-05-10 06:57:52+00:00,,,,
a5a5dcea-334c-4d7e-95e7-568ebffee674,7864ff8c-5510-5694-9210-7fbe2deee9f6,send_reengagement_message,email,2026-05-25 23:21:03+00:00,,,,
71990ff1-b463-45e7-ac21-6f14b54f4bdf,aa52319d-6ca7-5f08-a65e-f0f911943f6e,complete_onboarding,email,2026-04-20 18:22:07+00:00,,,,
ce3ea253-d62a-4d4b-ab7d-6bb61b2a3a49,142c0e1e-6877-55ec-b679-3737976c4bbb,complete_onboarding,in_app,2026-04-12 00:39:57+00:00,,,,
564f6cba-d1a6-4ec2-b900-de8a8b7a568d,2e015198-6662-50db-9e13-c586822adb40,send_reengagement_message,push,2026-06-02 09:52:49+00:00,,,,
d5375408-a73f-42dd-a3ff-d7f953742687,38fba538-eb4b-5c45-982e-6b06a7467c4d,complete_onboarding,in_app,2026-04-14 02:31:51+00:00,,,,
e906cf8f-5836-4fed-8775-8c0c726bbd43,0e3a94d8-dafc-5285-bd68-d1da08803670,send_reengagement_message,email,2026-05-09 07:51:57+00:00,,,,
143a77af-4b47-4275-99de-aadaf7adeca9,cdcff819-c557-5f9e-8ed7-a9678a5b9e73,send_reengagement_message,email,2026-04-09 14:38:34+00:00,,,,
9cd378d8-1f18-4439-9492-9c76420349eb,5396a87c-a0fb-53d2-b80f-a52f5361a6d4,send_reengagement_message,email,2026-05-16 12:32:54+00:00,,,,
dad022db-4ce1-4bb3-b8c1-5a9d6e773658,283d0b06-adac-5698-b385-c5e8c4a0c542,send_reengagement_message,in_app,2026-05-21 13:00:36+00:00,,,,
c2cee8c5-0489-4ce7-b4d9-9da16b25bb3d,cad1f21d-7064-5727-981a-b521acb20da9,complete_onboarding,email,2026-04-22 19:38:30+00:00,,,,
29de3da0-eaf5-4697-bdd5-f193d1a41dfd,4af9088a-6c10-5901-84d2-3aae2e2f0f78,complete_onboarding,in_app,2026-04-10 09:40:52+00:00,2026-04-11 19:40:52+00:00,,,
caeb7e42-e125-4a7b-b13a-bafaea5fb28a,e5357c36-ac8a-5be2-a0b8-aa675ebb2310,send_reengagement_message,in_app,2026-04-08 15:40:09+00:00,,,,
27b53023-c831-403a-85a9-74d61e4cea58,6449848f-be19-50f4-b061-403c904ec285,send_reengagement_message,in_app,2026-03-28 08:06:04+00:00,,,,
aa9e0bdf-8a59-4cfa-b149-38c2962c7c6e,0da31997-c497-5fc1-911f-ceccac73ceeb,complete_onboarding,in_app,2026-04-19 06:49:31+00:00,,,,
