user_id,signup_timestamp,acquisition_channel,country,device_type,user_intent_level,career_stage,marketing_consent,language,timezone,initial_plan_type
156b8969-f41c-5070-bf45-9fd3875e9214,2026-03-10 03:47:57+00:00,content_marketing,US,desktop,low,student,True,en,America/New_York,free
a8376540-000d-5855-b682-9aa197e52914,2026-04-26 09:40:15+00:00,referral,CN,tablet,medium,new_graduate,False,zh,Asia/Shanghai,free
a57fbc32-4b1b-5992-8e8b-6c615f3b8ea4,2026-04-18 03:58:12+00:00,organic_search,CN,mobile,medium,student,True,zh,Asia/Shanghai,free
ae13867b-fc5a-59ab-b810-ff986182d58d,2026-04-03 06:46:56+00:00,organic_search,IN,desktop,medium,early_career,False,en,Asia/Kolkata,free
6dfabb24-2054-5c13-8ef8-23c6a0a3f76c,2026-04-02 21:04:22+00:00,content_marketing,FR,mobile,medium,new_graduate,True,fr,Europe/Paris,free
7accd51b-5cc2-57d0-986c-14a0ea1d5337,2026-05-02 05:50:16+00:00,content_marketing,GB,mobile,low,early_career,False,en,Europe/London,free
e1ed019c-9f3f-5021-beb9-a98ac99f0bc9,2026-03-09 22:19:32+00:00,social_ads,IN,tablet,high,new_graduate,True,en,Asia/Kolkata,free
d77ed0c7-11d5-54cb-99c7-bb8a93d35702,2026-04-21 02:50:28+00:00,campus_event,CN,mobile,low,early_career,True,zh,Asia/Shanghai,free
502708d1-80c1-5f09-b8d5-9234ec96a4e5,2026-03-17 21:37:59+00:00,social_ads,IN,desktop,high,student,False,en,Asia/Kolkata,free
2a68e4e1-34d3-5855-ab5b-60f01584a0cf,2026-03-10 11:57:26+00:00,social_ads,CN,desktop,low,early_career,True,zh,Asia/Shanghai,free
f4828567-a783-5a3c-848d-34aabf732a71,2026-04-09 07:50:56+00:00,organic_search,US,desktop,medium,student,False,en,America/New_York,free
428387bf-1c71-542f-9d68-55b76fe22a02,2026-05-10 07:37:49+00:00,organic_search,IN,mobile,medium,early_career,True,en,Asia/Kolkata,free
fd8bb877-6add-56dd-82c9-4d8d68e08367,2026-04-23 18:24:20+00:00,organic_search,IN,mobile,medium,new_graduate,True,en,Asia/Kolkata,free
00f01125-7d4e-5810-a8e9-8d6cbdf5f55a,2026-04-25 12:26:49+00:00,referral,CN,mobile,low,student,True,zh,Asia/Shanghai,free
dad25142-5873-507b-bba0-a35ee88f801c,2026-04-22 12:08:31+00:00,organic_search,DE,mobile,medium,new_graduate,True,de,Europe/Berlin,free
b97163de-4ad1-5c72-b3d2-d3d786d07326,2026-04-27 05:43:19+00:00,organic_search,IN,desktop,low,new_graduate,True,en,Asia/Kolkata,free
e3c5f824-9653-5968-8782-57a8cb65a8f2,2026-04-08 09:54:10+00:00,social_ads,CN,desktop,medium,student,False,zh,Asia/Shanghai,free
2d2e1aee-7a0d-596f-a097-6ecb425af26d,2026-03-12 20:09:21+00:00,organic_search,US,desktop,high,student,False,en,America/New_York,free
14be18d2-4bab-5761-b539-6eab4716ce7a,2026-04-30 22:37:22+00:00,organic_search,US,desktop,medium,student,True,en,America/New_York,free
84f8f083-372b-5872-b012-986f9ebec92d,2026-04-04 01:50:19+00:00,social_ads,CN,mobile,medium,early_career,True,zh,Asia/Shanghai,free
9a7478cc-93e2-5737-84fd-b8551a7d8984,2026-04-07 12:34:56+00:00,social_ads,CN,tablet,medium,new_graduate,True,zh,Asia/Shanghai,free
c31a4d7d-f6f7-5dbc-abe8-40701bf34301,2026-03-29 14:02:28+00:00,campus_event,US,desktop,medium,student,True,en,America/New_York,free
58787f61-e4cf-514e-a896-d990ba049fbf,2026-03-16 14:18:06+00:00,content_marketing,US,mobile,high,early_career,False,en,America/New_York,free
c993aad0-c33b-5914-995c-8311b1dcb1cf,2026-05-06 22:43:21+00:00,organic_search,US,desktop,medium,new_graduate,True,en,America/New_York,free
a941e836-0a79-5a68-92f9-2a7d9c781aff,2026-04-26 22:16:31+00:00,content_marketing,GB,mobile,high,new_graduate,True,en,Europe/London,free
23d4583a-8cd4-51c0-92d2-d18753b4adde,2026-04-17 10:14:25+00:00,content_marketing,GB,desktop,high,new_graduate,False,en,Europe/London,free
eea22772-8da6-508b-9ee1-d05be784bf3d,2026-03-31 18:23:52+00:00,referral,CN,mobile,medium,student,True,zh,Asia/Shanghai,free
0fd3b4a7-6ae5-5bab-9b27-31bbfb22d08b,2026-04-29 18:29:34+00:00,campus_event,US,desktop,medium,student,False,en,America/New_York,free
16a9fd4f-b49d-5012-8456-ac70aa9be1e9,2026-04-10 15:13:49+00:00,campus_event,US,desktop,medium,early_career,True,en,America/New_York,free
90d995fb-841e-5d69-a4bb-a4072118637d,2026-04-03 14:17:37+00:00,campus_event,US,mobile,high,early_career,True,en,America/New_York,free
03a3fc85-5e22-5ae0-b2a6-049a2681be8c,2026-04-04 01:57:38+00:00,campus_event,CN,desktop,low,early_career,True,zh,Asia/Shanghai,free
4f215547-bc6a-54b6-96c3-14de03d686aa,2026-03-19 16:18:25+00:00,organic_search,US,mobile,low,student,True,en,America/New_York,free
0b6530e0-bdcf-5c20-8886-70bc7fd5628a,2026-03-10 08:34:36+00:00,content_marketing,US,desktop,low,early_career,True,en,America/New_York,free
bba0985d-42bf-59aa-ae7d-c56ba9dfbb19,2026-04-11 06:23:31+00:00,social_ads,FR,tablet,high,student,True,fr,Europe/Paris,free
91e3d11e-5341-5cea-8784-408106fb7f77,2026-05-04 06:20:43+00:00,campus_event,CN,desktop,medium,new_graduate,True,zh,Asia/Shanghai,free
cc3b6de8-1426-5d98-8eb6-ca8f5d43e03e,2026-03-08 09:40:51+00:00,social_ads,GB,mobile,low,student,True,en,Europe/London,free
76f32d5d-a5c0-5278-bc4a-2629a8180174,2026-05-02 05:19:48+00:00,organic_search,US,tablet,medium,early_career,True,en,America/New_York,free
7a9e174f-0889-5f14-a7ad-0a7ced67b9ec,2026-04-30 02:33:24+00:00,social_ads,US,mobile,high,early_career,True,en,America/New_York,free
650ccdbc-cd8c-5e32-84e1-447cdf614852,2026-03-23 02:18:49+00:00,social_ads,BR,desktop,high,student,False,pt,America/Sao_Paulo,free
bbfb57da-47df-56d9-bc1d-494f8745d808,2026-04-16 14:02:09+00:00,social_ads,CN,mobile,low,early_career,True,zh,Asia/Shanghai,free
e988c487-5e6d-567e-9f2f-6a99b43cd611,2026-03-15 09:37:08+00:00,organic_search,IN,desktop,medium,new_graduate,True,en,Asia/Kolkata,free
bb2a5e34-323d-5568-a788-cf1f2476f9ab,2026-04-25 07:23:34+00:00,organic_search,JP,mobile,medium,student,True,ja,Asia/Tokyo,free
50fd8e8a-3ddd-5947-b40f-cf81899605f3,2026-04-21 08:03:56+00:00,social_ads,CN,desktop,medium,student,True,zh,Asia/Shanghai,free
e002960a-0752-5156-a7eb-c6d6d1a84ef0,2026-03-28 11:05:41+00:00,social_ads,US,mobile,low,new_graduate,False,en,America/New_York,free
14d27e13-82ca-5cf1-95d3-f1850047d202,2026-03-08 16:28:30+00:00,content_marketing,CN,mobile,low,student,True,zh,Asia/Shanghai,free
e929c47b-9a39-55a8-a07f-eb58017c8097,2026-05-09 23:28:32+00:00,organic_search,US,desktop,high,student,True,en,America/New_York,free
54f02b1a-f482-568c-9ec4-696b31f27244,2026-04-03 18:03:29+00:00,organic_search,US,desktop,medium,early_career,True,en,America/New_York,free
6ecff957-50b9-52f4-b240-fc6b58fa6884,2026-05-04 15:00:29+00:00,organic_search,US,desktop,low,new_graduate,True,en,America/New_York,free
d619668d-46b8-5173-b0b0-b6f1cb64b3c3,2026-04-19 18:38:00+00:00,social_ads,DE,mobile,medium,early_career,True,de,Europe/Berlin,free
396ca7d4-6801-530d-bedd-b7ef65add8e8,2026-04-26 17:00:10+00:00,social_ads,IN,desktop,low,new_graduate,True,en,Asia/Kolkata,free
890c1a16-2568-5f26-8886-9558a8387d0b,2026-04-25 10:23:35+00:00,campus_event,US,mobile,medium,new_graduate,True,en,America/New_York,free
f289d90e-2085-5c3b-b37e-94949747f642,2026-03-17 10:19:17+00:00,content_marketing,US,mobile,medium,early_career,True,en,America/New_York,free
5015807f-9463-5309-81d2-c57de67f8002,2026-03-29 02:37:41+00:00,organic_search,IN,tablet,low,student,True,en,Asia/Kolkata,free
41edb944-92bf-5a13-bf32-ef26a530548d,2026-04-05 04:53:22+00:00,campus_event,CA,desktop,low,student,True,en,America/Toronto,free
4d413292-cc70-52a7-a775-883b0bb393a2,2026-04-07 08:20:33+00:00,organic_search,US,desktop,high,new_graduate,True,en,America/New_York,free
c3eefba9-eaa8-5ea6-9ea8-aae6096a9773,2026-03-07 00:32:19+00:00,organic_search,US,desktop,high,early_career,True,en,America/New_York,free
8d3c19c7-0332-56c8-ad69-1b082c9033c6,2026-04-10 17:07:07+00:00,social_ads,DE,mobile,low,student,True,de,Europe/Berlin,free
946b304f-64bf-5072-b07a-1d7c12944f6e,2026-03-14 15:30:11+00:00,organic_search,DE,desktop,medium,early_career,True,de,Europe/Berlin,free
d3e4645a-3bfb-58ec-823e-cf8a8250c913,2026-04-24 07:01:48+00:00,campus_event,CA,desktop,low,early_career,True,en,America/Toronto,free
343a180f-8098-55a1-b41d-07180c7d4025,2026-04-20 03:07:43+00:00,campus_event,US,desktop,high,new_graduate,True,en,America/New_York,free
f0458768-9a9a-5902-8961-ac03237b26d2,2026-05-06 15:42:20+00:00,campus_event,US,mobile,high,student,True,en,America/New_York,free
69de2c69-0869-5e44-8871-cebff35cd4e3,2026-04-24 09:19:33+00:00,social_ads,CN,tablet,medium,student,True,zh,Asia/Shanghai,free
e4aa26cb-55d5-55c2-91f7-4fd50f5a55a7,2026-03-29 07:09:35+00:00,campus_event,US,desktop,medium,new_graduate,True,en,America/New_York,free
2d6690b2-80f4-5417-b67c-68aa1bf58193,2026-05-09 18:11:45+00:00,social_ads,DE,desktop,medium,student,True,de,Europe/Berlin,free
3139e0b2-b2eb-5b1e-9e57-7bc1506eb810,2026-04-01 08:22:04+00:00,organic_search,US,desktop,low,student,True,en,America/New_York,free
140a5cc9-3d70-5e0a-bcc9-95de78cefc37,2026-03-26 11:33:59+00:00,organic_search,IN,desktop,medium,student,True,en,Asia/Kolkata,free
07234249-5754-54cd-b00a-42b999b54371,2026-05-05 11:34:01+00:00,campus_event,CA,tablet,low,early_career,True,en,America/Toronto,free
a892dca6-2136-5761-b5b7-6322a9c5b580,2026-03-29 13:28:51+00:00,content_marketing,JP,mobile,medium,student,True,ja,Asia/Tokyo,free
5f2c34da-8606-51cf-aed2-8a1d5a5e8046,2026-03-09 06:25:26+00:00,organic_search,IN,mobile,medium,new_graduate,False,en,Asia/Kolkata,free
1919a46b-3242-5f97-a955-16760d67532f,2026-04-05 09:35:02+00:00,social_ads,BR,tablet,low,student,True,pt,America/Sao_Paulo,free
9e7d83d1-9c7d-5af1-8982-32d9123d006f,2026-04-27 21:38:44+00:00,campus_event,US,mobile,medium,student,True,en,America/New_York,free
f203ef2a-ed75-5535-80ed-457d4cb81983,2026-03-17 01:45:51+00:00,referral,CN,desktop,high,student,True,zh,Asia/Shanghai,free
791094a8-d4c1-560a-bd27-b33c6aa157c1,2026-04-04 22:37:45+00:00,social_ads,US,mobile,medium,early_career,True,en,America/New_York,free
77b99a34-f561-5ea6-928a-7ee9d877a2da,2026-03-12 23:08:59+00:00,campus_event,JP,desktop,medium,new_graduate,False,ja,Asia/Tokyo,free
3732fa0b-ce2e-52ab-99b2-2466f84bc1e4,2026-04-20 08:48:27+00:00,campus_event,CA,desktop,high,student,True,en,America/Toronto,free
5db0fa1d-bb40-5a44-af77-4b27ffa33de2,2026-04-05 19:46:01+00:00,referral,US,tablet,low,early_career,True,en,America/New_York,free
7779dfba-d3c3-5806-bb46-f695c35e27df,2026-03-26 18:48:17+00:00,organic_search,US,desktop,medium,student,True,en,America/New_York,free
9f7cee05-1b06-5e28-93b2-b912b923f104,2026-03-19 15:45:41+00:00,content_marketing,CN,mobile,medium,early_career,True,zh,Asia/Shanghai,free
a5692f6c-ce51-5017-954d-51953b021132,2026-04-11 22:48:41+00:00,organic_search,US,desktop,low,student,False,en,America/New_York,free
c4e6defb-1365-52f0-902a-defc337babd0,2026-04-19 05:12:42+00:00,referral,GB,desktop,high,early_career,True,en,Europe/London,free
a06708a1-545b-51d8-b968-7486973be4e0,2026-05-07 21:08:47+00:00,organic_search,US,mobile,medium,early_career,True,en,America/New_York,free
76e690b8-65df-565f-8aa7-6cf7e94e92fe,2026-04-03 03:55:23+00:00,organic_search,GB,mobile,medium,early_career,True,en,Europe/London,free
c5dfff90-fe8e-5e80-a36d-31a29c66ed52,2026-03-15 02:05:57+00:00,organic_search,CN,mobile,low,student,False,zh,Asia/Shanghai,free
672c9ce5-bef7-585c-8060-df41de43c558,2026-04-30 10:54:53+00:00,social_ads,CN,desktop,high,new_graduate,True,zh,Asia/Shanghai,free
caff0515-cb19-5e39-9d43-d9df84ad1476,2026-04-16 10:53:21+00:00,organic_search,US,desktop,high,early_career,True,en,America/New_York,free
a7579591-3bc9-5508-85a7-e735a3fc535b,2026-04-21 07:38:19+00:00,organic_search,AU,mobile,low,new_graduate,True,en,Australia/Sydney,free
cd9543d0-0f11-5aa4-9143-4a6aa12700d5,2026-03-10 17:00:25+00:00,social_ads,IN,mobile,medium,student,True,en,Asia/Kolkata,free
3ae6e71e-ac3f-502f-bfc9-ed6224de994f,2026-03-25 13:16:43+00:00,social_ads,CN,mobile,low,new_graduate,True,zh,Asia/Shanghai,free
b9e7ff0a-128a-5bf6-8f96-3eebfbb8c3e8,2026-04-25 23:32:57+00:00,campus_event,CN,mobile,medium,student,True,zh,Asia/Shanghai,free
a3f86c2a-8d1e-58a5-8d5d-509a01892349,2026-04-30 10:13:19+00:00,referral,CA,tablet,medium,new_graduate,True,en,America/Toronto,free
e745d1e0-0693-5d11-8e6c-a69f7387e5cb,2026-04-03 00:43:06+00:00,campus_event,GB,mobile,low,student,True,en,Europe/London,free
7983a0f2-08f4-5ce5-bd52-8f9b6f9850aa,2026-04-28 12:41:22+00:00,organic_search,GB,desktop,medium,new_graduate,False,en,Europe/London,free
35062325-a462-5da1-9aba-7b945b0c8993,2026-05-01 01:50:29+00:00,organic_search,IN,mobile,high,student,False,en,Asia/Kolkata,free
a663910c-1d4b-51d6-8997-5855b4ef0f6d,2026-03-30 17:39:50+00:00,content_marketing,DE,mobile,medium,student,True,de,Europe/Berlin,free
9556448f-dd87-5207-8bdf-7243ca57efde,2026-05-04 23:13:58+00:00,organic_search,US,tablet,low,student,True,en,America/New_York,free
f62c7a99-8b41-5f20-986d-6ca2e2960361,2026-03-23 21:28:15+00:00,social_ads,IN,desktop,high,early_career,False,en,Asia/Kolkata,free
51326bc6-b9e2-5ba1-9265-332eeb4e4786,2026-03-20 12:42:26+00:00,content_marketing,CN,mobile,low,new_graduate,True,zh,Asia/Shanghai,free
92944d26-1610-562e-a63d-842f2c2b171c,2026-04-20 02:12:44+00:00,content_marketing,CN,desktop,medium,new_graduate,False,zh,Asia/Shanghai,free
385d831b-f2f1-5766-a202-fcfeec40a291,2026-04-16 22:28:38+00:00,social_ads,AU,mobile,medium,early_career,True,en,Australia/Sydney,free
b89bf2d2-930e-5f4b-9ce0-e72b115dd667,2026-03-13 15:25:47+00:00,campus_event,JP,tablet,low,new_graduate,True,ja,Asia/Tokyo,free
da6dd4f0-b1ef-5621-8e13-173d18388e1d,2026-04-30 11:00:42+00:00,social_ads,CN,tablet,low,student,True,zh,Asia/Shanghai,free
6c2c80d8-b802-5cc4-9f42-b32a9c3bb143,2026-03-17 19:02:51+00:00,campus_event,CN,desktop,low,new_graduate,True,zh,Asia/Shanghai,free
49ec10f5-170b-5a00-97a6-0b5f146b017c,2026-04-28 12:54:45+00:00,organic_search,DE,desktop,low,student,True,de,Europe/Berlin,free
4cd2a0c8-0ae2-5a33-a96a-bb868b05917a,2026-03-04 12:11:29+00:00,organic_search,JP,mobile,medium,new_graduate,True,ja,Asia/Tokyo,free
612841e6-7900-5c1b-a0a6-6bd81ac42666,2026-04-27 23:34:15+00:00,campus_event,GB,mobile,high,student,True,en,Europe/London,free
08300bcf-d639-5c4f-8ca3-7de93855f26b,2026-04-27 07:08:47+00:00,organic_search,US,tablet,low,early_career,True,en,America/New_York,free
474337b0-bcc3-581c-8d49-ef733f32aa5b,2026-04-26 20:16:58+00:00,campus_event,US,desktop,medium,new_graduate,True,en,America/New_York,free
81614459-831a-5b63-9bf3-e902b99aecf7,2026-04-18 20:59:33+00:00,social_ads,DE,mobile,medium,student,True,de,Europe/Berlin,free
9abaaa70-159c-571c-aa47-a74a4541e6fd,2026-04-05 12:54:53+00:00,referral,GB,mobile,low,new_graduate,True,en,Europe/London,free
c7feed4b-c511-5c9f-b94c-d38ae996dbf5,2026-04-21 15:45:12+00:00,referral,IN,desktop,medium,student,True,en,Asia/Kolkata,free
43497bbe-5a3b-5aa9-86f5-7050598369ea,2026-03-23 02:54:47+00:00,social_ads,IN,desktop,low,student,True,en,Asia/Kolkata,free
f5e780e7-ed4f-5927-bf62-47a85cfd08d1,2026-04-26 20:53:13+00:00,campus_event,CN,mobile,medium,early_career,True,zh,Asia/Shanghai,free
73255bf5-5187-58e9-949d-3c3703371b51,2026-04-11 08:09:03+00:00,organic_search,CN,desktop,medium,early_career,False,zh,Asia/Shanghai,free
6b91b8dc-0ebe-50b3-9cf9-4353b5001393,2026-04-04 15:57:51+00:00,social_ads,GB,mobile,medium,new_graduate,True,en,Europe/London,free
6cc88392-8d3c-5042-9660-3f001b8fc088,2026-04-07 21:17:01+00:00,organic_search,US,mobile,high,new_graduate,True,en,America/New_York,free
6a341ca0-8390-58b5-97d4-0e343fc85265,2026-04-12 05:50:06+00:00,referral,IN,mobile,low,student,True,en,Asia/Kolkata,free
13e22ec7-cf2e-552a-be23-6db2c0b627c7,2026-03-06 13:42:21+00:00,referral,IN,desktop,high,student,True,en,Asia/Kolkata,free
abd66c42-b7b3-51fe-b3d1-6c19e7c84f57,2026-03-13 15:30:12+00:00,content_marketing,GB,tablet,low,new_graduate,True,en,Europe/London,free
9f10c02c-83dc-5c4c-9d09-ffa7bbd2d201,2026-03-20 22:30:59+00:00,referral,US,mobile,low,new_graduate,True,en,America/New_York,free
ba451cf9-c761-5fe6-b2b2-d8f96b7811e3,2026-03-11 21:39:41+00:00,content_marketing,IN,mobile,low,student,True,en,Asia/Kolkata,free
964632a8-a52a-5f8d-b6db-7f405637bbd5,2026-04-03 07:59:59+00:00,organic_search,US,mobile,high,student,True,en,America/New_York,free
a39c5bfe-f901-559b-b50f-1c5949ba287e,2026-04-19 02:52:30+00:00,content_marketing,US,mobile,medium,student,True,en,America/New_York,free
563e7551-c2bd-5d60-a6a4-6aab389688d7,2026-04-18 03:44:02+00:00,social_ads,CN,tablet,high,student,True,zh,Asia/Shanghai,free
ec5550bc-2ecb-53a0-abc2-1ee8aa8f7d75,2026-04-05 12:08:06+00:00,social_ads,US,mobile,medium,student,False,en,America/New_York,free
b8a3df33-c2f5-59d3-b16b-97153b0619d5,2026-05-02 00:00:43+00:00,social_ads,BR,mobile,medium,student,True,pt,America/Sao_Paulo,free
bea26999-90b9-5630-aa59-2757dc106ffe,2026-04-12 00:01:50+00:00,organic_search,CA,desktop,high,new_graduate,False,en,America/Toronto,free
b407fad7-3eb6-53d5-8657-4b6a050da92e,2026-03-09 11:09:02+00:00,organic_search,US,desktop,high,student,True,en,America/New_York,free
a33126e8-c696-5994-9862-694d0e223f35,2026-04-25 18:50:16+00:00,organic_search,GB,mobile,high,student,True,en,Europe/London,free
e92c1432-8d30-5004-b746-7a3f3d367246,2026-04-12 15:32:18+00:00,organic_search,CN,desktop,medium,new_graduate,True,zh,Asia/Shanghai,free
ba41ad68-1c26-52b9-80a3-873982ba0daf,2026-04-16 19:05:35+00:00,social_ads,IN,mobile,high,early_career,True,en,Asia/Kolkata,free
4364997d-37e4-5adf-b700-25d57bd3160e,2026-04-12 00:15:28+00:00,referral,DE,tablet,low,student,True,de,Europe/Berlin,free
da56222a-b947-5cdd-8338-8ceb00baac42,2026-04-11 04:43:37+00:00,campus_event,CN,desktop,high,student,False,zh,Asia/Shanghai,free
15db2520-2fed-595b-a3d5-263a87a2d583,2026-03-10 05:58:39+00:00,social_ads,US,desktop,high,new_graduate,True,en,America/New_York,free
e3e5e48f-76e1-50b5-bde2-e7016818f208,2026-04-11 14:02:48+00:00,social_ads,US,mobile,medium,student,False,en,America/New_York,free
a856c982-a872-5344-a542-06de8245a020,2026-04-27 20:22:30+00:00,social_ads,CN,desktop,low,student,True,zh,Asia/Shanghai,free
ae8d5e3c-0e94-58a0-a3ce-3a96b396fa0b,2026-03-24 23:20:27+00:00,organic_search,BR,mobile,low,new_graduate,True,pt,America/Sao_Paulo,free
6f544f84-0155-5c49-b312-6e33b2f76b17,2026-04-14 14:17:59+00:00,referral,CN,mobile,high,student,True,zh,Asia/Shanghai,free
1b6af1ad-691b-5182-8c32-0d16e01c7257,2026-03-06 03:02:02+00:00,organic_search,CN,mobile,high,early_career,False,zh,Asia/Shanghai,free
55aa44f2-8ff6-547b-9673-1030162c6894,2026-03-27 23:27:30+00:00,campus_event,US,mobile,medium,early_career,True,en,America/New_York,free
f816d7b1-6c41-59f5-a7fa-b81ce54f7695,2026-04-03 03:12:13+00:00,campus_event,CA,mobile,high,student,False,en,America/Toronto,free
deb3a5f6-5d26-5269-91c9-697c0760ac54,2026-05-10 19:24:52+00:00,social_ads,US,desktop,medium,student,True,en,America/New_York,free
fc41b5d0-1620-55c0-9aa6-deda167bb5f1,2026-03-18 19:21:06+00:00,referral,IN,desktop,high,early_career,False,en,Asia/Kolkata,free
33de9eac-4b82-5684-9d80-70f54a89aa92,2026-03-23 01:57:49+00:00,organic_search,IN,desktop,low,new_graduate,False,en,Asia/Kolkata,free
ce60558c-a7d7-59ef-a53a-f3256f34e8b5,2026-04-01 04:31:23+00:00,referral,US,tablet,low,early_career,True,en,America/New_York,free
dee34152-abee-5a1a-a7ad-b43430a205cc,2026-05-11 11:51:14+00:00,campus_event,US,desktop,medium,early_career,True,en,America/New_York,free
e5983aec-a983-582b-a4e4-d5846b7e55dc,2026-05-01 21:14:06+00:00,campus_event,CN,desktop,medium,student,True,zh,Asia/Shanghai,free
b6b5a513-0390-5f5d-b353-2c420948ff0a,2026-03-06 09:27:04+00:00,campus_event,US,desktop,medium,student,False,en,America/New_York,free
239add91-6190-5a83-afb9-de29ef78d9be,2026-03-20 03:24:12+00:00,referral,IN,desktop,high,student,True,en,Asia/Kolkata,free
69acccbe-d428-5269-8675-79b0fa6e1839,2026-04-29 16:41:33+00:00,content_marketing,GB,desktop,low,early_career,True,en,Europe/London,free
47362eda-3c8c-5988-80a3-a6bc609c4ee3,2026-03-08 00:32:56+00:00,social_ads,US,mobile,medium,student,False,en,America/New_York,free
caea2139-99e0-5e90-8984-32b86afcc8f6,2026-05-02 00:59:26+00:00,referral,CN,desktop,low,new_graduate,True,zh,Asia/Shanghai,free
a07e87fe-eb08-5787-ab41-8e498385811f,2026-03-23 09:58:17+00:00,campus_event,US,mobile,high,new_graduate,True,en,America/New_York,free
08731266-ce3c-5036-946c-820fca4b3c90,2026-05-06 07:37:53+00:00,social_ads,US,desktop,low,early_career,True,en,America/New_York,free
42141a09-3fe5-520a-a643-6a5c094673ee,2026-03-24 06:11:27+00:00,content_marketing,GB,mobile,medium,early_career,True,en,Europe/London,free
da9f04ea-3022-516a-9769-80222ec5174f,2026-04-02 23:13:42+00:00,social_ads,GB,desktop,medium,student,True,en,Europe/London,free
8f5ea733-b308-5d72-b252-8b91a2174a23,2026-04-18 16:08:00+00:00,social_ads,GB,mobile,medium,student,True,en,Europe/London,free
611eadf6-e396-5c08-916c-fa69900fc416,2026-03-12 17:07:14+00:00,organic_search,US,tablet,low,new_graduate,False,en,America/New_York,free
7dbc8409-dbcf-5087-bf04-b36e26b3d139,2026-04-11 10:26:41+00:00,organic_search,CN,desktop,low,early_career,True,zh,Asia/Shanghai,free
718cab10-e6d0-5ed7-857a-67c8f00508ac,2026-04-07 20:18:19+00:00,referral,CN,tablet,medium,new_graduate,False,zh,Asia/Shanghai,free
6cee2f20-764f-5c54-b6d1-b67259b3b077,2026-04-27 02:08:06+00:00,social_ads,AU,desktop,low,new_graduate,True,en,Australia/Sydney,free
caaad341-549c-5147-a09d-ad16061d762f,2026-05-11 17:33:09+00:00,social_ads,IN,mobile,low,early_career,False,en,Asia/Kolkata,free
abba3d01-aa6a-5d44-896d-9b1b7c082c7e,2026-04-18 20:06:10+00:00,organic_search,BR,mobile,medium,student,True,pt,America/Sao_Paulo,free
37166b19-c54f-553d-aa2b-5aea9b6c4e86,2026-04-01 05:36:44+00:00,social_ads,US,desktop,low,student,True,en,America/New_York,free
31fe79e9-c155-54f8-ad1e-ab6efe25d2e0,2026-04-01 00:58:34+00:00,referral,CN,desktop,low,early_career,False,zh,Asia/Shanghai,free
5eff8510-1b91-5f58-969f-fe78f1b6e626,2026-04-01 20:08:21+00:00,referral,GB,desktop,medium,new_graduate,True,en,Europe/London,free
72eecfb0-3273-58dd-9f23-fc86df20af30,2026-04-29 04:01:02+00:00,organic_search,CN,mobile,medium,early_career,False,zh,Asia/Shanghai,free
a8cb04d4-42d4-5d9e-a2fc-3811903b7fe6,2026-03-26 03:55:58+00:00,social_ads,IN,desktop,medium,student,True,en,Asia/Kolkata,free
9e192bee-178e-5816-90fa-95d08d5dceda,2026-03-15 12:30:24+00:00,social_ads,CN,tablet,medium,new_graduate,True,zh,Asia/Shanghai,free
d909ea62-579e-51f7-a6ea-e88b792f31d2,2026-03-27 01:35:10+00:00,campus_event,AU,desktop,medium,student,True,en,Australia/Sydney,free
6f52a3da-ad94-53f6-9657-cd0a8e0820b6,2026-03-05 13:36:39+00:00,social_ads,US,tablet,medium,student,False,en,America/New_York,free
9555fc85-a045-557b-a728-9299a1100654,2026-03-11 07:46:18+00:00,social_ads,BR,desktop,medium,student,True,pt,America/Sao_Paulo,free
758feae3-48f1-58cd-9c63-86948032b199,2026-03-10 05:07:08+00:00,social_ads,CN,mobile,low,new_graduate,True,zh,Asia/Shanghai,free
ed908457-5ef7-521d-833e-ae85bb121125,2026-04-26 05:41:25+00:00,social_ads,CN,desktop,medium,student,True,zh,Asia/Shanghai,free
9413b454-2691-551a-b10b-84b366253f95,2026-04-22 20:13:36+00:00,social_ads,CN,desktop,medium,student,True,zh,Asia/Shanghai,free
5184ca1b-b79b-5a0c-ba76-4c4df550031c,2026-04-21 01:51:07+00:00,social_ads,US,desktop,high,student,False,en,America/New_York,free
5c4421b3-2562-57ee-972c-db1335c78da4,2026-04-04 20:52:06+00:00,referral,FR,mobile,medium,student,False,fr,Europe/Paris,free
b0dbad5d-6a7a-5fe0-a789-3107065b5e34,2026-04-22 11:26:55+00:00,campus_event,CA,desktop,medium,new_graduate,True,en,America/Toronto,free
291939ac-98e6-5101-af60-219ebecdf53f,2026-03-15 03:03:56+00:00,organic_search,JP,mobile,medium,new_graduate,True,ja,Asia/Tokyo,free
14aca84f-f98c-5336-a288-8b7ae90931de,2026-05-05 03:25:45+00:00,referral,AU,tablet,high,new_graduate,True,en,Australia/Sydney,free
e72cced0-252d-52a2-9f1f-57ee92c4141c,2026-04-07 13:43:47+00:00,referral,IN,desktop,medium,student,True,en,Asia/Kolkata,free
baa6e45a-8806-5d87-9901-03c679d6b318,2026-05-07 17:24:46+00:00,organic_search,CN,desktop,medium,new_graduate,False,zh,Asia/Shanghai,free
d0d8dad1-5860-5328-ae1d-d0ade6e119db,2026-03-14 12:13:42+00:00,social_ads,DE,desktop,high,student,True,de,Europe/Berlin,free
1b25121e-a313-50b4-9504-c88d3e49881a,2026-04-07 07:34:41+00:00,organic_search,US,desktop,medium,new_graduate,True,en,America/New_York,free
25dac7cb-be81-59fa-a69f-27633e747999,2026-04-21 01:06:22+00:00,campus_event,GB,mobile,medium,early_career,False,en,Europe/London,free
4c8e9b09-45e0-5d2a-9aef-b0ae66574065,2026-04-07 04:45:22+00:00,organic_search,CN,mobile,low,new_graduate,False,zh,Asia/Shanghai,free
7f80174c-ea56-5980-84a7-6297754172cd,2026-04-03 18:50:04+00:00,campus_event,IN,desktop,low,early_career,True,en,Asia/Kolkata,free
bb47d899-8667-5cb7-868f-b763a8195af0,2026-03-15 11:15:00+00:00,organic_search,CN,desktop,high,student,False,zh,Asia/Shanghai,free
b7d2f6f2-6a47-5171-8121-31d77124aec4,2026-03-30 06:58:15+00:00,social_ads,CN,mobile,low,new_graduate,True,zh,Asia/Shanghai,free
7e903022-4bca-5aa7-ab80-999d0550e721,2026-03-20 11:23:47+00:00,content_marketing,US,desktop,low,new_graduate,True,en,America/New_York,free
bf1e39a9-4d20-5428-9eb4-ea28b129ab4f,2026-03-24 19:18:13+00:00,social_ads,CN,mobile,low,new_graduate,False,zh,Asia/Shanghai,free
e996f0e4-f787-55f6-927d-f91bc94df46f,2026-04-20 04:12:28+00:00,referral,CN,tablet,high,new_graduate,True,zh,Asia/Shanghai,free
b7eca738-b005-5dbc-8551-de8ce79c5404,2026-04-16 11:44:51+00:00,content_marketing,US,desktop,medium,student,False,en,America/New_York,free
59499486-c728-5e8f-a62f-6d507b76793b,2026-04-14 21:31:01+00:00,referral,US,mobile,medium,new_graduate,True,en,America/New_York,free
670f586f-1cbf-55a6-9f39-3cec85d1a831,2026-03-28 23:09:41+00:00,organic_search,CN,mobile,high,new_graduate,False,zh,Asia/Shanghai,free
89831d70-6101-5d50-9ce6-33c3872965c6,2026-05-09 05:15:02+00:00,referral,US,mobile,medium,new_graduate,True,en,America/New_York,free
55cdcfc6-d802-531f-9152-a65dc59f84bf,2026-03-10 01:08:52+00:00,organic_search,GB,mobile,high,student,True,en,Europe/London,free
fb1298c8-8974-506b-ad45-b661e7d7f728,2026-03-27 15:19:48+00:00,social_ads,US,mobile,medium,student,False,en,America/New_York,free
9f594ee4-2341-5a16-987b-4cb7990f29b6,2026-03-12 03:25:02+00:00,referral,CN,mobile,medium,early_career,False,zh,Asia/Shanghai,free
b24f5245-b425-5e6a-b075-33fb7e371bb4,2026-03-27 09:17:26+00:00,campus_event,US,mobile,high,student,False,en,America/New_York,free
796d5162-d917-5806-9ee0-989077c5cd25,2026-05-09 08:54:08+00:00,social_ads,CN,mobile,high,student,True,zh,Asia/Shanghai,free
5bb6da5b-a31d-5c3e-b1f1-44cfc798e5f4,2026-03-29 06:31:55+00:00,social_ads,CN,mobile,low,student,True,zh,Asia/Shanghai,free
fa0d2ca7-31d1-52a4-9f58-4d8631c2b4b2,2026-05-05 16:36:33+00:00,referral,IN,mobile,low,new_graduate,True,en,Asia/Kolkata,free
27d0e1ae-43e6-5ce1-b724-c338d5b88ae9,2026-04-07 03:49:42+00:00,campus_event,CN,desktop,high,new_graduate,True,zh,Asia/Shanghai,free
95d8d26b-d936-5be6-bc9c-5881bbf570be,2026-04-21 06:42:53+00:00,social_ads,CN,mobile,medium,early_career,True,zh,Asia/Shanghai,free
b16ab0db-5955-5662-a548-e574779c4760,2026-04-04 13:28:59+00:00,referral,US,desktop,medium,new_graduate,True,en,America/New_York,free
aa482b3e-07fb-5b0c-a756-4a7c39d099f2,2026-03-22 08:16:49+00:00,organic_search,CN,desktop,low,student,True,zh,Asia/Shanghai,free
d323f193-1bb4-5929-9378-db949a40a7e8,2026-04-25 17:33:49+00:00,organic_search,CN,desktop,high,student,True,zh,Asia/Shanghai,free
9c28dc3f-72fc-52ba-ab9e-8242d771edc0,2026-05-09 20:57:20+00:00,campus_event,IN,desktop,medium,student,False,en,Asia/Kolkata,free
a0daec2c-24e4-52cf-b41e-8d679f580e65,2026-03-22 04:23:48+00:00,content_marketing,CN,mobile,high,new_graduate,False,zh,Asia/Shanghai,free
db0b7254-91c5-5242-a68b-ec8a9643e88e,2026-04-26 17:36:40+00:00,organic_search,GB,desktop,medium,early_career,True,en,Europe/London,free
22ca9af4-5939-5831-a345-6c76d4f6e123,2026-03-22 00:26:51+00:00,organic_search,CN,mobile,high,student,False,zh,Asia/Shanghai,free
71efbb99-8cb8-587f-bb93-c0c8403a0b8e,2026-04-22 11:10:11+00:00,organic_search,US,mobile,medium,student,False,en,America/New_York,free
9e5617ea-4441-5a4a-9423-cb4fc0c34324,2026-04-27 10:35:40+00:00,referral,US,desktop,medium,new_graduate,True,en,America/New_York,free
011e7c41-9604-5265-985a-3fcb71749868,2026-04-04 00:08:32+00:00,organic_search,US,desktop,medium,new_graduate,True,en,America/New_York,free
e1c7370e-7e5f-5ac5-87e7-2668c259f108,2026-04-23 20:20:18+00:00,social_ads,CN,mobile,medium,new_graduate,False,zh,Asia/Shanghai,free
67c8813a-5dc9-5b49-92db-c31e31efc617,2026-03-22 18:49:54+00:00,content_marketing,GB,mobile,medium,new_graduate,True,en,Europe/London,free
dccb4cab-d2bb-5e0b-9f20-c03b6e05247f,2026-03-09 11:14:36+00:00,organic_search,GB,desktop,low,student,True,en,Europe/London,free
20dbfdb2-377a-50f4-a65c-086ca62d87ae,2026-03-10 15:37:23+00:00,social_ads,CN,desktop,medium,new_graduate,True,zh,Asia/Shanghai,free
557f3dd7-f54d-5482-a81e-df6e8b3fc728,2026-04-03 20:16:15+00:00,social_ads,US,desktop,medium,student,False,en,America/New_York,free
fb648a92-4439-5287-bcfe-085dff4a0f48,2026-05-05 06:42:33+00:00,referral,DE,desktop,low,new_graduate,True,de,Europe/Berlin,free
82ce052c-16bb-50af-8b03-fa1f3cca2e1b,2026-03-12 19:16:01+00:00,social_ads,US,desktop,medium,student,True,en,America/New_York,free
5fe5e30a-64d9-587b-bcd1-0578a9afba49,2026-04-04 10:45:54+00:00,social_ads,CN,tablet,medium,new_graduate,True,zh,Asia/Shanghai,free
1714e5c3-c1c4-5239-8ac1-c4342ec5dae3,2026-04-21 13:52:36+00:00,organic_search,DE,desktop,low,early_career,False,de,Europe/Berlin,free
7c5f767f-b6e9-59b3-80b9-d512ede004ad,2026-03-17 23:06:48+00:00,campus_event,CN,desktop,medium,new_graduate,True,zh,Asia/Shanghai,free
d503d16e-f21e-5b0b-8850-8e86dcd42d5e,2026-04-22 18:59:47+00:00,campus_event,US,tablet,low,student,False,en,America/New_York,free
85384956-2ad7-574b-ae7d-18f3796d704a,2026-03-25 02:39:50+00:00,organic_search,US,mobile,high,early_career,True,en,America/New_York,free
8a79ff48-1d3f-5561-a986-5fc9599c4f97,2026-04-28 19:08:30+00:00,social_ads,IN,desktop,high,student,False,en,Asia/Kolkata,free
811fbc53-7e1c-509e-a3a5-31ff630f42c1,2026-04-12 23:11:14+00:00,referral,US,mobile,medium,early_career,True,en,America/New_York,free
3fcee84b-74ff-5a13-9272-c28a5ac47c77,2026-04-10 17:40:41+00:00,organic_search,IN,tablet,medium,student,False,en,Asia/Kolkata,free
8105a48c-a361-51d9-98a5-126980c53eb5,2026-03-16 04:44:07+00:00,organic_search,CN,desktop,low,early_career,False,zh,Asia/Shanghai,free
3bf148fb-c6a2-51ad-a84d-118dad0cb843,2026-04-04 23:04:07+00:00,social_ads,US,desktop,high,student,True,en,America/New_York,free
179b3f68-6330-50c9-8013-01c63a3f1580,2026-05-02 02:33:10+00:00,organic_search,US,tablet,low,student,True,en,America/New_York,free
d75f3e99-de0f-5b8d-a876-cc7af7bb1a03,2026-03-05 08:19:53+00:00,organic_search,GB,mobile,high,early_career,False,en,Europe/London,free
9ebd8333-cf45-5b35-b1c5-8dbb032cffe9,2026-04-25 08:06:29+00:00,social_ads,CN,tablet,high,new_graduate,False,zh,Asia/Shanghai,free
8d9182b3-e090-5943-899b-6295e9e4b81c,2026-04-07 00:00:51+00:00,organic_search,IN,desktop,low,student,True,en,Asia/Kolkata,free
f605f9d9-31a4-5511-a73c-2a2952f2e5a0,2026-04-22 15:25:49+00:00,social_ads,CN,tablet,medium,student,True,zh,Asia/Shanghai,free
3cde4d43-f807-5dce-8270-29b196e73a57,2026-04-18 18:25:16+00:00,campus_event,US,desktop,medium,student,False,en,America/New_York,free
3224a560-71cc-5d7f-9f8c-dda60aa3a808,2026-04-02 19:32:44+00:00,social_ads,CN,mobile,medium,student,True,zh,Asia/Shanghai,free
7463cbde-6778-5f14-bf3c-5ea5ad43c9bd,2026-03-25 07:09:09+00:00,organic_search,CN,tablet,low,new_graduate,True,zh,Asia/Shanghai,free
441de2dc-7909-5e3c-aa5a-6f56cef565c8,2026-04-16 06:49:23+00:00,referral,CN,desktop,medium,new_graduate,True,zh,Asia/Shanghai,free
2ca7b43b-53ca-5fd7-96bf-b3150cdbcefa,2026-03-13 16:12:40+00:00,organic_search,GB,desktop,low,early_career,True,en,Europe/London,free
e2119a60-1993-5638-a804-1e18d5c191ea,2026-04-13 07:15:57+00:00,campus_event,CA,mobile,high,early_career,False,en,America/Toronto,free
34cd05a8-e741-5283-8abf-90cbfb2bd1bb,2026-03-10 12:48:50+00:00,social_ads,GB,mobile,medium,early_career,False,en,Europe/London,free
96c4e057-b910-5d67-a084-148ee11e640a,2026-04-17 20:08:44+00:00,campus_event,CN,desktop,medium,new_graduate,True,zh,Asia/Shanghai,free
ddf3a950-5c04-55a1-baeb-ac58bebee60d,2026-04-16 09:12:06+00:00,organic_search,CN,tablet,high,student,True,zh,Asia/Shanghai,free
a2ed1b6f-ede2-539d-b9c2-f54ec879a9b2,2026-03-09 19:50:22+00:00,organic_search,IN,desktop,medium,new_graduate,True,en,Asia/Kolkata,free
d729ea1d-a84d-5ccc-b239-e77d941125a6,2026-04-25 06:23:58+00:00,social_ads,US,desktop,medium,student,True,en,America/New_York,free
19bd4ee3-a51a-50b3-ba0a-523c22cdcb57,2026-04-01 16:34:36+00:00,organic_search,GB,desktop,medium,student,False,en,Europe/London,free
c8caa692-b530-5c3a-87e3-db5dd88ac66d,2026-04-27 07:05:01+00:00,organic_search,DE,tablet,medium,early_career,False,de,Europe/Berlin,free
d2269551-085b-5b2b-b9e2-33de4dd124cf,2026-03-06 20:54:46+00:00,campus_event,US,desktop,medium,new_graduate,True,en,America/New_York,free
96881d49-646c-582f-ad78-7a5f97634c3e,2026-03-16 09:10:46+00:00,referral,CA,mobile,high,student,True,en,America/Toronto,free
67c67307-8049-5dc3-8c40-611098faf657,2026-04-07 02:02:54+00:00,organic_search,GB,desktop,low,student,True,en,Europe/London,free
ca671103-6a68-59c1-927a-a98f448c245e,2026-03-16 23:42:02+00:00,referral,CN,tablet,medium,student,True,zh,Asia/Shanghai,free
d306f749-e6eb-5a7f-bb5c-74c944edf451,2026-03-26 18:14:59+00:00,campus_event,CA,mobile,high,new_graduate,True,en,America/Toronto,free
be039761-6175-5642-a409-9aa1dcbcfe69,2026-04-18 13:57:06+00:00,referral,US,desktop,medium,student,True,en,America/New_York,free
ba398dee-41c8-585d-b332-773c618def36,2026-03-13 23:19:54+00:00,campus_event,US,desktop,high,early_career,False,en,America/New_York,free
446e023a-b519-584a-bc1e-c250750c2212,2026-04-19 18:16:32+00:00,campus_event,US,desktop,low,new_graduate,True,en,America/New_York,free
5bd58cbf-f908-59aa-a649-0df6c1669d20,2026-03-11 03:14:06+00:00,social_ads,CN,desktop,low,student,False,zh,Asia/Shanghai,free
8431fc5c-e874-527b-bb1c-6bf5bcad76bf,2026-03-16 02:06:22+00:00,campus_event,CN,mobile,medium,new_graduate,True,zh,Asia/Shanghai,free
70881aac-e7bf-5ea9-8e8d-50c36c577e85,2026-04-13 13:08:20+00:00,content_marketing,BR,mobile,medium,early_career,True,pt,America/Sao_Paulo,free
105c0e84-9935-5721-a324-8919e7652291,2026-04-27 18:00:28+00:00,organic_search,US,desktop,high,early_career,False,en,America/New_York,free
093d3cb3-8a22-5fc0-9d2f-13ed9c3522fc,2026-03-15 18:30:06+00:00,organic_search,US,mobile,medium,new_graduate,False,en,America/New_York,free
f023d162-ffd8-524b-aa8f-81d7b5c5f17d,2026-03-24 16:47:16+00:00,organic_search,IN,mobile,low,student,True,en,Asia/Kolkata,free
eff4986b-ad15-5da8-b673-7fa910a522a4,2026-05-06 19:59:55+00:00,content_marketing,US,desktop,medium,new_graduate,True,en,America/New_York,free
22a894bc-34bb-501f-b6d7-9e55bf7a4d60,2026-05-11 06:54:57+00:00,social_ads,IN,desktop,medium,early_career,True,en,Asia/Kolkata,free
56706701-ab4d-5263-a21d-88a18ea31dd8,2026-04-13 02:14:13+00:00,campus_event,CN,desktop,medium,early_career,True,zh,Asia/Shanghai,free
16629b2f-82a8-5194-a2ff-75edd339f3ac,2026-04-03 20:17:41+00:00,referral,JP,mobile,low,new_graduate,True,ja,Asia/Tokyo,free
9e38474c-84f0-52a2-9b8f-ec5b7409fb87,2026-03-27 22:24:58+00:00,content_marketing,IN,desktop,medium,new_graduate,True,en,Asia/Kolkata,free
ef9a2272-dc68-5fca-8ce8-46395a8432c8,2026-04-15 06:13:12+00:00,organic_search,US,mobile,high,student,True,en,America/New_York,free
7ca281b8-f8ca-5153-9bbc-e64ee72eb554,2026-04-13 18:33:20+00:00,campus_event,US,desktop,medium,student,True,en,America/New_York,free
de6f33ac-ed1b-52c9-a184-bf19fc985f71,2026-03-24 08:06:38+00:00,referral,US,mobile,medium,student,True,en,America/New_York,free
ee70d0ab-d549-5f2b-900d-f04b98d11f27,2026-03-05 13:45:46+00:00,organic_search,FR,desktop,low,student,True,fr,Europe/Paris,free
f835d86d-45f2-5ae8-b96c-3c84cef2055e,2026-03-14 10:52:51+00:00,campus_event,IN,mobile,high,new_graduate,True,en,Asia/Kolkata,free
9acb27a9-0731-5a3b-89c8-83a3db7ab603,2026-05-09 03:22:25+00:00,social_ads,CN,desktop,low,student,False,zh,Asia/Shanghai,free
c9029764-f4c7-55f2-8164-cedfcecec9ab,2026-04-01 20:27:51+00:00,campus_event,US,desktop,medium,new_graduate,False,en,America/New_York,free
b08c3341-db16-5db0-897b-d010358c0298,2026-04-06 06:41:39+00:00,social_ads,DE,desktop,medium,new_graduate,True,de,Europe/Berlin,free
805bdd50-94de-574c-a66d-ae2343bfc3db,2026-04-05 05:31:47+00:00,organic_search,US,mobile,low,student,True,en,America/New_York,free
bf1b488e-7772-5a45-b670-c0e5df8937a8,2026-04-27 00:12:33+00:00,organic_search,IN,mobile,medium,new_graduate,False,en,Asia/Kolkata,free
687ceec9-f80b-5fe6-bd62-0f9e77a0e711,2026-03-08 11:34:04+00:00,organic_search,GB,desktop,low,student,True,en,Europe/London,free
5ae8614f-f946-5147-9caf-7c0c1e4cb7c9,2026-03-09 17:00:02+00:00,organic_search,US,mobile,high,student,True,en,America/New_York,free
2f52713a-dc37-5b13-b2da-3ab28c540ad5,2026-03-23 00:48:09+00:00,campus_event,CN,mobile,low,early_career,True,zh,Asia/Shanghai,free
18eafa05-d3cb-514d-8f67-f4927b1aed7e,2026-04-06 13:54:21+00:00,social_ads,US,mobile,high,student,True,en,America/New_York,free
968fdce7-f010-5b78-946b-07197c8fc1eb,2026-04-19 07:22:52+00:00,organic_search,CN,mobile,medium,student,True,zh,Asia/Shanghai,free
d5e04ee4-ece1-586d-a332-e823bdae53a7,2026-04-06 20:36:37+00:00,campus_event,FR,desktop,low,new_graduate,True,fr,Europe/Paris,free
8cb728ae-4b74-50d6-bc05-0c0abfea6c19,2026-04-03 10:34:26+00:00,campus_event,IN,mobile,medium,student,True,en,Asia/Kolkata,free
35eddd38-3ebb-5a21-9e33-706a485056f2,2026-05-07 17:02:25+00:00,social_ads,GB,mobile,low,student,True,en,Europe/London,free
b39695d2-a605-5d7c-bdab-37160d1208d0,2026-03-15 02:38:49+00:00,content_marketing,CN,mobile,high,new_graduate,True,zh,Asia/Shanghai,free
4028f09e-2a1f-5ed3-af2f-d61af47a89ef,2026-04-12 10:46:52+00:00,social_ads,US,desktop,low,new_graduate,True,en,America/New_York,free
f7f21f72-b53b-5f3d-823b-37aa52ed1df9,2026-04-10 09:57:24+00:00,referral,IN,mobile,high,new_graduate,False,en,Asia/Kolkata,free
0edabb5b-5850-53b2-b695-e705f020a6bc,2026-04-05 16:05:53+00:00,organic_search,CN,desktop,low,early_career,True,zh,Asia/Shanghai,free
9d16a219-d8ec-566a-9568-34ad3079b681,2026-04-28 17:22:51+00:00,campus_event,US,mobile,low,student,True,en,America/New_York,free
10f8c573-5c2c-50eb-9583-376da2d5b13b,2026-03-22 10:06:41+00:00,content_marketing,CN,desktop,low,new_graduate,True,zh,Asia/Shanghai,free
2f39d795-e4ae-5445-ab3b-092d97d97890,2026-05-08 19:26:51+00:00,referral,IN,desktop,medium,student,True,en,Asia/Kolkata,free
45a4d182-44c8-5d16-9fbd-a0149345e6e8,2026-03-26 21:04:40+00:00,social_ads,IN,mobile,medium,student,False,en,Asia/Kolkata,free
77e1f682-f44d-5e73-a474-09634709ffed,2026-04-10 14:31:37+00:00,campus_event,US,tablet,high,early_career,False,en,America/New_York,free
81d0ae84-40d7-58cd-badd-cc2aff42179e,2026-04-08 22:13:59+00:00,social_ads,DE,desktop,medium,new_graduate,True,de,Europe/Berlin,free
a20141f6-fd44-5e1a-97b2-71ced806a7f1,2026-05-01 15:13:54+00:00,campus_event,CN,mobile,low,student,True,zh,Asia/Shanghai,free
747b968f-e375-5004-863c-f985c1f3bf50,2026-04-03 06:50:13+00:00,campus_event,US,mobile,high,student,True,en,America/New_York,free
2a3830a5-9712-587e-9bdc-99806b1d8baf,2026-03-23 15:13:45+00:00,content_marketing,US,tablet,medium,student,True,en,America/New_York,free
9d573e8f-f7bc-5c11-aa6d-41e197a70206,2026-03-05 11:47:21+00:00,social_ads,GB,mobile,high,new_graduate,True,en,Europe/London,free
95dbf442-309d-5c26-a6e4-94dc3d4c330c,2026-03-29 02:15:03+00:00,organic_search,CN,desktop,medium,student,True,zh,Asia/Shanghai,free
3f11bf8e-624e-56f8-94e9-d35b87ac18c7,2026-04-30 00:20:20+00:00,social_ads,CN,desktop,medium,early_career,True,zh,Asia/Shanghai,free
fa911d87-a280-5f11-b1b5-c04820b1f6db,2026-03-04 16:25:15+00:00,organic_search,US,mobile,low,student,True,en,America/New_York,free
1a7ab541-7ec7-5df3-949c-f1df63e1c228,2026-05-04 20:02:31+00:00,organic_search,IN,desktop,high,student,True,en,Asia/Kolkata,free
16630f6b-fc3f-56b3-ae89-e58d8f9e052b,2026-04-10 10:55:16+00:00,organic_search,GB,tablet,low,early_career,True,en,Europe/London,free
dc499373-096c-54d3-a03b-24e6bd4519b8,2026-03-13 16:15:07+00:00,campus_event,US,tablet,high,early_career,True,en,America/New_York,free
a43e3062-c828-5485-a89a-e93c68bdfe4e,2026-03-24 20:24:31+00:00,organic_search,BR,tablet,low,student,True,pt,America/Sao_Paulo,free
ed2fb2ef-de3b-5ef7-b999-2ba6a8e73aa5,2026-04-11 05:29:00+00:00,organic_search,US,desktop,high,new_graduate,True,en,America/New_York,free
27a7cf18-78ae-51a0-b0a8-103b98adbfae,2026-03-25 18:47:09+00:00,organic_search,US,mobile,high,early_career,True,en,America/New_York,free
84777cc8-9eb9-5d18-ad81-6f7474d52e2d,2026-03-11 11:48:04+00:00,referral,CN,mobile,high,new_graduate,True,zh,Asia/Shanghai,free
eeebfdb2-b2c9-5dc9-9e08-5d3b0249f6ef,2026-04-18 22:52:38+00:00,campus_event,IN,desktop,medium,new_graduate,True,en,Asia/Kolkata,free
d3689b40-db05-525f-be67-5e75510c1bf1,2026-04-19 09:13:45+00:00,organic_search,US,desktop,medium,new_graduate,True,en,America/New_York,free
fb56eb67-9cb2-5467-af04-53c44eead7ff,2026-03-12 04:51:19+00:00,organic_search,CN,desktop,high,early_career,True,zh,Asia/Shanghai,free
923b7224-3407-590b-9eb3-5189d74cdd65,2026-03-23 09:43:22+00:00,social_ads,US,desktop,medium,new_graduate,True,en,America/New_York,free
9027f67c-1675-5928-8e8f-4c6fc3c893e3,2026-03-20 19:51:13+00:00,organic_search,CN,tablet,medium,student,True,zh,Asia/Shanghai,free
543e675e-5894-51f7-a8a5-e9e4eaf18f0e,2026-04-18 12:00:12+00:00,social_ads,IN,mobile,low,new_graduate,True,en,Asia/Kolkata,free
2ea104d7-fee6-5a34-80e9-fb88ce5fd009,2026-04-23 09:22:09+00:00,social_ads,JP,desktop,medium,new_graduate,True,ja,Asia/Tokyo,free
3c099503-27fe-5095-884f-ad3315d2cd45,2026-04-23 03:54:10+00:00,content_marketing,CN,mobile,medium,new_graduate,True,zh,Asia/Shanghai,free
43497311-b14a-5152-b51f-ac85b6da0a05,2026-05-07 18:35:18+00:00,organic_search,IN,desktop,medium,student,True,en,Asia/Kolkata,free
542d20d4-c430-5667-a60c-c8a33975fc27,2026-04-26 00:52:47+00:00,campus_event,CN,desktop,low,new_graduate,False,zh,Asia/Shanghai,free
0a4398ea-f768-5b7b-a489-40154ff5af0d,2026-03-26 03:02:41+00:00,organic_search,US,desktop,medium,new_graduate,False,en,America/New_York,free
ce3edfef-991c-5fe9-893d-fb10127ab5b2,2026-03-11 10:25:07+00:00,content_marketing,US,mobile,high,early_career,False,en,America/New_York,free
74fd5acd-063c-583a-bafa-14916866d52a,2026-04-15 09:50:53+00:00,content_marketing,JP,mobile,medium,student,False,ja,Asia/Tokyo,free
09bf1a26-8638-53d7-a3ef-668858090387,2026-05-06 04:54:55+00:00,campus_event,US,mobile,high,new_graduate,True,en,America/New_York,free
336f6e94-81a1-5ea7-a843-715969243766,2026-05-10 06:51:24+00:00,social_ads,GB,tablet,low,new_graduate,True,en,Europe/London,free
967b7c81-9bc2-5d9f-a589-75a4b2768deb,2026-03-19 21:14:02+00:00,organic_search,US,desktop,medium,student,True,en,America/New_York,free
088b7153-9560-5ab2-aec2-60093f5dbc3e,2026-03-20 07:34:11+00:00,referral,GB,mobile,medium,new_graduate,True,en,Europe/London,free
d30f2653-f5ed-57bd-a190-9b665e6cb7ba,2026-03-06 13:57:17+00:00,campus_event,US,desktop,medium,student,False,en,America/New_York,free
9ad2959a-0906-590f-a77d-a64bf3e95cd2,2026-03-13 17:55:47+00:00,organic_search,FR,desktop,medium,early_career,False,fr,Europe/Paris,free
b4bb8249-6ac0-50ae-a5b5-40fa036d8b09,2026-04-11 06:50:07+00:00,social_ads,IN,mobile,low,new_graduate,True,en,Asia/Kolkata,free
372350a5-567a-56cd-be46-3864fc9ebb70,2026-04-10 17:30:21+00:00,social_ads,US,desktop,medium,student,False,en,America/New_York,free
6ce5979e-1991-537b-af7f-33195d0bdc40,2026-03-29 14:14:49+00:00,referral,IN,desktop,low,new_graduate,True,en,Asia/Kolkata,free
ce8bf30c-bf4c-589c-af40-9d7f3eea6792,2026-03-25 09:17:09+00:00,campus_event,IN,desktop,medium,early_career,True,en,Asia/Kolkata,free
f402e9fb-19ac-515b-abf7-cfab30a80b8a,2026-04-30 06:07:53+00:00,campus_event,US,desktop,high,student,True,en,America/New_York,free
8f935543-0bdc-5af8-b6f9-5b307a15a87f,2026-04-04 17:48:57+00:00,campus_event,US,tablet,low,early_career,False,en,America/New_York,free
b66c9ad5-5f8c-5092-a411-88c88cf119ff,2026-04-28 18:27:50+00:00,organic_search,IN,desktop,medium,student,True,en,Asia/Kolkata,free
d41e62f6-b071-58e0-ae7b-b171c365acfa,2026-05-09 11:04:42+00:00,social_ads,IN,mobile,medium,student,True,en,Asia/Kolkata,free
bb815448-cdf6-5b8c-8433-fd277490b6b4,2026-03-25 21:10:54+00:00,organic_search,US,tablet,medium,new_graduate,True,en,America/New_York,free
0f159c23-c719-53f0-849d-adfca56d11b2,2026-03-17 23:44:03+00:00,campus_event,DE,mobile,low,student,False,de,Europe/Berlin,free
174f5348-ec2d-57a1-8e13-076b521c6282,2026-05-08 18:00:04+00:00,social_ads,US,desktop,medium,early_career,False,en,America/New_York,free
5fb3df64-0ffa-538d-b135-29e2b7a9dc03,2026-04-16 19:16:48+00:00,social_ads,US,tablet,high,new_graduate,True,en,America/New_York,free
1b4f0d16-5c47-597d-906f-0cd098f55df3,2026-03-24 01:45:34+00:00,organic_search,CN,desktop,medium,new_graduate,False,zh,Asia/Shanghai,free
0bffaabd-65d5-5187-998b-a60c0d7fc6c6,2026-04-15 21:47:59+00:00,organic_search,US,desktop,medium,new_graduate,True,en,America/New_York,free
e5aef322-f3c8-5488-b670-f288bb8e4b3b,2026-04-08 12:56:03+00:00,social_ads,US,mobile,medium,new_graduate,False,en,America/New_York,free
08b553cd-43a9-5198-86fe-477499e903c3,2026-05-05 11:33:39+00:00,organic_search,CN,desktop,high,new_graduate,True,zh,Asia/Shanghai,free
4209aeb2-f862-514f-9134-519b1d08398c,2026-03-21 15:52:40+00:00,organic_search,US,mobile,low,new_graduate,True,en,America/New_York,free
51f19515-4a54-5993-8025-f9a4715a71be,2026-05-11 09:43:46+00:00,campus_event,US,desktop,low,early_career,False,en,America/New_York,free
6f725a9e-6379-5775-b5cf-c2b80a21aacd,2026-05-07 14:05:16+00:00,social_ads,IN,mobile,medium,new_graduate,False,en,Asia/Kolkata,free
c4d05d31-50cf-51f7-aad1-0b7ae5db2ab9,2026-03-16 11:14:32+00:00,social_ads,CN,mobile,medium,student,True,zh,Asia/Shanghai,free
39157d6a-2a2e-58bd-a5f8-04aa34334664,2026-03-15 08:35:24+00:00,social_ads,GB,tablet,medium,new_graduate,False,en,Europe/London,free
e43d1e91-493f-5f9a-923d-5d9697b9c9d7,2026-04-09 18:54:26+00:00,referral,CN,desktop,low,student,True,zh,Asia/Shanghai,free
0acd2d3d-f4cf-5231-b7fb-880572d677bf,2026-03-07 02:22:18+00:00,organic_search,CN,desktop,low,student,True,zh,Asia/Shanghai,free
001ece54-40c7-5b75-b2b7-4a81edd9b543,2026-03-24 14:48:32+00:00,campus_event,US,tablet,medium,student,True,en,America/New_York,free
c34560d6-aca2-559a-990c-8f08d7ae8c08,2026-04-03 00:31:13+00:00,content_marketing,GB,mobile,low,student,True,en,Europe/London,free
0544d3c3-0464-54e1-a439-c399682c41a8,2026-05-09 21:16:54+00:00,campus_event,US,desktop,medium,student,True,en,America/New_York,free
5be3ace8-c2d9-5f91-a6e6-2ed5f307ba01,2026-05-11 11:22:25+00:00,social_ads,US,desktop,medium,early_career,True,en,America/New_York,free
1ddf2368-0c5e-55c8-a2a1-4f471bf117f2,2026-03-14 10:56:59+00:00,campus_event,GB,mobile,low,early_career,True,en,Europe/London,free
ae75e159-ae56-5327-af09-81a6cba9c49d,2026-05-04 12:37:02+00:00,social_ads,IN,mobile,medium,student,True,en,Asia/Kolkata,free
4d7441f9-0c71-5426-b631-68d5ee09d8e4,2026-03-10 06:34:40+00:00,social_ads,IN,mobile,high,early_career,False,en,Asia/Kolkata,free
6f574fda-3b6a-5739-92bb-d289ba8696f9,2026-04-24 15:41:40+00:00,social_ads,US,tablet,high,early_career,True,en,America/New_York,free
6009f753-cd20-5908-a08b-853ab1070194,2026-05-01 08:23:02+00:00,organic_search,US,desktop,low,early_career,True,en,America/New_York,free
c664bb95-141f-57e6-a5a9-94fa15518e95,2026-05-04 11:09:07+00:00,organic_search,CN,desktop,medium,student,True,zh,Asia/Shanghai,free
fe356194-17f1-5a1b-ad32-7de200d60114,2026-03-19 09:58:47+00:00,social_ads,IN,mobile,high,student,True,en,Asia/Kolkata,free
f0c1bf4a-154d-5e26-88e9-c744f97ff5a8,2026-05-04 15:32:50+00:00,organic_search,CN,tablet,medium,new_graduate,True,zh,Asia/Shanghai,free
b466d678-fbb9-5024-8b79-02dcdb35a3f6,2026-03-12 00:03:50+00:00,social_ads,US,desktop,low,new_graduate,True,en,America/New_York,free
5938c3e8-dd00-5137-87a1-5b37d139fc7d,2026-04-08 19:13:45+00:00,social_ads,US,mobile,low,new_graduate,False,en,America/New_York,free
d1389777-5a97-5d1b-baa4-e4c47766096c,2026-04-05 09:34:00+00:00,content_marketing,CN,desktop,medium,new_graduate,False,zh,Asia/Shanghai,free
4b490e51-5029-50a2-9a4d-bbac5d3560a3,2026-03-25 19:10:41+00:00,organic_search,IN,desktop,high,early_career,True,en,Asia/Kolkata,free
ed902662-952a-5416-94aa-29baab279dbd,2026-03-05 12:37:14+00:00,campus_event,US,tablet,high,early_career,True,en,America/New_York,free
761f00bb-740e-52a2-afeb-501efbece80c,2026-04-26 06:27:08+00:00,social_ads,US,desktop,high,new_graduate,True,en,America/New_York,free
6390824e-5cb7-5eaa-b134-ee2e704a069e,2026-03-27 03:43:34+00:00,organic_search,US,desktop,medium,early_career,True,en,America/New_York,free
cd562658-7102-5e0d-aaf0-32da95ddde4c,2026-04-18 15:42:38+00:00,organic_search,US,mobile,medium,early_career,True,en,America/New_York,free
3e5ef85f-e93d-5e1a-bcc0-ea1e83aa1f15,2026-04-01 07:19:26+00:00,organic_search,CN,desktop,low,student,True,zh,Asia/Shanghai,free
ba51d5b8-5fda-5ec9-a1d0-dff7aea3ed8c,2026-03-29 18:46:36+00:00,organic_search,US,desktop,low,early_career,True,en,America/New_York,free
67f543c1-9e52-578a-bcfa-5b82efa53459,2026-05-04 03:42:20+00:00,organic_search,IN,mobile,low,student,True,en,Asia/Kolkata,free
c11767f1-bab2-5183-a45b-21257812932f,2026-03-10 12:26:11+00:00,social_ads,GB,desktop,high,student,False,en,Europe/London,free
12f47481-301d-5177-8866-d422bea079ea,2026-04-23 19:50:17+00:00,social_ads,JP,mobile,low,early_career,True,ja,Asia/Tokyo,free
2a50ec9f-3821-507f-a9f0-a2167d852b9c,2026-04-24 12:40:59+00:00,organic_search,BR,desktop,medium,student,True,pt,America/Sao_Paulo,free
df92a2bd-6678-5e73-bdc4-7cf780455f8e,2026-03-30 05:15:56+00:00,organic_search,US,desktop,medium,new_graduate,False,en,America/New_York,free
89f33000-035b-5da1-8e7e-bc32bdff17c6,2026-03-22 02:38:03+00:00,organic_search,US,mobile,medium,early_career,True,en,America/New_York,free
3f7640f9-fdac-57d7-a3f5-c6cb0ccdceb9,2026-03-04 08:47:17+00:00,social_ads,US,desktop,medium,student,True,en,America/New_York,free
de8eb4b8-c0e5-5d55-be49-432eebe8c622,2026-05-07 15:21:44+00:00,organic_search,IN,tablet,low,student,True,en,Asia/Kolkata,free
2e091160-4617-5155-9994-2511d13c7b73,2026-05-08 09:26:34+00:00,social_ads,US,tablet,medium,student,True,en,America/New_York,free
6fe7bc16-4088-54b6-afb9-83d393653099,2026-03-20 15:02:49+00:00,organic_search,CN,mobile,medium,new_graduate,True,zh,Asia/Shanghai,free
e1f6bb7b-565b-535f-b4f2-fc3beefcff39,2026-03-06 04:50:39+00:00,organic_search,US,desktop,high,student,True,en,America/New_York,free
2f7987e2-a9e7-5687-975c-b65c36f9e696,2026-03-12 11:17:12+00:00,content_marketing,US,desktop,medium,student,True,en,America/New_York,free
71af1c2b-d80d-5757-ae0f-9f2e8ec397f2,2026-03-08 16:00:58+00:00,organic_search,IN,tablet,high,early_career,True,en,Asia/Kolkata,free
dc0c8e93-0d62-5f31-a902-3174ddee7a33,2026-04-30 08:19:20+00:00,organic_search,IN,mobile,medium,student,True,en,Asia/Kolkata,free
50b4763e-6370-5bab-b4e1-861658fa1d9c,2026-05-04 13:00:18+00:00,organic_search,CN,mobile,low,new_graduate,True,zh,Asia/Shanghai,free
3e23bfcf-d3e2-5808-857b-2df62356785c,2026-03-14 13:50:18+00:00,content_marketing,CA,mobile,medium,student,True,en,America/Toronto,free
b12e1255-0b17-55cc-9e39-a2d2d24eadb6,2026-04-24 12:36:00+00:00,campus_event,US,desktop,high,new_graduate,True,en,America/New_York,free
4c79db89-0155-57f1-bb91-34dfe293effe,2026-03-16 08:52:04+00:00,campus_event,US,desktop,low,new_graduate,True,en,America/New_York,free
e9bb8d60-0203-5ac8-a555-018386fa721a,2026-03-29 08:05:52+00:00,content_marketing,CN,mobile,low,student,True,zh,Asia/Shanghai,free
bb2565ac-340d-53ee-b69f-a130e2e17014,2026-04-14 08:34:39+00:00,organic_search,IN,mobile,high,student,True,en,Asia/Kolkata,free
ba32da36-a029-5fee-a7cc-e382785e098f,2026-04-22 16:11:54+00:00,content_marketing,CN,desktop,high,student,True,zh,Asia/Shanghai,free
07ce8f23-368d-5819-910a-bfe278da82bf,2026-05-03 08:16:28+00:00,organic_search,US,mobile,low,student,True,en,America/New_York,free
c2bc08dd-66dd-53c3-a522-d07695e65bd3,2026-03-07 02:09:48+00:00,campus_event,FR,mobile,high,student,True,fr,Europe/Paris,free
8184a960-3be1-56df-b1cf-b7e3ad3e91cc,2026-03-17 13:17:43+00:00,social_ads,US,desktop,medium,new_graduate,True,en,America/New_York,free
2185d9b6-a340-5d0e-a2ed-de4b8da3a78f,2026-03-23 08:31:19+00:00,social_ads,CN,desktop,medium,student,True,zh,Asia/Shanghai,free
43e67025-b130-5a4d-ad2d-0b790db14e6c,2026-03-25 09:53:44+00:00,content_marketing,IN,mobile,medium,student,True,en,Asia/Kolkata,free
dc479885-52e6-579e-a42f-5036aa2e85b2,2026-05-11 20:44:01+00:00,organic_search,BR,mobile,high,student,True,pt,America/Sao_Paulo,free
02d3f9d1-954d-5379-84d6-940b74061eb0,2026-04-26 15:22:55+00:00,content_marketing,IN,tablet,low,early_career,False,en,Asia/Kolkata,free
4d817dd5-8148-5a2f-b0c0-1e037aaebe66,2026-03-26 02:36:38+00:00,social_ads,FR,desktop,high,student,True,fr,Europe/Paris,free
6bbd2a2e-f829-5831-829b-69e1a68534bf,2026-05-10 01:20:39+00:00,campus_event,US,tablet,low,new_graduate,True,en,America/New_York,free
d5d3b7f7-be23-5d49-8265-12d700cee6bb,2026-04-07 10:51:07+00:00,content_marketing,IN,mobile,medium,new_graduate,False,en,Asia/Kolkata,free
4908e47b-420c-5c56-b1ad-2770716053a3,2026-04-07 13:13:37+00:00,organic_search,GB,mobile,medium,student,True,en,Europe/London,free
726b69d2-da83-5a6f-80ab-6117865fb60d,2026-04-02 22:12:18+00:00,content_marketing,CN,desktop,high,student,True,zh,Asia/Shanghai,free
7a52d9ed-4322-5c63-9e43-77434781585f,2026-03-13 22:17:38+00:00,social_ads,CN,desktop,high,student,True,zh,Asia/Shanghai,free
79490007-e8cb-5a6c-857e-fa8c0a9bbbc2,2026-05-07 11:19:13+00:00,campus_event,JP,mobile,high,new_graduate,True,ja,Asia/Tokyo,free
1d470264-56da-5159-81e7-5ed471de558b,2026-03-04 23:04:41+00:00,organic_search,US,desktop,medium,student,True,en,America/New_York,free
49f7c448-2b9f-54ba-bd1e-3e5f11522725,2026-03-16 00:36:17+00:00,social_ads,CN,desktop,low,student,False,zh,Asia/Shanghai,free
7c205ac4-3d04-5a26-adeb-7a9666e69284,2026-03-19 20:18:36+00:00,campus_event,DE,tablet,high,early_career,True,de,Europe/Berlin,free
6a345819-6b06-5b98-bd28-2cb8a3656d2e,2026-03-23 06:30:59+00:00,social_ads,CA,desktop,medium,new_graduate,True,en,America/Toronto,free
e0053732-98d0-56e1-982d-8daefe875fa6,2026-03-13 02:17:50+00:00,organic_search,JP,tablet,medium,student,False,ja,Asia/Tokyo,free
c34179f6-e12b-5cff-941c-0da356812cb6,2026-03-05 05:44:37+00:00,organic_search,DE,mobile,medium,early_career,False,de,Europe/Berlin,free
f6e7bcbc-728f-5a67-a318-9c2b2032c9a9,2026-04-19 18:12:08+00:00,referral,US,mobile,medium,student,True,en,America/New_York,free
2720ac8a-d001-5c15-a9e9-95c318b62259,2026-05-09 21:10:36+00:00,organic_search,CA,desktop,medium,student,True,en,America/Toronto,free
b5893f6e-a3d9-5464-acee-03be9e5ee746,2026-03-12 09:45:15+00:00,campus_event,CN,mobile,medium,student,True,zh,Asia/Shanghai,free
86d3e72a-cada-5538-81c6-3935f8b48690,2026-03-24 11:03:43+00:00,content_marketing,IN,mobile,low,early_career,True,en,Asia/Kolkata,free
f2ebbe4a-c21d-5a1d-819f-730552acfd70,2026-04-07 22:28:55+00:00,organic_search,CN,tablet,high,student,False,zh,Asia/Shanghai,free
57673f38-ee99-5f03-9429-2327539cf1ae,2026-05-06 23:56:37+00:00,organic_search,GB,desktop,high,early_career,False,en,Europe/London,free
79ead828-5242-5d4a-b86b-1c84936bc42c,2026-04-20 21:41:53+00:00,campus_event,CN,desktop,medium,new_graduate,False,zh,Asia/Shanghai,free
187d330e-0606-5044-9b24-7d7c27006190,2026-04-25 20:48:26+00:00,organic_search,GB,tablet,high,new_graduate,True,en,Europe/London,free
e0cb4bb1-8ee2-50fe-8b65-2347706c7d73,2026-04-13 02:19:43+00:00,social_ads,US,desktop,medium,student,True,en,America/New_York,free
49ebe677-b022-5cd6-a54b-5c8266c4174c,2026-04-01 18:36:39+00:00,campus_event,US,mobile,medium,student,True,en,America/New_York,free
86326a76-817f-5c90-a4e8-e1b994e9da23,2026-03-17 18:49:41+00:00,social_ads,CN,desktop,high,new_graduate,True,zh,Asia/Shanghai,free
c7487ef5-7517-5e52-8397-855947a9ceca,2026-05-02 15:18:15+00:00,social_ads,US,desktop,medium,student,True,en,America/New_York,free
4d490817-cc8f-5203-9b5c-9f81cef84dcd,2026-04-28 11:37:47+00:00,campus_event,IN,mobile,high,new_graduate,True,en,Asia/Kolkata,free
64306062-72b1-556d-8627-8e8e8c659fff,2026-03-05 17:34:03+00:00,social_ads,US,mobile,medium,student,True,en,America/New_York,free
af810b70-296d-5573-9de6-c47e53b77568,2026-04-22 08:42:50+00:00,organic_search,CN,mobile,medium,early_career,True,zh,Asia/Shanghai,free
afbb1620-5153-5084-b808-1888c91f750e,2026-03-09 19:44:47+00:00,social_ads,US,mobile,low,new_graduate,True,en,America/New_York,free
14d2441d-f888-584b-b3ef-92abf3bc7112,2026-04-23 23:45:26+00:00,referral,US,mobile,high,new_graduate,True,en,America/New_York,free
7f242e01-d290-5919-8240-643f0ea98e32,2026-04-29 23:46:45+00:00,campus_event,IN,tablet,low,new_graduate,False,en,Asia/Kolkata,free
6c82bef1-5d44-55dd-a753-d935dbe731e5,2026-03-13 01:01:52+00:00,social_ads,US,desktop,medium,student,True,en,America/New_York,free
4dba25c4-ccfa-5ec7-9c66-4520951c5f65,2026-04-02 22:25:54+00:00,organic_search,US,desktop,low,student,True,en,America/New_York,free
e1c3cd52-4573-50c3-a215-7653a8c26a00,2026-03-12 12:56:09+00:00,organic_search,US,desktop,medium,student,True,en,America/New_York,free
b7600072-beb8-5f1d-9804-b0aa1aa2f882,2026-04-12 03:25:08+00:00,organic_search,US,mobile,medium,new_graduate,True,en,America/New_York,free
a4d0ef97-0d63-525a-8760-c82eb2280df5,2026-05-07 00:02:35+00:00,organic_search,IN,desktop,high,student,True,en,Asia/Kolkata,free
e445a3ee-10b6-5a89-abc8-bdf4cbab68bb,2026-03-09 13:55:10+00:00,content_marketing,US,mobile,medium,student,False,en,America/New_York,free
2ea6c924-b5ca-56a3-b8fd-3197974f236d,2026-03-31 10:23:21+00:00,organic_search,CN,desktop,low,student,True,zh,Asia/Shanghai,free
e2929bf1-8722-5822-983e-e72f1dfd0e9d,2026-05-10 03:29:14+00:00,referral,IN,mobile,low,student,True,en,Asia/Kolkata,free
2adf798f-2fe6-5bb9-8a21-c8cbee130037,2026-03-24 18:22:14+00:00,organic_search,CN,mobile,low,new_graduate,True,zh,Asia/Shanghai,free
b561aec8-be09-5eb7-b7c2-dc36a6f5aa8a,2026-03-13 02:57:02+00:00,organic_search,CN,mobile,medium,new_graduate,True,zh,Asia/Shanghai,free
d5bc056e-977a-5807-bad0-78f18f952098,2026-04-06 17:05:41+00:00,social_ads,US,mobile,high,student,False,en,America/New_York,free
6d7a0589-9591-5877-b71d-7a445d7dd5d0,2026-04-08 01:51:52+00:00,organic_search,BR,desktop,medium,student,True,pt,America/Sao_Paulo,free
be4d8c74-7f9c-5054-9280-cd1ebe5459dd,2026-04-18 17:42:10+00:00,campus_event,CN,mobile,medium,new_graduate,True,zh,Asia/Shanghai,free
3d3f8b4e-f7d0-5e0b-8f69-c5427bfdecb4,2026-03-25 15:32:56+00:00,content_marketing,US,desktop,low,new_graduate,True,en,America/New_York,free
26250291-9f60-54f5-a93a-a2e06100de3f,2026-05-08 22:30:42+00:00,referral,CA,mobile,high,early_career,True,en,America/Toronto,free
805797b0-547e-52be-ae71-71f917b0bd3b,2026-04-08 22:48:48+00:00,organic_search,IN,desktop,high,early_career,True,en,Asia/Kolkata,free
c17e319a-590e-56f6-94da-bc163c10d1f5,2026-03-23 18:21:16+00:00,campus_event,IN,desktop,high,early_career,True,en,Asia/Kolkata,free
2f294cda-a8a9-5db3-9fdd-535283159f8f,2026-05-09 06:13:50+00:00,organic_search,DE,desktop,low,early_career,False,de,Europe/Berlin,free
63936d20-51db-539d-a2b3-1c748c291da5,2026-05-06 19:28:56+00:00,content_marketing,US,mobile,medium,early_career,True,en,America/New_York,free
63c13f4f-9b25-5177-af01-f344cf340601,2026-04-07 10:36:59+00:00,social_ads,GB,tablet,high,new_graduate,True,en,Europe/London,free
4116b197-304e-5fd6-bb35-78c78f19124b,2026-03-05 17:10:01+00:00,organic_search,IN,desktop,low,new_graduate,False,en,Asia/Kolkata,free
ce1122cb-ca8e-55b1-b43e-effc1211b225,2026-04-14 04:31:33+00:00,organic_search,CN,desktop,medium,new_graduate,True,zh,Asia/Shanghai,free
fa6ddf01-31e7-5787-8d26-d5b7175b1967,2026-04-11 07:24:27+00:00,organic_search,US,desktop,high,student,True,en,America/New_York,free
54684136-d34c-5812-97cb-5c36b88854f4,2026-03-14 05:25:58+00:00,organic_search,US,tablet,high,student,True,en,America/New_York,free
4c32e36b-3c62-5965-87fc-4f54ba00cfca,2026-04-16 17:51:45+00:00,content_marketing,BR,mobile,medium,early_career,True,pt,America/Sao_Paulo,free
92262713-3877-5d27-b04f-e75330ddd799,2026-05-01 00:21:13+00:00,campus_event,US,desktop,medium,new_graduate,True,en,America/New_York,free
8275824f-c312-5fac-86f7-6f5b324551d0,2026-03-11 07:21:56+00:00,content_marketing,US,mobile,high,student,False,en,America/New_York,free
99703c6c-8d24-5382-921a-f4f19e0bd3e1,2026-04-22 21:49:19+00:00,organic_search,IN,mobile,medium,student,True,en,Asia/Kolkata,free
f53b6282-4cce-5105-ad57-1f9fd88945e6,2026-03-13 16:24:07+00:00,social_ads,IN,mobile,high,student,True,en,Asia/Kolkata,free
5d49df23-c530-5f08-ac04-3e6e94a61dd4,2026-04-24 16:03:21+00:00,organic_search,US,mobile,medium,student,True,en,America/New_York,free
f6b83935-19f0-5e40-a785-be928b73d546,2026-04-01 22:03:10+00:00,social_ads,GB,mobile,high,new_graduate,True,en,Europe/London,free
75c12a1e-632b-5af5-ac50-c35f28dd14db,2026-03-04 10:46:55+00:00,organic_search,CN,mobile,high,new_graduate,True,zh,Asia/Shanghai,free
3cef351b-c04c-53ae-99cc-f796c64a1849,2026-05-09 16:04:47+00:00,organic_search,GB,desktop,medium,new_graduate,True,en,Europe/London,free
793fddef-cfdd-5902-9cab-7e770f1289fc,2026-03-15 10:50:48+00:00,social_ads,US,desktop,medium,student,True,en,America/New_York,free
97c03bd0-0270-52eb-a02e-35484418dec9,2026-04-14 03:02:46+00:00,organic_search,US,desktop,low,student,True,en,America/New_York,free
d42b1e39-990d-5857-8903-253d997ddd37,2026-03-16 12:30:39+00:00,social_ads,IN,desktop,high,student,True,en,Asia/Kolkata,free
5e6ee177-7674-5c85-8634-a92a385f2668,2026-05-07 09:05:10+00:00,campus_event,US,desktop,medium,student,True,en,America/New_York,free
5427b5c0-ecfe-5af2-b8ec-79d5c04d16dd,2026-04-23 22:40:00+00:00,organic_search,CN,mobile,low,new_graduate,False,zh,Asia/Shanghai,free
ade88c16-cc93-5fe3-b65a-f3410e8fb7ef,2026-04-28 12:01:17+00:00,content_marketing,US,mobile,high,student,True,en,America/New_York,free
bb6fd9a5-1fb3-5f35-a17a-90b56d0a7134,2026-04-02 19:31:26+00:00,social_ads,GB,desktop,high,early_career,True,en,Europe/London,free
56ebdba0-99a6-58ad-a821-7b9a453967d9,2026-04-05 05:59:01+00:00,referral,DE,desktop,high,new_graduate,True,de,Europe/Berlin,free
b9cedcd4-41e6-54ea-9b73-d5d052977feb,2026-04-16 18:24:08+00:00,campus_event,GB,mobile,medium,student,True,en,Europe/London,free
c263bb77-d8fa-51c3-a095-461d855086f7,2026-04-27 03:34:04+00:00,campus_event,FR,mobile,high,student,True,fr,Europe/Paris,free
d65e162b-4162-51db-94f9-b77ebc5d3fbc,2026-05-01 10:35:52+00:00,campus_event,CA,desktop,high,student,True,en,America/Toronto,free
769b3c63-2797-5235-9b50-3541d572bee0,2026-03-05 05:32:14+00:00,referral,CN,mobile,low,student,False,zh,Asia/Shanghai,free
0be7a6b7-cb1f-5ff1-81c4-01c140c21d4b,2026-04-18 18:51:26+00:00,campus_event,CN,desktop,high,early_career,True,zh,Asia/Shanghai,free
4f7406ae-31eb-5318-abca-5d0bb6ca1c7e,2026-03-11 12:44:31+00:00,organic_search,DE,desktop,medium,new_graduate,True,de,Europe/Berlin,free
1a32c7d1-dc90-55a3-8f2b-edb488ea2437,2026-03-23 20:48:52+00:00,organic_search,CA,mobile,high,early_career,True,en,America/Toronto,free
746fb5c6-aeb3-5309-bca6-5418a77cf338,2026-04-30 05:32:00+00:00,campus_event,JP,mobile,high,new_graduate,False,ja,Asia/Tokyo,free
1e93aeae-05fa-5613-8e34-f715004a470e,2026-03-21 06:50:58+00:00,organic_search,GB,desktop,medium,early_career,True,en,Europe/London,free
1dcae3ed-ca07-5212-8c8f-9bda6d2718c9,2026-04-27 23:31:43+00:00,organic_search,US,mobile,medium,early_career,False,en,America/New_York,free
e04a6c77-6dc1-5681-bf05-347c37fda9c2,2026-04-04 22:44:26+00:00,organic_search,BR,tablet,low,student,True,pt,America/Sao_Paulo,free
dcdf9d7b-b24d-513c-94ad-5bb9cd46608c,2026-03-20 01:15:10+00:00,social_ads,BR,desktop,low,student,True,pt,America/Sao_Paulo,free
9e47e865-5e17-53cb-a607-da7e2ff919d9,2026-03-27 01:30:29+00:00,organic_search,IN,mobile,medium,student,False,en,Asia/Kolkata,free
b5b42e1d-1b50-5a8a-9cb4-17f34f00716c,2026-04-09 14:57:14+00:00,campus_event,DE,desktop,high,student,True,de,Europe/Berlin,free
2bf08bed-f344-50b5-8118-15e89be75596,2026-04-25 19:05:00+00:00,campus_event,CN,mobile,low,new_graduate,True,zh,Asia/Shanghai,free
c18582e5-b37b-565b-aaa4-b093d6a74c1f,2026-04-14 19:33:42+00:00,referral,BR,desktop,low,student,False,pt,America/Sao_Paulo,free
7f1d30fb-7e7b-5c9c-a9c0-17796ce36a2c,2026-05-07 09:25:06+00:00,organic_search,US,desktop,medium,early_career,True,en,America/New_York,free
2b30a43e-298b-50d1-b3f3-74cd4c7fd8ff,2026-05-02 20:58:31+00:00,social_ads,DE,desktop,low,student,False,de,Europe/Berlin,free
7a91a3bf-af95-5d6f-9246-3089a885c449,2026-04-24 23:33:11+00:00,social_ads,US,mobile,low,early_career,False,en,America/New_York,free
1e95bb1f-673a-5679-8b9d-6acb03a3d9ee,2026-04-14 14:44:42+00:00,social_ads,US,desktop,low,student,True,en,America/New_York,free
daefad1a-9663-55ee-a4d7-dae057eb70e1,2026-03-24 00:00:03+00:00,campus_event,US,tablet,medium,student,True,en,America/New_York,free
9b49f25b-bfc8-531d-b9b2-8cc121d12df7,2026-04-01 11:13:05+00:00,organic_search,CN,desktop,medium,early_career,True,zh,Asia/Shanghai,free
580a4b7d-14e7-53d9-8519-cef3c6f74151,2026-03-12 04:53:19+00:00,content_marketing,US,mobile,high,student,True,en,America/New_York,free
17d8c4e9-477c-5b5c-8762-e978ab67bba4,2026-03-29 19:38:54+00:00,organic_search,FR,mobile,medium,new_graduate,True,fr,Europe/Paris,free
401bfc91-daa0-5f62-8594-506b46d79246,2026-05-06 22:14:15+00:00,referral,CN,desktop,low,early_career,True,zh,Asia/Shanghai,free
8c78cae6-0cde-5e5a-89ba-35612c189e09,2026-04-02 09:15:37+00:00,social_ads,DE,mobile,high,student,False,de,Europe/Berlin,free
f77f443d-ba75-5f7c-a206-43104816ac02,2026-03-11 20:20:04+00:00,organic_search,US,mobile,high,student,True,en,America/New_York,free
12ee4053-4ed9-53ff-bab6-44632f4020ff,2026-04-17 23:35:51+00:00,campus_event,US,mobile,medium,student,True,en,America/New_York,free
aaf36575-7ab9-56cc-9202-e8a68247833d,2026-05-09 10:05:23+00:00,organic_search,GB,desktop,high,student,False,en,Europe/London,free
f30b3920-1ab2-55e2-9fb4-57cc66b707cc,2026-05-02 20:33:51+00:00,campus_event,IN,mobile,high,early_career,False,en,Asia/Kolkata,free
2f0f0e13-b066-5685-b575-6798d3cca9c0,2026-03-22 21:52:13+00:00,social_ads,CN,mobile,high,early_career,True,zh,Asia/Shanghai,free
5bbad057-9668-5e51-9c61-48c7dad55e02,2026-04-04 07:39:10+00:00,organic_search,GB,desktop,medium,student,True,en,Europe/London,free
ba86be0c-addf-56e9-8229-50edb61871bc,2026-04-09 15:21:47+00:00,organic_search,GB,mobile,low,new_graduate,True,en,Europe/London,free
bd51f982-a047-5782-ac12-f42f335bf814,2026-03-21 02:25:19+00:00,campus_event,CN,desktop,low,early_career,True,zh,Asia/Shanghai,free
1079c191-4442-524f-b15e-824e7d1a3bfb,2026-03-22 12:57:13+00:00,organic_search,FR,mobile,high,student,True,fr,Europe/Paris,free
188a55a2-9268-5aab-99f1-14f6aac353bd,2026-03-20 07:54:45+00:00,referral,IN,mobile,high,student,True,en,Asia/Kolkata,free
166786b5-7e37-5d1d-9883-2f2d81c71c8a,2026-05-11 15:01:34+00:00,campus_event,IN,tablet,medium,early_career,True,en,Asia/Kolkata,free
7f46485e-0633-5027-a1dc-c53bc5c9e2e7,2026-04-24 11:23:57+00:00,campus_event,CN,desktop,low,new_graduate,True,zh,Asia/Shanghai,free
922d88f8-d83a-581b-8643-1744ad8f5df6,2026-05-01 00:27:28+00:00,organic_search,US,desktop,low,student,False,en,America/New_York,free
830e1072-3905-555e-816a-fd216fb6d2c2,2026-04-29 08:14:15+00:00,campus_event,US,desktop,medium,new_graduate,False,en,America/New_York,free
1a492e7d-dbac-5cdb-a922-b8a5aead727a,2026-05-09 04:20:28+00:00,content_marketing,GB,mobile,high,student,True,en,Europe/London,free
1885c5ad-4a4f-5197-8aed-dc3d6426123f,2026-03-11 06:20:24+00:00,organic_search,IN,desktop,medium,new_graduate,True,en,Asia/Kolkata,free
655d7922-3f9c-52cb-bf01-19e700c4f6bb,2026-05-03 19:58:58+00:00,organic_search,US,desktop,medium,new_graduate,True,en,America/New_York,free
ada27414-a316-5af4-89ce-39570d25e593,2026-03-08 14:13:16+00:00,organic_search,IN,desktop,medium,student,True,en,Asia/Kolkata,free
019b9452-7e87-5370-bb76-e2669dfe9116,2026-04-05 19:17:48+00:00,social_ads,US,tablet,high,early_career,False,en,America/New_York,free
bc815cf0-c23e-5aad-bd68-6f47dab05470,2026-04-14 00:22:54+00:00,campus_event,US,desktop,high,new_graduate,True,en,America/New_York,free
b3d616ed-92d4-5db8-bb64-60fd26428486,2026-03-28 16:37:03+00:00,social_ads,BR,mobile,low,new_graduate,True,pt,America/Sao_Paulo,free
9f108841-5bee-5830-a1a1-d57788ce713d,2026-03-14 02:03:45+00:00,social_ads,CN,desktop,medium,new_graduate,True,zh,Asia/Shanghai,free
78606699-cce7-51fb-9e53-95dd2c22bbd0,2026-03-17 06:27:02+00:00,organic_search,US,desktop,high,new_graduate,True,en,America/New_York,free
56f106bc-70e3-51dc-81df-938420ec0ac6,2026-04-29 21:38:37+00:00,organic_search,CN,desktop,high,student,True,zh,Asia/Shanghai,free
5d56425b-6719-516a-a3a5-2fe658576be6,2026-03-25 23:48:23+00:00,organic_search,CN,desktop,medium,student,True,zh,Asia/Shanghai,free
384a8a02-4bcb-5e2b-b0c3-4691a2419e74,2026-03-25 09:54:50+00:00,referral,IN,mobile,low,new_graduate,True,en,Asia/Kolkata,free
43ef9b1c-6b1f-59dd-a93b-d681a10bdf28,2026-05-06 17:05:13+00:00,campus_event,FR,desktop,medium,new_graduate,True,fr,Europe/Paris,free
4ff87f9f-2bfd-589c-9c8a-9ba70e13b1b6,2026-03-13 22:15:05+00:00,social_ads,CN,desktop,medium,student,False,zh,Asia/Shanghai,free
6f2805e7-2e67-5ef3-8006-ffcb159ce9e4,2026-05-06 03:40:54+00:00,campus_event,CN,desktop,low,early_career,True,zh,Asia/Shanghai,free
431b6466-4adb-5dd8-b169-c007b46f0d8a,2026-05-06 13:07:36+00:00,organic_search,CN,desktop,high,early_career,True,zh,Asia/Shanghai,free
35d323eb-d7bc-5b94-bb7f-c62836b88c7f,2026-04-14 07:12:52+00:00,organic_search,CN,desktop,low,student,True,zh,Asia/Shanghai,free
09b3f4f1-ff28-5890-b873-23c26048dc89,2026-03-15 10:07:12+00:00,organic_search,US,desktop,high,student,False,en,America/New_York,free
6027e8e7-d5f6-594f-9a2b-25a3c775779b,2026-03-14 18:06:19+00:00,content_marketing,US,desktop,medium,new_graduate,True,en,America/New_York,free
2678c330-2f15-5a86-9478-1b2a94f57690,2026-03-23 15:29:46+00:00,campus_event,DE,mobile,low,student,True,de,Europe/Berlin,free
4d784f2b-3075-58ee-baf6-093aca609450,2026-04-12 20:12:00+00:00,campus_event,CN,tablet,medium,early_career,True,zh,Asia/Shanghai,free
7f682bf2-97c0-5c95-b9f0-e9d1ab0d6d2e,2026-03-14 14:23:00+00:00,organic_search,CN,mobile,medium,new_graduate,True,zh,Asia/Shanghai,free
e804ca80-0fac-5358-9150-b1255be4eb0b,2026-04-04 10:34:09+00:00,organic_search,US,desktop,high,student,False,en,America/New_York,free
c1407296-34a3-585f-ab84-087013e7ec95,2026-03-11 23:15:04+00:00,campus_event,GB,tablet,medium,student,True,en,Europe/London,free
1de270b3-5573-53b5-aa71-fd899b3ebc00,2026-04-10 06:42:36+00:00,social_ads,US,tablet,low,student,True,en,America/New_York,free
96c025dd-f22d-5042-b174-6d104bf00db9,2026-03-05 11:01:15+00:00,content_marketing,CN,mobile,high,new_graduate,False,zh,Asia/Shanghai,free
cba22ba5-f44f-5299-88cb-c7e828abb34d,2026-04-21 22:09:49+00:00,campus_event,GB,desktop,medium,student,True,en,Europe/London,free
4adb3147-a84a-533e-952b-29c2c425c32f,2026-03-07 19:44:04+00:00,social_ads,CN,mobile,low,early_career,True,zh,Asia/Shanghai,free
477d2212-461d-5558-b7fc-7bc29da90a60,2026-03-17 10:37:28+00:00,campus_event,BR,tablet,high,new_graduate,True,pt,America/Sao_Paulo,free
a455fb8b-178b-5cda-8153-04de46662b89,2026-03-16 01:12:21+00:00,content_marketing,US,mobile,low,early_career,True,en,America/New_York,free
a2bc433d-ba63-5bea-a4c6-085990d45a33,2026-04-30 08:07:33+00:00,social_ads,IN,mobile,low,student,False,en,Asia/Kolkata,free
9789100e-454e-5551-87af-ef9d13f091a0,2026-03-07 16:24:00+00:00,campus_event,JP,mobile,medium,student,True,ja,Asia/Tokyo,free
305ae161-164b-53ec-b1bc-ccd3da2ff97c,2026-04-02 14:51:13+00:00,content_marketing,CN,tablet,medium,early_career,True,zh,Asia/Shanghai,free
31084a19-de68-539d-a852-3208f712fd70,2026-04-13 18:56:01+00:00,organic_search,IN,desktop,medium,student,False,en,Asia/Kolkata,free
5d37424a-740c-55c2-bb2e-378902e1d7ca,2026-04-08 14:29:18+00:00,referral,CN,desktop,high,student,True,zh,Asia/Shanghai,free
54ab6f93-e1c5-5d14-b0be-819457301cd7,2026-04-19 23:15:46+00:00,organic_search,GB,mobile,low,early_career,True,en,Europe/London,free
3f01506a-e895-5820-8f29-7ad42e984267,2026-04-28 09:56:07+00:00,campus_event,CA,desktop,high,early_career,True,en,America/Toronto,free
2c545255-c412-5e0e-bf88-f539345866c7,2026-03-31 03:51:06+00:00,campus_event,IN,desktop,low,early_career,True,en,Asia/Kolkata,free
7fcf9075-905a-5cea-8be9-fc0157904072,2026-04-30 03:31:42+00:00,campus_event,BR,desktop,low,student,True,pt,America/Sao_Paulo,free
d608ccc0-eb04-551b-abae-7f537e033d87,2026-03-25 22:35:34+00:00,social_ads,CN,desktop,low,new_graduate,True,zh,Asia/Shanghai,free
98a072d9-3e65-5fa7-95a1-8210e3e8e398,2026-05-10 22:12:13+00:00,campus_event,CN,desktop,low,new_graduate,True,zh,Asia/Shanghai,free
c679619a-e2b6-55da-968a-f550f7a967ec,2026-04-07 19:29:42+00:00,organic_search,US,mobile,medium,new_graduate,True,en,America/New_York,free
4f93f608-b45e-530d-9970-80ea54b835a6,2026-04-23 18:50:16+00:00,organic_search,IN,desktop,high,student,True,en,Asia/Kolkata,free
622aaf7e-8a81-5052-9567-9d7dcb67d34e,2026-05-03 09:00:28+00:00,organic_search,DE,mobile,high,early_career,True,de,Europe/Berlin,free
f640907c-ccf6-51e5-bbda-14037d392cb4,2026-04-27 16:37:48+00:00,social_ads,IN,desktop,medium,student,True,en,Asia/Kolkata,free
231e277c-dee9-5904-ad04-e1689e7d996f,2026-05-01 17:28:25+00:00,social_ads,US,tablet,low,new_graduate,True,en,America/New_York,free
e41a49b5-359f-57b4-a73e-e90692bfdbf6,2026-04-10 00:27:58+00:00,organic_search,CN,mobile,high,early_career,True,zh,Asia/Shanghai,free
346c0292-fa58-5fc1-94d4-1f05c295ec66,2026-03-06 23:59:39+00:00,referral,GB,tablet,medium,early_career,True,en,Europe/London,free
ff22fcce-614d-5480-9dfb-150f52082b6f,2026-04-07 00:32:45+00:00,social_ads,BR,desktop,medium,student,False,pt,America/Sao_Paulo,free
b685dcf0-e67c-57ad-bc7d-325c386b8cd1,2026-03-16 12:33:39+00:00,social_ads,US,desktop,medium,new_graduate,False,en,America/New_York,free
cab781c6-219a-501c-bf52-865c45331c1e,2026-05-04 08:22:36+00:00,social_ads,US,mobile,low,new_graduate,True,en,America/New_York,free
4d496a3e-8e48-5d89-9e2d-58c575605efb,2026-03-20 08:02:57+00:00,organic_search,CN,mobile,medium,student,False,zh,Asia/Shanghai,free
d885985b-c65c-5564-bd12-6adcc4c02fa0,2026-03-19 17:41:00+00:00,campus_event,US,desktop,high,student,True,en,America/New_York,free
affa2035-f064-58d7-a531-6980c95ae758,2026-03-21 04:59:07+00:00,social_ads,JP,mobile,low,new_graduate,False,ja,Asia/Tokyo,free
82b5a97e-2aaf-5aea-9318-89fc14b56517,2026-04-17 08:05:22+00:00,organic_search,CN,mobile,medium,early_career,False,zh,Asia/Shanghai,free
d4639b38-4bec-5ac9-bf25-792150178612,2026-04-12 09:57:39+00:00,content_marketing,CN,desktop,high,early_career,True,zh,Asia/Shanghai,free
023aafb7-e2a5-53c3-82b0-eb7c2d41fd0d,2026-05-08 11:16:48+00:00,referral,US,mobile,medium,student,True,en,America/New_York,free
f7e504da-cc80-50c4-a186-fe6c15bb3ebb,2026-04-01 17:19:49+00:00,campus_event,CN,desktop,medium,student,True,zh,Asia/Shanghai,free
4567eaf5-6226-5296-98b0-41eaaff74a8b,2026-03-23 11:27:08+00:00,referral,JP,desktop,medium,student,True,ja,Asia/Tokyo,free
2375ceec-c741-5ec8-99ab-4836457dddd9,2026-03-07 09:33:52+00:00,content_marketing,CN,tablet,high,early_career,True,zh,Asia/Shanghai,free
44de856c-0e58-5780-a64f-88b90a810ab7,2026-03-04 11:43:02+00:00,organic_search,US,mobile,medium,early_career,True,en,America/New_York,free
9436c9a2-d9fd-5c59-96e0-83774427bc6b,2026-03-29 18:42:17+00:00,campus_event,US,mobile,medium,early_career,True,en,America/New_York,free
ee0b8c29-fd0d-570e-9b5c-b880d52c24de,2026-05-06 21:09:11+00:00,campus_event,JP,mobile,low,new_graduate,False,ja,Asia/Tokyo,free
9fe9ab46-04e4-568f-bc35-f36d7fdfe3f1,2026-04-09 03:20:04+00:00,organic_search,JP,tablet,high,student,False,ja,Asia/Tokyo,free
4174e87a-c1e4-5eaf-99d3-73a9bce09fc9,2026-05-04 15:42:52+00:00,organic_search,US,desktop,high,new_graduate,True,en,America/New_York,free
d0c9110b-7dfc-5c11-91a3-aa349f3a3828,2026-03-11 00:22:06+00:00,organic_search,IN,desktop,medium,student,True,en,Asia/Kolkata,free
210fc6a1-8fcc-581a-af11-fdc4187ccb63,2026-03-10 10:32:21+00:00,campus_event,US,desktop,high,student,False,en,America/New_York,free
3dc0bc23-a0ce-5d2d-8df4-9602df70dbb0,2026-04-30 12:12:25+00:00,campus_event,CN,mobile,medium,student,True,zh,Asia/Shanghai,free
8b232724-a37d-5328-ac54-a79164dfb041,2026-03-11 08:45:52+00:00,campus_event,US,mobile,high,student,False,en,America/New_York,free
3d96a7c4-75d1-594c-999d-310c68a4d17b,2026-03-07 14:02:54+00:00,organic_search,GB,mobile,low,student,True,en,Europe/London,free
b32e6b1a-7194-55ce-a0af-70f86cacd138,2026-03-31 21:10:37+00:00,organic_search,BR,desktop,low,early_career,True,pt,America/Sao_Paulo,free
25ba56ed-6a96-5588-8faa-285eb2145c27,2026-05-06 19:32:16+00:00,social_ads,US,desktop,high,new_graduate,True,en,America/New_York,free
d9e6a503-21e7-5b2e-af8c-ac6acb6d393b,2026-04-20 13:37:06+00:00,social_ads,CN,tablet,medium,early_career,True,zh,Asia/Shanghai,free
58b753dc-85d2-55c0-8cc2-cab968015c5a,2026-03-10 20:07:51+00:00,content_marketing,US,mobile,medium,student,True,en,America/New_York,free
5038bbb4-335e-5486-b73e-146a15157a5f,2026-04-30 18:17:19+00:00,referral,US,desktop,high,new_graduate,False,en,America/New_York,free
cd55ba26-ee05-53e2-a50d-6c26f5f5ec40,2026-05-01 04:57:35+00:00,content_marketing,US,mobile,medium,student,True,en,America/New_York,free
eb4f064a-b4a5-561c-a5c2-844b8b1cf5e8,2026-04-28 05:57:11+00:00,referral,US,mobile,medium,student,True,en,America/New_York,free
56acd5fd-8de2-531b-98d9-77557349de77,2026-05-05 06:47:35+00:00,content_marketing,AU,mobile,medium,student,True,en,Australia/Sydney,free
a318c9dc-3fb3-583c-894a-c77cf46ed638,2026-03-20 13:14:15+00:00,social_ads,US,desktop,medium,student,True,en,America/New_York,free
4f6a1414-417e-52cd-a6fb-3efc9ebe837d,2026-05-10 14:10:07+00:00,organic_search,DE,mobile,low,early_career,True,de,Europe/Berlin,free
eacf0583-8a78-5551-a547-78b52c3b0a08,2026-03-26 03:04:22+00:00,organic_search,US,desktop,low,early_career,True,en,America/New_York,free
342976a4-e1e4-5772-b146-2bd8168869dc,2026-04-28 08:09:16+00:00,social_ads,CN,desktop,medium,student,True,zh,Asia/Shanghai,free
7eab5dee-864b-5132-b905-683907d72e5a,2026-04-12 23:25:38+00:00,organic_search,CN,mobile,high,new_graduate,False,zh,Asia/Shanghai,free
a594967a-6edc-5bed-90f3-2eb56b1992eb,2026-04-26 18:48:52+00:00,organic_search,BR,desktop,medium,student,False,pt,America/Sao_Paulo,free
63b9cbd8-027e-5271-ab99-cc97ac25a80d,2026-04-16 07:40:07+00:00,content_marketing,US,desktop,medium,student,True,en,America/New_York,free
5d9bd845-5b34-5405-9fcf-05a13ccb86e7,2026-04-17 07:57:07+00:00,organic_search,US,desktop,medium,new_graduate,True,en,America/New_York,free
401ff947-4884-5396-974e-bcd97d654683,2026-04-15 12:33:58+00:00,content_marketing,IN,desktop,low,early_career,False,en,Asia/Kolkata,free
7e14023a-3bee-5a1a-afb1-ad22bfe8d193,2026-04-26 18:01:03+00:00,campus_event,IN,mobile,medium,early_career,True,en,Asia/Kolkata,free
8cdc7642-eb65-5f6b-9b81-e60719058c60,2026-04-23 23:51:17+00:00,campus_event,IN,desktop,low,student,True,en,Asia/Kolkata,free
9530e009-fd33-5024-aee1-672b54550837,2026-03-13 06:49:05+00:00,campus_event,US,mobile,medium,new_graduate,True,en,America/New_York,free
61ea66a4-6ae7-5af0-9584-2e520a61634d,2026-04-29 23:56:47+00:00,organic_search,US,tablet,low,student,True,en,America/New_York,free
d81afe8c-d52c-5640-a0ba-cdf00df3c7cb,2026-04-09 23:43:42+00:00,campus_event,GB,desktop,medium,student,True,en,Europe/London,free
6e679fd6-31be-55cc-a44f-cf1dd1d428c0,2026-03-26 07:01:33+00:00,organic_search,IN,mobile,medium,student,True,en,Asia/Kolkata,free
59cc5b32-ee5d-5c8e-af0c-8ac20f2fd75f,2026-04-08 11:33:10+00:00,content_marketing,IN,desktop,high,student,True,en,Asia/Kolkata,free
df8bc344-0cdb-5abd-8815-1520de57a7c9,2026-05-09 17:19:27+00:00,organic_search,US,desktop,medium,student,True,en,America/New_York,free
aa6815dc-7186-51a7-afde-53acaae92470,2026-05-02 04:08:21+00:00,organic_search,US,desktop,high,student,True,en,America/New_York,free
a7d27908-b69e-5817-af71-f2d511021ee7,2026-04-30 12:36:16+00:00,campus_event,BR,desktop,medium,new_graduate,True,pt,America/Sao_Paulo,free
f324f653-882c-5cc1-8485-8594b0f38978,2026-04-04 22:23:43+00:00,campus_event,IN,desktop,medium,student,True,en,Asia/Kolkata,free
5a93c51c-0b6b-5716-a234-24dce8b77a71,2026-04-27 02:31:55+00:00,social_ads,US,desktop,low,student,True,en,America/New_York,free
dee45e85-506d-5b9c-9bad-4cf8207ddca9,2026-03-30 13:42:28+00:00,campus_event,BR,mobile,low,early_career,True,pt,America/Sao_Paulo,free
9b93203c-352a-5315-8065-ef219247702b,2026-04-20 08:17:23+00:00,organic_search,CN,mobile,low,early_career,True,zh,Asia/Shanghai,free
7427df4f-af33-58a0-b608-ef1798477485,2026-04-17 03:06:59+00:00,campus_event,US,tablet,low,student,True,en,America/New_York,free
ecd5c91b-505d-5ab8-b981-62792cfb9b06,2026-03-21 05:39:58+00:00,organic_search,CN,mobile,medium,student,True,zh,Asia/Shanghai,free
db2c9683-9126-5a17-94bd-744362163545,2026-03-22 09:15:46+00:00,organic_search,IN,mobile,medium,student,True,en,Asia/Kolkata,free
a45b1dea-4cfc-505d-b980-e07d3a148163,2026-03-08 05:14:10+00:00,organic_search,CN,desktop,medium,early_career,False,zh,Asia/Shanghai,free
072cdcb2-4e90-569e-a715-f8ae2dc5e98c,2026-03-13 15:27:22+00:00,organic_search,CN,mobile,medium,student,True,zh,Asia/Shanghai,free
688f3ba9-b2f6-5186-a37a-47066c01c8a0,2026-04-02 22:04:19+00:00,organic_search,IN,desktop,medium,student,True,en,Asia/Kolkata,free
b7fcdb3f-cde5-5498-bdd4-ec29f403668e,2026-04-05 23:21:52+00:00,social_ads,US,tablet,low,new_graduate,True,en,America/New_York,free
9afc6ad6-ae5d-54de-a53d-187845aae6ba,2026-03-15 09:26:22+00:00,organic_search,BR,tablet,medium,new_graduate,True,pt,America/Sao_Paulo,free
76712b5c-941e-5f89-993f-b1b580ec2e60,2026-04-01 18:22:06+00:00,organic_search,CN,desktop,medium,student,False,zh,Asia/Shanghai,free
359e0d1e-9c70-5c10-8a60-fc0f430cf525,2026-04-14 16:31:03+00:00,social_ads,CN,mobile,medium,student,False,zh,Asia/Shanghai,free
57e68b6a-9e7f-5737-8673-47f201216f62,2026-03-20 01:08:07+00:00,organic_search,IN,mobile,low,student,True,en,Asia/Kolkata,free
2cc678f4-b285-5a40-883a-0e4c647014df,2026-03-27 08:07:12+00:00,campus_event,IN,mobile,high,student,True,en,Asia/Kolkata,free
c5568d1a-dd85-593a-9fa6-32aa1655a74f,2026-03-29 08:35:57+00:00,content_marketing,CN,desktop,medium,student,True,zh,Asia/Shanghai,free
3f8a7c3e-6330-5f6a-85cd-a5ae01899e80,2026-04-07 20:22:08+00:00,social_ads,IN,mobile,medium,early_career,True,en,Asia/Kolkata,free
379007db-01b0-5e14-912c-b7a3631d3aaa,2026-03-29 06:44:44+00:00,content_marketing,CA,mobile,low,early_career,True,en,America/Toronto,free
34a7d969-e31c-5ba0-b5ab-05a90b03a684,2026-04-23 20:22:48+00:00,organic_search,GB,desktop,low,new_graduate,False,en,Europe/London,free
f4939650-5ab2-5bc9-9d7a-9d10a072d33e,2026-03-26 14:19:56+00:00,organic_search,GB,mobile,medium,new_graduate,True,en,Europe/London,free
b059ff38-5c69-50b4-b46e-2b99509834be,2026-04-02 22:31:57+00:00,campus_event,US,desktop,high,new_graduate,False,en,America/New_York,free
ff4dac62-790f-565d-94ac-e1354b3f73ae,2026-03-30 04:23:32+00:00,campus_event,CN,tablet,low,student,False,zh,Asia/Shanghai,free
fa00d6a5-ee89-5762-be39-53361e83b7f3,2026-03-16 14:54:29+00:00,referral,CN,desktop,medium,new_graduate,True,zh,Asia/Shanghai,free
63d750a7-5935-5148-85e8-6cab411cf94e,2026-04-20 07:35:26+00:00,organic_search,US,desktop,high,student,True,en,America/New_York,free
a398422b-bee1-5836-b477-e8b8622647ce,2026-03-20 05:53:54+00:00,campus_event,GB,desktop,medium,student,True,en,Europe/London,free
8fecad41-c670-5f87-8af5-9445ed0153fa,2026-03-24 11:37:37+00:00,social_ads,US,mobile,medium,student,False,en,America/New_York,free
4141987c-14e2-5c1f-b714-c7cdabba52c5,2026-04-27 16:47:49+00:00,organic_search,US,mobile,medium,new_graduate,True,en,America/New_York,free
6bf32b90-5789-5a4f-b8f6-f98c7a4a1a61,2026-05-08 11:18:30+00:00,organic_search,US,desktop,medium,new_graduate,True,en,America/New_York,free
1089efa6-df10-518d-95a6-c6a61d89b876,2026-04-19 06:54:57+00:00,content_marketing,US,desktop,high,new_graduate,True,en,America/New_York,free
2acba02d-c5d4-5aaf-b409-f9a2dfe54fff,2026-05-06 05:28:19+00:00,organic_search,US,mobile,low,new_graduate,True,en,America/New_York,free
0a0fb720-1b4a-5546-9af8-4723f47246f7,2026-05-01 22:32:21+00:00,referral,IN,desktop,high,early_career,True,en,Asia/Kolkata,free
507f2c39-904f-5aef-8349-f6578c71c981,2026-04-06 04:23:14+00:00,campus_event,CN,desktop,low,student,False,zh,Asia/Shanghai,free
106ff396-69bb-5969-9e00-2707f81c9c31,2026-04-26 03:36:00+00:00,campus_event,US,tablet,high,student,True,en,America/New_York,free
d9c8d54b-9c9d-5a90-b5b9-846d0462b1c0,2026-03-26 15:45:57+00:00,campus_event,US,desktop,high,early_career,True,en,America/New_York,free
22fca7f9-18c6-5623-8fc2-5e53b051a3da,2026-04-04 18:34:58+00:00,referral,GB,mobile,high,new_graduate,True,en,Europe/London,free
58871bb0-e017-55ac-aee5-c33392c8b0eb,2026-04-09 22:40:47+00:00,organic_search,US,desktop,high,student,True,en,America/New_York,free
ec9fea15-54b7-5d6f-9d3f-8596cc3884b5,2026-05-09 06:34:34+00:00,organic_search,CN,mobile,medium,student,True,zh,Asia/Shanghai,free
a6841cab-247c-5146-8f66-ca2608b46b28,2026-05-01 13:12:57+00:00,social_ads,CN,mobile,low,early_career,True,zh,Asia/Shanghai,free
dad9ec14-9609-544d-ade4-b4065e3f192d,2026-04-06 18:12:09+00:00,social_ads,CN,desktop,low,student,False,zh,Asia/Shanghai,free
d8083013-3b77-5468-8854-ce1bd60d7b3d,2026-04-18 00:41:03+00:00,organic_search,DE,mobile,medium,early_career,True,de,Europe/Berlin,free
087aca7c-2707-57fa-811b-6a55dac24e41,2026-03-17 23:06:07+00:00,organic_search,IN,tablet,medium,early_career,True,en,Asia/Kolkata,free
26f9ade8-7b71-5a60-83cb-5004e7b8528b,2026-04-28 12:04:21+00:00,organic_search,JP,mobile,medium,early_career,False,ja,Asia/Tokyo,free
eef9c436-fb8e-55a4-b17f-5ba1389bdfa0,2026-04-11 03:49:50+00:00,organic_search,DE,desktop,medium,student,True,de,Europe/Berlin,free
9bdb664e-c1f1-55cf-83c7-461297db2f50,2026-04-09 18:11:16+00:00,organic_search,US,desktop,medium,new_graduate,False,en,America/New_York,free
2648e55f-f1b8-513f-a613-723b8458632c,2026-04-25 20:57:54+00:00,content_marketing,US,tablet,high,student,True,en,America/New_York,free
7f528965-da83-56b3-8a28-00ee71f89b89,2026-04-16 16:06:40+00:00,organic_search,US,desktop,medium,student,True,en,America/New_York,free
03297971-8c6c-5450-b938-cc30301fb727,2026-03-09 00:00:18+00:00,content_marketing,CN,desktop,high,student,True,zh,Asia/Shanghai,free
4155fae6-7518-5c9f-8865-92aefe9fae76,2026-03-23 21:11:07+00:00,content_marketing,CN,desktop,medium,student,True,zh,Asia/Shanghai,free
63cfcf5e-1031-5cc4-bf71-cea34524ac5a,2026-03-16 04:38:46+00:00,organic_search,US,mobile,high,student,False,en,America/New_York,free
b2b491ab-e3d3-5699-82c4-7ac5939535a2,2026-04-23 16:58:58+00:00,campus_event,US,desktop,high,new_graduate,False,en,America/New_York,free
4d948f29-5f79-5b00-8713-4a73bbeecbd7,2026-03-06 10:12:12+00:00,campus_event,CN,desktop,low,student,True,zh,Asia/Shanghai,free
c37d5312-6541-5d01-95af-50ca547d0683,2026-03-17 23:10:54+00:00,campus_event,IN,mobile,low,student,True,en,Asia/Kolkata,free
e17ee79e-4dfd-5aa5-b549-f512ea85d718,2026-04-14 05:22:07+00:00,organic_search,IN,desktop,high,student,True,en,Asia/Kolkata,free
f6dfd89e-2f3e-577c-b75e-6c8054538f74,2026-04-20 22:35:07+00:00,organic_search,JP,desktop,medium,new_graduate,True,ja,Asia/Tokyo,free
69d0c578-15d0-5fce-af56-50e6b2f03166,2026-04-07 17:28:21+00:00,organic_search,US,mobile,high,student,True,en,America/New_York,free
44c37415-987a-5e95-b708-c8ae0eef8df6,2026-05-02 09:21:01+00:00,campus_event,CN,desktop,high,new_graduate,True,zh,Asia/Shanghai,free
c6c6709e-3617-5c7c-b281-e1de57b7153c,2026-05-06 09:45:52+00:00,content_marketing,FR,tablet,medium,student,True,fr,Europe/Paris,free
e7aaf371-f80d-5baa-b995-4e3f14b97aa0,2026-03-13 02:45:43+00:00,campus_event,IN,desktop,high,new_graduate,True,en,Asia/Kolkata,free
9034a2be-1a25-553c-9774-1b0700f32822,2026-05-08 17:21:29+00:00,campus_event,CN,mobile,high,early_career,True,zh,Asia/Shanghai,free
a90a17c5-2438-5ca5-a91b-4d0eadaa174b,2026-04-15 09:24:45+00:00,content_marketing,CN,mobile,high,new_graduate,True,zh,Asia/Shanghai,free
25e12611-fb14-5828-b401-1c33bc9e86d3,2026-04-16 21:34:43+00:00,campus_event,US,desktop,medium,new_graduate,True,en,America/New_York,free
c06cb8f1-fa7c-50b2-b187-8c406fcde1a1,2026-03-10 13:28:41+00:00,organic_search,DE,desktop,low,early_career,True,de,Europe/Berlin,free
cecf7a7b-da11-52b1-81cb-7ac511d625a5,2026-04-15 21:49:10+00:00,referral,IN,mobile,low,student,True,en,Asia/Kolkata,free
2e85a50f-ab6f-5c9a-b144-05e87b7c2023,2026-04-23 01:47:05+00:00,social_ads,CN,desktop,medium,student,True,zh,Asia/Shanghai,free
1f325487-fa3e-5892-876c-2a3b2176e2cf,2026-04-13 01:47:23+00:00,organic_search,CN,desktop,high,early_career,True,zh,Asia/Shanghai,free
77517ff9-4783-5bb9-a9ba-b7c35289544c,2026-03-09 19:55:13+00:00,social_ads,CN,tablet,high,early_career,False,zh,Asia/Shanghai,free
022eff3c-358d-53ce-ad2b-21448c390611,2026-04-09 02:27:51+00:00,content_marketing,US,mobile,medium,new_graduate,True,en,America/New_York,free
20dddd80-9f88-596c-823c-7c02f313cd59,2026-05-07 13:54:57+00:00,organic_search,GB,tablet,medium,student,True,en,Europe/London,free
9bc09a12-408a-5e70-a05e-ff79c7a8e2e3,2026-04-22 21:58:38+00:00,social_ads,CN,desktop,medium,student,True,zh,Asia/Shanghai,free
dd30d7f0-0939-5414-a2fc-fe22f6430f4a,2026-03-13 11:32:50+00:00,organic_search,US,desktop,high,early_career,False,en,America/New_York,free
4da4c4cd-1798-55fa-b1e4-2c37098763a1,2026-05-09 05:39:28+00:00,organic_search,CN,mobile,medium,new_graduate,True,zh,Asia/Shanghai,free
c309b369-18e8-5c35-885e-4fbc36f40211,2026-05-09 03:54:19+00:00,organic_search,CA,desktop,low,student,True,en,America/Toronto,free
672634dd-e99f-56bb-b319-ede47dd2be8d,2026-03-15 16:31:07+00:00,campus_event,CN,desktop,medium,student,True,zh,Asia/Shanghai,free
c6dd9aa8-e3d3-599c-8cac-fdfcf59e741f,2026-04-28 06:15:50+00:00,referral,CN,desktop,medium,early_career,True,zh,Asia/Shanghai,free
62651224-e9b6-57f3-ac97-b198a480f778,2026-04-01 01:31:23+00:00,organic_search,IN,desktop,medium,new_graduate,False,en,Asia/Kolkata,free
5d7f3548-f4d5-5c20-818f-35f113e5b243,2026-04-13 23:08:13+00:00,organic_search,GB,mobile,high,early_career,False,en,Europe/London,free
f6c3b856-eb16-5611-ad3d-a04e92bc691e,2026-04-03 17:13:41+00:00,organic_search,IN,desktop,high,student,False,en,Asia/Kolkata,free
95c91376-f6a0-59f2-80df-eb505236ffa4,2026-04-27 00:01:30+00:00,organic_search,DE,tablet,low,student,True,de,Europe/Berlin,free
59151035-126a-5451-846e-394e654a755e,2026-05-11 18:28:06+00:00,social_ads,US,desktop,low,student,True,en,America/New_York,free
15b87c60-666e-5f62-8b87-02dc314502a6,2026-04-27 20:42:35+00:00,campus_event,CA,desktop,medium,new_graduate,True,en,America/Toronto,free
16b39eaf-c14a-5499-8798-2dd834cdc685,2026-05-07 06:21:02+00:00,campus_event,CA,desktop,low,student,False,en,America/Toronto,free
b71f38e1-7ce4-5aad-a4c6-3ebe987505dd,2026-05-08 06:37:13+00:00,social_ads,CN,mobile,medium,student,True,zh,Asia/Shanghai,free
994cd6b8-ea54-5053-953e-a83411ba19ac,2026-03-10 05:12:51+00:00,social_ads,IN,tablet,low,student,True,en,Asia/Kolkata,free
bbcac93a-5f82-59c4-bb6a-182db935ea04,2026-03-21 11:36:09+00:00,organic_search,US,mobile,low,student,False,en,America/New_York,free
a77835c7-9dea-5568-a1a4-aee2be8892c5,2026-04-22 19:23:39+00:00,organic_search,CN,desktop,high,early_career,False,zh,Asia/Shanghai,free
7fca23ba-bde6-56ac-9b53-dd598c058d51,2026-04-13 17:09:55+00:00,content_marketing,US,desktop,low,student,True,en,America/New_York,free
56722269-af4f-5887-a5d0-7bf556ef9779,2026-03-07 11:02:30+00:00,campus_event,US,mobile,high,new_graduate,True,en,America/New_York,free
d17ba6fb-3706-5893-8d5a-1bad81522a62,2026-03-10 13:24:04+00:00,content_marketing,JP,desktop,medium,new_graduate,True,ja,Asia/Tokyo,free
d5451f20-6cad-5fdc-b759-f397c3e0c7e4,2026-04-08 22:01:34+00:00,content_marketing,US,mobile,medium,student,True,en,America/New_York,free
2a4efc27-2185-5956-9cd2-7e99cb2a436e,2026-04-15 12:22:12+00:00,campus_event,CN,desktop,low,new_graduate,True,zh,Asia/Shanghai,free
7a17c96c-7219-53cb-b019-d3883c2be7d3,2026-03-15 13:44:34+00:00,content_marketing,US,desktop,low,early_career,True,en,America/New_York,free
652eacdf-0998-5cd0-9435-e44f55df94f6,2026-03-15 19:39:29+00:00,social_ads,CN,desktop,medium,new_graduate,True,zh,Asia/Shanghai,free
be45d57d-e542-5e17-90f8-6d0ce7a73f82,2026-03-12 22:11:13+00:00,organic_search,CN,desktop,high,new_graduate,False,zh,Asia/Shanghai,free
65e5c557-dd73-5ac8-96d2-b0d88afbdb85,2026-04-11 23:33:28+00:00,organic_search,US,tablet,high,early_career,False,en,America/New_York,free
9f5b676a-6e7a-5c13-96dc-8c071db0fcf9,2026-03-04 13:00:19+00:00,organic_search,IN,mobile,low,early_career,False,en,Asia/Kolkata,free
4d1e25b3-4b71-55b8-ab98-fa920f9c9575,2026-04-12 11:56:40+00:00,organic_search,FR,tablet,low,early_career,False,fr,Europe/Paris,free
a5c38ccc-34b2-5a86-bd67-1e93b3319810,2026-04-05 20:08:15+00:00,social_ads,CN,mobile,low,student,True,zh,Asia/Shanghai,free
e2716c3e-8555-5248-bd81-0fe9d94fcd77,2026-04-05 03:40:16+00:00,campus_event,JP,desktop,high,new_graduate,True,ja,Asia/Tokyo,free
0233dc2d-bfb5-5c27-8e16-52a1e90772d2,2026-04-19 20:52:52+00:00,campus_event,IN,mobile,low,new_graduate,True,en,Asia/Kolkata,free
7b6d64aa-8bd4-5a90-b85e-9f6dd5525527,2026-04-09 01:28:40+00:00,social_ads,IN,desktop,low,student,True,en,Asia/Kolkata,free
5ebee14d-2c7a-5e97-8a0c-d59297d87599,2026-04-23 05:09:05+00:00,organic_search,US,mobile,high,student,True,en,America/New_York,free
14938ad0-8973-53dc-88b9-dd24b2fbdd0e,2026-04-25 17:03:24+00:00,campus_event,US,desktop,high,early_career,True,en,America/New_York,free
2c433ef6-0daf-596f-8447-dcd5f4b2d235,2026-05-06 11:42:52+00:00,social_ads,DE,tablet,medium,student,False,de,Europe/Berlin,free
306ae1a4-7c2f-5024-9518-cdd25baa4adb,2026-04-28 03:32:56+00:00,organic_search,CN,mobile,low,early_career,True,zh,Asia/Shanghai,free
110826fa-5e94-5320-8a1a-f25700472541,2026-04-08 17:19:16+00:00,organic_search,CN,mobile,medium,early_career,True,zh,Asia/Shanghai,free
33f0c47b-d0b7-5263-87d0-51467fd73d87,2026-04-06 23:00:19+00:00,organic_search,GB,mobile,low,student,False,en,Europe/London,free
3348bef4-ae69-511c-bd78-88a0fc8aa5d7,2026-03-20 06:19:59+00:00,organic_search,US,mobile,medium,student,True,en,America/New_York,free
2ec56ac0-ea43-5e96-8eab-d80dcb77c508,2026-04-14 08:55:35+00:00,referral,GB,mobile,high,early_career,True,en,Europe/London,free
55025f24-ef99-5862-b1d9-b0023a17919e,2026-03-13 14:24:28+00:00,campus_event,US,mobile,low,student,True,en,America/New_York,free
d29c3b57-6d1e-54cd-b841-b6c2d8fb894e,2026-05-07 06:07:36+00:00,campus_event,CA,desktop,high,early_career,True,en,America/Toronto,free
cf750003-1640-535b-afe0-8ede429266a8,2026-05-01 07:23:34+00:00,organic_search,US,mobile,medium,student,True,en,America/New_York,free
c572029c-7093-52d5-8af9-1f7e91565fcd,2026-03-12 06:16:42+00:00,referral,US,desktop,high,student,True,en,America/New_York,free
03e6bea2-ff34-532a-8528-87bc11f2bd27,2026-04-27 05:32:33+00:00,campus_event,IN,mobile,low,student,False,en,Asia/Kolkata,free
46bf0239-75b5-5c66-b10e-2a2315237810,2026-03-12 01:55:23+00:00,organic_search,US,mobile,medium,student,True,en,America/New_York,free
771ed1c8-f664-590c-b7b3-8d0c5a50aab7,2026-04-22 18:20:55+00:00,campus_event,BR,desktop,low,early_career,True,pt,America/Sao_Paulo,free
ac0b5256-e88b-528a-9c7a-532dba7288ae,2026-03-10 01:14:45+00:00,social_ads,IN,mobile,medium,student,True,en,Asia/Kolkata,free
48d09f8c-815a-5dbe-9a72-18fb452555bb,2026-04-06 16:26:52+00:00,social_ads,US,mobile,low,student,True,en,America/New_York,free
9457da1f-d054-56d6-9341-975d7e9d864d,2026-04-18 09:25:16+00:00,organic_search,US,mobile,medium,new_graduate,False,en,America/New_York,free
74801d78-754d-5e53-bd17-a66ecbd44586,2026-04-23 06:54:37+00:00,social_ads,CA,mobile,high,early_career,True,en,America/Toronto,free
2b728290-fd13-540f-81c7-21f216ca9b7b,2026-04-01 21:12:54+00:00,organic_search,IN,mobile,medium,student,False,en,Asia/Kolkata,free
e62940b4-fc35-50d5-9e3e-38be3bb00ad4,2026-05-06 14:12:29+00:00,organic_search,DE,mobile,medium,early_career,False,de,Europe/Berlin,free
9a63a96e-6e40-5f25-a0c3-1972e452bb9d,2026-04-26 10:16:33+00:00,organic_search,US,desktop,medium,student,True,en,America/New_York,free
dea45e56-1c3e-55be-860a-96825e0f110d,2026-03-18 08:53:10+00:00,content_marketing,CA,desktop,medium,early_career,False,en,America/Toronto,free
93a2e9b0-f2a5-52a0-aa88-e92dd249f56c,2026-04-19 07:33:32+00:00,organic_search,CN,mobile,medium,new_graduate,False,zh,Asia/Shanghai,free
566bc16b-26e4-562e-b8a6-cb15ae7c2735,2026-04-23 09:45:53+00:00,social_ads,IN,desktop,medium,early_career,False,en,Asia/Kolkata,free
36271320-1cd7-5476-9d66-41f7c3289d47,2026-03-27 00:30:13+00:00,organic_search,CN,desktop,low,new_graduate,True,zh,Asia/Shanghai,free
07d81bc2-f64f-5038-add6-17b9da86d896,2026-04-23 22:30:38+00:00,referral,US,desktop,medium,early_career,True,en,America/New_York,free
c285e85b-0e6f-5e5a-958d-d3e344ec7adf,2026-05-04 23:41:41+00:00,social_ads,FR,desktop,low,student,True,fr,Europe/Paris,free
fa2b2c87-7bad-52ed-997d-f1806078f701,2026-04-29 09:08:27+00:00,content_marketing,AU,tablet,medium,new_graduate,True,en,Australia/Sydney,free
f2d7019d-c0f7-5c25-8160-79be5ba657e6,2026-04-25 14:45:10+00:00,organic_search,CN,desktop,medium,new_graduate,True,zh,Asia/Shanghai,free
e2536793-547a-5344-a117-cff454602906,2026-04-16 18:43:38+00:00,organic_search,BR,desktop,low,student,True,pt,America/Sao_Paulo,free
00f9f9ea-2b89-511f-aacb-bbe703b993e3,2026-03-22 16:00:20+00:00,social_ads,US,tablet,high,early_career,True,en,America/New_York,free
254b8942-8c07-5af6-a44b-fad211fc4540,2026-04-27 20:53:20+00:00,organic_search,US,tablet,medium,early_career,False,en,America/New_York,free
c1be3823-da00-5501-8cf6-e4bf88392987,2026-03-29 03:06:06+00:00,referral,US,desktop,medium,early_career,True,en,America/New_York,free
461ebdb3-ac75-5e73-a0bc-6a65eca222c0,2026-04-09 17:19:03+00:00,referral,CN,tablet,high,student,False,zh,Asia/Shanghai,free
9e056ece-3901-532a-afcb-8504fe13191b,2026-03-25 16:42:44+00:00,social_ads,US,desktop,low,early_career,True,en,America/New_York,free
2a723cee-65aa-5417-be40-ec71549217c3,2026-03-25 14:21:21+00:00,content_marketing,CN,mobile,low,student,True,zh,Asia/Shanghai,free
c0aec95b-d40b-5e74-bbe1-b31c953d1302,2026-03-14 21:00:16+00:00,social_ads,US,desktop,low,early_career,False,en,America/New_York,free
ca4bb7f8-4e0e-500f-81c2-117b3687ec6e,2026-05-09 07:54:31+00:00,organic_search,IN,desktop,medium,student,True,en,Asia/Kolkata,free
62a22c21-ffc8-59c2-8d41-bb712bebde25,2026-03-14 04:43:44+00:00,social_ads,GB,desktop,low,new_graduate,True,en,Europe/London,free
6fb3f40b-f648-5dbd-8e1a-a39df5609dbb,2026-03-09 22:50:39+00:00,organic_search,IN,mobile,high,student,False,en,Asia/Kolkata,free
24084e05-8688-5586-a734-9281d700a39a,2026-05-07 14:13:36+00:00,referral,US,desktop,medium,new_graduate,False,en,America/New_York,free
b82064bd-bb8f-5782-96d5-3766e6d2f8fc,2026-04-11 07:06:05+00:00,organic_search,GB,mobile,medium,student,False,en,Europe/London,free
5d0c2c4b-c456-5afe-86ac-3f50cb8321c8,2026-04-03 05:10:07+00:00,organic_search,US,mobile,medium,early_career,True,en,America/New_York,free
d6a167c3-01de-53dc-ad64-a8fd2689de64,2026-04-23 21:17:07+00:00,social_ads,GB,desktop,medium,early_career,True,en,Europe/London,free
4f83fe96-a31a-5c7e-8bd6-5de55a20e461,2026-03-30 10:46:38+00:00,organic_search,CN,tablet,medium,student,True,zh,Asia/Shanghai,free
37b57de0-2f69-536b-87d4-5194018a0c01,2026-03-12 19:50:16+00:00,organic_search,CN,desktop,medium,early_career,True,zh,Asia/Shanghai,free
3dc127ab-9568-5f57-8701-d93707613d44,2026-04-23 08:21:33+00:00,campus_event,US,desktop,high,new_graduate,False,en,America/New_York,free
cdc7be9f-1794-582f-9ec1-737e255f35fe,2026-03-16 03:27:17+00:00,organic_search,GB,desktop,medium,student,True,en,Europe/London,free
daa9c4fa-d3a7-547a-8755-30689c1153d2,2026-04-11 03:45:22+00:00,social_ads,BR,desktop,medium,student,True,pt,America/Sao_Paulo,free
f9bad985-73ee-5caa-bca7-702091a6d45f,2026-05-08 11:39:11+00:00,organic_search,IN,desktop,medium,student,True,en,Asia/Kolkata,free
a993d6b9-b8f3-5442-b77b-f92d6f290b4b,2026-05-07 14:14:51+00:00,organic_search,FR,mobile,medium,student,True,fr,Europe/Paris,free
7b425cba-18e7-5ecc-afc6-9370e8d17b60,2026-03-28 21:27:22+00:00,organic_search,BR,mobile,medium,new_graduate,True,pt,America/Sao_Paulo,free
895c12a2-2850-51bf-bf7c-02e50b01ae91,2026-04-26 20:10:44+00:00,campus_event,US,desktop,medium,new_graduate,True,en,America/New_York,free
3c95b629-5329-5242-98d2-d3c230439862,2026-04-15 06:35:27+00:00,content_marketing,IN,desktop,low,student,True,en,Asia/Kolkata,free
4db32f38-78c3-5aa9-bfbc-853ffee114b7,2026-04-06 01:50:08+00:00,organic_search,US,mobile,medium,early_career,False,en,America/New_York,free
e324742f-4e2f-5467-a733-fd09b94900ce,2026-03-13 15:43:14+00:00,content_marketing,CN,desktop,low,student,True,zh,Asia/Shanghai,free
abd301c8-04fc-50d4-a088-4e819b97bb7f,2026-03-29 23:15:03+00:00,social_ads,US,mobile,high,early_career,True,en,America/New_York,free
743826a5-b62d-568e-8dbe-9442eb16ca98,2026-04-17 23:34:33+00:00,campus_event,JP,tablet,low,early_career,True,ja,Asia/Tokyo,free
c0674fe3-c9c9-5b6e-ba02-55c86344a171,2026-05-11 01:51:41+00:00,campus_event,IN,desktop,medium,early_career,True,en,Asia/Kolkata,free
edec6417-6b67-5001-bed7-5d4b91efe444,2026-03-04 08:05:54+00:00,campus_event,US,mobile,low,new_graduate,True,en,America/New_York,free
48548bc2-aa80-5acc-be6d-23bd50f70194,2026-04-22 12:36:38+00:00,referral,CN,tablet,low,student,True,zh,Asia/Shanghai,free
b2a3e847-3237-58a6-ac9e-daa0137d8f15,2026-05-01 09:32:00+00:00,social_ads,CN,mobile,medium,early_career,True,zh,Asia/Shanghai,free
d660911f-eb27-55ff-b337-e22ec4a16251,2026-05-08 15:10:41+00:00,social_ads,IN,tablet,medium,new_graduate,False,en,Asia/Kolkata,free
57485d02-4990-5c05-986b-1274955d8ddc,2026-04-02 05:49:07+00:00,organic_search,CA,desktop,low,early_career,False,en,America/Toronto,free
c28a816b-fdb1-5275-ad85-1ad5b51ab46e,2026-03-12 04:12:00+00:00,organic_search,US,mobile,low,student,False,en,America/New_York,free
7b849320-d311-51bd-b811-bea3a1495070,2026-03-22 16:43:16+00:00,campus_event,CN,desktop,low,new_graduate,True,zh,Asia/Shanghai,free
7b22fe12-2ddc-58c9-a87c-648f85404d45,2026-05-01 16:29:00+00:00,organic_search,CN,desktop,medium,student,True,zh,Asia/Shanghai,free
04583cc8-46a6-5305-b7e3-7d4eb59740a6,2026-05-03 13:51:35+00:00,organic_search,CN,tablet,high,new_graduate,True,zh,Asia/Shanghai,free
5b454fc9-42b4-57b5-9d5f-6aee05494d8b,2026-04-16 22:59:38+00:00,organic_search,CN,desktop,medium,early_career,True,zh,Asia/Shanghai,free
72b41482-7d1e-5673-8955-6e9bf1df37c5,2026-03-12 11:15:28+00:00,organic_search,US,tablet,high,student,True,en,America/New_York,free
97d6718a-93e2-5abc-9813-aeb0534efdd0,2026-03-12 09:54:07+00:00,campus_event,US,mobile,medium,student,True,en,America/New_York,free
ea91fb3e-2cf6-5f84-9867-4aca3a558004,2026-04-05 23:51:09+00:00,campus_event,CN,tablet,medium,student,True,zh,Asia/Shanghai,free
924fa767-2c69-59ea-8cc7-0c1515120422,2026-04-13 14:09:17+00:00,social_ads,CA,tablet,high,student,True,en,America/Toronto,free
1a2703ad-4265-5c51-9ca6-6ca411312b22,2026-03-06 05:37:07+00:00,organic_search,US,mobile,low,student,True,en,America/New_York,free
f9ba0e8d-dcdb-54d2-b14d-4fed0c5ad7f9,2026-04-20 08:10:31+00:00,social_ads,US,tablet,high,student,False,en,America/New_York,free
6c7ae71f-0d36-5caa-b5b7-9e3670e72050,2026-04-10 13:42:29+00:00,social_ads,IN,mobile,medium,student,True,en,Asia/Kolkata,free
50d86bc5-8c77-55ba-965a-45d674053386,2026-03-04 20:22:22+00:00,campus_event,BR,mobile,medium,new_graduate,True,pt,America/Sao_Paulo,free
04426623-e3a3-5693-b992-79a220e49dd4,2026-03-10 14:26:30+00:00,social_ads,CN,mobile,high,early_career,True,zh,Asia/Shanghai,free
42253679-d6b1-517b-aca2-1783ca3194c6,2026-04-04 08:21:00+00:00,social_ads,US,desktop,medium,student,True,en,America/New_York,free
10f6e09d-38e6-54fe-adcf-eb1c91d7c73b,2026-04-22 20:36:04+00:00,social_ads,IN,desktop,high,student,True,en,Asia/Kolkata,free
2e14240f-bb97-5c20-a670-01945f0f57b1,2026-04-29 22:51:40+00:00,content_marketing,CN,desktop,high,early_career,False,zh,Asia/Shanghai,free
27c02a7b-f58b-5f33-afb5-5daaf62beebb,2026-04-02 18:14:06+00:00,campus_event,IN,desktop,low,student,True,en,Asia/Kolkata,free
9b2a3932-13eb-50e0-97a9-41c23babe6cf,2026-03-24 09:06:51+00:00,social_ads,US,desktop,medium,student,True,en,America/New_York,free
bea2f313-18fb-5970-b342-95cdc2571d8f,2026-05-09 19:31:17+00:00,social_ads,US,mobile,high,new_graduate,False,en,America/New_York,free
0d78f7b8-8253-534b-b964-7dc0f1257fe9,2026-04-04 15:21:19+00:00,organic_search,US,mobile,low,early_career,True,en,America/New_York,free
d731eefd-b05d-5da4-9836-75e852273936,2026-03-25 18:17:06+00:00,content_marketing,IN,mobile,medium,student,True,en,Asia/Kolkata,free
853323fb-8568-56d0-8fe0-3d02c693c02b,2026-04-03 12:28:18+00:00,organic_search,CN,tablet,low,early_career,True,zh,Asia/Shanghai,free
c04d6530-f07d-51cb-9cc6-5db165836e80,2026-03-04 20:01:24+00:00,organic_search,US,tablet,low,student,True,en,America/New_York,free
3b69e09f-ea36-553d-bd37-aa11de9670bf,2026-03-24 19:59:29+00:00,content_marketing,CN,tablet,medium,student,True,zh,Asia/Shanghai,free
186a3352-6418-5e76-be5f-a9b6de6ff4a6,2026-04-08 13:45:28+00:00,campus_event,GB,mobile,medium,student,True,en,Europe/London,free
b233394a-e2b1-5143-9ff2-3c5d5626a409,2026-05-06 08:56:22+00:00,organic_search,US,desktop,medium,early_career,True,en,America/New_York,free
5c1abce4-0561-5c67-86e8-1c72de2cf664,2026-04-23 22:30:07+00:00,organic_search,IN,tablet,medium,new_graduate,False,en,Asia/Kolkata,free
85bdeca2-64de-58b3-b06a-1a7d2339c825,2026-04-26 21:49:21+00:00,organic_search,IN,desktop,low,new_graduate,True,en,Asia/Kolkata,free
ec759bea-11d6-563c-b3c0-acba7dbb8a70,2026-04-10 14:21:24+00:00,social_ads,CN,desktop,medium,early_career,True,zh,Asia/Shanghai,free
adddcd79-9894-528c-acdb-706b25d8aaa5,2026-03-11 15:08:02+00:00,organic_search,JP,desktop,low,new_graduate,False,ja,Asia/Tokyo,free
de7680b9-7314-5085-b309-675f943001b6,2026-03-30 23:22:26+00:00,content_marketing,DE,mobile,low,student,True,de,Europe/Berlin,free
be09b268-1439-577a-8e40-d6ac8b244f2e,2026-05-11 19:05:20+00:00,content_marketing,US,mobile,medium,new_graduate,True,en,America/New_York,free
883c5592-3075-5dc7-a16c-b84cfa578cf8,2026-03-07 01:08:48+00:00,social_ads,US,desktop,medium,student,True,en,America/New_York,free
5949f035-bd52-58cb-8728-b2febfdf8a90,2026-05-03 15:57:17+00:00,campus_event,US,mobile,low,new_graduate,False,en,America/New_York,free
e7c27940-0644-5d55-8114-94ea0cc1dba0,2026-04-20 05:31:28+00:00,organic_search,US,desktop,low,early_career,False,en,America/New_York,free
f7142cdc-9156-5601-8110-ed7c71c0544f,2026-03-23 14:09:07+00:00,organic_search,CN,desktop,medium,new_graduate,True,zh,Asia/Shanghai,free
db57ca5a-fae5-5800-a89a-e13489788a7c,2026-04-26 16:20:56+00:00,campus_event,CA,desktop,low,student,True,en,America/Toronto,free
4e694874-b737-546e-87a1-e3a391736e0d,2026-04-30 17:54:01+00:00,organic_search,DE,desktop,high,new_graduate,True,de,Europe/Berlin,free
dbaa6d31-2a1c-5539-a355-1ed38377f740,2026-03-06 23:34:13+00:00,organic_search,US,mobile,medium,student,True,en,America/New_York,free
95e0f918-23f1-56d3-bf8a-0c840066dcaa,2026-03-11 08:13:49+00:00,organic_search,CN,desktop,low,student,True,zh,Asia/Shanghai,free
4dc51ae2-171d-54bd-8eae-7d85e535b3f1,2026-04-18 22:28:51+00:00,organic_search,US,desktop,high,new_graduate,True,en,America/New_York,free
a246b92b-c63e-5c69-8dfb-cb424c99bccb,2026-05-11 22:31:01+00:00,social_ads,CN,desktop,medium,student,True,zh,Asia/Shanghai,free
e265db7b-691d-5bc6-b23f-3fa1256fde2c,2026-03-05 15:41:17+00:00,campus_event,US,mobile,high,student,True,en,America/New_York,free
a0feafb3-c626-5361-bc8d-73e62ba5c708,2026-04-18 22:22:25+00:00,referral,BR,tablet,medium,new_graduate,False,pt,America/Sao_Paulo,free
7f70db7d-311b-59a0-b8ed-36272560174c,2026-03-13 10:05:03+00:00,campus_event,DE,mobile,medium,student,True,de,Europe/Berlin,free
beb7a828-b7a7-59b2-ac9f-c45fcb51f34c,2026-04-17 20:36:24+00:00,referral,US,mobile,medium,student,True,en,America/New_York,free
1c35d4a0-d3f7-56e8-bffe-cdd14b291fe0,2026-04-16 00:12:32+00:00,social_ads,IN,tablet,medium,early_career,False,en,Asia/Kolkata,free
a580b7ee-c75f-5ec0-a9cf-68a3e7f57724,2026-03-10 05:46:10+00:00,referral,CN,desktop,medium,student,False,zh,Asia/Shanghai,free
3c9c188d-a4d6-543c-a106-01aed6fa5ad0,2026-04-19 23:17:07+00:00,social_ads,GB,desktop,low,student,False,en,Europe/London,free
fc7c8ab9-ec8a-50cd-a2e3-44b3abae372b,2026-05-04 21:29:13+00:00,organic_search,CN,mobile,medium,early_career,True,zh,Asia/Shanghai,free
e817437f-1c44-5cd6-be5b-355a3c87a119,2026-05-02 13:51:44+00:00,content_marketing,US,desktop,low,student,True,en,America/New_York,free
2476a7a3-58c9-51eb-87d2-d7b8af1990bc,2026-03-06 00:01:22+00:00,organic_search,IN,mobile,high,early_career,True,en,Asia/Kolkata,free
11a09d99-d9cf-5ad9-bea2-da453147c1da,2026-03-20 23:14:15+00:00,organic_search,US,mobile,medium,new_graduate,False,en,America/New_York,free
81f28f8f-c3d1-5d6c-b6db-dd7dcde0bec6,2026-03-20 14:48:39+00:00,organic_search,CN,desktop,high,new_graduate,False,zh,Asia/Shanghai,free
31d61dff-94a4-52eb-91c0-b78cb7f5d21d,2026-04-04 06:39:06+00:00,social_ads,US,mobile,low,student,True,en,America/New_York,free
38869100-4f25-55d9-9ba2-7bea07033f70,2026-03-13 20:50:38+00:00,social_ads,IN,desktop,medium,student,True,en,Asia/Kolkata,free
77ccddfa-edcb-520c-b1b9-01b14a35cf43,2026-05-01 22:47:51+00:00,social_ads,GB,desktop,medium,early_career,True,en,Europe/London,free
85fd336f-7434-52b9-927a-23ffd23b9bf4,2026-04-26 14:19:38+00:00,referral,US,tablet,medium,student,True,en,America/New_York,free
d1f6f38c-9db6-57b9-893f-544b0962e473,2026-04-28 18:37:36+00:00,organic_search,CN,mobile,high,early_career,True,zh,Asia/Shanghai,free
51d80672-572b-5a77-a499-23d71f5d0a30,2026-03-17 16:13:33+00:00,social_ads,IN,desktop,medium,early_career,True,en,Asia/Kolkata,free
9b3c8a78-a8c5-54e8-b229-ba80a2d5a2fa,2026-03-05 00:07:54+00:00,organic_search,US,desktop,medium,new_graduate,True,en,America/New_York,free
5b76e62b-4005-5358-aea9-af67da786321,2026-05-05 20:00:59+00:00,referral,CN,desktop,medium,student,False,zh,Asia/Shanghai,free
348e8585-ad7a-5e4e-a823-df901cf5a0b9,2026-03-23 22:25:55+00:00,organic_search,IN,desktop,low,new_graduate,True,en,Asia/Kolkata,free
247c6cff-f74c-5fba-8ccd-b6c8a10b9bcf,2026-04-18 06:46:52+00:00,organic_search,CN,desktop,medium,new_graduate,True,zh,Asia/Shanghai,free
8eae7b79-ae26-5a5d-9194-d064f860ec2f,2026-05-05 18:01:35+00:00,social_ads,GB,desktop,medium,student,True,en,Europe/London,free
cb263830-45ce-5b2e-9efd-54fe0d6335f6,2026-03-06 11:53:06+00:00,campus_event,CN,mobile,low,early_career,True,zh,Asia/Shanghai,free
6081de41-a29d-532f-a30c-4363330f6e13,2026-03-04 09:03:49+00:00,campus_event,IN,mobile,medium,student,True,en,Asia/Kolkata,free
7b7739c8-5191-5409-8248-8c63d9572081,2026-03-04 08:59:29+00:00,social_ads,US,mobile,medium,early_career,True,en,America/New_York,free
ef2a4fc4-7a03-55d3-8b92-cd64b519e0ee,2026-03-14 18:52:30+00:00,campus_event,US,mobile,low,student,True,en,America/New_York,free
35bffc4c-d48b-57dc-9fda-f500ec9514ec,2026-03-07 13:32:42+00:00,social_ads,US,mobile,medium,student,True,en,America/New_York,free
1a8c62d1-82c8-5743-b486-10f0282937ea,2026-04-29 13:53:16+00:00,organic_search,CA,mobile,medium,new_graduate,True,en,America/Toronto,free
5bbce2a9-0732-5a1f-b064-12874c1e7fcd,2026-04-14 19:24:42+00:00,organic_search,DE,tablet,high,student,True,de,Europe/Berlin,free
686e3e8e-f56f-51b8-a352-5a3c11c67bc8,2026-05-10 14:57:25+00:00,organic_search,GB,mobile,medium,student,True,en,Europe/London,free
53897241-ee59-5112-8cc7-ed1cf0e453df,2026-04-28 07:15:12+00:00,organic_search,US,mobile,medium,student,False,en,America/New_York,free
f489aabc-6026-56d1-b27a-2b6a1a1b038f,2026-05-09 11:02:20+00:00,social_ads,CN,mobile,medium,early_career,True,zh,Asia/Shanghai,free
957e1b0c-f442-5b5f-9fe4-e8517154890c,2026-03-20 11:02:35+00:00,social_ads,GB,mobile,low,student,True,en,Europe/London,free
59ccefce-6eea-549e-9530-8d922a93f445,2026-03-23 20:35:45+00:00,social_ads,IN,desktop,low,new_graduate,True,en,Asia/Kolkata,free
3d74ae32-17b6-5eb0-828f-8e090ebbdefb,2026-05-01 14:37:14+00:00,social_ads,US,desktop,low,new_graduate,True,en,America/New_York,free
a69a668a-badd-57f5-bb71-6647313cccb4,2026-03-20 21:31:32+00:00,campus_event,DE,desktop,low,new_graduate,True,de,Europe/Berlin,free
bafb0db1-d097-5130-8af5-9a4382757dba,2026-03-07 22:46:32+00:00,campus_event,US,desktop,low,student,False,en,America/New_York,free
77927e28-6296-5bea-a011-139edfb7883b,2026-04-19 04:04:45+00:00,organic_search,US,desktop,medium,student,True,en,America/New_York,free
a3fa9e81-551e-51de-b96c-962f1691098b,2026-04-28 06:23:45+00:00,organic_search,CA,desktop,medium,early_career,True,en,America/Toronto,free
b4586bfb-4b60-5a85-b169-a3e0bbe3d613,2026-05-09 19:19:57+00:00,social_ads,CN,desktop,low,early_career,True,zh,Asia/Shanghai,free
af0e7819-d56c-5b69-9c74-f9914415a366,2026-05-07 00:25:44+00:00,social_ads,CN,tablet,medium,early_career,True,zh,Asia/Shanghai,free
3d239d95-7ba1-5acb-a8ca-c9fb996a0472,2026-03-12 07:06:05+00:00,organic_search,CN,desktop,low,new_graduate,False,zh,Asia/Shanghai,free
f88771e8-592d-5c5b-a2b6-132e6617a6cf,2026-04-26 06:36:40+00:00,organic_search,JP,desktop,medium,early_career,True,ja,Asia/Tokyo,free
c5c49073-2467-53ab-afb5-12332f8d3434,2026-05-01 09:11:15+00:00,campus_event,US,desktop,high,early_career,True,en,America/New_York,free
66689a64-bcea-5455-83f3-749ca9bf8ee0,2026-04-21 04:05:15+00:00,campus_event,GB,desktop,medium,new_graduate,False,en,Europe/London,free
48eb1de8-c953-5461-91a5-5581930af75a,2026-04-29 13:35:16+00:00,organic_search,US,mobile,low,early_career,True,en,America/New_York,free
dfcc3924-1ec0-5feb-8226-8d6daf80adae,2026-04-30 19:41:41+00:00,social_ads,US,mobile,medium,student,True,en,America/New_York,free
fcce59e0-ea56-5429-bb04-b5f09c861657,2026-04-03 19:29:12+00:00,referral,CN,desktop,medium,student,True,zh,Asia/Shanghai,free
24eb28d4-28b3-599b-b051-2aae90c82ef6,2026-03-06 18:29:24+00:00,organic_search,CN,mobile,low,new_graduate,True,zh,Asia/Shanghai,free
22b0cc24-f840-5e41-8887-de6588341f03,2026-04-04 11:27:27+00:00,referral,US,desktop,high,new_graduate,True,en,America/New_York,free
1e3757d2-d2c9-55a1-bf4c-85039b6a207c,2026-03-17 22:09:03+00:00,organic_search,CN,mobile,medium,student,True,zh,Asia/Shanghai,free
c628a597-2b97-51e1-9777-6d8b44928c0b,2026-03-11 20:20:08+00:00,social_ads,IN,tablet,low,new_graduate,True,en,Asia/Kolkata,free
2e8032e0-cb8b-553b-b792-f9f61c403eec,2026-03-12 14:52:24+00:00,social_ads,CN,tablet,medium,new_graduate,True,zh,Asia/Shanghai,free
755ba86c-723f-5b19-8828-f6bc365c208b,2026-04-21 02:51:03+00:00,organic_search,IN,desktop,medium,early_career,True,en,Asia/Kolkata,free
bfe78d16-1e1c-5e39-a741-078940b65705,2026-04-07 19:30:10+00:00,content_marketing,GB,mobile,medium,student,True,en,Europe/London,free
eaa1bf42-86b0-55bf-aaf7-86a479efd07c,2026-04-10 05:58:21+00:00,social_ads,CN,mobile,high,student,True,zh,Asia/Shanghai,free
f69989ec-e901-528f-aa62-000d7b36adef,2026-04-24 10:01:52+00:00,content_marketing,CN,tablet,high,new_graduate,True,zh,Asia/Shanghai,free
d526c398-2ad8-543d-a2c7-4e3b41b672a9,2026-04-10 19:55:52+00:00,organic_search,CN,desktop,low,new_graduate,True,zh,Asia/Shanghai,free
283c3384-5dea-58ae-aaae-9c09323a6048,2026-04-16 11:17:57+00:00,referral,CN,mobile,low,early_career,False,zh,Asia/Shanghai,free
0ba2193d-c6ae-52a7-9b17-c3bb657bf498,2026-03-09 22:27:22+00:00,content_marketing,US,desktop,medium,student,True,en,America/New_York,free
f16918de-30c1-5d50-a7c0-f06ec693990e,2026-05-01 17:28:22+00:00,social_ads,US,desktop,medium,student,True,en,America/New_York,free
3cc4d0a7-d0a5-508f-bd88-643af54f2275,2026-04-03 23:10:50+00:00,organic_search,US,mobile,medium,early_career,True,en,America/New_York,free
e74ffd85-c575-554e-94f5-565f33aee6b0,2026-03-14 17:01:56+00:00,campus_event,CN,desktop,low,student,True,zh,Asia/Shanghai,free
152b2251-93f2-5ffc-99c5-988307706250,2026-04-29 02:52:18+00:00,social_ads,JP,desktop,high,new_graduate,True,ja,Asia/Tokyo,free
7ee27b45-0146-59e3-bf16-2439bf217cae,2026-04-23 16:31:56+00:00,content_marketing,CN,mobile,medium,student,True,zh,Asia/Shanghai,free
4fb4b2d2-5ec4-500b-93b6-f7293caa4fd4,2026-03-07 15:48:38+00:00,social_ads,CN,mobile,high,student,True,zh,Asia/Shanghai,free
c024b413-119c-5442-8cb6-40d01cc733a7,2026-03-17 07:40:35+00:00,organic_search,CN,tablet,high,early_career,True,zh,Asia/Shanghai,free
84301430-e2d3-5066-880d-22dd3394b464,2026-03-05 02:04:50+00:00,organic_search,IN,mobile,low,student,False,en,Asia/Kolkata,free
1c9a8ad4-6ea7-5862-9085-1f1ddc8eab23,2026-03-22 16:22:34+00:00,campus_event,CN,tablet,low,student,True,zh,Asia/Shanghai,free
b789cb83-d7fb-534c-a653-b1faf4fa1595,2026-03-10 21:34:01+00:00,content_marketing,CN,mobile,low,early_career,True,zh,Asia/Shanghai,free
ebbeb773-dc71-54a2-ae4c-fa425a2ca20c,2026-04-21 23:36:06+00:00,organic_search,IN,desktop,high,student,True,en,Asia/Kolkata,free
3aff3694-38e2-5f94-b848-07bfd18deb85,2026-04-09 01:20:51+00:00,campus_event,US,desktop,medium,student,True,en,America/New_York,free
8653f596-c7d5-5a9c-831c-2109c323a5d0,2026-05-10 15:13:07+00:00,content_marketing,CN,tablet,high,new_graduate,True,zh,Asia/Shanghai,free
3d057559-cc2b-539b-b46a-33ee332fa20f,2026-04-24 17:02:45+00:00,organic_search,CN,desktop,medium,student,True,zh,Asia/Shanghai,free
b187ced5-ce64-575a-a0d9-63bfe9c1aae7,2026-04-15 04:42:57+00:00,organic_search,GB,desktop,medium,new_graduate,False,en,Europe/London,free
c9a8c6d5-67f1-589d-b96a-eae354d1e330,2026-04-08 03:25:21+00:00,campus_event,JP,mobile,high,student,True,ja,Asia/Tokyo,free
3d082982-865c-59ef-86fb-4645aa862c53,2026-03-07 18:15:08+00:00,campus_event,GB,desktop,medium,student,True,en,Europe/London,free
f063f82d-c325-52e1-88fe-e135aacbc8ac,2026-03-08 20:15:10+00:00,organic_search,CN,desktop,medium,student,True,zh,Asia/Shanghai,free
90e12bd8-bf0a-5e3b-be92-b889b3556f19,2026-04-15 12:36:26+00:00,referral,US,mobile,medium,early_career,True,en,America/New_York,free
0d4db5bf-8ad4-5d01-afc6-93c58bc540bd,2026-03-04 07:15:05+00:00,social_ads,CN,desktop,low,student,False,zh,Asia/Shanghai,free
343145c7-72a4-5ab2-b71e-23b260a6affb,2026-03-06 22:07:56+00:00,content_marketing,GB,mobile,low,early_career,True,en,Europe/London,free
43ba9662-f46b-5b6c-bee6-b1d2b31f4345,2026-03-19 02:53:18+00:00,referral,BR,desktop,low,student,False,pt,America/Sao_Paulo,free
7671df5e-b9bd-5816-9154-86688994fa12,2026-05-04 00:08:42+00:00,referral,GB,mobile,medium,student,True,en,Europe/London,free
b3ed5a6e-145f-5dd6-af64-190fb1d5a09c,2026-04-04 15:59:16+00:00,social_ads,US,desktop,medium,new_graduate,False,en,America/New_York,free
cbd50deb-f9fe-5e63-91ec-910c1afcfbe3,2026-04-21 23:03:40+00:00,organic_search,IN,mobile,medium,student,False,en,Asia/Kolkata,free
6dc0c361-a47f-52c0-a5c9-c3f231bdbede,2026-04-01 09:32:48+00:00,social_ads,DE,desktop,low,new_graduate,False,de,Europe/Berlin,free
3f96db40-0ef6-594f-b5af-5807d7827325,2026-03-15 22:41:57+00:00,organic_search,IN,desktop,medium,early_career,False,en,Asia/Kolkata,free
86a35ecb-a026-59e9-9817-9769065c3474,2026-03-29 14:38:05+00:00,campus_event,IN,mobile,high,early_career,True,en,Asia/Kolkata,free
3daf0a9a-e477-5b22-809a-efb3f9c07004,2026-03-10 07:53:22+00:00,organic_search,CN,desktop,medium,new_graduate,True,zh,Asia/Shanghai,free
e1917541-718e-5306-8092-81ad20a0c36d,2026-04-26 03:32:20+00:00,social_ads,IN,mobile,high,new_graduate,True,en,Asia/Kolkata,free
55ec23af-3004-55dc-852a-8f0c68967ad5,2026-03-16 15:55:50+00:00,organic_search,US,desktop,low,student,True,en,America/New_York,free
7d3fec82-4dd9-5f38-97d3-acd7b1c82b12,2026-03-29 23:16:47+00:00,organic_search,US,desktop,low,early_career,True,en,America/New_York,free
fc160927-401c-5fb7-9284-288218ef2bae,2026-05-10 14:55:29+00:00,organic_search,GB,desktop,medium,student,True,en,Europe/London,free
63bb72b7-bcba-554b-a39a-61c22539b1e3,2026-04-13 20:17:27+00:00,campus_event,BR,tablet,low,student,True,pt,America/Sao_Paulo,free
6d6f1210-4645-530e-8127-a739afccd90c,2026-04-04 15:22:34+00:00,campus_event,DE,desktop,medium,new_graduate,True,de,Europe/Berlin,free
422c2034-9d69-5857-9af2-b1f8b8cfc687,2026-04-10 11:13:43+00:00,organic_search,US,desktop,high,student,True,en,America/New_York,free
26b50b63-c43b-5d11-a483-db1ef3826616,2026-04-27 02:26:15+00:00,referral,US,mobile,low,new_graduate,True,en,America/New_York,free
cd614431-c493-5e26-ab25-442e30f51a98,2026-03-21 13:25:17+00:00,referral,US,desktop,high,student,False,en,America/New_York,free
3fd46d1c-9f46-5b81-bbeb-74b13397e3c2,2026-04-16 21:53:30+00:00,organic_search,GB,mobile,low,student,True,en,Europe/London,free
3511306d-0786-57c1-9f2c-f0eb1ebe3ef2,2026-05-03 05:10:36+00:00,campus_event,IN,tablet,medium,new_graduate,True,en,Asia/Kolkata,free
f280ba5c-0403-56e7-8a88-a265e5b7ca6c,2026-04-12 11:54:57+00:00,social_ads,FR,mobile,medium,new_graduate,True,fr,Europe/Paris,free
33bdb411-2891-5db6-a6d8-2783080fe0bd,2026-04-03 19:28:12+00:00,organic_search,US,mobile,medium,early_career,True,en,America/New_York,free
73f845f7-364c-5b3c-8d17-507332aef8e0,2026-03-14 00:20:07+00:00,social_ads,CN,desktop,low,student,True,zh,Asia/Shanghai,free
bde4b72d-2858-52fb-bb12-fae89ffe43d6,2026-03-21 03:10:01+00:00,organic_search,GB,tablet,high,student,True,en,Europe/London,free
2e4574e9-aab5-5ff1-b595-7f8fd651400f,2026-05-08 06:36:58+00:00,referral,US,mobile,high,student,False,en,America/New_York,free
26d070d7-84cf-588f-8e35-413e0c3636a0,2026-04-10 08:19:34+00:00,content_marketing,FR,desktop,medium,student,True,fr,Europe/Paris,free
1d38c0c3-a884-5e74-b617-5099128d8f0a,2026-03-24 19:01:23+00:00,referral,CN,tablet,medium,student,True,zh,Asia/Shanghai,free
83d0ac7d-e11c-5a3b-9de8-8cb78fe9f37e,2026-04-01 20:49:03+00:00,social_ads,US,tablet,medium,early_career,True,en,America/New_York,free
3bcff472-293a-506a-a975-08d47caa564b,2026-04-12 21:11:46+00:00,social_ads,US,desktop,medium,student,True,en,America/New_York,free
8f3bee2b-c121-52fb-b99c-b30c1216817a,2026-04-10 02:10:40+00:00,content_marketing,DE,desktop,medium,early_career,True,de,Europe/Berlin,free
65aeae83-56f3-51b6-8361-6a66954cab48,2026-04-21 06:49:43+00:00,organic_search,IN,mobile,medium,new_graduate,False,en,Asia/Kolkata,free
8f5ef5f9-7508-55a7-b319-d40fcb4ac289,2026-03-21 18:24:27+00:00,organic_search,GB,mobile,high,new_graduate,True,en,Europe/London,free
1b3a1025-3f57-56dd-b162-1c80285ba2e7,2026-04-17 19:07:47+00:00,social_ads,GB,mobile,medium,student,True,en,Europe/London,free
358c07a9-0545-5cf2-a745-b4965cc34068,2026-04-03 13:04:23+00:00,organic_search,CN,desktop,low,student,False,zh,Asia/Shanghai,free
2de365ee-83aa-5953-a166-6ce9eb07b95a,2026-05-07 21:37:26+00:00,organic_search,GB,desktop,high,student,True,en,Europe/London,free
350a3118-6eaf-5e46-b85b-465092dfc416,2026-03-14 21:31:11+00:00,organic_search,BR,desktop,low,new_graduate,False,pt,America/Sao_Paulo,free
1b318b7f-d0c6-58a8-80c1-6aec293b7375,2026-03-14 05:48:52+00:00,social_ads,US,desktop,low,new_graduate,True,en,America/New_York,free
ede9d0f3-24e4-5e10-9294-613977aa1cbc,2026-04-04 20:30:22+00:00,organic_search,GB,mobile,high,student,True,en,Europe/London,free
51013502-b87b-5fb0-ba96-9999bb3b22ae,2026-04-08 01:49:54+00:00,organic_search,US,desktop,low,student,True,en,America/New_York,free
00c282e7-c48c-5319-865e-55235c443e05,2026-04-20 16:05:20+00:00,organic_search,US,desktop,low,early_career,False,en,America/New_York,free
2c3e85d6-418d-532d-b7c0-95279b1151f9,2026-03-31 21:04:50+00:00,social_ads,CN,mobile,medium,student,False,zh,Asia/Shanghai,free
2bf8e81b-4b27-52e8-9663-824c1060b330,2026-05-06 01:06:47+00:00,referral,DE,desktop,high,student,True,de,Europe/Berlin,free
4e1bc2f4-3422-54a5-a7f3-334f1cbd2736,2026-04-05 17:13:23+00:00,organic_search,US,desktop,low,student,True,en,America/New_York,free
659d7b21-8a0a-5190-8bf6-79fa0f1eacf9,2026-03-12 22:10:50+00:00,campus_event,CN,tablet,medium,student,True,zh,Asia/Shanghai,free
e35b3b62-23a4-5c05-b8f2-afcd3c73b4d3,2026-03-12 05:25:26+00:00,campus_event,IN,desktop,low,student,True,en,Asia/Kolkata,free
7a81d568-429d-5089-9f69-03e7b5d60013,2026-05-10 03:57:35+00:00,organic_search,US,tablet,medium,new_graduate,True,en,America/New_York,free
c9373c18-676e-5790-b174-5124e3d47648,2026-03-13 06:03:37+00:00,referral,GB,desktop,medium,new_graduate,True,en,Europe/London,free
12751076-adf7-5538-8dee-664c68d30d77,2026-05-08 09:38:28+00:00,campus_event,BR,desktop,low,new_graduate,True,pt,America/Sao_Paulo,free
1984e5ae-412d-582a-b287-b2bf599db069,2026-03-23 04:29:34+00:00,social_ads,US,mobile,high,student,True,en,America/New_York,free
67cb4ae9-6712-5260-ab40-ebc54270b03c,2026-03-10 10:41:07+00:00,organic_search,US,desktop,medium,student,True,en,America/New_York,free
d57d1bba-4db1-5108-89f1-165ad38ff4d7,2026-03-25 00:35:25+00:00,organic_search,JP,mobile,high,early_career,True,ja,Asia/Tokyo,free
4a3a2e05-a714-507a-9362-db63a42ed5d6,2026-04-15 09:56:22+00:00,content_marketing,US,desktop,high,student,True,en,America/New_York,free
2a3ef290-e697-5fc0-a279-e4231727bbfb,2026-04-02 12:36:26+00:00,campus_event,US,mobile,high,student,True,en,America/New_York,free
1c962394-a87b-53fc-b934-4f927fbcb094,2026-04-27 04:55:15+00:00,content_marketing,FR,desktop,medium,new_graduate,False,fr,Europe/Paris,free
64f7ff29-05db-5c18-9986-aa35b83b2169,2026-04-15 03:47:42+00:00,content_marketing,DE,mobile,medium,new_graduate,True,de,Europe/Berlin,free
eb10a443-55ef-5763-806f-7bf4cd933eea,2026-03-31 15:41:52+00:00,organic_search,IN,mobile,high,student,False,en,Asia/Kolkata,free
297f5dd5-496b-5a85-8d59-4e2fab9a6018,2026-04-16 18:56:43+00:00,campus_event,CN,mobile,medium,early_career,True,zh,Asia/Shanghai,free
d9f6f5eb-eacf-556f-b0e0-59bea529aadf,2026-05-10 00:44:30+00:00,social_ads,CA,desktop,low,student,True,en,America/Toronto,free
7c7bcc12-a089-52d2-a6ea-befcfd59348c,2026-04-01 09:57:30+00:00,campus_event,IN,mobile,medium,early_career,True,en,Asia/Kolkata,free
312d49f9-0c08-5259-b0fe-803e01412461,2026-03-14 14:06:08+00:00,organic_search,IN,mobile,medium,student,True,en,Asia/Kolkata,free
ea870719-5f0a-52ee-91d7-179098aa27e7,2026-04-01 04:56:40+00:00,organic_search,GB,desktop,medium,new_graduate,True,en,Europe/London,free
d627d393-348d-5e35-817e-983220c3e948,2026-04-30 23:13:48+00:00,campus_event,IN,mobile,high,student,True,en,Asia/Kolkata,free
c9371918-26d1-5490-8aa4-463bb6bea849,2026-03-19 00:23:33+00:00,campus_event,CN,desktop,medium,early_career,True,zh,Asia/Shanghai,free
19e6d9df-67a9-51fe-b57d-6278c43bbd5b,2026-05-08 11:46:48+00:00,campus_event,CN,desktop,low,new_graduate,True,zh,Asia/Shanghai,free
82a87196-29cc-568f-857a-70c3519ffe84,2026-04-13 14:14:05+00:00,organic_search,CN,mobile,low,early_career,False,zh,Asia/Shanghai,free
0954b34c-76c0-55a3-960a-20b33c6a8d07,2026-04-14 12:12:18+00:00,organic_search,CN,desktop,high,early_career,True,zh,Asia/Shanghai,free
a35b105d-d774-5d65-b8df-40500bbde08a,2026-03-25 21:01:10+00:00,content_marketing,CN,desktop,medium,new_graduate,True,zh,Asia/Shanghai,free
61581be4-9af0-5722-9d11-cd5a8f0ed3a1,2026-05-06 12:16:36+00:00,social_ads,CN,mobile,medium,student,True,zh,Asia/Shanghai,free
e271ac64-3bda-5585-bab6-5d690c0cbfaa,2026-03-06 11:42:53+00:00,social_ads,GB,mobile,high,student,True,en,Europe/London,free
9ebf8b05-d5e3-5e10-b04b-f6f3673dafb0,2026-03-24 14:35:57+00:00,social_ads,CN,desktop,high,early_career,False,zh,Asia/Shanghai,free
215da2d5-7eb5-5a4d-a943-f7aee286de64,2026-04-01 20:52:12+00:00,social_ads,US,desktop,medium,early_career,True,en,America/New_York,free
a581ebf5-5b01-5b9c-a4bd-a8f2a58c8aaa,2026-04-05 22:22:04+00:00,social_ads,US,desktop,medium,student,True,en,America/New_York,free
8c794982-37fa-5cd0-a494-476323494fc0,2026-04-05 17:09:48+00:00,social_ads,US,mobile,low,student,True,en,America/New_York,free
ff76831a-610f-5e86-9124-423b0b39329b,2026-03-14 04:57:45+00:00,referral,GB,mobile,high,student,False,en,Europe/London,free
6c062ee4-90c9-5318-8c16-904577128b4a,2026-03-19 13:34:53+00:00,content_marketing,CN,mobile,medium,student,True,zh,Asia/Shanghai,free
5ad5784a-b0ff-5151-85da-2c23d4a1f5f6,2026-03-10 13:43:14+00:00,content_marketing,US,mobile,medium,student,False,en,America/New_York,free
0f91be64-d699-5f34-8308-f135db57f716,2026-04-12 11:59:24+00:00,social_ads,GB,tablet,low,early_career,True,en,Europe/London,free
159f2055-6cd5-5b4d-842c-64262d08d340,2026-03-28 05:02:17+00:00,social_ads,US,desktop,medium,student,True,en,America/New_York,free
0db9d98a-1c50-5b94-be0e-cf0a0b47109d,2026-04-12 00:55:04+00:00,campus_event,US,desktop,medium,early_career,False,en,America/New_York,free
c49d7be3-d3bd-5f47-bbf0-07f89b4d6a8a,2026-04-13 16:34:00+00:00,referral,GB,desktop,medium,early_career,True,en,Europe/London,free
73769424-135b-54e4-ac5b-1882c006eed3,2026-04-21 10:30:55+00:00,social_ads,CN,desktop,medium,student,True,zh,Asia/Shanghai,free
b11a3aa1-79bc-5892-88ee-03d112dbbeb3,2026-04-10 17:53:26+00:00,campus_event,GB,desktop,high,new_graduate,True,en,Europe/London,free
99398040-4686-59af-9b2d-fbd956863f39,2026-04-17 17:00:08+00:00,campus_event,GB,tablet,medium,new_graduate,True,en,Europe/London,free
1e030ecd-8ed0-5500-8ed4-312e129b164b,2026-04-13 12:19:13+00:00,campus_event,BR,desktop,high,student,True,pt,America/Sao_Paulo,free
c06fe44a-87c7-5088-a3e8-ced9b449ce4d,2026-04-18 00:25:43+00:00,campus_event,US,desktop,low,new_graduate,True,en,America/New_York,free
8e4f3ac9-dcb7-54aa-8b02-0110bb05167b,2026-04-15 13:09:43+00:00,organic_search,GB,mobile,medium,new_graduate,True,en,Europe/London,free
16ffc5aa-c03e-54e6-89ba-460bc1b78073,2026-03-25 19:39:01+00:00,social_ads,IN,tablet,low,student,False,en,Asia/Kolkata,free
7f07e594-0812-5117-ac07-d3033917a137,2026-03-20 23:50:48+00:00,social_ads,US,desktop,low,early_career,True,en,America/New_York,free
5d1fdc15-18b7-592f-955b-1af666130eda,2026-04-27 07:59:14+00:00,organic_search,BR,mobile,high,student,True,pt,America/Sao_Paulo,free
8e848275-f62b-5a64-ae66-b78f6249de03,2026-03-27 15:30:51+00:00,referral,CN,mobile,low,student,True,zh,Asia/Shanghai,free
3a160f11-a309-5726-9280-b3268937c4f3,2026-04-10 21:22:58+00:00,campus_event,DE,desktop,high,early_career,False,de,Europe/Berlin,free
e4aada06-5c6e-58ac-b8ae-3974c5846503,2026-03-17 14:11:13+00:00,organic_search,IN,mobile,medium,student,True,en,Asia/Kolkata,free
b9a5880d-75cc-5e73-96d2-e35463ab05b8,2026-04-02 18:25:41+00:00,referral,CN,desktop,medium,student,True,zh,Asia/Shanghai,free
39992b75-2abc-5a6c-97ed-ed0bb040c0c7,2026-04-09 13:07:22+00:00,campus_event,US,desktop,low,student,True,en,America/New_York,free
a35688a3-725b-568a-ac36-a14f8dcf8968,2026-04-16 04:40:35+00:00,campus_event,CA,desktop,medium,student,False,en,America/Toronto,free
12023128-b664-5229-85d2-b46fbb9f3540,2026-04-09 07:40:46+00:00,social_ads,CN,desktop,high,student,True,zh,Asia/Shanghai,free
1e18edc4-1db6-5971-9090-8f80820330fc,2026-03-28 21:14:53+00:00,referral,US,mobile,medium,new_graduate,True,en,America/New_York,free
b343e8ca-bdcc-5908-aa75-2123134a2d09,2026-05-09 08:41:34+00:00,social_ads,US,mobile,medium,student,True,en,America/New_York,free
8478bcd3-3340-5f6d-885e-4014b41d2aba,2026-04-08 09:05:45+00:00,social_ads,GB,desktop,high,new_graduate,False,en,Europe/London,free
69002600-7eb7-5cce-be74-e21c2870a880,2026-04-28 18:32:42+00:00,organic_search,US,mobile,medium,student,True,en,America/New_York,free
be511f58-ae70-521e-876c-8f0c77b27eaa,2026-04-23 19:59:03+00:00,campus_event,CN,desktop,low,student,True,zh,Asia/Shanghai,free
a48c5b50-6729-558e-96aa-3da5bba71a7c,2026-04-11 12:34:22+00:00,campus_event,IN,desktop,medium,early_career,True,en,Asia/Kolkata,free
b5537385-9a38-53da-8a10-4641efabc821,2026-05-04 03:52:58+00:00,social_ads,US,mobile,medium,early_career,True,en,America/New_York,free
82ff0b99-b52b-56e0-a092-9d6f0ded20be,2026-03-12 20:24:41+00:00,social_ads,CN,desktop,high,new_graduate,True,zh,Asia/Shanghai,free
5b8bac19-bab0-5911-b46a-ad6e6ada1195,2026-05-06 13:16:13+00:00,referral,US,mobile,medium,student,True,en,America/New_York,free
e6225db3-0800-5555-987f-1c91dbca6564,2026-05-01 15:58:26+00:00,campus_event,BR,desktop,medium,new_graduate,False,pt,America/Sao_Paulo,free
7b7198f4-aff8-5686-b75d-7c3f2629e5b1,2026-04-07 18:00:57+00:00,organic_search,DE,mobile,high,early_career,True,de,Europe/Berlin,free
0ddf4aad-35f6-561d-875d-e0f2c5826f59,2026-04-23 14:29:48+00:00,content_marketing,US,desktop,medium,early_career,True,en,America/New_York,free
a4b8e703-80c9-5954-b8fe-666f006ac196,2026-04-08 21:34:31+00:00,campus_event,CN,desktop,medium,new_graduate,True,zh,Asia/Shanghai,free
7bc4fa57-f860-549f-a2c3-14f27bea688a,2026-03-22 13:04:25+00:00,content_marketing,CN,mobile,high,new_graduate,True,zh,Asia/Shanghai,free
a8414a48-35bb-5848-966b-b32bb00e8086,2026-04-28 04:35:06+00:00,content_marketing,FR,mobile,low,student,True,fr,Europe/Paris,free
3cad13b7-a50f-573a-bbb6-1d3ab4a135d1,2026-03-20 23:14:46+00:00,content_marketing,CN,desktop,medium,student,True,zh,Asia/Shanghai,free
37fd98d2-2c81-54e3-9612-0ba8f3d37bee,2026-03-25 16:43:48+00:00,campus_event,CN,tablet,high,student,True,zh,Asia/Shanghai,free
82316dc8-b689-512a-94d7-4e467930322a,2026-04-08 19:56:47+00:00,campus_event,CA,desktop,medium,student,False,en,America/Toronto,free
db3da6b6-dc6d-5fb2-8d3f-9d8824799d7b,2026-04-30 18:42:17+00:00,organic_search,US,desktop,high,student,False,en,America/New_York,free
c0a90865-0577-5b68-9826-8aaf933f4331,2026-03-30 11:46:52+00:00,social_ads,CN,desktop,medium,student,False,zh,Asia/Shanghai,free
90802a49-a80f-5099-b796-d393992ab994,2026-04-07 02:17:53+00:00,campus_event,US,mobile,medium,new_graduate,True,en,America/New_York,free
a2af1d50-ec6b-5bae-ac39-06ef7e3dbae5,2026-03-06 20:59:50+00:00,social_ads,IN,mobile,medium,new_graduate,False,en,Asia/Kolkata,free
919a13e2-1c3a-5b9b-a298-318402686a22,2026-03-11 23:51:30+00:00,referral,CN,mobile,low,new_graduate,True,zh,Asia/Shanghai,free
26e70516-c2f7-5555-8983-605014d24a5f,2026-03-07 20:38:54+00:00,organic_search,FR,mobile,high,student,True,fr,Europe/Paris,free
1e539f98-0d03-541a-b89d-5c3773616875,2026-03-08 23:19:46+00:00,social_ads,CN,desktop,low,new_graduate,True,zh,Asia/Shanghai,free
908202d0-526b-5c10-a5a1-67ce6a8dc84d,2026-05-02 22:16:10+00:00,social_ads,US,desktop,medium,early_career,True,en,America/New_York,free
02db769b-2ae4-5ad0-80d0-9ae7a15d6eb9,2026-05-01 02:20:25+00:00,social_ads,GB,desktop,medium,student,False,en,Europe/London,free
f35dec26-61b5-554e-a889-d8bf01f0638e,2026-04-29 17:02:36+00:00,organic_search,GB,mobile,low,early_career,True,en,Europe/London,free
aac7ac65-1aeb-52d2-86a6-d039a4412a35,2026-03-07 20:01:12+00:00,organic_search,IN,desktop,low,student,True,en,Asia/Kolkata,free
abd3462a-8293-5560-a07d-d844627a8ffb,2026-03-09 08:34:46+00:00,referral,IN,mobile,medium,new_graduate,True,en,Asia/Kolkata,free
546a29e4-2502-5ae3-a2b4-f2bf2209f8e0,2026-03-23 08:41:32+00:00,social_ads,US,mobile,low,new_graduate,True,en,America/New_York,free
3be4c2e5-9b05-54b7-9c6c-9d2d4a40b348,2026-04-12 00:07:42+00:00,organic_search,IN,mobile,high,new_graduate,False,en,Asia/Kolkata,free
3c7b6ab7-bfae-52ab-b84d-2581d9a48d9b,2026-03-27 01:19:08+00:00,organic_search,US,desktop,high,early_career,True,en,America/New_York,free
93c77c24-209a-556d-bac0-d2cdc99ebc03,2026-04-06 15:23:57+00:00,social_ads,US,desktop,low,student,True,en,America/New_York,free
154b599b-25b7-5d71-b7ef-0125873c4be6,2026-03-15 22:28:42+00:00,organic_search,BR,tablet,high,early_career,True,pt,America/Sao_Paulo,free
e5e9238e-0b0a-5310-b0fd-a2337c5d9d05,2026-04-23 10:10:05+00:00,campus_event,IN,mobile,medium,early_career,False,en,Asia/Kolkata,free
8d0a12a6-ce8f-53c8-9aff-6a93277eb9b6,2026-03-25 15:48:25+00:00,campus_event,US,mobile,low,early_career,True,en,America/New_York,free
48d8252a-299a-5c1f-a230-19c6cd1a4a5d,2026-03-08 14:11:28+00:00,organic_search,US,mobile,medium,student,True,en,America/New_York,free
de20f4bc-9fbb-5b90-978f-4b0143fe95a7,2026-04-24 05:53:55+00:00,social_ads,BR,tablet,high,student,False,pt,America/Sao_Paulo,free
bfa74393-d69c-5a0d-90bc-a2d47970c8e0,2026-05-05 07:01:02+00:00,organic_search,US,desktop,medium,early_career,True,en,America/New_York,free
76b60b0d-2da1-5a21-8c60-5d3b3b611381,2026-03-05 00:18:52+00:00,organic_search,US,tablet,low,new_graduate,True,en,America/New_York,free
cb0cfb83-e269-51a9-bc22-82c74ad933cd,2026-04-03 03:07:49+00:00,referral,US,desktop,medium,early_career,True,en,America/New_York,free
79eb7e52-160d-57a2-84e7-9c132841e3d8,2026-04-30 01:47:56+00:00,social_ads,US,tablet,medium,student,True,en,America/New_York,free
4be4fdb9-c240-548a-bc00-da4bc237fdf4,2026-04-21 17:24:31+00:00,referral,US,desktop,medium,early_career,False,en,America/New_York,free
47f0b669-c553-5612-a8ee-9d5a26387577,2026-05-02 02:26:35+00:00,organic_search,JP,desktop,medium,early_career,False,ja,Asia/Tokyo,free
16a97b55-7f73-5f13-b414-c30ac5a22067,2026-04-01 15:35:15+00:00,organic_search,US,desktop,high,early_career,True,en,America/New_York,free
87bffd99-e7f8-5eb0-8b1d-d3dcbad69af9,2026-03-29 16:27:53+00:00,social_ads,CN,mobile,medium,new_graduate,True,zh,Asia/Shanghai,free
916f830b-dec9-5a22-880f-f682a5c6489c,2026-04-21 22:23:42+00:00,social_ads,IN,tablet,low,student,False,en,Asia/Kolkata,free
7c4d70c1-0021-54ae-b3f7-7ab2479609fc,2026-03-14 14:22:57+00:00,content_marketing,CN,desktop,high,new_graduate,True,zh,Asia/Shanghai,free
7ce20dd6-9dc5-5824-ab16-7a657cec44b6,2026-03-20 12:28:53+00:00,organic_search,IN,desktop,medium,new_graduate,True,en,Asia/Kolkata,free
421fefb5-658c-5216-a79b-9640e713dc21,2026-04-14 10:59:29+00:00,referral,IN,desktop,medium,student,False,en,Asia/Kolkata,free
c11b2300-021e-59e8-98f9-546a3b45b289,2026-04-19 02:57:38+00:00,referral,IN,desktop,medium,student,True,en,Asia/Kolkata,free
1e129e5f-1b27-53cd-a916-045d1d971c84,2026-03-12 06:10:38+00:00,social_ads,IN,mobile,medium,early_career,True,en,Asia/Kolkata,free
ebda3347-6a12-53c9-ba24-d7a79cd2bb25,2026-04-08 01:45:41+00:00,organic_search,GB,desktop,low,student,False,en,Europe/London,free
db098f58-d739-5cef-a6ba-f6cdfbec391d,2026-03-29 04:18:22+00:00,social_ads,IN,tablet,medium,student,True,en,Asia/Kolkata,free
00c953f4-0505-5d67-8397-f053bb4f93c9,2026-04-07 14:53:19+00:00,organic_search,GB,tablet,high,new_graduate,True,en,Europe/London,free
d0e67f89-9030-52c7-b897-ce282aa2ffca,2026-05-09 03:09:30+00:00,campus_event,US,desktop,high,early_career,True,en,America/New_York,free
7ec35963-5868-535c-bd9c-65bb7fd0fae7,2026-03-09 06:52:00+00:00,social_ads,IN,mobile,medium,new_graduate,True,en,Asia/Kolkata,free
fb5f23b4-5d07-5d8c-9926-e112d931e9e8,2026-05-11 16:29:19+00:00,content_marketing,IN,tablet,low,student,True,en,Asia/Kolkata,free
eadf4d94-a511-5257-8fb7-133bf5a19d00,2026-04-04 00:30:07+00:00,campus_event,US,tablet,medium,student,False,en,America/New_York,free
ba6d452a-bd22-5b84-936b-470809ac7844,2026-04-26 06:36:19+00:00,social_ads,DE,mobile,high,student,False,de,Europe/Berlin,free
b122dfc1-4e5f-5460-b5b9-e8bab47e4948,2026-04-02 06:55:23+00:00,campus_event,US,desktop,medium,student,True,en,America/New_York,free
eba28da2-10d3-5d6c-a70c-7e855beabddf,2026-03-25 10:57:07+00:00,social_ads,US,desktop,medium,early_career,True,en,America/New_York,free
96f5940f-5146-5dfb-988d-60cda2942ad4,2026-04-26 04:06:46+00:00,content_marketing,DE,mobile,medium,student,True,de,Europe/Berlin,free
dca4b7a6-d2f5-550f-98c6-dfafeede52b2,2026-04-20 10:46:22+00:00,organic_search,US,desktop,low,student,True,en,America/New_York,free
a17e346f-13dd-5804-b5b9-10228024a5f7,2026-03-13 22:33:35+00:00,content_marketing,CN,mobile,medium,early_career,True,zh,Asia/Shanghai,free
5edb40f7-6790-59b4-befe-e33936dc1ae9,2026-04-21 16:09:09+00:00,referral,CN,mobile,medium,student,True,zh,Asia/Shanghai,free
15e83440-381e-5d5a-8a76-03ec48aca505,2026-04-24 23:05:45+00:00,referral,DE,desktop,medium,student,False,de,Europe/Berlin,free
7b75bf83-13da-5c62-8185-2846cd633e16,2026-03-30 18:15:56+00:00,social_ads,CN,desktop,low,new_graduate,False,zh,Asia/Shanghai,free
242525a8-2932-50eb-bc8e-943bd7e121d6,2026-05-06 20:52:31+00:00,referral,IN,desktop,high,student,True,en,Asia/Kolkata,free
3083d8d7-566f-5e0f-8240-2cef78bfe2bf,2026-04-17 05:18:40+00:00,organic_search,GB,tablet,medium,student,False,en,Europe/London,free
d9453c5b-daf3-5783-b971-e7cf2c676660,2026-03-27 00:29:17+00:00,campus_event,IN,desktop,high,early_career,True,en,Asia/Kolkata,free
1ced9662-01e8-5ed4-9fef-566fc27eae9c,2026-03-04 17:45:52+00:00,organic_search,BR,desktop,medium,early_career,True,pt,America/Sao_Paulo,free
712a6a60-1afb-5342-9b05-d40f5fb151d3,2026-04-19 13:44:02+00:00,organic_search,GB,tablet,medium,early_career,True,en,Europe/London,free
ad5dc090-4648-537f-a7aa-92f464af2177,2026-03-18 10:11:57+00:00,social_ads,CN,mobile,medium,new_graduate,False,zh,Asia/Shanghai,free
0d71ef6e-0b59-5e7f-a1e4-b3c680494709,2026-04-25 04:48:27+00:00,organic_search,FR,mobile,medium,student,True,fr,Europe/Paris,free
b0befe36-105c-5d84-a13a-c2b3aec985d7,2026-04-09 05:32:45+00:00,social_ads,CN,mobile,medium,early_career,True,zh,Asia/Shanghai,free
b28d9d1d-0f8d-5a93-ad61-4a4e52ebe344,2026-04-05 04:53:56+00:00,referral,US,desktop,medium,new_graduate,True,en,America/New_York,free
b19b1040-3b11-5018-a6aa-83799b6415d8,2026-03-15 07:10:18+00:00,organic_search,US,tablet,low,student,True,en,America/New_York,free
821f5d43-c6f0-5120-a1aa-33df4c0581e3,2026-04-22 02:15:08+00:00,campus_event,IN,tablet,high,student,True,en,Asia/Kolkata,free
a733352f-1ef2-5e40-a18c-84f3ab416fa3,2026-03-15 10:44:29+00:00,organic_search,US,desktop,medium,new_graduate,True,en,America/New_York,free
83420fba-c10d-5120-97be-6eddb1810bce,2026-04-01 19:47:59+00:00,campus_event,CN,desktop,low,student,False,zh,Asia/Shanghai,free
691c1a5a-3bc8-5b2a-8a4c-76e14a3e3d9e,2026-04-30 16:55:10+00:00,campus_event,CN,desktop,high,student,True,zh,Asia/Shanghai,free
fef68807-5917-5a93-a40d-1195efeafd1d,2026-05-06 12:07:32+00:00,social_ads,CN,mobile,low,student,True,zh,Asia/Shanghai,free
7cf17970-d7ae-51df-b4df-e43d37c21150,2026-05-11 06:00:14+00:00,campus_event,US,mobile,high,new_graduate,True,en,America/New_York,free
f0ba5a60-71b2-5bb8-83d8-c9976ef717bb,2026-05-09 02:28:03+00:00,content_marketing,GB,mobile,medium,student,True,en,Europe/London,free
2a3939ff-1f47-583d-9ffa-dfdeb92320ef,2026-04-11 08:41:06+00:00,referral,CN,tablet,low,new_graduate,True,zh,Asia/Shanghai,free
972d05e9-e7d1-5bb2-b9de-2a582df9b13a,2026-03-17 19:59:43+00:00,social_ads,US,mobile,low,student,True,en,America/New_York,free
ed7286f0-84fe-593d-b078-e10c8c7050fe,2026-04-30 21:29:57+00:00,social_ads,CN,mobile,low,new_graduate,True,zh,Asia/Shanghai,free
30085a38-d763-5fce-a158-051c47cf18b5,2026-04-28 07:29:59+00:00,campus_event,CN,mobile,low,student,True,zh,Asia/Shanghai,free
5263ea19-926a-5982-8e92-e6850b9a7306,2026-05-11 07:58:20+00:00,organic_search,IN,mobile,low,student,False,en,Asia/Kolkata,free
5ff032c0-821a-5b94-9d11-a5c49d54c2bd,2026-04-17 21:58:09+00:00,referral,CN,desktop,medium,new_graduate,True,zh,Asia/Shanghai,free
2a14fa58-f75e-55ad-9971-34d9c6e8ac1e,2026-03-13 18:28:57+00:00,organic_search,US,mobile,medium,new_graduate,True,en,America/New_York,free
eb5a1d04-8891-546f-89cf-ba77a8fd9ab0,2026-04-07 16:48:20+00:00,referral,DE,mobile,medium,student,True,de,Europe/Berlin,free
a567ba3e-cd11-554e-ba5b-63fac950df23,2026-04-03 22:17:40+00:00,organic_search,CN,desktop,low,new_graduate,True,zh,Asia/Shanghai,free
60b4f0eb-9add-5719-ae41-cb935c8cd470,2026-05-01 03:55:13+00:00,organic_search,US,mobile,low,early_career,True,en,America/New_York,free
fd35c58b-120a-545b-8e00-cb22d4c3ed63,2026-03-31 02:06:00+00:00,content_marketing,GB,mobile,low,student,True,en,Europe/London,free
128c2ee5-350a-5f9e-b398-bbac652f3ffc,2026-03-26 16:08:57+00:00,referral,IN,desktop,low,new_graduate,True,en,Asia/Kolkata,free
03fd87ed-f98c-546a-9adf-132084dba9ee,2026-03-09 12:33:40+00:00,referral,IN,mobile,medium,student,True,en,Asia/Kolkata,free
cd321ec1-3253-5580-9806-1c6ff3bb1502,2026-04-30 15:30:56+00:00,content_marketing,CN,desktop,low,early_career,True,zh,Asia/Shanghai,free
5927c213-a146-5244-90a4-f9476a71d3c3,2026-04-25 02:49:35+00:00,social_ads,CN,mobile,medium,student,True,zh,Asia/Shanghai,free
81dfab13-8398-5da5-bb62-97b92e062381,2026-03-06 20:16:22+00:00,organic_search,CN,mobile,high,early_career,True,zh,Asia/Shanghai,free
f59ba184-a3b2-5431-a662-792a93b6238a,2026-04-02 22:20:16+00:00,organic_search,US,desktop,low,new_graduate,True,en,America/New_York,free
7fa1b574-7301-55bf-9454-65f04b52db82,2026-04-06 02:24:46+00:00,social_ads,US,desktop,low,new_graduate,True,en,America/New_York,free
21ac343a-761a-5426-ba11-5ae5afa7693b,2026-04-05 09:12:18+00:00,organic_search,JP,desktop,medium,student,True,ja,Asia/Tokyo,free
25a18465-95c4-528f-b656-efa987a6009f,2026-05-06 09:44:59+00:00,content_marketing,IN,desktop,medium,new_graduate,True,en,Asia/Kolkata,free
fb397360-0de4-5b4d-8258-d56b3df159dd,2026-03-14 09:30:50+00:00,organic_search,CN,mobile,low,student,True,zh,Asia/Shanghai,free
3188433f-ddfd-5865-b1ca-3427422c1b40,2026-03-25 03:18:22+00:00,organic_search,US,desktop,high,student,True,en,America/New_York,free
f9ad019c-4402-57d9-bc7a-f197c9c81631,2026-03-16 11:36:51+00:00,organic_search,IN,tablet,medium,student,True,en,Asia/Kolkata,free
cad2764d-68aa-5d6f-a0e4-53905ce73d92,2026-03-20 20:12:13+00:00,organic_search,US,desktop,high,new_graduate,True,en,America/New_York,free
30a273b3-73b3-510c-ab5f-07a90c220a54,2026-05-05 14:09:47+00:00,organic_search,US,desktop,high,early_career,False,en,America/New_York,free
5077ccfe-2fce-5f11-8831-e9dfac30635e,2026-05-07 21:50:08+00:00,campus_event,US,tablet,medium,early_career,True,en,America/New_York,free
fc9ad713-d1a1-55c7-b359-199a6f81d2f3,2026-03-07 01:56:19+00:00,organic_search,IN,mobile,medium,student,True,en,Asia/Kolkata,free
1627039a-ea42-560b-96fe-19df88ed79c7,2026-04-16 14:44:37+00:00,campus_event,IN,mobile,medium,early_career,True,en,Asia/Kolkata,free
279b65aa-f759-56c5-bebc-46a36d73920a,2026-03-20 01:36:11+00:00,referral,US,mobile,high,early_career,True,en,America/New_York,free
e6db6105-a5ba-5fda-ad5d-1ca98c6cb15f,2026-03-17 06:52:51+00:00,campus_event,US,tablet,medium,early_career,False,en,America/New_York,free
8eecbda6-ebae-5db2-a301-d6bb1e66a0dc,2026-03-24 03:38:59+00:00,campus_event,IN,desktop,medium,new_graduate,False,en,Asia/Kolkata,free
33b06c10-a1cd-535d-8ccc-14dc1e490e76,2026-03-17 09:54:16+00:00,social_ads,CN,desktop,low,student,True,zh,Asia/Shanghai,free
e535192f-0417-52b8-8177-94297578cd85,2026-04-06 19:46:00+00:00,organic_search,IN,tablet,medium,early_career,True,en,Asia/Kolkata,free
704f2381-e0c1-5e75-bdb0-32d91ef55902,2026-05-11 16:43:51+00:00,organic_search,US,desktop,medium,new_graduate,False,en,America/New_York,free
be31f91d-0927-5c93-9dd5-7d71f663a5fa,2026-04-13 11:09:10+00:00,content_marketing,IN,mobile,high,new_graduate,True,en,Asia/Kolkata,free
dd8e315a-04f0-579b-9b8e-c5d0345b3700,2026-04-22 21:41:25+00:00,campus_event,BR,mobile,low,student,False,pt,America/Sao_Paulo,free
463d29b8-6f8a-5214-b67e-849be35db9c3,2026-04-07 00:53:16+00:00,organic_search,IN,mobile,high,student,True,en,Asia/Kolkata,free
bf3c7e6f-2b5a-57d5-aaca-38cdd7c66fed,2026-03-04 23:01:48+00:00,social_ads,US,mobile,low,student,True,en,America/New_York,free
23214812-5756-5068-a23f-5b14a31404db,2026-03-09 19:17:40+00:00,referral,IN,tablet,medium,new_graduate,True,en,Asia/Kolkata,free
d2b6d760-87ae-5cd8-86cd-1aa9c3d0b6ad,2026-03-22 13:15:09+00:00,campus_event,US,desktop,medium,student,True,en,America/New_York,free
a27bf11c-1544-51be-b8f4-c2469df03614,2026-03-20 19:30:46+00:00,social_ads,US,mobile,medium,early_career,True,en,America/New_York,free
0be23844-0901-5958-97bd-9456723d51bb,2026-04-30 23:59:57+00:00,referral,US,mobile,medium,student,True,en,America/New_York,free
31b1e124-81d0-535e-8b93-43accf705368,2026-05-01 04:58:55+00:00,campus_event,CA,desktop,low,student,False,en,America/Toronto,free
d93f436e-7b5b-5013-963f-6bfda6e15293,2026-05-01 22:25:29+00:00,campus_event,CN,tablet,low,student,True,zh,Asia/Shanghai,free
e8ef7453-a363-5648-afc7-80ab21c90e23,2026-04-16 23:50:47+00:00,organic_search,DE,mobile,high,student,True,de,Europe/Berlin,free
4aecd149-7cbf-581a-8d7b-9b250cc09919,2026-04-11 09:01:20+00:00,organic_search,CN,desktop,low,student,True,zh,Asia/Shanghai,free
56983a71-31e3-5dc6-b413-52948c0996ab,2026-04-17 18:59:25+00:00,content_marketing,CN,tablet,medium,new_graduate,True,zh,Asia/Shanghai,free
179a858f-ab1b-57f8-9428-2a766b8c8c6e,2026-04-01 01:40:18+00:00,social_ads,US,tablet,medium,early_career,True,en,America/New_York,free
d087fa4d-6f42-5a1a-9f00-568bd1190d2b,2026-04-19 05:51:22+00:00,social_ads,IN,desktop,low,student,True,en,Asia/Kolkata,free
b5c03415-dbb5-59f7-a815-8cfc308d8cd6,2026-04-27 19:35:48+00:00,social_ads,US,mobile,high,student,False,en,America/New_York,free
ba2c3f16-ca55-5cb2-8deb-b88f1417b4e4,2026-04-25 15:22:01+00:00,organic_search,CN,desktop,high,early_career,False,zh,Asia/Shanghai,free
da638c87-5d83-5e77-aba9-ca2ad82ee26f,2026-04-15 08:30:09+00:00,referral,US,desktop,high,student,False,en,America/New_York,free
e6933eff-0d89-5c31-be5a-94a29d65d0f1,2026-03-08 00:13:38+00:00,organic_search,CN,desktop,high,new_graduate,True,zh,Asia/Shanghai,free
ea9adcc7-af21-55ad-8552-5376857d65d4,2026-04-23 00:30:57+00:00,referral,CN,tablet,medium,new_graduate,True,zh,Asia/Shanghai,free
73b0fffc-36a6-5ea4-8dbf-ad5351ba1255,2026-03-29 07:06:11+00:00,social_ads,US,desktop,high,early_career,True,en,America/New_York,free
a4c7827b-7d8b-568c-9c17-97deb67592f0,2026-04-24 07:30:45+00:00,organic_search,US,desktop,low,student,True,en,America/New_York,free
e9781fb4-6695-572c-a7dc-7bb254551522,2026-04-10 05:27:25+00:00,organic_search,JP,mobile,low,early_career,True,ja,Asia/Tokyo,free
121fb6f0-deed-51ed-a5cb-a77f3960d8e0,2026-05-03 19:14:36+00:00,referral,US,desktop,medium,early_career,False,en,America/New_York,free
49aff3cd-edf3-5437-96d9-42596d4ffdf7,2026-03-27 08:29:01+00:00,organic_search,US,desktop,low,student,False,en,America/New_York,free
753b1997-362f-5570-95ac-1e231bc38bf7,2026-05-07 06:23:18+00:00,organic_search,US,desktop,medium,new_graduate,True,en,America/New_York,free
e8da1ada-de46-50d8-9bfe-a97a0147da0e,2026-05-01 06:27:24+00:00,campus_event,CN,mobile,medium,student,True,zh,Asia/Shanghai,free
cbaeb489-99ec-5540-9905-8d2367584909,2026-03-26 20:18:46+00:00,social_ads,IN,mobile,medium,student,True,en,Asia/Kolkata,free
636884cc-62fc-56cc-8515-cb7c60a3b3b0,2026-04-06 07:08:23+00:00,social_ads,US,mobile,high,early_career,True,en,America/New_York,free
c0dfd41d-f020-5545-91a8-268f7111c725,2026-04-09 15:54:43+00:00,organic_search,CN,desktop,low,student,True,zh,Asia/Shanghai,free
58a51442-181c-51e5-a2ab-891aa1da595e,2026-04-26 00:50:49+00:00,referral,IN,mobile,low,student,True,en,Asia/Kolkata,free
0bebd16e-89c1-5e40-a38f-e899b594161a,2026-04-20 13:14:38+00:00,organic_search,US,mobile,medium,student,False,en,America/New_York,free
02926c92-fe93-5915-8126-cf6d93a5fcde,2026-05-01 18:56:14+00:00,organic_search,BR,desktop,high,new_graduate,True,pt,America/Sao_Paulo,free
46a16a91-de9a-5407-b430-5961c9c17f11,2026-03-29 12:30:02+00:00,organic_search,JP,desktop,high,early_career,True,ja,Asia/Tokyo,free
c6a6dc85-a885-535d-be63-8e0d7df14e6e,2026-04-07 19:56:03+00:00,organic_search,US,desktop,low,new_graduate,True,en,America/New_York,free
deecda4d-92b9-503d-a23a-044129b2a7f8,2026-04-02 17:30:42+00:00,organic_search,US,desktop,high,new_graduate,False,en,America/New_York,free
1268b088-4ff1-5fcb-badb-8786c468afd4,2026-05-05 18:13:05+00:00,organic_search,US,desktop,medium,student,True,en,America/New_York,free
d5a90240-e29e-5c9e-ab15-11e26f7bdf3b,2026-03-25 01:02:51+00:00,organic_search,US,tablet,high,new_graduate,False,en,America/New_York,free
e5a9df87-28b3-5476-a875-d2468e3ff97a,2026-04-13 12:16:37+00:00,social_ads,CN,mobile,low,student,True,zh,Asia/Shanghai,free
c35e7d36-9ac7-58e9-bffa-b390eff23362,2026-03-12 06:59:41+00:00,referral,CN,mobile,medium,new_graduate,False,zh,Asia/Shanghai,free
cce6535f-c3ab-5255-b816-1f470e1590c5,2026-05-01 16:03:14+00:00,organic_search,CN,desktop,medium,new_graduate,False,zh,Asia/Shanghai,free
f40ca56f-8f66-5194-aead-370de500f0be,2026-03-30 12:15:52+00:00,organic_search,US,mobile,medium,early_career,False,en,America/New_York,free
af67e0da-8d74-50fa-985f-b6179c84f640,2026-03-27 12:01:05+00:00,content_marketing,US,mobile,low,new_graduate,True,en,America/New_York,free
249a6eb1-9564-518c-9624-917233a1e114,2026-04-13 05:18:38+00:00,referral,AU,tablet,medium,new_graduate,True,en,Australia/Sydney,free
42edbb71-cc6d-59fe-9cd2-57188dd4aceb,2026-04-07 10:02:26+00:00,campus_event,CA,desktop,medium,student,True,en,America/Toronto,free
1fb64dae-f5d0-5898-b95d-7f62eeec002c,2026-05-01 12:14:54+00:00,organic_search,US,mobile,medium,student,True,en,America/New_York,free
e18bec6a-1b24-54f2-a278-0e61861bbfc9,2026-04-09 16:00:59+00:00,social_ads,IN,desktop,medium,new_graduate,True,en,Asia/Kolkata,free
7e7bb9d1-32c6-542c-b60b-8fc7d0f10e80,2026-04-08 16:08:34+00:00,organic_search,CN,mobile,low,new_graduate,True,zh,Asia/Shanghai,free
35a78f30-57e1-5ba9-b580-b3dc91d13485,2026-03-11 05:50:46+00:00,organic_search,IN,tablet,high,new_graduate,True,en,Asia/Kolkata,free
5bdda576-69ed-56ad-b141-3ce249dff9a1,2026-03-05 12:19:45+00:00,social_ads,CN,mobile,medium,new_graduate,True,zh,Asia/Shanghai,free
2da68a2a-c1e1-52ce-8141-aa4440f926cd,2026-03-31 12:00:09+00:00,social_ads,DE,mobile,medium,student,True,de,Europe/Berlin,free
b5b5c713-346a-54dd-b5ca-564882809b80,2026-05-11 21:01:44+00:00,social_ads,US,tablet,high,student,True,en,America/New_York,free
e5840b3e-1f9a-51c7-a584-4e731b92dd81,2026-05-06 07:06:39+00:00,campus_event,US,tablet,medium,student,True,en,America/New_York,free
c0c36c3c-1f1c-5ef4-a762-08a3b598cb06,2026-04-16 09:35:24+00:00,organic_search,JP,desktop,low,new_graduate,True,ja,Asia/Tokyo,free
a3cdd94e-d9e9-53fb-90d6-a869ce70d3e7,2026-04-16 12:39:28+00:00,organic_search,US,desktop,medium,early_career,False,en,America/New_York,free
4749e571-db01-5d88-a926-3ed795e3fc7e,2026-03-31 00:19:47+00:00,campus_event,US,mobile,high,new_graduate,True,en,America/New_York,free
a981ba25-6e6d-5835-be71-69a665b6d6ca,2026-03-16 05:57:02+00:00,referral,IN,tablet,low,new_graduate,False,en,Asia/Kolkata,free
de7fbeba-ed83-5188-a3ea-ad88bbd0aa39,2026-03-04 14:09:11+00:00,organic_search,GB,mobile,medium,new_graduate,False,en,Europe/London,free
a8fdc09d-db8c-5d83-a57b-6c8be9cb38e9,2026-03-27 09:08:40+00:00,social_ads,IN,desktop,low,student,True,en,Asia/Kolkata,free
cfffae3a-b766-5afe-b3e5-69c0cc855c9a,2026-03-25 20:04:15+00:00,organic_search,GB,mobile,high,student,True,en,Europe/London,free
9357155b-8cd1-59a9-a6d7-37ef17b14271,2026-03-17 05:17:39+00:00,organic_search,IN,desktop,medium,student,True,en,Asia/Kolkata,free
eb2ad038-a1a0-5f87-896e-b2fefec8c859,2026-03-21 21:10:49+00:00,campus_event,US,desktop,high,early_career,False,en,America/New_York,free
4e8ccf1f-2953-5cd7-98fb-2a1f01ef8cb5,2026-03-05 17:06:24+00:00,organic_search,IN,desktop,medium,student,True,en,Asia/Kolkata,free
2ebb8257-ed10-5955-9934-29df096f7bb2,2026-04-14 22:46:54+00:00,social_ads,GB,desktop,low,new_graduate,True,en,Europe/London,free
0a95a136-c3c0-5244-a1b6-1d51420d747c,2026-05-06 23:52:27+00:00,social_ads,DE,mobile,medium,student,True,de,Europe/Berlin,free
d808878a-dfa3-5ef6-960f-49c67bfd1d3c,2026-04-20 15:57:52+00:00,organic_search,US,desktop,high,new_graduate,True,en,America/New_York,free
e2d6f9fc-4eae-5602-a7fc-a7c54cd88cea,2026-04-03 22:13:51+00:00,organic_search,US,desktop,low,student,True,en,America/New_York,free
63b4f62c-cc8e-58af-a5f6-8f5f8691a426,2026-04-01 23:57:49+00:00,organic_search,GB,mobile,low,early_career,True,en,Europe/London,free
d7c5edc3-1cd6-59e8-964c-21f1e74a34ca,2026-03-25 05:16:40+00:00,content_marketing,US,desktop,medium,student,False,en,America/New_York,free
e5599142-4908-53b6-b372-20f9e68c04b2,2026-03-13 19:49:27+00:00,campus_event,US,desktop,medium,early_career,True,en,America/New_York,free
4f89b04a-3d77-5c40-9f50-b17fe2211211,2026-04-14 07:04:40+00:00,social_ads,GB,desktop,low,new_graduate,True,en,Europe/London,free
3e64a681-926e-5a03-892a-3d2b8e1e2dc9,2026-04-12 02:09:48+00:00,organic_search,CN,desktop,low,student,True,zh,Asia/Shanghai,free
72f91303-772c-568f-8990-9bcaa9b6eb9c,2026-03-04 12:06:44+00:00,campus_event,US,mobile,medium,new_graduate,True,en,America/New_York,free
d801cb75-172d-5bcf-924e-0ca41c8d892b,2026-04-01 16:06:12+00:00,organic_search,US,desktop,medium,new_graduate,True,en,America/New_York,free
c7e5e420-c059-5d4c-83a4-c9c84d65d91a,2026-03-23 04:24:15+00:00,social_ads,US,desktop,medium,student,True,en,America/New_York,free
bcb48d5c-678e-5234-a33c-d0c7601bec01,2026-03-15 17:59:10+00:00,campus_event,GB,desktop,medium,new_graduate,False,en,Europe/London,free
2eec2203-89f7-5d2f-abf0-c4fcddfeb0e2,2026-04-21 12:13:23+00:00,social_ads,CN,desktop,high,new_graduate,True,zh,Asia/Shanghai,free
360b11b5-34d4-5476-b6e9-ec65bf6c7832,2026-04-09 06:46:04+00:00,organic_search,US,desktop,low,new_graduate,True,en,America/New_York,free
289d8120-d7f6-5923-98c1-2c3c76a37472,2026-04-16 17:31:20+00:00,organic_search,CN,desktop,medium,new_graduate,False,zh,Asia/Shanghai,free
9d63490f-44b4-5c64-807c-4df4ab7add5a,2026-04-22 05:31:31+00:00,organic_search,US,desktop,medium,new_graduate,True,en,America/New_York,free
6975b053-8ab7-5b13-8817-490f169e833f,2026-05-10 17:52:13+00:00,social_ads,US,desktop,medium,student,True,en,America/New_York,free
d7834e1c-221a-5e27-94ed-5a14f7e7790b,2026-04-28 09:22:28+00:00,referral,US,tablet,medium,student,True,en,America/New_York,free
6a8ac03f-ee95-5731-87dc-cbe01536dac9,2026-04-15 19:18:43+00:00,organic_search,CN,desktop,medium,student,False,zh,Asia/Shanghai,free
0dc7df8a-8e1a-5059-9ef8-1f67415cec56,2026-05-03 15:39:33+00:00,social_ads,US,desktop,high,new_graduate,True,en,America/New_York,free
cc636c7c-5128-5016-bc63-701680a6d782,2026-04-05 22:44:58+00:00,campus_event,US,mobile,low,student,True,en,America/New_York,free
50075399-e524-53f5-b176-5a25ced19811,2026-05-10 22:46:23+00:00,organic_search,CN,desktop,low,student,True,zh,Asia/Shanghai,free
9876f049-3ecf-5c51-bade-9f9fccadd87b,2026-04-25 12:55:55+00:00,organic_search,CN,mobile,medium,early_career,False,zh,Asia/Shanghai,free
3873ad55-e72c-5cd0-916c-642dba502a98,2026-04-17 21:51:45+00:00,organic_search,US,desktop,medium,student,False,en,America/New_York,free
6b6d04f0-14d0-5700-9eee-aad92f00c99f,2026-05-05 07:54:38+00:00,campus_event,US,mobile,low,student,True,en,America/New_York,free
4705628f-bd93-54d0-b36e-5cfdcda7d3d4,2026-04-08 12:58:13+00:00,social_ads,US,tablet,high,early_career,True,en,America/New_York,free
ff814ea6-e486-5bfa-b717-cc1bf88e1fcf,2026-04-22 17:28:19+00:00,campus_event,CN,desktop,high,new_graduate,True,zh,Asia/Shanghai,free
ce01fd7b-d31e-5bf8-9cc7-1c3f7e2037fc,2026-03-23 15:30:50+00:00,referral,IN,desktop,medium,early_career,True,en,Asia/Kolkata,free
cf2f0adf-44c9-5e6b-970a-4bfe552d6f9a,2026-05-09 11:04:39+00:00,campus_event,US,mobile,medium,student,True,en,America/New_York,free
5b00c057-7a87-59ad-84d4-61e8e5daf41a,2026-04-16 00:17:46+00:00,content_marketing,GB,tablet,low,new_graduate,True,en,Europe/London,free
484084d3-a15d-5365-8a8b-521b0901d41f,2026-04-26 23:00:01+00:00,campus_event,IN,desktop,medium,early_career,True,en,Asia/Kolkata,free
2840d5b8-d5b0-5365-b3e1-7e5f2e617cb5,2026-04-04 18:58:52+00:00,referral,US,mobile,medium,student,False,en,America/New_York,free
b3d84108-1f1e-5718-acdb-2953eedb3ccf,2026-05-02 19:25:22+00:00,referral,US,desktop,high,student,True,en,America/New_York,free
483e48b1-97fc-54ad-9e37-e4197af3dab3,2026-03-09 02:50:17+00:00,campus_event,US,mobile,medium,student,True,en,America/New_York,free
6322160c-3571-543b-aa65-58c7ddedd21a,2026-03-11 20:57:21+00:00,referral,US,desktop,low,early_career,True,en,America/New_York,free
0c00911d-ad53-56e7-a468-cdde626f5d39,2026-04-07 23:47:04+00:00,content_marketing,CN,mobile,low,student,True,zh,Asia/Shanghai,free
822fb480-c722-591f-a434-e495e8239f59,2026-04-23 12:52:35+00:00,social_ads,US,desktop,low,new_graduate,True,en,America/New_York,free
46b2233d-0374-5f8a-95ff-2762c7710980,2026-04-28 20:03:59+00:00,campus_event,GB,mobile,high,new_graduate,True,en,Europe/London,free
3f59897c-05a2-51cc-b778-a0de42375e5c,2026-04-03 08:47:11+00:00,social_ads,CN,desktop,high,early_career,True,zh,Asia/Shanghai,free
37678bb9-f7b2-5989-bb01-92a64d8482ab,2026-04-17 19:51:30+00:00,referral,IN,mobile,high,student,True,en,Asia/Kolkata,free
782acefe-667d-5ee6-a97c-99bb6c23d637,2026-04-11 03:56:22+00:00,social_ads,GB,mobile,high,new_graduate,False,en,Europe/London,free
15757087-3335-5ad3-a1ec-536e8d34393d,2026-05-09 08:16:54+00:00,referral,CN,mobile,low,early_career,True,zh,Asia/Shanghai,free
de075902-671d-55b5-b6eb-cfd165e5f306,2026-04-18 03:11:35+00:00,campus_event,CA,tablet,medium,student,True,en,America/Toronto,free
bbc8c791-6576-5c29-bea0-adebe0de72f9,2026-04-01 18:17:35+00:00,content_marketing,AU,mobile,medium,new_graduate,True,en,Australia/Sydney,free
fd62bf79-441a-5c9d-a9fb-0c78bf035b57,2026-05-09 22:00:48+00:00,organic_search,CN,mobile,low,student,True,zh,Asia/Shanghai,free
da3816d1-3224-5a4e-9a1a-4940423045d4,2026-03-11 09:36:38+00:00,campus_event,US,desktop,medium,student,False,en,America/New_York,free
fdbe4fba-ebc0-5ba6-88cf-007d7496622c,2026-05-10 22:27:39+00:00,campus_event,CN,tablet,medium,student,True,zh,Asia/Shanghai,free
9c0c1daa-010d-55e3-b583-c406a739b6a0,2026-03-14 15:02:43+00:00,content_marketing,US,mobile,high,student,True,en,America/New_York,free
7d3cc0a9-a4f3-5ffe-98f7-4616c3dd44f0,2026-03-23 21:18:20+00:00,content_marketing,CN,desktop,low,student,True,zh,Asia/Shanghai,free
4d17e7f3-7e38-5502-be86-a08409be6702,2026-04-29 16:21:14+00:00,social_ads,CN,desktop,high,early_career,True,zh,Asia/Shanghai,free
981299b8-31f8-50b4-ae36-ce0793019e01,2026-04-23 15:05:43+00:00,social_ads,CN,mobile,high,new_graduate,True,zh,Asia/Shanghai,free
8efff942-d271-51f8-b183-f3e405961500,2026-05-09 22:54:22+00:00,organic_search,GB,mobile,high,student,False,en,Europe/London,free
f3a4c1ef-c52f-58c6-b8bf-5c712ede22d2,2026-04-24 17:58:20+00:00,content_marketing,US,mobile,low,new_graduate,True,en,America/New_York,free
6ee3cffe-c5da-5637-aeda-951cd2ed360c,2026-04-16 22:53:08+00:00,organic_search,CN,mobile,low,early_career,True,zh,Asia/Shanghai,free
d6e1657c-9d16-5836-ac75-19ba2d6f7819,2026-03-27 21:47:30+00:00,campus_event,US,desktop,medium,student,True,en,America/New_York,free
bac8eb5c-590c-50e5-957e-8457b0598f52,2026-03-04 07:48:13+00:00,campus_event,GB,tablet,medium,student,False,en,Europe/London,free
961f47b4-98d5-5e7a-9a82-ac98ef93500f,2026-03-12 13:07:41+00:00,social_ads,IN,mobile,low,student,True,en,Asia/Kolkata,free
e2c33cb4-70b8-56c4-9a82-358da932a024,2026-03-24 13:07:07+00:00,organic_search,US,mobile,high,early_career,True,en,America/New_York,free
075876a7-ad97-5f83-b00a-347765460e7c,2026-03-06 19:48:28+00:00,organic_search,IN,mobile,low,early_career,True,en,Asia/Kolkata,free
0163ed2e-717d-5bbb-98fd-49b59b8eefaf,2026-04-08 01:32:42+00:00,referral,US,mobile,medium,new_graduate,True,en,America/New_York,free
316ac83a-2021-57a3-9793-1e28c0c2f4e1,2026-04-26 15:16:47+00:00,social_ads,IN,mobile,high,student,True,en,Asia/Kolkata,free
e433c36a-afa0-5955-8124-05200adda78b,2026-05-09 11:08:58+00:00,organic_search,CN,mobile,medium,new_graduate,True,zh,Asia/Shanghai,free
f9a299f9-5072-51f5-9277-61bebbd58b77,2026-04-06 18:56:32+00:00,campus_event,CN,tablet,high,new_graduate,True,zh,Asia/Shanghai,free
4f4e7b84-f0e8-5804-b828-0bf66c8e3181,2026-05-03 09:00:29+00:00,organic_search,IN,tablet,medium,student,False,en,Asia/Kolkata,free
523126f9-709d-5de9-86b0-7f41b5f502f9,2026-05-11 00:03:15+00:00,referral,DE,desktop,medium,student,True,de,Europe/Berlin,free
8a3ae6e5-1126-5dde-ac43-abd2e5c5d9d8,2026-05-02 07:52:32+00:00,organic_search,GB,desktop,low,student,False,en,Europe/London,free
9be073f7-60c1-558c-8880-e61567113857,2026-04-05 01:59:44+00:00,organic_search,CN,mobile,medium,new_graduate,True,zh,Asia/Shanghai,free
2dea8b03-7eb1-5f71-b9a3-053098ab4e88,2026-03-26 10:37:51+00:00,organic_search,IN,mobile,medium,early_career,True,en,Asia/Kolkata,free
96aba68c-25cb-5af6-aaa9-8e8a5580877b,2026-05-10 11:25:48+00:00,social_ads,CN,mobile,high,student,True,zh,Asia/Shanghai,free
d0a72e23-8ef0-511a-9440-e61f6ab49b25,2026-03-20 16:36:19+00:00,social_ads,GB,tablet,high,early_career,True,en,Europe/London,free
74da1564-6c29-599c-901e-80474b0633be,2026-04-01 09:34:10+00:00,campus_event,GB,desktop,low,new_graduate,True,en,Europe/London,free
60d76d81-d504-5183-8a66-083a8fae29c6,2026-03-09 02:35:39+00:00,social_ads,US,desktop,low,new_graduate,False,en,America/New_York,free
b1e39241-f77b-50f9-b808-bf21880cbeb4,2026-04-27 18:20:14+00:00,organic_search,US,tablet,medium,early_career,True,en,America/New_York,free
46e9357e-5b84-54ac-a69d-17dae06ca2fa,2026-04-17 20:07:48+00:00,organic_search,US,tablet,medium,new_graduate,False,en,America/New_York,free
1e1904eb-f1e9-58a1-a20b-f873140bc81a,2026-03-09 20:27:37+00:00,organic_search,US,desktop,low,student,True,en,America/New_York,free
b8adf445-385b-503f-8e3f-65d2a4f38930,2026-03-19 07:30:45+00:00,content_marketing,CN,desktop,low,student,True,zh,Asia/Shanghai,free
6ea3f13d-3438-547e-a2ea-e82046b9e9f0,2026-04-11 07:50:39+00:00,organic_search,US,desktop,low,early_career,True,en,America/New_York,free
2ef6d9f0-8b62-556c-8cbc-ba5ba0e9e543,2026-04-10 06:55:20+00:00,content_marketing,CN,mobile,medium,new_graduate,True,zh,Asia/Shanghai,free
29426cbb-09e0-5d99-8b81-920fe769b9be,2026-04-28 08:12:38+00:00,organic_search,US,mobile,low,student,True,en,America/New_York,free
41e00bb1-4b29-591c-8300-63324b9c53df,2026-03-22 08:39:25+00:00,organic_search,US,desktop,medium,new_graduate,True,en,America/New_York,free
4ddf2668-8930-5e52-a0e3-325191f1e374,2026-05-06 19:18:20+00:00,organic_search,IN,desktop,medium,student,False,en,Asia/Kolkata,free
4dc65f40-0e2d-54ff-8dc9-3712ec2542d7,2026-04-03 16:02:53+00:00,organic_search,CN,mobile,medium,student,True,zh,Asia/Shanghai,free
d9c33b64-ae8a-5b12-8b02-23a758b60732,2026-04-29 18:11:50+00:00,campus_event,CN,mobile,medium,early_career,True,zh,Asia/Shanghai,free
3b43b0cc-e4dc-53f9-87fc-500e08411571,2026-03-20 10:45:31+00:00,social_ads,GB,mobile,low,student,True,en,Europe/London,free
5c910127-21f8-5971-b569-2ce4666ff03b,2026-03-06 13:13:23+00:00,organic_search,JP,desktop,high,student,True,ja,Asia/Tokyo,free
da314164-71f4-5fab-8e82-fec361c8766f,2026-03-07 19:10:07+00:00,campus_event,CN,desktop,medium,student,True,zh,Asia/Shanghai,free
62cf5d9a-19b1-5f29-8e42-abd13b4f62e3,2026-03-29 17:11:41+00:00,campus_event,US,desktop,high,early_career,True,en,America/New_York,free
40b2f743-917f-5b93-b0e8-395cec5f39ee,2026-05-08 18:25:16+00:00,content_marketing,US,tablet,medium,student,True,en,America/New_York,free
f7a49e49-ff38-5b73-84e0-0ea65fd052e8,2026-03-07 08:38:39+00:00,content_marketing,FR,desktop,medium,student,False,fr,Europe/Paris,free
6e89c92d-d0eb-50c9-9f7e-dd45594aa7c8,2026-03-29 11:01:38+00:00,campus_event,IN,mobile,low,student,False,en,Asia/Kolkata,free
f3682de8-d019-56be-87d1-78378d1e0bb2,2026-03-11 12:58:16+00:00,referral,GB,mobile,medium,student,True,en,Europe/London,free
07bfcc9a-fa7d-5b9c-8094-394feac0eb10,2026-05-07 06:40:14+00:00,campus_event,IN,tablet,medium,student,True,en,Asia/Kolkata,free
5a65bf42-783f-5309-bf93-1bfb59716451,2026-04-19 14:18:21+00:00,social_ads,US,desktop,medium,student,True,en,America/New_York,free
53e4f155-fc8b-5654-83b7-6ba7c566e7df,2026-04-25 15:01:01+00:00,campus_event,CN,desktop,low,student,True,zh,Asia/Shanghai,free
bb56ec18-b922-5bab-b213-f2daf7be00ed,2026-04-22 05:09:19+00:00,organic_search,GB,mobile,low,new_graduate,True,en,Europe/London,free
568aabcc-f05f-54f0-8ef3-7aa1b696052d,2026-04-18 08:02:08+00:00,campus_event,DE,desktop,low,student,True,de,Europe/Berlin,free
f90a9ead-30aa-5eed-af04-2e9693a5cd62,2026-04-26 09:16:52+00:00,content_marketing,US,mobile,medium,student,False,en,America/New_York,free
394090b4-6647-5a81-9e5d-62e52f44a6c1,2026-03-04 13:27:15+00:00,organic_search,CN,desktop,medium,new_graduate,True,zh,Asia/Shanghai,free
24faf1fd-1a00-54c2-a9ea-6a9dfe33946e,2026-05-02 17:11:44+00:00,referral,US,tablet,high,student,True,en,America/New_York,free
291fc80b-25d4-5c53-8d5c-8067e71fd015,2026-04-24 01:12:57+00:00,content_marketing,FR,mobile,low,student,True,fr,Europe/Paris,free
e3c073f6-88b1-50d2-89e5-a29d0ece99f0,2026-04-24 00:29:53+00:00,organic_search,US,desktop,low,early_career,True,en,America/New_York,free
af8c8111-c15a-5b80-b056-7c3ed2b7eaed,2026-03-31 03:31:50+00:00,social_ads,IN,mobile,low,new_graduate,True,en,Asia/Kolkata,free
4b697cdf-3a11-5d6c-b6a8-d5767fa7a5af,2026-04-28 06:14:35+00:00,content_marketing,US,mobile,low,new_graduate,True,en,America/New_York,free
2959a200-c12c-5990-9884-4868fd043634,2026-03-30 08:17:26+00:00,content_marketing,IN,mobile,medium,new_graduate,True,en,Asia/Kolkata,free
20f95bea-6143-5125-a884-4f12d9bb990a,2026-03-07 09:05:01+00:00,organic_search,IN,desktop,low,early_career,True,en,Asia/Kolkata,free
2d632270-473a-5b60-80ab-e01de8772e6c,2026-05-05 15:20:43+00:00,organic_search,US,desktop,high,student,True,en,America/New_York,free
e1e7c83b-d730-5d18-8568-5b0e0113cbe9,2026-03-20 04:23:23+00:00,campus_event,GB,mobile,high,student,True,en,Europe/London,free
779ac729-a1c6-5ec0-8787-80d1867f35f1,2026-03-11 00:44:46+00:00,organic_search,DE,desktop,medium,early_career,False,de,Europe/Berlin,free
011ad9e0-3fe1-503a-89cf-7ad8d3e2417d,2026-04-15 21:51:44+00:00,organic_search,DE,tablet,high,student,False,de,Europe/Berlin,free
b2a3fd71-3135-50b0-9145-de44f21a24d4,2026-03-20 02:55:46+00:00,organic_search,US,desktop,medium,new_graduate,True,en,America/New_York,free
c88f9371-ac98-59fc-af48-9d4236e010fe,2026-05-02 05:03:18+00:00,organic_search,IN,mobile,high,student,False,en,Asia/Kolkata,free
24dead0e-3d28-5c57-9ca4-e030bfe00f2e,2026-04-03 14:51:00+00:00,social_ads,CN,desktop,low,student,True,zh,Asia/Shanghai,free
f7c37e97-e83a-5242-a6ae-dc63cd3caebd,2026-03-04 07:27:06+00:00,campus_event,CN,mobile,high,new_graduate,True,zh,Asia/Shanghai,free
234f28de-4b0d-5430-b9ea-8a252f920a4e,2026-05-08 16:02:41+00:00,campus_event,CN,desktop,low,new_graduate,True,zh,Asia/Shanghai,free
f0a27c5a-562b-557a-a3bd-4f031b3d097f,2026-04-08 12:13:33+00:00,campus_event,IN,desktop,medium,new_graduate,True,en,Asia/Kolkata,free
4e4a5953-7f08-5f76-8b90-84ee04fcba47,2026-03-22 03:29:24+00:00,social_ads,US,desktop,high,student,True,en,America/New_York,free
36945d8a-92d1-5c68-b1f0-ffba4fe8f64f,2026-04-19 17:35:15+00:00,organic_search,CN,mobile,medium,student,False,zh,Asia/Shanghai,free
df96d74c-bbbf-51e9-88b6-aaaca8e10bfc,2026-04-09 14:41:26+00:00,organic_search,US,desktop,low,new_graduate,True,en,America/New_York,free
01d6b3f6-1d48-5243-8043-189a9da24d35,2026-03-06 01:01:45+00:00,organic_search,US,mobile,low,student,True,en,America/New_York,free
c0bd95c1-7e00-53c8-a0e5-6368ba66452e,2026-04-25 09:58:32+00:00,organic_search,US,desktop,low,new_graduate,True,en,America/New_York,free
d0d29fa6-b365-5de5-bbf8-0a61dad5fabf,2026-03-31 16:38:40+00:00,organic_search,US,mobile,medium,new_graduate,False,en,America/New_York,free
f6caf9e3-6a5a-5d86-b822-6feee8fe898d,2026-04-21 06:53:50+00:00,organic_search,GB,mobile,medium,student,True,en,Europe/London,free
b5aeb596-6c47-58cf-898b-c9c44427d06d,2026-05-04 19:10:15+00:00,organic_search,CN,desktop,medium,student,False,zh,Asia/Shanghai,free
48ebcfc7-6dfc-5f5a-a81a-87019f4b1cd8,2026-04-15 03:10:28+00:00,campus_event,US,desktop,high,early_career,True,en,America/New_York,free
dd66040f-9281-5bb4-9bbf-8be7f3a95003,2026-04-19 08:11:25+00:00,campus_event,GB,desktop,low,student,False,en,Europe/London,free
224a7e20-5923-5de9-a1d4-44c914f13313,2026-03-21 13:42:01+00:00,content_marketing,CA,mobile,high,student,True,en,America/Toronto,free
c55de668-53a9-5e75-ad03-e49a48206949,2026-03-20 09:33:43+00:00,campus_event,DE,tablet,medium,early_career,True,de,Europe/Berlin,free
0a74a567-2273-5e5c-ad7c-4fdef2f22487,2026-04-01 15:14:32+00:00,social_ads,GB,desktop,high,student,True,en,Europe/London,free
8bb3a8ee-9a13-57bc-98f8-c488fdcc0db6,2026-05-01 20:12:18+00:00,organic_search,AU,mobile,high,early_career,True,en,Australia/Sydney,free
a54b32d2-e660-5665-bbe3-37346e49d61a,2026-04-09 04:03:47+00:00,social_ads,CN,mobile,high,student,True,zh,Asia/Shanghai,free
d9781f6e-d06a-5bc0-a105-c00c05558a01,2026-03-28 00:20:23+00:00,organic_search,FR,mobile,low,student,True,fr,Europe/Paris,free
f79df0f1-6ba6-57e9-a8ad-57a8cb8ae697,2026-04-26 19:02:05+00:00,social_ads,BR,mobile,medium,new_graduate,True,pt,America/Sao_Paulo,free
eeee67f5-a4c2-510e-8cce-54ff1b6401e9,2026-05-01 21:08:18+00:00,social_ads,US,tablet,high,student,True,en,America/New_York,free
d6bf1169-6e2d-5dd7-9bab-8aa2a0b21d47,2026-05-05 06:35:41+00:00,social_ads,DE,mobile,medium,new_graduate,True,de,Europe/Berlin,free
ea7985e2-52e6-5b17-b1b5-46296de03f18,2026-03-24 15:03:01+00:00,organic_search,GB,mobile,low,student,True,en,Europe/London,free
2a8beff1-3dad-5cd7-826a-7be1f599a868,2026-04-21 23:09:50+00:00,campus_event,GB,desktop,medium,new_graduate,False,en,Europe/London,free
a24e88d1-42f3-5d27-891a-f50e249e3bb5,2026-04-13 17:34:12+00:00,referral,DE,mobile,high,early_career,False,de,Europe/Berlin,free
a7e89ea2-3d20-5a7c-bef6-93380188fee9,2026-04-03 23:29:49+00:00,campus_event,CN,tablet,low,new_graduate,True,zh,Asia/Shanghai,free
3fb3616f-e294-55ec-ac81-1e95dc76c257,2026-03-31 09:19:56+00:00,campus_event,CN,tablet,medium,new_graduate,True,zh,Asia/Shanghai,free
89fd4c89-fd39-59e9-b018-fb7e28f6b545,2026-03-11 21:41:59+00:00,social_ads,IN,desktop,high,student,False,en,Asia/Kolkata,free
0f40b72a-1a30-5bb1-a4b7-2e7da0e903b7,2026-03-22 23:06:36+00:00,organic_search,IN,mobile,medium,student,False,en,Asia/Kolkata,free
7d34efe3-a2ff-5aea-b299-c50d258933a9,2026-04-10 22:14:43+00:00,campus_event,DE,desktop,low,early_career,False,de,Europe/Berlin,free
0c4d3fbc-8833-5b74-ac45-be22dc48399a,2026-05-04 04:08:20+00:00,social_ads,DE,mobile,medium,new_graduate,True,de,Europe/Berlin,free
e3b46fed-a6a8-5757-be2a-71c33befc731,2026-05-02 18:39:40+00:00,organic_search,IN,desktop,medium,new_graduate,True,en,Asia/Kolkata,free
a4bcd585-d5e2-5331-8a01-5df9d279fc5e,2026-03-16 22:39:17+00:00,organic_search,FR,mobile,medium,student,False,fr,Europe/Paris,free
c4efc282-39c5-5bc7-9fea-8bdecf85d7d3,2026-04-19 20:57:29+00:00,content_marketing,US,desktop,medium,student,True,en,America/New_York,free
c47f3190-95df-5efb-b53a-55373c758b9f,2026-03-09 20:26:51+00:00,campus_event,FR,desktop,medium,student,True,fr,Europe/Paris,free
818244cf-b84e-58e8-9233-114e9c1fbaeb,2026-04-19 13:49:16+00:00,social_ads,US,desktop,high,student,False,en,America/New_York,free
12404031-7b2c-52c3-817a-fa21ccefeb21,2026-03-27 14:13:50+00:00,campus_event,CN,desktop,high,student,False,zh,Asia/Shanghai,free
747cf7d4-e094-562d-9cd3-5e1d85067b57,2026-04-04 00:56:54+00:00,social_ads,US,desktop,high,student,True,en,America/New_York,free
abc82033-4a26-5ff4-ae2b-9a3da7714481,2026-04-22 12:24:36+00:00,social_ads,CN,mobile,medium,student,True,zh,Asia/Shanghai,free
08ab9e22-4c36-5f36-a23c-374ce7a37d63,2026-04-02 07:36:53+00:00,organic_search,CN,mobile,low,new_graduate,False,zh,Asia/Shanghai,free
a9d81f2b-d405-5a47-9ca6-d5459a86b53b,2026-04-28 17:06:23+00:00,social_ads,US,mobile,medium,new_graduate,True,en,America/New_York,free
5f7f72b4-cfcd-5ac6-a646-c40024aed765,2026-04-09 19:36:33+00:00,campus_event,IN,mobile,low,student,True,en,Asia/Kolkata,free
93d39ecf-f06f-50a9-8ff3-971044789adf,2026-05-11 21:55:07+00:00,organic_search,IN,desktop,medium,early_career,True,en,Asia/Kolkata,free
c800100c-2041-5852-aa4b-62f27edecd3a,2026-04-17 00:55:35+00:00,campus_event,US,mobile,low,new_graduate,True,en,America/New_York,free
252c7a5a-1af8-59f8-965c-948cb78b7cbb,2026-03-24 10:46:31+00:00,organic_search,IN,mobile,medium,student,True,en,Asia/Kolkata,free
a08ea437-afb4-540c-a7ec-908eb15838bf,2026-04-26 11:52:32+00:00,campus_event,US,desktop,medium,early_career,False,en,America/New_York,free
bdc44153-2a99-51ce-8b03-ad11fdb324a3,2026-04-01 03:33:05+00:00,campus_event,US,mobile,medium,new_graduate,True,en,America/New_York,free
f2ff068d-34d1-5879-8b5b-709b03b6a214,2026-04-09 20:34:57+00:00,campus_event,US,mobile,medium,new_graduate,True,en,America/New_York,free
cf3f24ee-1241-57f7-81f0-7f3702d2bf60,2026-03-13 10:34:32+00:00,campus_event,CN,mobile,low,early_career,True,zh,Asia/Shanghai,free
4efbeb27-87f2-5f1e-b80a-6be5760ff134,2026-03-12 05:37:55+00:00,content_marketing,GB,mobile,medium,student,True,en,Europe/London,free
ab0d5185-8a10-5a5c-9941-27733753086c,2026-04-12 15:59:15+00:00,social_ads,CN,desktop,medium,new_graduate,False,zh,Asia/Shanghai,free
69b7270a-16e6-5936-a217-39cdd5055709,2026-03-16 21:09:35+00:00,campus_event,GB,mobile,high,student,True,en,Europe/London,free
39e9b41a-b738-54c4-8d10-ee72893df3b7,2026-05-11 19:59:32+00:00,campus_event,CN,desktop,high,student,False,zh,Asia/Shanghai,free
75ec4ca5-941a-5c99-b1ea-9e7525d7e565,2026-05-02 00:59:43+00:00,organic_search,GB,tablet,high,student,False,en,Europe/London,free
b5ff965c-e503-5afe-aab2-09505bdc1d6f,2026-04-21 08:39:31+00:00,organic_search,JP,desktop,low,student,True,ja,Asia/Tokyo,free
5996fafa-7ec9-59c1-954c-b75a758954ba,2026-04-23 16:39:41+00:00,social_ads,CN,mobile,low,student,True,zh,Asia/Shanghai,free
0a58f40f-2fc8-5cb2-ad26-2fa12fbe3b9e,2026-04-14 01:40:19+00:00,organic_search,US,mobile,medium,new_graduate,False,en,America/New_York,free
fe4d0f2d-7815-5dec-998b-fa28991a41d6,2026-03-08 03:50:26+00:00,social_ads,US,desktop,medium,student,True,en,America/New_York,free
e1757524-c5b1-5352-adc9-960b6910ea14,2026-03-31 01:45:46+00:00,social_ads,CN,desktop,medium,student,False,zh,Asia/Shanghai,free
12c94de0-060c-5632-be18-32421c269f39,2026-04-07 05:02:49+00:00,campus_event,CN,desktop,high,student,True,zh,Asia/Shanghai,free
e3d56801-8994-5882-ba89-24a1af3bbd17,2026-05-06 03:44:04+00:00,organic_search,US,mobile,medium,student,True,en,America/New_York,free
5810521f-5f47-53dc-8b4b-c8c10e21ac3f,2026-03-19 03:28:37+00:00,referral,DE,tablet,medium,new_graduate,True,de,Europe/Berlin,free
fa97037e-6225-53ef-8509-b5303c3ed94f,2026-04-07 06:53:36+00:00,social_ads,FR,desktop,high,new_graduate,True,fr,Europe/Paris,free
1e189007-7291-537a-8b33-c88e26f96c5c,2026-03-27 17:46:25+00:00,campus_event,US,mobile,low,new_graduate,True,en,America/New_York,free
5e58b4dc-17ce-5bd2-b265-92e233edc968,2026-03-13 06:30:40+00:00,organic_search,US,tablet,high,early_career,True,en,America/New_York,free
bc927bc9-fbe5-5f92-8fd2-4353c31ab543,2026-03-11 02:35:50+00:00,social_ads,US,mobile,medium,student,True,en,America/New_York,free
649f5f0c-1e52-5297-b3b2-c9982653301f,2026-03-29 05:03:59+00:00,organic_search,CN,mobile,low,student,True,zh,Asia/Shanghai,free
f00beea5-f347-51e2-b806-2b2148543df7,2026-03-09 16:29:21+00:00,campus_event,DE,desktop,high,early_career,True,de,Europe/Berlin,free
7ac68b52-a046-5aa4-90f5-920455c916f3,2026-03-08 15:13:39+00:00,organic_search,CN,desktop,high,new_graduate,False,zh,Asia/Shanghai,free
6ccde59e-3875-5496-b85b-170652db7a8f,2026-03-28 05:02:15+00:00,content_marketing,US,desktop,high,early_career,False,en,America/New_York,free
7602ab1b-a166-5334-84df-5a6fa5fd4888,2026-03-17 22:28:37+00:00,organic_search,CN,desktop,low,new_graduate,True,zh,Asia/Shanghai,free
3e65f234-25cd-508f-be40-b07c18d4827e,2026-04-11 06:45:51+00:00,social_ads,US,mobile,low,new_graduate,False,en,America/New_York,free
ce211798-a647-55c3-bc4a-0e66eb2d7e68,2026-03-05 05:15:33+00:00,organic_search,CN,mobile,medium,student,True,zh,Asia/Shanghai,free
f95315b5-acfd-52cd-a42c-883944dc99a3,2026-03-24 19:48:05+00:00,campus_event,CN,desktop,low,student,True,zh,Asia/Shanghai,free
c04b7313-84a7-5187-a376-92d7bdaa83ef,2026-04-04 06:37:52+00:00,social_ads,IN,tablet,low,new_graduate,True,en,Asia/Kolkata,free
f1987fbe-ad68-50b9-9966-399bb853c8b8,2026-05-09 10:57:59+00:00,social_ads,CN,desktop,medium,new_graduate,False,zh,Asia/Shanghai,free
6c8fee23-0b6b-547e-8c59-b622c7a33fbd,2026-04-16 18:47:54+00:00,organic_search,DE,desktop,low,early_career,True,de,Europe/Berlin,free
bea6753b-342a-51cd-ae4f-891361e36fd8,2026-05-03 18:28:15+00:00,organic_search,US,tablet,medium,early_career,False,en,America/New_York,free
9066e069-ff19-5117-a71d-feddedf5365a,2026-03-27 16:29:31+00:00,organic_search,GB,tablet,medium,student,True,en,Europe/London,free
4d4f9a44-d7b6-5b32-b33b-89aeb39c3080,2026-04-04 00:43:09+00:00,content_marketing,US,mobile,low,student,True,en,America/New_York,free
ba7d12b4-f4cb-5311-85a0-27e9cc5395a5,2026-04-02 00:09:06+00:00,social_ads,US,desktop,medium,early_career,True,en,America/New_York,free
bd5109cb-c74b-5d25-afc9-b571718878eb,2026-05-04 05:31:31+00:00,organic_search,DE,desktop,low,early_career,True,de,Europe/Berlin,free
90b33f86-f6aa-5897-aca8-dc2cbb6f5d98,2026-05-09 04:27:00+00:00,content_marketing,IN,desktop,low,early_career,True,en,Asia/Kolkata,free
da787dc6-59ea-57e1-a152-861a544722e5,2026-05-09 09:37:30+00:00,organic_search,US,mobile,medium,new_graduate,False,en,America/New_York,free
813afd3d-c5b1-598a-93b6-4fc5207de1a1,2026-04-24 21:15:02+00:00,social_ads,CN,desktop,medium,early_career,True,zh,Asia/Shanghai,free
b9c47c3a-8fe4-5b5d-b64d-2bbd7b48686d,2026-04-07 17:09:06+00:00,campus_event,IN,mobile,medium,student,True,en,Asia/Kolkata,free
ee9dd7f6-7ff1-5727-896f-d6ab0a5af660,2026-04-10 07:39:29+00:00,content_marketing,BR,desktop,medium,student,True,pt,America/Sao_Paulo,free
54711827-7a7d-5657-a737-c23a24e77b58,2026-05-10 15:43:28+00:00,campus_event,IN,mobile,medium,student,True,en,Asia/Kolkata,free
a825ab70-adb6-597d-9344-8fda73a0b525,2026-03-23 15:11:57+00:00,social_ads,US,desktop,medium,student,False,en,America/New_York,free
146124ea-37fe-5580-9e3d-c22ed5eddbff,2026-03-27 22:08:50+00:00,content_marketing,CN,mobile,medium,early_career,True,zh,Asia/Shanghai,free
9c2f5569-bf60-5915-8ec3-71104b3c7557,2026-05-04 21:25:35+00:00,organic_search,US,mobile,medium,new_graduate,True,en,America/New_York,free
47a29ca9-df7c-5f01-8ffd-404083953d48,2026-03-30 15:44:57+00:00,content_marketing,US,tablet,medium,new_graduate,True,en,America/New_York,free
482e4cce-ddda-5c0a-af51-8cd64ab96a97,2026-03-20 05:19:13+00:00,referral,CN,tablet,low,student,True,zh,Asia/Shanghai,free
43c8297c-6d5a-55d5-9a6c-aca91054df98,2026-04-11 16:08:13+00:00,content_marketing,GB,mobile,medium,new_graduate,True,en,Europe/London,free
ca43849c-a8e6-56e7-b582-54cd607af829,2026-03-26 10:46:02+00:00,organic_search,US,desktop,high,student,True,en,America/New_York,free
7fb41982-0351-50ce-a333-97462999cf44,2026-05-04 11:17:09+00:00,organic_search,GB,tablet,low,new_graduate,True,en,Europe/London,free
d0289ac4-a109-54b4-b2a2-3e5c56d542f4,2026-05-05 17:24:39+00:00,campus_event,IN,tablet,medium,student,True,en,Asia/Kolkata,free
80223958-068e-5702-8fc1-96cff43de7fa,2026-03-25 02:45:08+00:00,social_ads,GB,tablet,high,new_graduate,True,en,Europe/London,free
a18b67f1-7e5e-52e1-b1fc-113a38f610e4,2026-04-09 12:55:16+00:00,social_ads,US,mobile,low,student,True,en,America/New_York,free
aa26440b-367b-5393-a934-6370890b40d1,2026-05-10 21:29:27+00:00,content_marketing,CN,desktop,high,new_graduate,True,zh,Asia/Shanghai,free
f369a950-34a1-5c6c-8504-b55cfe10a005,2026-04-24 05:16:41+00:00,campus_event,US,mobile,medium,new_graduate,True,en,America/New_York,free
cf6d504e-0458-5cb9-b283-345760efa8a6,2026-03-18 21:04:42+00:00,organic_search,US,desktop,medium,early_career,True,en,America/New_York,free
3fcb8ac0-a4b8-5534-8993-dfc0306fe0a6,2026-04-13 18:16:23+00:00,social_ads,US,desktop,high,early_career,True,en,America/New_York,free
c5f05cc6-1a74-5217-8ec0-7f3aedd59daf,2026-04-15 18:32:18+00:00,organic_search,US,desktop,high,student,True,en,America/New_York,free
a40c2074-4ad2-522c-b824-d12bffe47702,2026-04-18 02:05:42+00:00,organic_search,US,mobile,medium,student,True,en,America/New_York,free
82e2ec66-7569-5a1a-8abc-4f552abe269f,2026-03-05 17:25:01+00:00,organic_search,US,desktop,medium,student,False,en,America/New_York,free
21857654-8c4d-5223-bcff-f55bf0889a90,2026-03-24 15:46:42+00:00,referral,CA,mobile,low,student,True,en,America/Toronto,free
7d1cd16c-996d-5372-8006-df372aaa2021,2026-05-01 23:14:25+00:00,campus_event,GB,mobile,low,student,True,en,Europe/London,free
2faf6f20-6b89-5192-a096-4c0c36e2df52,2026-03-20 15:42:42+00:00,social_ads,US,mobile,high,early_career,True,en,America/New_York,free
d6d3b775-4d17-50ec-a86a-1d4653fb6068,2026-03-24 16:17:44+00:00,social_ads,BR,desktop,medium,early_career,True,pt,America/Sao_Paulo,free
d4d80775-1d34-5237-88f5-498b6f05c44a,2026-03-26 06:02:49+00:00,campus_event,US,tablet,high,student,False,en,America/New_York,free
06389c7c-ced6-5d16-8924-ca57d86216ec,2026-03-16 05:45:14+00:00,referral,CN,desktop,low,early_career,True,zh,Asia/Shanghai,free
2429fc89-8777-5a44-bdc2-f5f09ebfd44e,2026-03-14 17:24:39+00:00,referral,GB,desktop,low,early_career,True,en,Europe/London,free
c7e419c4-0666-5324-b450-76f601af446f,2026-03-27 22:39:26+00:00,social_ads,CN,mobile,low,student,True,zh,Asia/Shanghai,free
634093bf-fb0c-597c-babe-9caa75cb2ff1,2026-05-03 07:51:51+00:00,referral,US,desktop,medium,early_career,True,en,America/New_York,free
6f41b88e-c70f-53a7-baba-c34d5443119f,2026-03-04 02:32:29+00:00,social_ads,CN,mobile,low,early_career,True,zh,Asia/Shanghai,free
c332b97b-1ee3-585d-b89c-e563c47efd9d,2026-03-23 13:03:23+00:00,social_ads,CN,desktop,medium,early_career,True,zh,Asia/Shanghai,free
caa09058-7bf6-5083-9b23-9fd4d4481d16,2026-03-08 04:23:52+00:00,referral,IN,tablet,high,new_graduate,True,en,Asia/Kolkata,free
2bfbd95b-540f-5652-a197-7a2506dac1b7,2026-04-11 17:49:34+00:00,social_ads,CN,desktop,high,student,True,zh,Asia/Shanghai,free
1022cd11-9f3c-586b-a579-84f9761c356b,2026-03-21 06:59:46+00:00,social_ads,CN,tablet,high,student,True,zh,Asia/Shanghai,free
64c03f28-4519-548b-843d-ba5a05d82018,2026-04-27 15:30:33+00:00,organic_search,US,mobile,low,early_career,True,en,America/New_York,free
d293d5ad-9e07-5ff9-8a19-d92c9f666ece,2026-04-13 08:47:15+00:00,social_ads,CN,desktop,medium,student,True,zh,Asia/Shanghai,free
eeff299b-915c-5206-9d70-15f2f35cad4e,2026-04-27 02:00:44+00:00,social_ads,US,mobile,medium,student,True,en,America/New_York,free
87a46201-cc6f-5be7-ab9e-8a1c51bc1054,2026-04-16 19:24:25+00:00,campus_event,DE,desktop,low,student,False,de,Europe/Berlin,free
62ff85f6-fb6a-5945-902d-8537c2779c4a,2026-04-03 05:58:02+00:00,social_ads,IN,tablet,medium,new_graduate,True,en,Asia/Kolkata,free
d6eef855-9da2-5f85-86fd-53ef409fc48f,2026-05-02 09:45:40+00:00,organic_search,CN,mobile,high,student,True,zh,Asia/Shanghai,free
5761d798-b50b-5791-a92e-00cc9c2c6f8d,2026-04-05 20:40:54+00:00,referral,IN,mobile,low,early_career,True,en,Asia/Kolkata,free
e9cf4165-9d3d-5769-98ff-6bdc4bbe4c07,2026-05-08 13:05:28+00:00,organic_search,US,desktop,high,new_graduate,True,en,America/New_York,free
97886e77-85cc-5a0f-b0e8-5090f8ca7cb9,2026-05-11 15:13:32+00:00,content_marketing,US,tablet,low,student,True,en,America/New_York,free
fa646a9d-e5eb-57dd-b57f-b840d159cccc,2026-04-13 15:25:08+00:00,organic_search,CN,mobile,low,student,True,zh,Asia/Shanghai,free
12752179-b863-58ef-bc60-cad95cae5dfe,2026-04-19 13:07:59+00:00,social_ads,CN,mobile,low,new_graduate,True,zh,Asia/Shanghai,free
4e21e151-f101-5057-ac21-7cdea1f43ff3,2026-03-21 15:22:36+00:00,social_ads,IN,desktop,high,early_career,True,en,Asia/Kolkata,free
099b20e6-bd0e-5c16-955f-2da3517ca1d9,2026-04-29 05:02:27+00:00,referral,FR,desktop,medium,early_career,True,fr,Europe/Paris,free
69f2d74f-cb6d-5ad9-b0b3-a1d7d2541169,2026-04-19 08:09:23+00:00,organic_search,CN,mobile,high,early_career,True,zh,Asia/Shanghai,free
d8ca2565-8adc-5f58-958f-121bc1b7c548,2026-05-05 06:37:44+00:00,content_marketing,CN,mobile,medium,student,True,zh,Asia/Shanghai,free
79af6cc0-8ee0-5f81-80aa-d3a8b91a5f6c,2026-03-22 10:09:55+00:00,social_ads,IN,mobile,high,early_career,True,en,Asia/Kolkata,free
23973083-2202-5a45-93c5-681f394d1b66,2026-04-27 08:14:54+00:00,social_ads,US,mobile,medium,new_graduate,False,en,America/New_York,free
bab9ff8d-8c4c-5914-9aa7-568e46ad55be,2026-04-05 10:46:35+00:00,social_ads,US,mobile,medium,new_graduate,True,en,America/New_York,free
223eff73-ccab-5bc6-913b-bb6618ac8c0a,2026-03-16 18:39:24+00:00,organic_search,FR,mobile,high,new_graduate,True,fr,Europe/Paris,free
0d9cd8bc-8b3f-52ef-83a4-646155eff12d,2026-03-15 19:30:04+00:00,social_ads,GB,mobile,high,student,False,en,Europe/London,free
471a1ce6-1519-5181-921c-a1d7855f1bcb,2026-04-11 18:57:16+00:00,organic_search,FR,desktop,medium,new_graduate,True,fr,Europe/Paris,free
427f234d-ca45-54c6-bdb1-a235913a9be3,2026-03-26 01:00:29+00:00,organic_search,US,tablet,low,new_graduate,True,en,America/New_York,free
9c446a96-aff0-58ca-8c83-ba7578371faa,2026-03-11 00:44:11+00:00,campus_event,US,desktop,high,student,True,en,America/New_York,free
f1e8294f-ef70-5f06-a6b1-c2e5224dab40,2026-04-02 11:21:14+00:00,social_ads,CN,mobile,low,new_graduate,True,zh,Asia/Shanghai,free
5d9d3031-7106-5e4a-b8e6-df969cde6bf7,2026-04-18 01:14:19+00:00,organic_search,BR,tablet,high,student,True,pt,America/Sao_Paulo,free
915bdd29-f10a-59f8-a049-83ff0fc9c82a,2026-03-26 00:10:46+00:00,organic_search,US,mobile,medium,new_graduate,True,en,America/New_York,free
85a0ae5f-ff79-5dfe-b161-54e66d577094,2026-05-08 22:03:30+00:00,organic_search,US,desktop,low,early_career,True,en,America/New_York,free
c37c13b7-d10d-5d27-8727-fce0ddb04787,2026-04-26 18:55:48+00:00,organic_search,US,mobile,medium,student,True,en,America/New_York,free
aebdf936-a9a5-55f8-b707-958ba94da0dd,2026-04-08 09:05:02+00:00,campus_event,GB,desktop,medium,student,True,en,Europe/London,free
6a8b5b8b-ff63-5b9c-a912-dd018cff4959,2026-05-07 11:47:10+00:00,organic_search,GB,desktop,medium,new_graduate,True,en,Europe/London,free
c56cb491-57ea-56f7-ad0d-bacc7adbb154,2026-04-02 21:00:07+00:00,referral,IN,mobile,high,student,True,en,Asia/Kolkata,free
2bcec043-61c5-5190-8dc9-8554dad22b40,2026-03-13 15:17:26+00:00,organic_search,US,mobile,medium,student,True,en,America/New_York,free
12eb608c-4558-55d0-b172-707656cac29b,2026-03-06 11:21:19+00:00,organic_search,IN,desktop,low,new_graduate,True,en,Asia/Kolkata,free
4c64462a-4678-52e8-a27e-89db96d11708,2026-05-07 17:22:00+00:00,referral,CN,tablet,medium,student,False,zh,Asia/Shanghai,free
eb3fba5e-d636-5f0e-a929-bf140a0b7376,2026-05-09 05:23:10+00:00,organic_search,US,desktop,high,new_graduate,False,en,America/New_York,free
d30a3988-26c5-5847-8879-a523db354e2c,2026-04-24 00:11:53+00:00,social_ads,US,tablet,high,student,True,en,America/New_York,free
6cdd5929-b39e-5ed3-9edc-55de7e11d0aa,2026-03-11 02:34:19+00:00,content_marketing,CN,mobile,medium,student,True,zh,Asia/Shanghai,free
61a37c31-aec5-5ea6-bcbc-7259cc0034cd,2026-03-24 06:17:05+00:00,content_marketing,US,tablet,high,student,True,en,America/New_York,free
a3ae5308-ec48-5473-9082-a0a460a3bf52,2026-03-06 20:01:36+00:00,campus_event,FR,mobile,low,early_career,True,fr,Europe/Paris,free
664f7c86-bcb1-59ba-b806-23320ca98292,2026-03-07 12:52:02+00:00,organic_search,CN,tablet,medium,new_graduate,True,zh,Asia/Shanghai,free
7d9f8f82-1ed0-51d9-b1d4-a3ed8b9c2ad0,2026-03-20 23:29:09+00:00,social_ads,CN,mobile,high,student,True,zh,Asia/Shanghai,free
3f89fde5-33ab-57b6-a32e-1b407eabf002,2026-04-12 11:27:59+00:00,content_marketing,IN,desktop,medium,student,False,en,Asia/Kolkata,free
b143bd16-0e7c-527a-a06f-53c5156e5ce5,2026-03-08 12:31:05+00:00,content_marketing,IN,desktop,low,new_graduate,True,en,Asia/Kolkata,free
2edebd42-e877-5a63-8636-ed0f1125d2cf,2026-05-10 22:29:56+00:00,organic_search,US,mobile,medium,new_graduate,True,en,America/New_York,free
ca592072-0155-57ae-b5f9-4d5fd5f97767,2026-04-04 09:40:29+00:00,social_ads,IN,desktop,medium,student,True,en,Asia/Kolkata,free
c7f95472-1298-5b19-af2c-e02a022dcb00,2026-03-22 04:55:40+00:00,organic_search,US,tablet,low,student,True,en,America/New_York,free
6187686b-4dc5-582c-8a15-4c0446d55dfa,2026-04-08 14:38:28+00:00,organic_search,CN,desktop,low,new_graduate,True,zh,Asia/Shanghai,free
941c93ef-f3b8-5c73-a3a9-cfa235fc2ebf,2026-04-27 12:29:49+00:00,campus_event,IN,tablet,high,new_graduate,True,en,Asia/Kolkata,free
4bd150d4-29cf-57d6-8c23-4c8e3444f7d4,2026-03-25 13:36:56+00:00,organic_search,CN,mobile,low,early_career,False,zh,Asia/Shanghai,free
a755cbaa-be29-576e-b336-886d68e55c01,2026-03-07 06:40:56+00:00,organic_search,CN,mobile,medium,new_graduate,True,zh,Asia/Shanghai,free
add3d16c-f43b-535f-96ec-3dde0612a5a3,2026-03-07 12:23:25+00:00,organic_search,US,tablet,high,new_graduate,False,en,America/New_York,free
48d82e35-3e5f-5318-8e00-18e7fb83dac5,2026-05-01 18:53:18+00:00,social_ads,CN,desktop,high,new_graduate,True,zh,Asia/Shanghai,free
448f957f-1b5a-50c3-90a3-18c9de411a76,2026-03-11 16:48:35+00:00,organic_search,US,mobile,medium,new_graduate,True,en,America/New_York,free
f11a7dde-acc9-5adf-b14d-86ae1360e7ce,2026-04-16 20:29:33+00:00,social_ads,CA,desktop,medium,new_graduate,False,en,America/Toronto,free
b3978bac-cba3-56af-b2c9-91e0dfa0d1ad,2026-03-30 12:44:20+00:00,organic_search,CN,mobile,low,student,True,zh,Asia/Shanghai,free
a7061e58-3096-5c30-9d7d-66a6864d2bfd,2026-04-26 15:34:05+00:00,content_marketing,DE,mobile,medium,early_career,False,de,Europe/Berlin,free
0c11baf2-4f72-5173-ab9e-f5a85750f644,2026-03-08 04:14:05+00:00,organic_search,CN,desktop,low,student,False,zh,Asia/Shanghai,free
30fd79f3-f7e8-531b-83a8-784297f4e9eb,2026-05-04 22:44:36+00:00,social_ads,GB,desktop,low,new_graduate,True,en,Europe/London,free
05922f96-4f92-5702-999a-01bf392deed7,2026-04-21 04:12:06+00:00,organic_search,US,desktop,low,new_graduate,True,en,America/New_York,free
04038ced-ffe2-533b-be61-9e4866cf8e1c,2026-04-04 00:00:13+00:00,organic_search,US,desktop,medium,early_career,True,en,America/New_York,free
4173fb6b-ed69-573b-9cd6-b4837b719dff,2026-03-18 06:49:32+00:00,organic_search,US,mobile,low,student,True,en,America/New_York,free
c5f99dae-ad0c-5d04-acc1-62bc3e2920c0,2026-05-10 10:08:48+00:00,organic_search,US,desktop,low,early_career,False,en,America/New_York,free
1b1b6e50-5353-56ae-a736-aad41c8246cb,2026-03-24 20:13:48+00:00,organic_search,CA,tablet,high,student,True,en,America/Toronto,free
75328b54-bb58-5331-a5c9-acb6616ce620,2026-04-06 20:17:15+00:00,social_ads,IN,tablet,low,student,True,en,Asia/Kolkata,free
dcf36a1d-41d5-50f7-a017-ae28bd0954c6,2026-03-31 04:40:19+00:00,campus_event,IN,tablet,medium,early_career,True,en,Asia/Kolkata,free
c6403ab7-001c-5974-ae98-594f2d6af698,2026-03-19 21:47:27+00:00,organic_search,CN,mobile,medium,student,True,zh,Asia/Shanghai,free
7a23f71a-2950-5c4b-8261-1f011a3fd739,2026-04-01 17:54:18+00:00,social_ads,CN,desktop,medium,new_graduate,False,zh,Asia/Shanghai,free
40619542-7230-5371-ab35-3bb03906746f,2026-03-14 10:51:29+00:00,social_ads,IN,mobile,low,new_graduate,True,en,Asia/Kolkata,free
52c044c5-4b8d-5318-ba62-4d0239228774,2026-03-04 02:44:59+00:00,organic_search,GB,mobile,low,early_career,True,en,Europe/London,free
cbded28e-b950-5514-b63e-f07dc084afa0,2026-03-24 00:13:40+00:00,social_ads,CN,tablet,high,early_career,True,zh,Asia/Shanghai,free
705b96c6-8f99-595c-82b0-87aa261e6f7e,2026-03-11 17:35:17+00:00,organic_search,IN,desktop,medium,student,True,en,Asia/Kolkata,free
5bc21a40-1e4e-5a11-a591-985e3b0fa3f9,2026-04-01 14:52:24+00:00,organic_search,US,desktop,low,early_career,True,en,America/New_York,free
25517f07-b4f3-53ff-bf06-91b4aaf7aa41,2026-05-02 12:44:16+00:00,social_ads,JP,tablet,medium,student,True,ja,Asia/Tokyo,free
15af735f-8b0f-5d96-a282-b613ab08b364,2026-03-15 05:12:51+00:00,content_marketing,US,mobile,medium,new_graduate,True,en,America/New_York,free
299f3cd7-d2ef-5889-9156-0bbcc73c9f54,2026-03-04 02:02:30+00:00,content_marketing,CN,desktop,low,early_career,False,zh,Asia/Shanghai,free
d6421aa4-f60b-5a0a-818f-a944dfff7d8b,2026-03-11 15:58:17+00:00,content_marketing,DE,mobile,medium,new_graduate,True,de,Europe/Berlin,free
f69110f0-dc5a-52c2-b372-26fc905c5d61,2026-04-08 01:31:29+00:00,social_ads,US,desktop,medium,new_graduate,True,en,America/New_York,free
d3bb6fc7-626f-5d06-9da9-0f914cff684d,2026-03-22 23:07:54+00:00,organic_search,US,mobile,medium,early_career,True,en,America/New_York,free
d13b3ee2-c1d2-5773-aada-7521aa0b5cc7,2026-04-06 18:36:54+00:00,organic_search,CN,desktop,high,new_graduate,True,zh,Asia/Shanghai,free
ce4a07a8-bf28-5f3f-b195-ba5058401286,2026-03-06 00:26:03+00:00,organic_search,CN,desktop,medium,early_career,True,zh,Asia/Shanghai,free
f84448a7-14a0-5530-b000-81c244329aa4,2026-03-26 23:36:13+00:00,organic_search,BR,desktop,high,student,True,pt,America/Sao_Paulo,free
41ef632a-c1c8-5d67-b787-0fae0c5d1153,2026-04-01 07:10:57+00:00,organic_search,GB,desktop,medium,student,True,en,Europe/London,free
5ce09cfd-360d-5500-bb5a-7bcc395ed229,2026-04-02 18:16:38+00:00,social_ads,CN,mobile,medium,early_career,False,zh,Asia/Shanghai,free
ac39567c-9aa8-5762-8e77-7b39ed612fbe,2026-04-11 00:43:04+00:00,organic_search,JP,desktop,medium,student,True,ja,Asia/Tokyo,free
6020772a-8241-5197-a2c7-01549c95344a,2026-04-26 20:38:31+00:00,organic_search,IN,mobile,medium,student,False,en,Asia/Kolkata,free
cc31986a-63e3-5d63-81b0-3a43eb80f7ea,2026-04-05 05:43:56+00:00,campus_event,DE,mobile,low,early_career,True,de,Europe/Berlin,free
864b21a3-25ef-5e20-a99b-0bc432f00788,2026-05-01 01:01:59+00:00,social_ads,US,mobile,high,new_graduate,False,en,America/New_York,free
5a7c64f9-f09c-5343-97a5-bc08c7fadc58,2026-04-09 13:14:29+00:00,referral,CN,mobile,high,student,True,zh,Asia/Shanghai,free
053fba4b-f7ea-56f6-84d1-296f8b1b8dac,2026-03-21 23:08:12+00:00,organic_search,US,desktop,low,student,True,en,America/New_York,free
45d47f7a-1771-5c1c-867a-cec4684777db,2026-03-19 19:15:14+00:00,social_ads,US,desktop,medium,student,False,en,America/New_York,free
68d79003-7ea3-5399-a2f4-1bc1772744e8,2026-03-26 06:02:38+00:00,organic_search,IN,mobile,high,student,False,en,Asia/Kolkata,free
c15cd2dc-22f1-5688-bb40-ce7a74717673,2026-04-14 05:24:00+00:00,social_ads,US,tablet,high,student,False,en,America/New_York,free
763c02cf-e419-526e-b586-60bd8f32ae22,2026-03-20 17:33:04+00:00,organic_search,CN,tablet,medium,early_career,False,zh,Asia/Shanghai,free
5dfc5e8b-6dbb-5216-b319-bba9ea073c50,2026-05-06 01:52:16+00:00,organic_search,IN,tablet,low,student,True,en,Asia/Kolkata,free
bdc2debc-224b-5db2-82e9-606dd51798f0,2026-04-06 02:39:12+00:00,campus_event,US,mobile,medium,early_career,True,en,America/New_York,free
ae78d7f8-0fb3-5a52-9a00-dcb854cf8f0a,2026-05-02 13:34:45+00:00,organic_search,CN,tablet,low,early_career,False,zh,Asia/Shanghai,free
a7b42466-a451-5c60-848a-870e55b7c947,2026-04-20 03:28:32+00:00,organic_search,IN,desktop,medium,student,True,en,Asia/Kolkata,free
272b23ba-4901-5837-9d3e-b3bc848782ab,2026-03-27 00:01:53+00:00,content_marketing,DE,mobile,medium,early_career,False,de,Europe/Berlin,free
29e1a669-93f6-5c83-83d7-7396f5795144,2026-03-19 17:59:11+00:00,organic_search,US,tablet,medium,student,False,en,America/New_York,free
8fbdd47f-a43e-50bc-8490-90809b273a68,2026-04-24 07:58:16+00:00,social_ads,JP,mobile,low,new_graduate,True,ja,Asia/Tokyo,free
4c0db7d1-52e3-5baf-8f53-c43e99c37b07,2026-03-26 19:41:53+00:00,social_ads,GB,desktop,medium,early_career,True,en,Europe/London,free
7f52bd3a-5a7c-555e-aa9d-f9bd144caf63,2026-03-21 00:48:45+00:00,organic_search,IN,desktop,medium,early_career,True,en,Asia/Kolkata,free
4d9f17d8-fc85-5af6-99af-0b6d6ab73686,2026-05-07 04:42:59+00:00,social_ads,CN,desktop,medium,student,False,zh,Asia/Shanghai,free
6c1e9605-90e7-5ffe-aed2-c3642034664a,2026-04-06 07:14:05+00:00,organic_search,IN,desktop,low,student,True,en,Asia/Kolkata,free
1197643a-7cd9-5243-b69b-e11870d3aa62,2026-03-07 08:25:49+00:00,campus_event,GB,mobile,low,student,True,en,Europe/London,free
d22f2d3c-c309-5210-9f9e-3e8424e433f3,2026-04-07 03:20:05+00:00,organic_search,US,mobile,high,early_career,True,en,America/New_York,free
a8ee9b65-433d-5f25-bbf5-27c9ec233455,2026-04-04 19:02:03+00:00,organic_search,AU,desktop,medium,student,False,en,Australia/Sydney,free
a816fd00-678d-5547-b092-1d16b5c415f1,2026-05-02 14:43:53+00:00,organic_search,CA,mobile,medium,new_graduate,True,en,America/Toronto,free
d6d4692e-82b1-5309-a263-0999663311ff,2026-04-22 02:20:23+00:00,content_marketing,CN,desktop,medium,student,True,zh,Asia/Shanghai,free
87c5e5fa-b481-5a7e-a244-dea625806ece,2026-03-17 04:53:14+00:00,campus_event,IN,mobile,high,student,True,en,Asia/Kolkata,free
017dd3ea-ebc1-5e25-a938-9884bb61723b,2026-03-14 09:09:05+00:00,content_marketing,CN,desktop,medium,student,True,zh,Asia/Shanghai,free
f2058aa3-8156-5f91-9892-784aa771c066,2026-04-14 15:33:08+00:00,campus_event,GB,mobile,low,student,False,en,Europe/London,free
57393f1f-e6e9-5165-85b1-d2c473980a9a,2026-03-07 06:27:03+00:00,campus_event,GB,mobile,low,new_graduate,True,en,Europe/London,free
f3d91d91-3726-565a-ac48-c8b0a3071260,2026-03-26 00:17:24+00:00,social_ads,US,mobile,low,student,True,en,America/New_York,free
a28020cb-ae8b-5325-964c-c5843160101a,2026-03-13 12:52:04+00:00,content_marketing,US,mobile,high,student,True,en,America/New_York,free
cae00b04-9b05-5c24-88a6-8f489afe7244,2026-03-05 10:03:01+00:00,social_ads,US,desktop,medium,new_graduate,True,en,America/New_York,free
295e3876-e17b-5db0-8e9e-ca2ffea0f5ef,2026-05-06 09:34:15+00:00,social_ads,CA,mobile,high,student,True,en,America/Toronto,free
a24a8634-a739-5bda-8735-e5e9011f69fc,2026-03-10 04:44:34+00:00,campus_event,CN,desktop,medium,early_career,False,zh,Asia/Shanghai,free
abcbef49-f9fb-50fd-a0d2-46e763789f97,2026-03-04 15:20:02+00:00,social_ads,DE,mobile,high,new_graduate,True,de,Europe/Berlin,free
783b219b-8eb8-589f-b64b-7cc64eaf61a6,2026-05-07 08:52:07+00:00,organic_search,CN,mobile,high,new_graduate,True,zh,Asia/Shanghai,free
b5fc0a2c-826d-50be-b514-4e983f0bb95b,2026-03-16 23:51:39+00:00,social_ads,US,mobile,medium,student,True,en,America/New_York,free
c0aa5136-12dc-5045-8652-e41a9da3b6aa,2026-04-29 08:13:10+00:00,organic_search,CA,tablet,low,student,False,en,America/Toronto,free
384320f3-8c95-56e6-a3c5-45426c2943b3,2026-03-06 03:48:18+00:00,referral,CN,desktop,low,early_career,True,zh,Asia/Shanghai,free
fd4b7362-6a20-5bcb-9b40-8cb50cf6a84e,2026-03-14 14:17:18+00:00,social_ads,CN,mobile,medium,early_career,True,zh,Asia/Shanghai,free
fe8fcf30-ff0a-5abb-9262-549f14df3e91,2026-03-11 15:12:07+00:00,referral,US,desktop,high,student,True,en,America/New_York,free
a8af1585-87c4-595b-82c6-2f2fe15439f7,2026-04-21 17:34:15+00:00,social_ads,US,mobile,medium,student,False,en,America/New_York,free
f2c0a6c1-15ea-5a6c-8ad0-2e6ea9fde60b,2026-04-15 18:58:00+00:00,campus_event,US,mobile,medium,student,True,en,America/New_York,free
f87af7c0-e689-5909-9792-85155c619043,2026-04-05 19:25:51+00:00,organic_search,CN,mobile,medium,new_graduate,True,zh,Asia/Shanghai,free
ce6df9cc-400a-547c-b245-89f20f3bed62,2026-03-20 16:09:13+00:00,content_marketing,IN,tablet,medium,student,True,en,Asia/Kolkata,free
62c43982-d73f-547e-8e8f-fb3301a68da8,2026-03-10 03:09:06+00:00,social_ads,US,mobile,low,early_career,True,en,America/New_York,free
b6c33d52-001f-5a43-becb-c49e94f58226,2026-04-12 06:36:53+00:00,organic_search,US,desktop,high,student,False,en,America/New_York,free
932141df-6343-50a1-ae57-9616e878b93f,2026-03-19 22:03:45+00:00,organic_search,US,tablet,medium,early_career,True,en,America/New_York,free
6fc47c21-033d-5226-9cbe-e9d7fe5bd32c,2026-04-13 17:21:47+00:00,organic_search,CN,tablet,low,student,True,zh,Asia/Shanghai,free
0a3193d6-e441-59c8-8958-97f89aa11635,2026-04-20 10:26:48+00:00,social_ads,AU,desktop,medium,student,False,en,Australia/Sydney,free
f08c40b3-b277-51e0-b6e2-a3422aaa139a,2026-05-01 14:39:52+00:00,campus_event,CN,desktop,medium,student,True,zh,Asia/Shanghai,free
0a9b5896-1064-5039-a5b3-508a38bfe7f7,2026-04-07 02:02:19+00:00,content_marketing,US,desktop,medium,student,True,en,America/New_York,free
aed7d9e4-48c6-569e-91f4-c6e8504f3861,2026-03-04 07:51:05+00:00,campus_event,CN,mobile,low,early_career,True,zh,Asia/Shanghai,free
0e62d357-2f04-5d1a-8815-4eef9132c340,2026-03-23 08:47:02+00:00,social_ads,CA,tablet,medium,new_graduate,True,en,America/Toronto,free
caad8bef-a888-56ee-835b-2a5b57e2f30f,2026-05-01 21:10:46+00:00,social_ads,GB,mobile,medium,student,False,en,Europe/London,free
651eb1e7-04ff-528a-bd7e-3cb1a175ef17,2026-04-09 19:03:47+00:00,referral,GB,desktop,low,early_career,False,en,Europe/London,free
3fb6727a-0938-5004-b2a6-b21c0895bdbf,2026-04-15 17:15:39+00:00,referral,CA,desktop,medium,student,True,en,America/Toronto,free
dc95ef8d-2451-5473-b878-d6f73f438c42,2026-04-04 14:09:18+00:00,organic_search,IN,mobile,medium,student,False,en,Asia/Kolkata,free
38c70aff-514f-52db-8ad9-717fc21439c5,2026-03-15 05:30:10+00:00,content_marketing,AU,desktop,medium,student,True,en,Australia/Sydney,free
1dc685a7-21b9-5a2a-9bc0-48978764f592,2026-05-04 20:56:27+00:00,social_ads,US,desktop,medium,new_graduate,True,en,America/New_York,free
ab96ddc7-ed6c-57fc-ac45-50970d826e4c,2026-04-26 07:59:02+00:00,referral,GB,desktop,medium,early_career,True,en,Europe/London,free
a36430c1-635e-5a0d-ae57-37d4951a49c7,2026-05-11 16:01:24+00:00,content_marketing,DE,desktop,medium,student,False,de,Europe/Berlin,free
6c3a5733-3640-5eb8-9f79-b03ba2e6fcf7,2026-05-02 00:41:37+00:00,campus_event,CA,desktop,high,new_graduate,True,en,America/Toronto,free
154f085e-3b57-5f31-b087-a99ddfe1583c,2026-03-24 02:06:59+00:00,organic_search,CN,mobile,medium,student,True,zh,Asia/Shanghai,free
6d05bded-15a1-5997-944d-619cb7e1c15e,2026-03-21 13:03:36+00:00,social_ads,GB,desktop,high,student,True,en,Europe/London,free
16c1efcc-e8e7-57e5-b7e0-cc236118323d,2026-03-21 03:28:24+00:00,organic_search,US,desktop,medium,new_graduate,True,en,America/New_York,free
cfdba227-e2c8-587c-87a5-641869cc6861,2026-05-06 09:31:19+00:00,campus_event,IN,mobile,medium,new_graduate,True,en,Asia/Kolkata,free
8e2c153a-9f1f-539e-95be-ab95aa2eee7c,2026-04-11 10:17:04+00:00,organic_search,CN,tablet,medium,new_graduate,True,zh,Asia/Shanghai,free
ee5049e5-8523-5aca-85e0-ea7f845457c2,2026-04-04 08:34:52+00:00,campus_event,CN,mobile,high,student,False,zh,Asia/Shanghai,free
23d227c7-8578-5256-92ed-55f827cd7aa8,2026-05-09 19:26:26+00:00,content_marketing,IN,mobile,high,student,False,en,Asia/Kolkata,free
51f86911-3398-5f65-ba6b-8c7e0b6299cb,2026-04-14 15:16:14+00:00,organic_search,US,mobile,medium,new_graduate,True,en,America/New_York,free
5414cb88-b1de-5722-9cdb-d278ccf60f2a,2026-05-05 18:01:08+00:00,social_ads,US,mobile,medium,new_graduate,False,en,America/New_York,free
9861c2c4-fdd2-5348-8b6e-d028b00dcabd,2026-05-10 22:34:45+00:00,campus_event,US,mobile,high,student,False,en,America/New_York,free
9c5d5aef-7127-5e9e-8d1c-f2c2a7c81ea1,2026-03-09 11:33:42+00:00,social_ads,IN,mobile,high,student,False,en,Asia/Kolkata,free
dfe77307-c85a-55ee-a055-09eb6e9b0386,2026-03-28 22:42:12+00:00,organic_search,IN,mobile,high,early_career,True,en,Asia/Kolkata,free
11287873-cff7-5c8d-bf88-8f1cc271ee7e,2026-04-23 15:44:03+00:00,organic_search,IN,mobile,low,student,False,en,Asia/Kolkata,free
ed7ca4bf-5a6f-5788-b3c4-40935420d71c,2026-04-29 02:35:29+00:00,social_ads,US,desktop,low,new_graduate,True,en,America/New_York,free
b9367cc9-8a21-550c-be42-5cdd6c33a70b,2026-03-14 05:53:27+00:00,campus_event,GB,desktop,medium,new_graduate,True,en,Europe/London,free
27191fb1-1067-55b5-bf4d-f5aa7c345089,2026-03-25 23:16:07+00:00,social_ads,IN,desktop,medium,student,False,en,Asia/Kolkata,free
bfbfd5f3-98a5-536f-b6b1-c9cc56478e82,2026-04-10 19:46:26+00:00,organic_search,US,desktop,low,new_graduate,True,en,America/New_York,free
93004afc-29fe-5f06-b112-3aa9e95d4c3f,2026-04-28 03:29:50+00:00,social_ads,US,mobile,medium,new_graduate,False,en,America/New_York,free
c8574ffa-e13c-5951-9180-cf35f130a1c6,2026-03-11 19:04:24+00:00,social_ads,CN,mobile,medium,new_graduate,True,zh,Asia/Shanghai,free
ba069cc5-00a9-5b1b-a7dc-7f4ae4edb068,2026-04-14 10:48:54+00:00,organic_search,CN,desktop,low,early_career,True,zh,Asia/Shanghai,free
66e13a94-91b8-50ab-8736-7d91f8596430,2026-03-24 10:54:33+00:00,campus_event,US,desktop,medium,new_graduate,True,en,America/New_York,free
cf559cb6-0b8a-57ee-ba51-784ee9ccdf0f,2026-03-18 22:17:05+00:00,organic_search,US,desktop,low,student,False,en,America/New_York,free
15190202-5fa1-5271-bc26-cb78bad83d91,2026-04-08 13:30:02+00:00,social_ads,US,mobile,high,student,True,en,America/New_York,free
4959cbea-979e-57c2-ae05-7510cdce8889,2026-04-01 13:37:36+00:00,content_marketing,US,desktop,medium,new_graduate,False,en,America/New_York,free
5754e7fc-4df4-5e00-9263-10815efaf1d6,2026-04-16 20:44:15+00:00,social_ads,US,desktop,medium,student,True,en,America/New_York,free
c5839765-a07c-58e4-bc7e-13db438a98ad,2026-03-25 22:00:15+00:00,campus_event,GB,desktop,medium,early_career,True,en,Europe/London,free
e46bb1af-a1d7-5b92-bbba-37acfa6d4514,2026-04-29 19:20:40+00:00,organic_search,CN,mobile,low,student,True,zh,Asia/Shanghai,free
63d6cdc6-675b-56f0-a478-265d8b4d0640,2026-03-09 09:20:49+00:00,organic_search,CN,desktop,medium,student,False,zh,Asia/Shanghai,free
96a0870c-1823-57f2-ad41-56839a2651e2,2026-05-02 11:16:19+00:00,organic_search,IN,mobile,high,student,False,en,Asia/Kolkata,free
d468a37f-9e97-5e96-8b73-4bd377df9a14,2026-03-06 01:24:21+00:00,campus_event,CN,mobile,medium,early_career,True,zh,Asia/Shanghai,free
c0d853fd-0016-5c6d-8c71-e15bcecd208e,2026-04-23 18:38:35+00:00,referral,US,tablet,low,new_graduate,True,en,America/New_York,free
43de9ce3-df03-584e-a42d-1ab42353c745,2026-03-27 21:46:06+00:00,organic_search,US,mobile,medium,new_graduate,True,en,America/New_York,free
3d994022-cb13-5d19-a3c9-46c2d0d014b9,2026-03-30 10:48:07+00:00,organic_search,US,desktop,low,student,False,en,America/New_York,free
a60ad9b6-3780-5a02-a865-e904bdece2e3,2026-03-05 07:31:12+00:00,organic_search,CN,desktop,medium,early_career,True,zh,Asia/Shanghai,free
7b19cb1d-7e87-5c32-b6d1-abfd42f3e229,2026-04-21 10:40:38+00:00,social_ads,CN,mobile,medium,early_career,True,zh,Asia/Shanghai,free
9d982b31-0044-5caf-9295-b82cc22f75d2,2026-03-15 10:02:50+00:00,campus_event,CN,desktop,medium,student,True,zh,Asia/Shanghai,free
a812cd9e-3f32-5a16-a139-f8188b7a7b6f,2026-04-18 11:33:48+00:00,campus_event,CN,tablet,low,early_career,False,zh,Asia/Shanghai,free
91c20573-74a6-533e-9c79-26580087ef2d,2026-04-23 00:54:11+00:00,content_marketing,JP,mobile,low,early_career,True,ja,Asia/Tokyo,free
c17a54fa-adc3-5285-9414-d7e6e5b93b02,2026-05-01 07:42:53+00:00,organic_search,US,desktop,low,student,True,en,America/New_York,free
cda09fa2-9efd-57a9-8005-8e5384c0a0ed,2026-04-21 20:35:55+00:00,campus_event,CN,desktop,medium,student,True,zh,Asia/Shanghai,free
3c546381-c4a2-51ae-89c0-606993396540,2026-03-24 19:17:02+00:00,social_ads,CN,tablet,medium,new_graduate,True,zh,Asia/Shanghai,free
565077f9-335f-55e2-add0-dc490d77b24f,2026-04-23 23:05:19+00:00,organic_search,IN,tablet,medium,student,True,en,Asia/Kolkata,free
bb1de5b7-1e89-541e-9e0d-d06be43663c4,2026-04-29 23:46:24+00:00,content_marketing,IN,tablet,low,early_career,False,en,Asia/Kolkata,free
2e63d93e-82a0-5018-a7e5-d13183ce879e,2026-03-25 21:12:19+00:00,organic_search,IN,desktop,low,new_graduate,True,en,Asia/Kolkata,free
a39d9045-c254-52bf-ac02-7b340ddf85b1,2026-03-12 13:38:12+00:00,campus_event,US,mobile,medium,student,True,en,America/New_York,free
308bf246-bf8f-5cd9-a293-31cb6b5f1814,2026-05-04 09:52:18+00:00,campus_event,CN,desktop,medium,student,True,zh,Asia/Shanghai,free
a41e8098-7464-5008-8757-aa607b94e2ef,2026-03-14 04:59:17+00:00,content_marketing,GB,desktop,high,new_graduate,True,en,Europe/London,free
2041ba08-0ff3-5a3c-9210-80f4bbeb92cc,2026-04-13 23:22:59+00:00,social_ads,CN,mobile,low,student,True,zh,Asia/Shanghai,free
a114409d-ab2d-5c14-b558-fc1a07dbf181,2026-03-20 07:16:48+00:00,organic_search,JP,tablet,low,student,False,ja,Asia/Tokyo,free
6612cb43-45bc-5e76-8fb0-20d99214b284,2026-03-12 16:41:57+00:00,referral,CN,desktop,medium,student,True,zh,Asia/Shanghai,free
1e5b6c90-7d1e-5f45-8be2-3a274374d1f7,2026-04-26 13:44:35+00:00,campus_event,CN,mobile,medium,early_career,False,zh,Asia/Shanghai,free
212989b7-609d-58e3-ad67-9da8de7c96ee,2026-03-13 21:59:52+00:00,social_ads,CN,desktop,medium,student,True,zh,Asia/Shanghai,free
4d176aab-c9fa-57ad-bb14-73be7cd539c8,2026-04-19 05:53:37+00:00,campus_event,CN,desktop,low,student,False,zh,Asia/Shanghai,free
c50e8d63-f447-532c-b17e-f50e2ee6bee1,2026-04-20 19:45:56+00:00,organic_search,GB,desktop,low,early_career,False,en,Europe/London,free
c1965e1a-0bcb-5ed8-8241-a07b0bbfca72,2026-03-08 03:44:14+00:00,social_ads,US,tablet,medium,student,True,en,America/New_York,free
98d9abc2-32b9-5cc4-aeb0-da6c355e6e07,2026-03-15 22:23:41+00:00,referral,CN,desktop,low,new_graduate,True,zh,Asia/Shanghai,free
5945aa71-3e61-5889-8b03-fd914ac69278,2026-04-27 19:27:56+00:00,organic_search,IN,mobile,medium,student,False,en,Asia/Kolkata,free
10c3fce5-4496-5aca-82f7-326015ec1dad,2026-04-08 00:04:35+00:00,social_ads,DE,desktop,low,early_career,False,de,Europe/Berlin,free
53a7783e-65d4-5d19-a32c-56fdf16b29a9,2026-03-12 08:57:30+00:00,content_marketing,IN,mobile,medium,student,True,en,Asia/Kolkata,free
ef83b916-4eb4-5396-a826-6bdd4394b8f4,2026-05-11 10:22:41+00:00,campus_event,FR,desktop,low,student,False,fr,Europe/Paris,free
8a960095-81c5-5e9c-95d7-fb08704ce3fd,2026-03-22 06:49:12+00:00,referral,DE,desktop,high,student,False,de,Europe/Berlin,free
df6e7f03-8c50-5e72-9778-aadde3776d8d,2026-03-04 06:38:10+00:00,social_ads,US,mobile,low,early_career,True,en,America/New_York,free
7f13ad41-a6ad-541c-b25e-4ee668e6db18,2026-05-06 18:25:07+00:00,content_marketing,DE,mobile,low,early_career,True,de,Europe/Berlin,free
955effa1-32b4-5702-a6d3-792759cb3dd8,2026-03-05 03:27:21+00:00,organic_search,FR,tablet,high,student,True,fr,Europe/Paris,free
9c3242bc-d4b6-51c2-b783-be8d8118f06c,2026-04-11 04:21:40+00:00,social_ads,US,desktop,low,student,True,en,America/New_York,free
0c419a92-f4a0-5767-be8c-9c681bce0720,2026-05-11 12:32:52+00:00,social_ads,IN,mobile,low,student,False,en,Asia/Kolkata,free
ef15e673-e0d6-5de6-a099-225094761e2a,2026-04-12 20:51:07+00:00,campus_event,US,tablet,low,student,False,en,America/New_York,free
d39d5e1f-f5b2-5c7e-a145-a2c0b6d1f40f,2026-04-13 08:09:41+00:00,content_marketing,IN,desktop,medium,student,True,en,Asia/Kolkata,free
54b74555-3a25-5663-866e-5ee26ef17182,2026-03-30 18:49:02+00:00,campus_event,US,tablet,medium,early_career,True,en,America/New_York,free
8a75ddd2-2a71-5fcd-b269-858f70ab2ac2,2026-03-12 18:09:45+00:00,campus_event,IN,tablet,high,student,True,en,Asia/Kolkata,free
83248e5f-350f-54ab-ab7a-9d5ec5808961,2026-04-12 12:22:38+00:00,social_ads,CN,mobile,medium,early_career,True,zh,Asia/Shanghai,free
7ebfe7f3-208c-5e86-9e3c-7e0d46933e34,2026-05-04 21:55:55+00:00,social_ads,CN,mobile,medium,student,True,zh,Asia/Shanghai,free
2bb3b6f0-4205-5043-ae82-c6a140c33717,2026-03-10 06:51:57+00:00,social_ads,US,mobile,low,early_career,True,en,America/New_York,free
99777243-441a-5c6c-9d8f-3809d17df7dc,2026-05-03 17:54:34+00:00,organic_search,IN,mobile,high,student,True,en,Asia/Kolkata,free
c60eea3c-69f2-5353-b29e-5c918c3369e0,2026-04-01 15:19:00+00:00,social_ads,CN,mobile,high,student,True,zh,Asia/Shanghai,free
eb3e145b-6a49-5818-83f0-f5b700c1bbdd,2026-04-09 23:56:51+00:00,referral,IN,tablet,high,early_career,False,en,Asia/Kolkata,free
0effd65c-00e8-5056-a5c6-be76e84400fb,2026-03-15 09:54:36+00:00,campus_event,US,desktop,low,student,True,en,America/New_York,free
ad063b6e-9960-591b-b9cb-22189dfdcc2b,2026-04-15 21:41:14+00:00,campus_event,US,mobile,medium,early_career,True,en,America/New_York,free
ea6623c1-c481-5985-87ab-20526f0348ef,2026-03-16 13:58:35+00:00,social_ads,CN,mobile,medium,early_career,False,zh,Asia/Shanghai,free
c1c9c6e0-a3a4-5324-bc26-08f8f08ce429,2026-03-22 20:23:51+00:00,social_ads,BR,desktop,high,early_career,False,pt,America/Sao_Paulo,free
355d69b9-18be-55dd-afb6-8c71d9fe394a,2026-04-22 18:59:22+00:00,organic_search,US,mobile,low,early_career,True,en,America/New_York,free
fb064c41-107b-5cb8-a0fb-0c5d2466b123,2026-03-07 11:39:37+00:00,social_ads,IN,mobile,high,student,True,en,Asia/Kolkata,free
1a476e00-dbba-52c3-8f7d-aaf3d85ceb4b,2026-04-03 20:31:56+00:00,social_ads,US,mobile,medium,student,True,en,America/New_York,free
9b7b9269-16eb-5bf3-87b3-dedd90caac31,2026-04-14 00:36:13+00:00,organic_search,IN,mobile,high,new_graduate,True,en,Asia/Kolkata,free
8bd1496f-e05b-52d5-8a09-a035e28f2fe8,2026-03-13 02:38:20+00:00,organic_search,US,desktop,medium,student,True,en,America/New_York,free
35e09435-f7e6-5bbc-8cce-4fdce03c9ad3,2026-03-24 08:06:51+00:00,campus_event,CN,tablet,high,new_graduate,True,zh,Asia/Shanghai,free
91e2995f-2c6e-500c-8051-c1a95d10eb3f,2026-03-27 16:50:18+00:00,social_ads,CN,mobile,medium,student,True,zh,Asia/Shanghai,free
2e2cb25f-47d7-5a4c-aacd-2d23ddb5b110,2026-04-18 18:57:22+00:00,social_ads,US,mobile,low,new_graduate,True,en,America/New_York,free
0928cb5b-6991-5af1-803f-5ac8876769cf,2026-05-10 09:25:47+00:00,organic_search,US,desktop,medium,student,False,en,America/New_York,free
fa8a28ec-ec70-5d46-8e8c-55a7a16f2134,2026-04-30 16:49:18+00:00,social_ads,CN,desktop,high,student,True,zh,Asia/Shanghai,free
2cc5c8e9-0ffa-5791-a707-5aa46d414022,2026-03-17 02:15:06+00:00,social_ads,CN,tablet,low,early_career,True,zh,Asia/Shanghai,free
8d3d8998-358b-5786-8cba-6f5675e4f13d,2026-03-05 06:04:24+00:00,social_ads,JP,desktop,medium,early_career,True,ja,Asia/Tokyo,free
03b2a4ec-c281-53b7-853d-87c5d5b06db0,2026-03-07 13:57:58+00:00,social_ads,CN,desktop,high,student,True,zh,Asia/Shanghai,free
f4c7532a-2c42-5e28-98ce-76d36d0941f8,2026-04-14 02:30:06+00:00,organic_search,CA,mobile,high,student,True,en,America/Toronto,free
0d084412-7c45-5709-a4d6-e2e8423a791e,2026-03-14 18:46:01+00:00,content_marketing,CN,mobile,medium,new_graduate,True,zh,Asia/Shanghai,free
18fdce90-b096-5d20-b896-d8a6b45402c0,2026-03-19 23:00:01+00:00,organic_search,US,tablet,high,student,False,en,America/New_York,free
cb6408a0-cf68-52e4-8b09-a38356d32de1,2026-05-01 11:16:48+00:00,social_ads,US,mobile,low,new_graduate,False,en,America/New_York,free
68c1c647-90e3-5fc1-9c25-4dddcec330e0,2026-05-03 07:09:32+00:00,organic_search,CN,tablet,medium,early_career,False,zh,Asia/Shanghai,free
8bb5f0f5-b432-5c40-9d8f-b51bee927c1d,2026-04-30 21:26:04+00:00,social_ads,US,mobile,medium,student,True,en,America/New_York,free
3e5f205a-3589-561f-ba3f-b79fc505f70a,2026-03-21 12:04:05+00:00,organic_search,DE,mobile,high,student,False,de,Europe/Berlin,free
6f79a9c8-c45a-5ac6-b3b0-e6c1369c0188,2026-04-15 18:11:50+00:00,referral,IN,mobile,low,student,True,en,Asia/Kolkata,free
7094ff8f-580b-5e38-b237-0593674c6d8e,2026-04-15 03:26:06+00:00,social_ads,CN,mobile,low,student,True,zh,Asia/Shanghai,free
9d922e92-2684-5b1b-ab06-d4395dc1a475,2026-03-16 18:46:09+00:00,campus_event,CN,desktop,medium,new_graduate,True,zh,Asia/Shanghai,free
1d0918f2-a639-5ef7-a703-a401a228b740,2026-04-11 04:39:48+00:00,organic_search,CN,desktop,medium,student,True,zh,Asia/Shanghai,free
461d75d7-de9d-5cab-b7a4-422374c48959,2026-04-09 05:49:28+00:00,organic_search,IN,mobile,high,early_career,True,en,Asia/Kolkata,free
a85a2f34-87c7-534a-af3d-f5aef946f1c3,2026-03-31 08:03:05+00:00,social_ads,US,mobile,medium,new_graduate,False,en,America/New_York,free
c6620ad0-efd9-5949-aa23-cfd34545de68,2026-04-24 20:45:13+00:00,social_ads,US,mobile,high,student,True,en,America/New_York,free
e2dab33b-096a-5a62-958d-a0f82c8a7258,2026-04-19 18:08:22+00:00,social_ads,US,mobile,medium,new_graduate,False,en,America/New_York,free
c5039f0a-42ea-5d7b-b67c-8bf98021dea4,2026-04-09 18:04:33+00:00,content_marketing,US,mobile,high,student,True,en,America/New_York,free
58bc4fa0-9f67-50b4-9595-24c007b59123,2026-04-23 01:52:27+00:00,campus_event,IN,desktop,medium,student,True,en,Asia/Kolkata,free
24f1bc74-f48f-5a71-bbbc-0595c0be7da3,2026-04-25 15:42:26+00:00,content_marketing,US,mobile,low,new_graduate,True,en,America/New_York,free
6d8d8fb4-de9e-545b-b41a-8a101df76adf,2026-04-12 02:50:55+00:00,organic_search,US,mobile,medium,student,True,en,America/New_York,free
9cd0d7ce-81b0-5220-821a-1af416b99553,2026-03-22 11:16:05+00:00,campus_event,CA,desktop,high,student,False,en,America/Toronto,free
8fdd5652-86fb-527d-8fe5-e10dc5a60c72,2026-04-25 07:56:49+00:00,social_ads,AU,mobile,low,student,True,en,Australia/Sydney,free
0f45528d-515f-5570-a161-242d3eeb0142,2026-04-22 12:22:06+00:00,campus_event,CN,mobile,medium,student,True,zh,Asia/Shanghai,free
f95633e9-79bc-5bfe-b559-6c453fff7ad9,2026-05-10 20:32:18+00:00,content_marketing,CN,mobile,low,new_graduate,True,zh,Asia/Shanghai,free
ab05839e-c9ac-57d4-b11d-16de5e120750,2026-03-14 08:02:34+00:00,campus_event,GB,mobile,high,early_career,False,en,Europe/London,free
bd5b92e3-1025-562b-b88d-7491cc4dacf9,2026-04-01 22:18:53+00:00,referral,US,desktop,low,new_graduate,True,en,America/New_York,free
43c60ba4-78c3-5d64-aaa8-9f2f3fcf068b,2026-05-06 18:31:08+00:00,campus_event,CN,mobile,medium,early_career,True,zh,Asia/Shanghai,free
34cce605-af2d-57e5-88e1-e51150ae6c8a,2026-04-08 12:08:57+00:00,organic_search,US,mobile,medium,new_graduate,True,en,America/New_York,free
de97366c-fbc8-5fef-9a9f-f74b4c89ea10,2026-05-08 00:58:59+00:00,campus_event,CN,mobile,low,student,True,zh,Asia/Shanghai,free
6f21dbc4-fca9-52df-9e92-491b6d6d3baa,2026-03-04 20:38:59+00:00,social_ads,JP,desktop,medium,early_career,True,ja,Asia/Tokyo,free
54c761c7-7df6-5ece-aafc-12aa18903fb8,2026-03-06 10:14:27+00:00,content_marketing,GB,tablet,high,student,True,en,Europe/London,free
864ae3bf-1eb4-527c-a5d2-c8dceb801041,2026-04-27 22:13:22+00:00,referral,JP,desktop,medium,student,True,ja,Asia/Tokyo,free
acfdd17c-298f-58ef-a61e-6d4bdd03c679,2026-03-28 17:33:42+00:00,organic_search,IN,desktop,high,early_career,True,en,Asia/Kolkata,free
46eb8c40-0903-55c0-a570-f3d92e13413c,2026-04-08 21:30:02+00:00,organic_search,IN,desktop,high,new_graduate,True,en,Asia/Kolkata,free
041f7788-a456-5994-8e00-3014e7b919a2,2026-04-02 12:47:00+00:00,organic_search,GB,mobile,medium,early_career,True,en,Europe/London,free
bc8017e6-fd36-5c10-9f6d-eb8f804efab7,2026-04-01 03:35:01+00:00,social_ads,IN,mobile,medium,student,True,en,Asia/Kolkata,free
64c886b3-f29f-5057-8217-2bb1b5fed427,2026-05-07 19:46:08+00:00,organic_search,CN,desktop,high,early_career,True,zh,Asia/Shanghai,free
12c1df7c-6a71-5160-bda3-8e4a92cbadce,2026-03-10 11:46:58+00:00,campus_event,US,mobile,medium,student,True,en,America/New_York,free
e5502649-b69d-59a0-be3a-392cc058b6cc,2026-04-26 06:47:27+00:00,social_ads,CN,mobile,medium,student,True,zh,Asia/Shanghai,free
3e303d9e-7c7b-5d91-9428-e1e8a10d0bcc,2026-05-04 09:16:14+00:00,referral,US,tablet,high,early_career,True,en,America/New_York,free
67b4f01b-c3b4-5ffc-8558-9ad97e438a0e,2026-04-18 08:40:25+00:00,organic_search,CN,tablet,high,student,False,zh,Asia/Shanghai,free
d41aa2c3-caf7-572d-bb14-bacaa0ec2750,2026-03-31 06:07:54+00:00,social_ads,US,mobile,medium,new_graduate,False,en,America/New_York,free
df64e868-d36b-564d-81b8-dfbc30fbb447,2026-03-15 00:58:57+00:00,organic_search,CN,desktop,low,early_career,True,zh,Asia/Shanghai,free
85031658-5001-57de-ac56-cfd0648167f2,2026-04-20 02:21:17+00:00,referral,US,desktop,medium,early_career,True,en,America/New_York,free
4455d774-1d0d-53f6-a126-7888a371fc99,2026-04-05 08:19:44+00:00,organic_search,US,tablet,medium,student,True,en,America/New_York,free
0e40c414-1e66-52b7-8c41-9c9a5813b642,2026-03-14 07:21:47+00:00,organic_search,CN,mobile,medium,student,False,zh,Asia/Shanghai,free
3c24b0e5-586c-56d7-89cc-da34159d9d49,2026-03-28 19:34:50+00:00,organic_search,US,mobile,medium,early_career,True,en,America/New_York,free
6ac45c37-39a9-536d-b9e3-b0ed394cdaea,2026-05-09 08:19:33+00:00,referral,FR,tablet,medium,new_graduate,False,fr,Europe/Paris,free
aedec0cf-6df0-50bb-817a-499919686150,2026-03-22 07:28:41+00:00,organic_search,CN,tablet,medium,new_graduate,True,zh,Asia/Shanghai,free
401e9e00-1118-5301-9985-8233de1cbfb3,2026-03-16 07:29:57+00:00,campus_event,CN,mobile,medium,student,True,zh,Asia/Shanghai,free
bb2a36b2-97e6-55c0-bda7-159b19c323e3,2026-04-20 01:21:03+00:00,campus_event,US,tablet,medium,student,False,en,America/New_York,free
e25e4707-69c5-5d2f-a33d-32735bc32042,2026-03-17 18:26:28+00:00,campus_event,GB,desktop,high,early_career,True,en,Europe/London,free
1aeaa1b2-e821-52be-b40d-2142e570c3b0,2026-05-06 11:22:08+00:00,organic_search,IN,mobile,low,new_graduate,False,en,Asia/Kolkata,free
205f59cd-8751-5774-9bcb-4cdee8ae17bc,2026-05-02 06:28:31+00:00,organic_search,CN,tablet,high,early_career,True,zh,Asia/Shanghai,free
dbab58b2-9697-5763-80f8-16d969aaed43,2026-05-10 20:43:32+00:00,social_ads,US,desktop,medium,student,True,en,America/New_York,free
29e68303-692f-58ec-b240-5fc9d251b58f,2026-05-05 23:14:12+00:00,organic_search,IN,desktop,high,student,True,en,Asia/Kolkata,free
3ea8c45e-a150-5d8c-87b2-b59d1a70d251,2026-03-20 19:40:23+00:00,campus_event,BR,mobile,high,new_graduate,True,pt,America/Sao_Paulo,free
e9dcb523-51aa-5581-b851-b1138c989af4,2026-03-18 15:18:56+00:00,social_ads,CN,mobile,low,early_career,True,zh,Asia/Shanghai,free
4af80f92-b8c3-52c9-9b66-9020a09a0a46,2026-03-27 15:24:38+00:00,social_ads,US,desktop,high,student,True,en,America/New_York,free
17a07818-eb8f-5783-9b3a-544530fdf74d,2026-04-05 09:59:23+00:00,organic_search,US,desktop,medium,student,True,en,America/New_York,free
42788aed-4358-5cc7-b346-08b9c6592069,2026-05-03 17:16:21+00:00,social_ads,US,desktop,medium,new_graduate,True,en,America/New_York,free
f5bdaa55-69ab-5b91-8600-356ab064c614,2026-04-23 14:40:02+00:00,organic_search,IN,desktop,high,student,False,en,Asia/Kolkata,free
e3e0f878-3c9b-5d55-81b2-ba870a6a8776,2026-04-17 11:11:00+00:00,campus_event,JP,tablet,high,student,False,ja,Asia/Tokyo,free
6a1dc6af-0c9e-5857-b0ef-10b16a537ba1,2026-05-03 14:34:24+00:00,organic_search,AU,mobile,medium,new_graduate,True,en,Australia/Sydney,free
4934046d-253b-54a6-a8fe-8016c7e1b3df,2026-04-17 13:35:21+00:00,content_marketing,GB,mobile,high,student,False,en,Europe/London,free
c7208481-2625-576f-9d09-2604dfffc24c,2026-03-30 03:42:39+00:00,campus_event,US,desktop,medium,new_graduate,False,en,America/New_York,free
ae40717d-4909-5546-8214-03532fde1f26,2026-04-01 11:55:45+00:00,organic_search,JP,desktop,low,student,True,ja,Asia/Tokyo,free
f5b0ee5d-c5d5-5e8f-8698-12fbeffae2b7,2026-04-08 16:11:02+00:00,organic_search,US,desktop,low,new_graduate,False,en,America/New_York,free
8f08d8d5-453f-5ecd-8c99-7ac57f087a83,2026-03-10 03:00:23+00:00,organic_search,US,tablet,medium,early_career,True,en,America/New_York,free
de450146-c405-568e-8133-aa82176cc553,2026-04-24 04:16:55+00:00,organic_search,IN,tablet,medium,early_career,False,en,Asia/Kolkata,free
8108b56d-a0bc-53f4-91eb-54e19c16f5b6,2026-04-18 00:59:47+00:00,organic_search,US,desktop,medium,new_graduate,True,en,America/New_York,free
7e590ee7-67ab-57b3-b4ed-8eca902d17d3,2026-04-23 10:45:39+00:00,referral,GB,tablet,medium,new_graduate,False,en,Europe/London,free
ef3ccac3-5c29-509d-b756-95468703dade,2026-04-09 20:12:30+00:00,campus_event,AU,desktop,low,student,True,en,Australia/Sydney,free
2c3c67a4-46ce-58cc-bf54-39d118f4da5e,2026-04-27 00:34:54+00:00,organic_search,GB,desktop,medium,student,True,en,Europe/London,free
3fe223b2-065b-59a4-a40a-9749e71eedb9,2026-05-08 12:47:14+00:00,social_ads,GB,mobile,medium,student,False,en,Europe/London,free
02526e9d-6afd-5960-9879-9ad5358e5bc7,2026-04-12 07:48:36+00:00,organic_search,CN,desktop,low,new_graduate,True,zh,Asia/Shanghai,free
5ca7d962-6437-599d-9476-de9a77b04389,2026-04-03 15:53:57+00:00,content_marketing,US,tablet,medium,student,True,en,America/New_York,free
5eaf3cde-a60c-599e-aba9-10974d2f4abe,2026-03-11 05:14:32+00:00,organic_search,GB,desktop,high,student,True,en,Europe/London,free
16e41332-b0cd-5624-9f12-c0c109a8a392,2026-04-26 17:29:21+00:00,campus_event,CN,mobile,medium,new_graduate,True,zh,Asia/Shanghai,free
62a6eafd-983e-5853-a4f9-66df90a2ec6b,2026-05-05 08:58:46+00:00,campus_event,CA,desktop,high,new_graduate,True,en,America/Toronto,free
e3bfa0b3-83c4-59f8-b223-774cf231383b,2026-04-21 06:21:19+00:00,organic_search,US,desktop,high,student,True,en,America/New_York,free
549989d0-1564-5034-a539-05a4c4bece65,2026-05-02 17:23:16+00:00,organic_search,US,desktop,low,student,True,en,America/New_York,free
a190a0b5-4f87-59a6-85ac-1ddce8591f8d,2026-05-02 10:08:45+00:00,social_ads,CN,tablet,medium,new_graduate,True,zh,Asia/Shanghai,free
b67e2e9a-0f1a-5714-9adf-f2b53d1f7b28,2026-04-28 01:38:56+00:00,referral,IN,mobile,low,early_career,False,en,Asia/Kolkata,free
a868a9a7-ddcc-52f3-999b-9abde265103d,2026-04-07 16:46:11+00:00,social_ads,GB,mobile,medium,new_graduate,True,en,Europe/London,free
203903a4-e78f-5da5-9843-1adff1ff9c82,2026-03-10 21:22:19+00:00,campus_event,FR,desktop,medium,student,True,fr,Europe/Paris,free
d97641dc-6ed4-5eeb-b36b-6a60528d652d,2026-03-04 05:22:28+00:00,campus_event,US,desktop,medium,early_career,True,en,America/New_York,free
8cf887b2-65b6-5675-a580-b8f96e10ea10,2026-03-18 02:28:54+00:00,referral,CN,desktop,high,student,False,zh,Asia/Shanghai,free
c319240b-7c77-58f9-b192-a9ac4fb59899,2026-04-02 17:46:35+00:00,social_ads,US,mobile,medium,student,True,en,America/New_York,free
a2386721-a6c1-5d96-b7b6-abfddcc872db,2026-04-24 07:24:06+00:00,social_ads,US,desktop,high,student,True,en,America/New_York,free
1a4cd63a-ed67-5dc9-a84f-fb93725efa56,2026-04-04 10:48:58+00:00,campus_event,CN,desktop,medium,student,False,zh,Asia/Shanghai,free
b6e117e8-a11b-5496-a78e-c5bd7e17c3aa,2026-03-05 14:19:10+00:00,organic_search,CN,mobile,low,new_graduate,True,zh,Asia/Shanghai,free
41f516cc-a823-5856-b612-ce26bac15bf9,2026-03-18 12:19:55+00:00,referral,CN,mobile,low,new_graduate,False,zh,Asia/Shanghai,free
73d2ff04-67cf-5ed8-8608-f1d60b12acf0,2026-05-10 13:35:44+00:00,organic_search,CN,desktop,medium,early_career,True,zh,Asia/Shanghai,free
84026b2f-4cb8-5b9e-9074-06193e70a4e2,2026-05-11 04:09:53+00:00,organic_search,IN,desktop,medium,new_graduate,False,en,Asia/Kolkata,free
039d77e0-7ccb-5902-8a72-e574bcfcefee,2026-03-30 00:33:04+00:00,referral,GB,desktop,low,student,True,en,Europe/London,free
f93ddc77-c040-5250-8854-b53af5f7cc02,2026-04-28 13:03:20+00:00,organic_search,US,mobile,medium,new_graduate,True,en,America/New_York,free
60f482ab-edd2-5ca5-8b44-df643712f406,2026-04-22 15:10:52+00:00,organic_search,US,desktop,low,new_graduate,True,en,America/New_York,free
af27e1e3-bea3-51df-8401-72ccc9f5d47c,2026-05-07 06:10:49+00:00,organic_search,IN,mobile,medium,new_graduate,True,en,Asia/Kolkata,free
09f94c65-e27b-56d8-b1c9-1762de6f38a3,2026-05-04 05:49:02+00:00,social_ads,GB,desktop,medium,student,False,en,Europe/London,free
37176862-9c9a-5f87-8283-7301fba34038,2026-04-16 09:11:45+00:00,referral,GB,tablet,low,new_graduate,True,en,Europe/London,free
d8910b9a-e118-527f-ad79-f6b120a1b355,2026-03-31 05:30:24+00:00,organic_search,US,tablet,low,new_graduate,True,en,America/New_York,free
4dfcbd32-f491-52c7-a0c2-d5ddd418959b,2026-04-16 05:44:48+00:00,organic_search,CN,desktop,medium,student,True,zh,Asia/Shanghai,free
ad2c11a6-a888-5f3d-8010-975644b5f96d,2026-03-26 00:28:59+00:00,social_ads,CA,mobile,medium,early_career,False,en,America/Toronto,free
abaa65ed-2438-5fbb-bda1-caf223f11c2f,2026-03-28 00:26:15+00:00,content_marketing,CN,desktop,high,student,False,zh,Asia/Shanghai,free
0e043820-5298-5d25-9b47-62cc4114d341,2026-04-15 00:04:30+00:00,organic_search,CN,mobile,low,student,True,zh,Asia/Shanghai,free
c1e39f59-361f-53a0-9b1c-666e6763b8da,2026-04-12 10:14:09+00:00,content_marketing,JP,mobile,medium,new_graduate,True,ja,Asia/Tokyo,free
908c49c5-94e4-5050-8a07-3c4834317b66,2026-04-13 02:07:05+00:00,referral,US,mobile,medium,early_career,False,en,America/New_York,free
eda9516f-d55c-5047-8fbf-dc2c9ba00dd7,2026-03-30 13:01:21+00:00,organic_search,IN,desktop,medium,new_graduate,False,en,Asia/Kolkata,free
64f988ec-b7ee-5e1b-b183-1b36f5246b8a,2026-04-01 05:32:07+00:00,referral,DE,desktop,medium,new_graduate,True,de,Europe/Berlin,free
f4fea7ef-7924-5560-8ebb-c1a2777ee69c,2026-03-04 16:52:39+00:00,campus_event,US,mobile,low,early_career,True,en,America/New_York,free
cee105b6-549f-5a73-96d1-f04d6283fd1e,2026-04-14 12:32:19+00:00,social_ads,IN,mobile,high,student,False,en,Asia/Kolkata,free
2129cff4-2dfb-5e9b-af1d-fc296ad686a0,2026-04-12 17:29:59+00:00,social_ads,CN,mobile,high,student,True,zh,Asia/Shanghai,free
8f7ba03b-8f98-59ac-8ddf-11909d8477c6,2026-05-07 12:59:28+00:00,referral,DE,mobile,medium,new_graduate,False,de,Europe/Berlin,free
6ebc2bf1-4421-5655-b26d-f1fd18f09eea,2026-04-07 19:05:12+00:00,campus_event,CA,mobile,medium,student,False,en,America/Toronto,free
83f26ec3-92b8-5324-8ae5-b462a22a4613,2026-04-05 06:24:43+00:00,campus_event,DE,mobile,low,new_graduate,False,de,Europe/Berlin,free
e000008a-2cc2-5d30-917f-5efe4f47b302,2026-03-08 16:04:54+00:00,content_marketing,US,tablet,low,early_career,False,en,America/New_York,free
f0775cc1-61e5-59ee-944e-b7248b04385b,2026-03-17 13:48:17+00:00,social_ads,GB,mobile,low,student,False,en,Europe/London,free
76516372-88f2-5768-b412-0f84ef61b942,2026-03-27 07:47:23+00:00,referral,CA,tablet,medium,student,True,en,America/Toronto,free
8eaed640-1785-56e7-8855-a8c80a1f9a5b,2026-03-30 00:39:10+00:00,referral,IN,tablet,low,student,False,en,Asia/Kolkata,free
2b7c3f11-0a2a-5fca-96f8-614580c60cab,2026-03-29 00:36:26+00:00,organic_search,IN,desktop,low,new_graduate,True,en,Asia/Kolkata,free
daae7394-2c02-51d4-a039-471dd1b0eee7,2026-03-31 04:38:27+00:00,organic_search,US,mobile,low,new_graduate,True,en,America/New_York,free
302812ad-bd8f-5c26-a0b8-623e25dea152,2026-04-26 01:19:39+00:00,social_ads,DE,mobile,low,early_career,True,de,Europe/Berlin,free
222437d5-a2e1-5134-8ad9-2689266a75ae,2026-03-13 01:06:56+00:00,referral,US,desktop,medium,new_graduate,True,en,America/New_York,free
5fb58e96-5e10-50a2-b085-d0eaf4c64978,2026-03-26 22:13:17+00:00,organic_search,US,mobile,medium,early_career,True,en,America/New_York,free
7c42f721-5f74-5616-aea8-56eabac7216e,2026-03-15 05:42:53+00:00,campus_event,CA,desktop,medium,student,True,en,America/Toronto,free
19558015-ad3c-5bef-9d7c-4ab5e35a8208,2026-03-25 05:42:32+00:00,organic_search,BR,mobile,medium,student,True,pt,America/Sao_Paulo,free
c856d9c2-a1c1-50a7-9aa4-4f218fd577d3,2026-04-20 05:38:04+00:00,social_ads,AU,desktop,medium,student,True,en,Australia/Sydney,free
e8b070fa-e39c-5350-b7cd-4158ffe9ca2f,2026-03-07 05:26:25+00:00,campus_event,CN,mobile,high,early_career,True,zh,Asia/Shanghai,free
a62b38bf-3cdf-5e35-99a8-a9ccf6a4d92a,2026-03-27 10:10:29+00:00,organic_search,US,mobile,low,student,True,en,America/New_York,free
29c00e50-af6a-5320-b400-ef8a0e734fe8,2026-03-05 15:13:27+00:00,referral,CN,mobile,low,student,True,zh,Asia/Shanghai,free
ae5f5cd0-2f25-5663-8752-4f2f20d26351,2026-05-08 21:18:41+00:00,organic_search,US,desktop,high,student,True,en,America/New_York,free
ff8071ab-9020-5c09-97c1-662edd20c5e1,2026-04-23 04:20:26+00:00,content_marketing,DE,mobile,medium,student,False,de,Europe/Berlin,free
cd49d0d6-db41-5196-a2a7-e86e8abe1a8a,2026-03-20 19:23:45+00:00,organic_search,CN,desktop,medium,new_graduate,True,zh,Asia/Shanghai,free
b847c41d-cc4d-5160-bb91-d3438a4134c0,2026-03-17 16:12:51+00:00,content_marketing,CN,desktop,low,early_career,True,zh,Asia/Shanghai,free
b93ebd8e-90ea-5c19-8516-d0a7307effc1,2026-03-10 19:49:07+00:00,campus_event,US,desktop,low,student,True,en,America/New_York,free
fb231dfb-0c01-5ea4-ae2b-cfd8519e1a77,2026-04-05 15:05:19+00:00,organic_search,CN,tablet,low,new_graduate,True,zh,Asia/Shanghai,free
26fa7963-5942-5834-990a-e1389b5190fb,2026-04-24 23:48:11+00:00,organic_search,DE,desktop,high,student,True,de,Europe/Berlin,free
b481273f-50ba-5927-b91c-ece266e19195,2026-04-13 07:27:06+00:00,organic_search,IN,mobile,medium,student,False,en,Asia/Kolkata,free
9757dfe1-0556-59ce-95b7-a94b52e33b21,2026-05-03 18:59:43+00:00,social_ads,US,tablet,low,student,True,en,America/New_York,free
1f1ed835-b660-5c2d-94b7-341977d8dbe7,2026-03-27 17:21:42+00:00,referral,US,desktop,low,new_graduate,False,en,America/New_York,free
21c7b362-4694-5b04-9532-e2fa1927bae3,2026-03-23 04:33:19+00:00,social_ads,CN,tablet,low,new_graduate,True,zh,Asia/Shanghai,free
eb995f89-efd4-5e46-8881-0a624a2d2f2e,2026-04-05 23:39:11+00:00,social_ads,US,desktop,low,new_graduate,True,en,America/New_York,free
b7fa0065-5ea3-5d3a-b9c9-83aeee2569ce,2026-03-17 22:39:27+00:00,social_ads,BR,desktop,medium,early_career,True,pt,America/Sao_Paulo,free
80d0fa99-01b8-562a-a546-3e84e4e490ef,2026-05-10 07:40:03+00:00,social_ads,IN,desktop,medium,student,False,en,Asia/Kolkata,free
367c8b01-cb4d-5426-8856-b40b0f42135a,2026-03-16 19:37:42+00:00,campus_event,US,mobile,high,new_graduate,False,en,America/New_York,free
1b63bce4-27e8-5b41-b3b3-01f8f2a7736d,2026-04-06 01:00:10+00:00,social_ads,GB,tablet,medium,new_graduate,True,en,Europe/London,free
e86f6b5a-d611-5715-a511-0d84e66603bd,2026-04-09 00:27:07+00:00,campus_event,CN,mobile,high,student,True,zh,Asia/Shanghai,free
017dadb8-45f2-52aa-a297-017cd2326b17,2026-03-07 22:28:06+00:00,content_marketing,US,mobile,high,student,True,en,America/New_York,free
0be733d1-cd82-54f8-828b-fd9ff73b720e,2026-04-05 07:41:51+00:00,social_ads,CN,desktop,high,student,True,zh,Asia/Shanghai,free
232ad36e-7143-5867-80f1-6134273f5b44,2026-04-04 08:59:12+00:00,organic_search,US,tablet,high,student,True,en,America/New_York,free
64f785a3-62bc-5361-be70-680760367063,2026-03-21 21:37:55+00:00,organic_search,CN,mobile,medium,student,False,zh,Asia/Shanghai,free
f1c8bd7e-197f-5ce2-831c-70894165e79e,2026-03-12 19:54:54+00:00,social_ads,GB,desktop,low,student,True,en,Europe/London,free
910f0bb5-9319-5a8a-9e6b-5359fb18b6ae,2026-03-07 02:48:23+00:00,organic_search,CA,tablet,low,early_career,True,en,America/Toronto,free
e8e0dee4-5246-56b6-96f5-51f4e52126d1,2026-03-04 14:12:39+00:00,content_marketing,US,desktop,medium,early_career,True,en,America/New_York,free
df63d17a-f776-53f2-bee0-fe5e468049f8,2026-04-06 05:20:57+00:00,campus_event,IN,desktop,medium,new_graduate,True,en,Asia/Kolkata,free
f1f18332-e0b3-57b0-a67d-29713981160f,2026-03-10 04:46:35+00:00,social_ads,US,desktop,low,new_graduate,False,en,America/New_York,free
70b1d10d-845a-5be4-b508-1240f7e9cb99,2026-05-09 04:39:14+00:00,campus_event,CN,desktop,high,early_career,True,zh,Asia/Shanghai,free
e949ca62-80ce-59df-a816-9ae8bf1562c0,2026-03-20 21:18:03+00:00,organic_search,US,mobile,high,student,True,en,America/New_York,free
b76a9f63-210a-509e-9c96-745dbf31f9c9,2026-04-18 00:34:17+00:00,referral,CN,mobile,medium,new_graduate,True,zh,Asia/Shanghai,free
219a69d1-4a10-55aa-a4eb-281b65675780,2026-04-19 11:17:46+00:00,organic_search,US,tablet,medium,new_graduate,False,en,America/New_York,free
22e2c7e0-5818-5b96-9f98-0359c7d4a514,2026-04-07 04:33:30+00:00,campus_event,BR,desktop,low,early_career,True,pt,America/Sao_Paulo,free
acd4da4f-7458-5852-8511-0d52b925e72a,2026-05-03 23:15:44+00:00,content_marketing,DE,mobile,medium,early_career,True,de,Europe/Berlin,free
65e6cd85-858e-54fb-aff8-20be4f12e612,2026-03-11 15:18:20+00:00,campus_event,US,mobile,low,student,True,en,America/New_York,free
3f801476-33fb-5bc4-9ca4-310796750ee6,2026-03-20 03:33:21+00:00,referral,GB,mobile,medium,new_graduate,False,en,Europe/London,free
2110d262-399b-5631-b8c4-7cd3e85be60a,2026-03-21 10:02:03+00:00,social_ads,US,mobile,medium,student,True,en,America/New_York,free
e39f608d-de66-5f5c-aad7-d1b023a9d3a2,2026-03-13 08:14:45+00:00,referral,IN,mobile,low,student,False,en,Asia/Kolkata,free
f21a0a49-609a-598e-87d6-6ba3b2302ea8,2026-03-24 08:08:43+00:00,social_ads,US,mobile,medium,new_graduate,False,en,America/New_York,free
02d5b249-c66d-5614-a91f-9d7dd9386659,2026-03-25 13:48:35+00:00,campus_event,US,tablet,medium,new_graduate,True,en,America/New_York,free
222ea05f-af4f-5af6-8c4a-661731be8283,2026-04-25 18:30:51+00:00,organic_search,IN,desktop,medium,student,True,en,Asia/Kolkata,free
e7f30164-2344-57bc-9149-7b2449e17978,2026-03-24 19:29:35+00:00,organic_search,CN,mobile,high,student,False,zh,Asia/Shanghai,free
b3b6098b-ecba-51cd-82e8-08dcbf339913,2026-05-03 11:49:58+00:00,social_ads,CN,mobile,low,new_graduate,True,zh,Asia/Shanghai,free
68029313-0f4d-5303-bc5a-3a98b5b18d67,2026-04-26 07:32:52+00:00,organic_search,CN,desktop,high,student,False,zh,Asia/Shanghai,free
1e6e9e63-ce10-5005-8a06-04ba84c4e658,2026-05-05 05:07:07+00:00,campus_event,US,desktop,low,early_career,False,en,America/New_York,free
6fee2aa6-7b6d-5d34-9d0b-4b485084800a,2026-03-11 06:15:06+00:00,referral,US,tablet,low,new_graduate,True,en,America/New_York,free
8f804aca-b5ac-5e1f-ac77-9dc083fd4646,2026-05-10 22:26:43+00:00,content_marketing,IN,desktop,high,new_graduate,True,en,Asia/Kolkata,free
15e8f5e4-2257-521b-9242-31a670f281b5,2026-04-15 08:43:19+00:00,organic_search,IN,desktop,medium,student,True,en,Asia/Kolkata,free
960bff06-8072-5afd-b55c-acaf38f30762,2026-05-10 18:47:56+00:00,content_marketing,US,mobile,medium,early_career,True,en,America/New_York,free
225bd123-8c62-55c3-b792-533a58e8e1db,2026-03-28 11:37:06+00:00,organic_search,CN,desktop,medium,early_career,True,zh,Asia/Shanghai,free
3fb6aec5-52f6-5cc4-963d-0735d47440dc,2026-05-08 18:09:58+00:00,social_ads,IN,desktop,medium,student,True,en,Asia/Kolkata,free
ef81aa24-bfdc-5abd-a441-1a65b6161733,2026-04-13 14:43:50+00:00,referral,IN,desktop,high,new_graduate,True,en,Asia/Kolkata,free
860e030d-bbb2-54f5-bca8-59ea68d79ee0,2026-03-08 22:56:13+00:00,organic_search,GB,desktop,low,early_career,False,en,Europe/London,free
4875eb38-68cc-5d00-8b90-3ad080b51f91,2026-04-01 07:09:57+00:00,organic_search,CN,desktop,high,student,True,zh,Asia/Shanghai,free
d094ed20-3189-5ea2-a2bf-2ebf38cf619e,2026-03-13 12:11:08+00:00,organic_search,CN,mobile,high,new_graduate,True,zh,Asia/Shanghai,free
141f0ae9-7360-5d6f-b338-337130aa3ab4,2026-05-07 22:45:32+00:00,social_ads,CN,desktop,high,early_career,True,zh,Asia/Shanghai,free
182749a8-9d1e-5ec0-bd2f-80949dadb79f,2026-03-25 00:11:46+00:00,referral,US,desktop,medium,new_graduate,True,en,America/New_York,free
29eadfac-b348-5feb-80a7-61f2ac9d71c1,2026-03-19 08:13:47+00:00,organic_search,US,mobile,medium,early_career,True,en,America/New_York,free
6acc4396-8139-5a02-a76e-7f82621fb2d3,2026-04-11 03:35:57+00:00,organic_search,US,desktop,medium,student,False,en,America/New_York,free
accf45d6-6fcb-5d28-85ef-47b70f69aec3,2026-04-02 08:04:01+00:00,social_ads,GB,desktop,medium,early_career,True,en,Europe/London,free
6d67ffd5-88ce-54be-8ddf-95969acf6b30,2026-03-10 16:35:42+00:00,organic_search,US,desktop,high,early_career,True,en,America/New_York,free
ee4bdd6a-e8ac-5816-b75e-5938a5a70f58,2026-04-29 08:06:50+00:00,campus_event,IN,desktop,medium,student,True,en,Asia/Kolkata,free
fea6f33d-5759-53cc-a858-3497aa332ac3,2026-05-01 08:38:22+00:00,content_marketing,CN,desktop,medium,student,True,zh,Asia/Shanghai,free
f49d58ba-83b6-5a6a-9265-3e8341765ae1,2026-04-24 06:20:42+00:00,campus_event,CN,desktop,high,new_graduate,True,zh,Asia/Shanghai,free
626f83f5-1182-5992-840c-d13acc6eb0cc,2026-04-15 13:20:52+00:00,referral,GB,tablet,low,early_career,True,en,Europe/London,free
6590f7f3-1d35-5fb3-9872-f6f6190b7d4b,2026-03-31 18:38:07+00:00,social_ads,IN,tablet,high,student,True,en,Asia/Kolkata,free
d9395874-53eb-56d7-8a66-973fc63f7a60,2026-04-10 10:09:18+00:00,referral,US,tablet,high,student,True,en,America/New_York,free
a8132ea5-8ae7-5f6b-94d7-654c7692f20a,2026-04-08 22:46:11+00:00,organic_search,GB,desktop,low,early_career,True,en,Europe/London,free
c097eb49-6d8a-535c-9fa3-7ce93ab8ed32,2026-03-15 09:45:18+00:00,organic_search,CN,mobile,low,student,True,zh,Asia/Shanghai,free
8b46e0b5-821b-5ca5-8778-8e61e87b526f,2026-03-09 15:28:56+00:00,campus_event,US,mobile,medium,new_graduate,True,en,America/New_York,free
201320e1-edcc-5e3e-9570-b55b64a42608,2026-03-21 11:23:26+00:00,organic_search,IN,desktop,low,new_graduate,False,en,Asia/Kolkata,free
1d22581f-a633-5a04-99aa-12906e3cbea3,2026-04-04 08:22:33+00:00,referral,IN,tablet,high,early_career,True,en,Asia/Kolkata,free
a6b29f8f-dec3-53da-977d-90f9c6058dfb,2026-03-15 01:28:35+00:00,campus_event,US,mobile,low,student,True,en,America/New_York,free
9627b2ef-ace1-5d65-8f61-2af4b8939853,2026-03-11 08:38:28+00:00,content_marketing,JP,desktop,low,early_career,False,ja,Asia/Tokyo,free
17008f4c-b05d-5c10-8b8f-e9e9fb5b28e8,2026-05-01 18:48:03+00:00,organic_search,IN,tablet,low,new_graduate,True,en,Asia/Kolkata,free
3f51c859-c0f1-5e00-9457-832fbc51b7d9,2026-03-29 20:59:39+00:00,social_ads,IN,desktop,high,early_career,True,en,Asia/Kolkata,free
acccb54f-d211-5504-aa8a-d11746d61119,2026-04-13 07:28:51+00:00,campus_event,US,mobile,medium,student,False,en,America/New_York,free
b7777d75-d94d-557c-a6f9-c591fa49836d,2026-04-09 03:47:25+00:00,organic_search,US,desktop,high,new_graduate,True,en,America/New_York,free
f97fe353-0786-5a78-972a-75ddafc55474,2026-04-23 17:22:26+00:00,social_ads,CN,desktop,high,early_career,True,zh,Asia/Shanghai,free
47a7fd12-916c-55dd-aa01-ce82a37cb2d5,2026-04-24 01:07:43+00:00,campus_event,IN,tablet,medium,early_career,True,en,Asia/Kolkata,free
40d4f140-5d4e-53aa-a895-00b8e165a7d0,2026-03-24 10:13:48+00:00,content_marketing,CN,mobile,low,student,False,zh,Asia/Shanghai,free
04f8d396-0a65-5f60-bab5-87e3093f63fa,2026-05-01 12:08:03+00:00,campus_event,GB,desktop,low,new_graduate,True,en,Europe/London,free
357bd63f-33ee-51cb-9828-55e6816ddb1c,2026-03-29 14:47:38+00:00,organic_search,US,mobile,high,student,True,en,America/New_York,free
4d2a1f28-c941-51fc-a0c7-2c842eb937f5,2026-04-30 15:06:04+00:00,social_ads,IN,tablet,low,student,True,en,Asia/Kolkata,free
e65828e3-ebf6-5c06-b592-ebcb026dfa20,2026-03-31 22:26:22+00:00,social_ads,GB,tablet,high,new_graduate,True,en,Europe/London,free
db23c22d-2689-56b9-a5b6-1f1ba14a4862,2026-03-11 15:48:21+00:00,organic_search,GB,tablet,high,early_career,True,en,Europe/London,free
922cc20d-60ed-5cbd-b21a-c4fd1383ab53,2026-04-25 10:35:04+00:00,social_ads,GB,tablet,medium,new_graduate,True,en,Europe/London,free
a21cf9e9-f775-515a-99d4-cb5dab4bc5e9,2026-03-06 01:56:48+00:00,organic_search,DE,mobile,medium,student,True,de,Europe/Berlin,free
29b72b50-2693-587e-a008-2d631ece4505,2026-04-26 07:00:58+00:00,organic_search,US,desktop,high,student,True,en,America/New_York,free
813b476c-a909-50c3-9b7d-44a42ae6069d,2026-03-06 23:28:37+00:00,social_ads,IN,tablet,high,student,True,en,Asia/Kolkata,free
755b5dd4-4149-55f2-8e0d-9d1a06709757,2026-03-18 06:28:58+00:00,organic_search,FR,desktop,medium,student,True,fr,Europe/Paris,free
8727adb4-3fae-5b03-b9bb-899fffd35d97,2026-04-14 15:10:17+00:00,social_ads,CN,desktop,medium,early_career,True,zh,Asia/Shanghai,free
d39f3f8a-03b1-585b-ab73-01f998c5587b,2026-05-07 23:11:17+00:00,organic_search,US,desktop,medium,student,True,en,America/New_York,free
453b0718-af82-5cf3-be84-876b29e886ee,2026-04-01 04:26:19+00:00,campus_event,AU,desktop,medium,student,True,en,Australia/Sydney,free
7275929a-b142-57cc-a657-68509828dbcb,2026-03-12 07:48:17+00:00,organic_search,US,mobile,high,new_graduate,True,en,America/New_York,free
50846bd4-601c-5286-a924-368f871413f0,2026-03-20 01:41:49+00:00,referral,US,tablet,medium,student,False,en,America/New_York,free
f47d56fd-afa4-5f59-a87a-9ff5ad2caaf1,2026-05-04 19:58:40+00:00,organic_search,US,mobile,high,student,True,en,America/New_York,free
422851a4-a2d7-5d66-b3f0-a1374ca00eb8,2026-04-23 03:28:27+00:00,social_ads,CN,mobile,low,new_graduate,True,zh,Asia/Shanghai,free
c1517ac9-d402-5f93-abc7-d4d953af0e78,2026-03-10 22:15:17+00:00,organic_search,CN,desktop,high,student,False,zh,Asia/Shanghai,free
73a05524-9884-5c49-9679-6fc37fd675a9,2026-03-30 13:23:22+00:00,organic_search,CN,mobile,medium,new_graduate,True,zh,Asia/Shanghai,free
664489ee-d3de-5204-80ff-ce94c209210b,2026-03-22 06:04:39+00:00,social_ads,CA,desktop,medium,new_graduate,True,en,America/Toronto,free
0473fdf8-8906-5617-9574-590586d02989,2026-03-16 06:29:22+00:00,referral,CN,desktop,low,new_graduate,True,zh,Asia/Shanghai,free
5d598d19-9678-509e-8179-408da3e93f60,2026-05-01 09:46:05+00:00,content_marketing,CN,mobile,high,student,False,zh,Asia/Shanghai,free
872fc618-1068-5d78-a0e5-07072bea387c,2026-04-15 14:55:48+00:00,organic_search,DE,mobile,medium,student,True,de,Europe/Berlin,free
4c38c24e-a52f-5d3a-8e69-0b75980473c3,2026-03-16 09:14:18+00:00,organic_search,GB,desktop,medium,new_graduate,True,en,Europe/London,free
b0af0c21-5ae3-51da-ab68-ba656dbc81ce,2026-04-17 21:33:02+00:00,campus_event,US,desktop,medium,student,True,en,America/New_York,free
b913499d-4ee2-5713-917d-4f40ab99f556,2026-04-01 12:52:05+00:00,social_ads,US,desktop,medium,student,True,en,America/New_York,free
b3b607b6-c813-542c-9d87-99724c9f8573,2026-03-08 05:48:18+00:00,organic_search,IN,mobile,medium,student,True,en,Asia/Kolkata,free
ff5d819b-7f63-5ec9-8ae4-0896b72f62c9,2026-04-04 00:58:00+00:00,campus_event,GB,desktop,low,student,False,en,Europe/London,free
c9b8c02a-211f-5ef0-bf34-63266c3a0db6,2026-03-16 18:44:37+00:00,social_ads,CN,desktop,medium,student,False,zh,Asia/Shanghai,free
b044fae5-5e91-57c1-bd01-5b74db21c805,2026-03-20 22:08:54+00:00,campus_event,US,tablet,medium,early_career,True,en,America/New_York,free
86b061dc-ab41-5a9a-96af-4d39acbc0848,2026-05-03 15:37:13+00:00,social_ads,IN,mobile,medium,new_graduate,False,en,Asia/Kolkata,free
a79faaea-10ba-54e7-a929-50ac9383ff85,2026-04-22 00:09:56+00:00,social_ads,IN,desktop,medium,new_graduate,False,en,Asia/Kolkata,free
59adbfe0-d77b-5c09-b83f-d10a34291bbc,2026-03-13 06:03:18+00:00,organic_search,CN,mobile,medium,student,False,zh,Asia/Shanghai,free
b3f92254-0c09-5ff1-a653-7b5709fb604b,2026-05-01 17:48:35+00:00,campus_event,DE,desktop,low,student,False,de,Europe/Berlin,free
3547e987-b69c-528b-9285-051687d3743e,2026-04-12 15:03:09+00:00,organic_search,GB,desktop,high,early_career,False,en,Europe/London,free
2e7fe264-b70f-529a-846e-3c1d900f8824,2026-05-03 08:17:46+00:00,campus_event,IN,mobile,medium,new_graduate,True,en,Asia/Kolkata,free
7dcd04da-9e6f-577c-96bf-05e76910d0f9,2026-04-24 13:09:23+00:00,campus_event,IN,desktop,medium,early_career,True,en,Asia/Kolkata,free
75e7dd51-9e7b-54f5-b91e-95254b59384b,2026-03-27 09:55:01+00:00,campus_event,IN,desktop,high,student,True,en,Asia/Kolkata,free
6ad516d5-fbc7-50f2-9a77-eea2cccbfeee,2026-04-09 21:44:30+00:00,organic_search,CN,tablet,high,student,True,zh,Asia/Shanghai,free
7d6a7fb1-ef8e-5bce-9ec5-8b99d9d7e890,2026-04-09 15:05:16+00:00,organic_search,CN,mobile,medium,new_graduate,False,zh,Asia/Shanghai,free
cf3ce54c-888a-537f-bb9e-383f95f534f3,2026-04-22 16:13:22+00:00,social_ads,IN,tablet,medium,student,False,en,Asia/Kolkata,free
60fc1c08-acf5-5f00-8ca7-20818befb676,2026-03-21 03:21:38+00:00,social_ads,IN,tablet,high,student,False,en,Asia/Kolkata,free
013276e5-af25-5058-a424-9bd0b83f36e1,2026-03-26 23:35:38+00:00,content_marketing,CN,desktop,high,student,False,zh,Asia/Shanghai,free
fc0af51e-edc8-5ba2-b880-4ee26b65bd81,2026-03-20 21:22:57+00:00,social_ads,US,mobile,low,student,True,en,America/New_York,free
318e2467-3df6-598f-b657-8104fdfd7ea7,2026-03-24 10:24:44+00:00,referral,IN,desktop,medium,early_career,True,en,Asia/Kolkata,free
291ff8c4-b1f7-5c5d-b2f8-79ec14b26f6a,2026-03-15 03:02:11+00:00,organic_search,IN,mobile,high,early_career,True,en,Asia/Kolkata,free
3489d7f9-6135-5528-86bc-09f06161314c,2026-03-06 12:31:14+00:00,social_ads,US,desktop,high,new_graduate,True,en,America/New_York,free
b0396854-4c8a-5288-ae41-7308bba63c14,2026-05-07 20:40:16+00:00,organic_search,CN,desktop,low,student,False,zh,Asia/Shanghai,free
4a14e418-e68c-5f25-b784-237666c280a4,2026-03-09 03:03:57+00:00,campus_event,US,desktop,medium,early_career,True,en,America/New_York,free
7f7fb23d-887f-56b4-af89-30487e8c97a9,2026-05-04 06:30:33+00:00,organic_search,FR,mobile,medium,new_graduate,True,fr,Europe/Paris,free
96ce06b9-ae13-50b6-b029-06ba390797c5,2026-03-04 05:05:47+00:00,organic_search,DE,desktop,low,early_career,True,de,Europe/Berlin,free
d14ab6de-b581-572e-8e31-29984f847bd6,2026-04-26 15:18:20+00:00,campus_event,CN,mobile,medium,new_graduate,True,zh,Asia/Shanghai,free
e129c8f7-6790-560a-83b1-34f302af1002,2026-03-26 15:50:13+00:00,social_ads,CN,tablet,medium,early_career,False,zh,Asia/Shanghai,free
cdc32a73-b66c-573a-bb9c-6079d740830f,2026-04-08 17:14:49+00:00,organic_search,IN,mobile,low,student,False,en,Asia/Kolkata,free
585974cf-d34d-5ccf-a852-7673a114eaa3,2026-03-23 11:21:27+00:00,organic_search,CN,desktop,medium,new_graduate,True,zh,Asia/Shanghai,free
48e0d3c6-5f95-5abb-b2f3-ca0cd29761ab,2026-04-06 20:26:47+00:00,social_ads,JP,desktop,high,early_career,False,ja,Asia/Tokyo,free
89b0d63c-3d96-5d59-b886-04f42d0fc802,2026-04-04 03:47:10+00:00,organic_search,US,tablet,high,early_career,True,en,America/New_York,free
fcecb7b5-7395-5023-8c48-233933c8746e,2026-04-09 13:15:30+00:00,organic_search,US,mobile,high,early_career,True,en,America/New_York,free
6e977839-dd9b-5795-9241-f006447ae850,2026-03-31 03:16:33+00:00,campus_event,CN,desktop,high,student,True,zh,Asia/Shanghai,free
e04b4529-a3a2-584f-9cb8-3194d4a6fc7f,2026-04-10 00:33:22+00:00,organic_search,US,tablet,high,new_graduate,False,en,America/New_York,free
ba98d884-958e-5852-bf3b-99ee0e049920,2026-04-29 22:57:31+00:00,social_ads,IN,desktop,medium,student,False,en,Asia/Kolkata,free
114cae18-32f5-59c2-a402-965d87f54776,2026-04-02 23:38:10+00:00,social_ads,GB,desktop,low,new_graduate,True,en,Europe/London,free
2932c23f-e214-5400-b66f-bd69c2a64c6c,2026-03-28 22:26:13+00:00,organic_search,US,desktop,high,student,True,en,America/New_York,free
9117e39b-aa94-50a5-9ecd-4650b17db654,2026-03-13 02:11:08+00:00,organic_search,CN,desktop,medium,student,False,zh,Asia/Shanghai,free
0946478f-1eb7-5f6a-b73f-6b9a3abf0811,2026-03-28 19:41:33+00:00,organic_search,IN,desktop,medium,early_career,False,en,Asia/Kolkata,free
783c2975-2861-5ef3-8555-3e4327963417,2026-03-12 16:05:56+00:00,organic_search,GB,mobile,high,early_career,True,en,Europe/London,free
602bbff7-0f3a-512c-9187-adfd0951662b,2026-03-16 14:13:27+00:00,organic_search,CN,desktop,medium,new_graduate,True,zh,Asia/Shanghai,free
750c6e87-d384-5c5e-9d0d-d0f9702d9643,2026-05-08 16:55:30+00:00,content_marketing,US,mobile,high,student,True,en,America/New_York,free
d8fd4a9d-89ee-5e47-805c-bd6ecfd4f87f,2026-03-10 04:04:12+00:00,referral,CN,mobile,medium,student,False,zh,Asia/Shanghai,free
63af3f36-2489-5c63-b70e-aeed281b6711,2026-04-06 06:14:33+00:00,social_ads,CN,tablet,low,student,True,zh,Asia/Shanghai,free
961aa5fd-1fc9-5902-8a6c-2bdf4f16a55d,2026-04-30 13:36:03+00:00,social_ads,GB,desktop,high,student,True,en,Europe/London,free
9459b421-d802-5470-9ded-5532aef3dc09,2026-05-08 18:30:29+00:00,social_ads,CN,mobile,high,early_career,False,zh,Asia/Shanghai,free
11571d02-4947-514d-9ee0-dde055cbdb15,2026-03-14 02:57:28+00:00,referral,US,desktop,medium,new_graduate,True,en,America/New_York,free
4b2ef7e3-010c-5d53-9cee-61c8e9c3e555,2026-03-15 06:52:58+00:00,organic_search,GB,mobile,medium,student,True,en,Europe/London,free
0daae49d-63f4-5188-9ffe-9f26d4e95d6b,2026-03-29 17:01:12+00:00,organic_search,CN,desktop,low,new_graduate,False,zh,Asia/Shanghai,free
4fb0e66e-5596-5da8-ab60-eda27e691ffd,2026-04-11 06:06:48+00:00,organic_search,US,mobile,low,student,True,en,America/New_York,free
baf498ac-dfd6-5469-abc7-aee68b72e413,2026-05-09 05:26:28+00:00,organic_search,CN,desktop,low,student,True,zh,Asia/Shanghai,free
8d507d40-b04b-5e59-93b2-be45c0a8c66a,2026-03-18 07:58:46+00:00,organic_search,BR,mobile,low,student,True,pt,America/Sao_Paulo,free
7242fe6c-14a3-533d-910e-aa38550394c5,2026-03-15 08:14:16+00:00,referral,IN,desktop,medium,student,True,en,Asia/Kolkata,free
b4994fb6-aeee-5a7a-ad99-c35b3a24840e,2026-03-21 11:16:24+00:00,content_marketing,US,desktop,medium,new_graduate,True,en,America/New_York,free
5611e93f-b390-56d7-a48e-213d8184ff93,2026-05-03 07:52:21+00:00,organic_search,IN,mobile,low,new_graduate,True,en,Asia/Kolkata,free
99433b18-8c23-53c6-97e1-8d81b48768cc,2026-03-06 01:46:12+00:00,social_ads,US,desktop,medium,new_graduate,True,en,America/New_York,free
92d23f80-dca1-57b8-b665-b6e74e68aefb,2026-03-30 05:30:02+00:00,social_ads,CN,mobile,low,early_career,True,zh,Asia/Shanghai,free
6b2e3cdf-8b54-53df-8815-af1a99f2aa6c,2026-03-12 04:59:11+00:00,social_ads,CN,mobile,low,early_career,False,zh,Asia/Shanghai,free
65a657f9-1492-5081-8cf7-4da469dc59db,2026-03-14 20:06:44+00:00,social_ads,US,mobile,high,early_career,True,en,America/New_York,free
ddacdac9-e88c-5511-bda6-43989ebe4cca,2026-05-06 06:18:02+00:00,organic_search,US,mobile,high,early_career,False,en,America/New_York,free
0c9ff915-1f86-5e58-b85d-6e21c752ea68,2026-03-04 02:45:04+00:00,referral,BR,mobile,high,early_career,False,pt,America/Sao_Paulo,free
aca257f8-559d-5516-a1d2-21f771c58b11,2026-03-26 04:27:30+00:00,content_marketing,US,tablet,low,early_career,True,en,America/New_York,free
b18b8c5d-ff1a-503e-a2b8-020c223b7eaa,2026-05-06 03:56:33+00:00,campus_event,GB,desktop,medium,student,True,en,Europe/London,free
736ff8eb-b2b4-5ac6-8336-d785a0d91aef,2026-04-14 23:03:42+00:00,campus_event,IN,mobile,low,student,True,en,Asia/Kolkata,free
7965028f-7a2c-5e90-86b4-6d37e842624d,2026-03-08 22:49:34+00:00,social_ads,CN,mobile,medium,new_graduate,True,zh,Asia/Shanghai,free
87d18766-da9c-5315-9856-65aec03ad572,2026-04-05 02:03:47+00:00,organic_search,US,desktop,high,early_career,True,en,America/New_York,free
656f29ac-fc9f-53c8-86a3-92035669fced,2026-05-09 23:53:10+00:00,organic_search,US,desktop,medium,early_career,True,en,America/New_York,free
b28f93e5-d143-506c-8710-862b632ee0cf,2026-03-31 15:08:49+00:00,social_ads,US,desktop,high,new_graduate,False,en,America/New_York,free
106d7b3e-2429-571a-abfc-14143abc1ac3,2026-04-09 11:24:47+00:00,organic_search,CN,mobile,medium,early_career,True,zh,Asia/Shanghai,free
cd2beacc-1025-56ef-b964-689bc39d4a4b,2026-04-09 16:48:11+00:00,referral,JP,desktop,medium,new_graduate,True,ja,Asia/Tokyo,free
8e268188-42a5-507e-aaca-5b7e107b076c,2026-04-18 13:42:00+00:00,social_ads,DE,mobile,low,new_graduate,False,de,Europe/Berlin,free
d27b2088-f885-5c20-93cf-f8b621f6c105,2026-03-16 22:04:02+00:00,social_ads,US,mobile,high,student,False,en,America/New_York,free
007486a0-f249-5fb0-a8b9-593743136bd4,2026-04-30 22:31:02+00:00,organic_search,US,mobile,medium,new_graduate,False,en,America/New_York,free
f3ee62b2-5717-5bfb-9175-304bdbc946eb,2026-03-13 20:04:05+00:00,content_marketing,US,desktop,low,student,True,en,America/New_York,free
0b5d67c7-bb98-594e-b1fb-6a5d6af1c350,2026-04-29 11:07:03+00:00,organic_search,JP,mobile,low,student,True,ja,Asia/Tokyo,free
a4aa0d3c-1601-5720-b151-9163a88dcdf5,2026-04-29 08:48:07+00:00,organic_search,US,mobile,high,new_graduate,True,en,America/New_York,free
598c8678-6937-59da-a6bf-2bb7ad2a0c82,2026-04-24 04:06:48+00:00,organic_search,US,desktop,low,student,True,en,America/New_York,free
d19f2d0c-d02b-511d-af64-c0109441ef12,2026-03-29 14:10:17+00:00,campus_event,IN,desktop,high,early_career,True,en,Asia/Kolkata,free
2401c25e-1de5-5012-a987-86a9de53e397,2026-04-05 08:15:54+00:00,content_marketing,CN,desktop,medium,new_graduate,False,zh,Asia/Shanghai,free
542b5fb7-e6f8-5597-97a6-e38f52113abf,2026-04-30 21:44:01+00:00,organic_search,US,tablet,medium,new_graduate,True,en,America/New_York,free
e7a2dabe-3b42-5c2d-9e98-33dec74c20e4,2026-03-14 13:09:51+00:00,content_marketing,IN,desktop,medium,student,False,en,Asia/Kolkata,free
3429c01a-c077-576f-94f5-d04e13c0b778,2026-04-30 04:24:05+00:00,organic_search,US,desktop,high,early_career,True,en,America/New_York,free
05177376-7972-5abe-93c4-dc4f7b6c785c,2026-05-06 12:37:20+00:00,campus_event,US,desktop,medium,new_graduate,True,en,America/New_York,free
a14aa7fb-9d92-5a42-b28f-7ba1bb1915fb,2026-04-20 01:10:27+00:00,organic_search,US,desktop,low,new_graduate,False,en,America/New_York,free
c99dbc49-74c0-56b1-85c6-66a4f66a61d9,2026-03-27 13:20:12+00:00,social_ads,CN,desktop,low,new_graduate,True,zh,Asia/Shanghai,free
54248ab1-a76c-5665-aaff-f0389a762cda,2026-04-11 13:57:13+00:00,campus_event,JP,mobile,high,new_graduate,True,ja,Asia/Tokyo,free
393f89a8-38ea-53a3-9251-9e75b068651f,2026-03-07 10:58:35+00:00,social_ads,CN,mobile,medium,new_graduate,True,zh,Asia/Shanghai,free
a3093110-9bda-5787-872b-3ae36f302d93,2026-05-07 07:04:00+00:00,organic_search,GB,mobile,medium,new_graduate,True,en,Europe/London,free
b040d23d-d2af-5685-b0d9-e99a1e7a72d7,2026-03-27 15:01:12+00:00,referral,US,desktop,low,early_career,True,en,America/New_York,free
791b564e-5995-5db9-a7ac-d6c6e94b8339,2026-03-07 22:33:16+00:00,content_marketing,IN,mobile,medium,student,False,en,Asia/Kolkata,free
5f5c92a0-0bb3-5eef-9bf6-740cf95cde17,2026-04-27 19:37:14+00:00,social_ads,FR,mobile,high,early_career,True,fr,Europe/Paris,free
d7b1c44c-f183-54c2-9110-ea05409d19ec,2026-04-18 08:54:58+00:00,campus_event,CN,mobile,low,student,False,zh,Asia/Shanghai,free
4bc918dd-5bf5-5306-b927-5677877e1c45,2026-04-15 23:12:19+00:00,campus_event,AU,tablet,high,student,False,en,Australia/Sydney,free
7c20daed-0a97-5508-92a9-4d4ca70c8c4a,2026-03-07 17:35:02+00:00,organic_search,IN,desktop,high,student,False,en,Asia/Kolkata,free
4c21fae0-4f02-540b-9e7e-2a78c73c9dd1,2026-04-24 19:23:18+00:00,referral,IN,mobile,medium,student,False,en,Asia/Kolkata,free
a5432c9b-f924-5eb2-b7dc-390b22f44b3c,2026-04-16 23:23:50+00:00,organic_search,US,mobile,high,student,True,en,America/New_York,free
b9fecfe6-9ec6-5ec8-ab2b-d32e2c82f1ee,2026-04-27 18:15:35+00:00,campus_event,IN,desktop,medium,early_career,True,en,Asia/Kolkata,free
62043c44-f876-57e7-a427-def2990e37ea,2026-04-30 02:03:29+00:00,organic_search,CN,mobile,medium,new_graduate,False,zh,Asia/Shanghai,free
4d9c0f87-cee8-596b-b8fe-4934cb252b46,2026-03-18 14:59:47+00:00,organic_search,FR,desktop,low,early_career,True,fr,Europe/Paris,free
8d570b17-982e-548e-aacf-28ab3b5e5cd0,2026-03-18 12:49:08+00:00,social_ads,CA,desktop,high,student,True,en,America/Toronto,free
b25f0a21-246d-592d-b7d1-52b78996d181,2026-05-06 17:47:05+00:00,social_ads,CN,mobile,medium,new_graduate,True,zh,Asia/Shanghai,free
9008f8dc-bbc2-55e3-9dab-465ceab2e9ef,2026-04-09 15:22:47+00:00,referral,BR,mobile,high,student,True,pt,America/Sao_Paulo,free
6fecfdb7-1989-5078-b6e1-60ecd0291ed9,2026-04-03 05:18:37+00:00,content_marketing,DE,tablet,low,new_graduate,True,de,Europe/Berlin,free
688dcc8a-cb9f-57e4-a9ee-7d709dca5812,2026-03-23 19:36:20+00:00,organic_search,CN,tablet,medium,student,False,zh,Asia/Shanghai,free
b19a4197-25d0-5e9b-8232-cf6e18c64d5e,2026-04-17 02:12:22+00:00,organic_search,US,desktop,high,new_graduate,True,en,America/New_York,free
04d07ce1-45b1-580a-8677-e531d5943ac3,2026-04-25 00:33:18+00:00,social_ads,US,mobile,medium,new_graduate,True,en,America/New_York,free
d5ba10b5-eaba-501c-a3b5-66570994ef93,2026-03-04 03:49:22+00:00,social_ads,US,tablet,low,student,True,en,America/New_York,free
b55ef653-fd66-59b1-9be7-d08683b71fbf,2026-04-11 03:10:05+00:00,social_ads,US,desktop,high,student,True,en,America/New_York,free
391e1b13-e74d-5367-a974-940c86c7939a,2026-05-11 13:01:04+00:00,referral,JP,mobile,low,student,True,ja,Asia/Tokyo,free
02e5cb80-6288-566b-b563-da50cd071c17,2026-03-23 08:44:22+00:00,campus_event,US,tablet,high,student,True,en,America/New_York,free
7be67439-a603-5a4a-b681-f1b300193fa4,2026-03-23 09:09:50+00:00,organic_search,IN,desktop,high,new_graduate,False,en,Asia/Kolkata,free
fd4957d1-bc4b-590b-b78b-028b1d7e227a,2026-05-03 14:11:01+00:00,social_ads,IN,tablet,low,new_graduate,True,en,Asia/Kolkata,free
5832f686-bf55-5a5d-9ecc-2ce170240116,2026-03-08 06:46:34+00:00,campus_event,IN,mobile,medium,early_career,True,en,Asia/Kolkata,free
e74286f1-2ce5-58a7-a5ad-47c08a94b989,2026-03-31 10:17:41+00:00,social_ads,US,tablet,high,early_career,True,en,America/New_York,free
a83ec2e9-e59a-5785-a568-c7cd9755a4cd,2026-04-04 14:52:53+00:00,organic_search,CN,mobile,high,student,True,zh,Asia/Shanghai,free
4d44ba2c-fe25-5bfc-a306-552ea02ddd7a,2026-04-28 01:17:16+00:00,social_ads,IN,mobile,medium,early_career,True,en,Asia/Kolkata,free
f94703a1-facb-5960-a5ab-ab68f7b6cfcc,2026-03-12 21:40:24+00:00,social_ads,CN,mobile,medium,early_career,True,zh,Asia/Shanghai,free
c42b8d9a-d250-5c10-a8e8-74de977cf610,2026-04-02 22:48:04+00:00,organic_search,US,desktop,medium,student,True,en,America/New_York,free
01f3f17d-d7b4-52ad-8bbb-cf69225d229f,2026-03-14 12:15:09+00:00,campus_event,IN,mobile,low,early_career,True,en,Asia/Kolkata,free
81decb2a-372d-5758-aa10-0d16debb0cb4,2026-04-27 08:19:26+00:00,organic_search,US,tablet,medium,new_graduate,True,en,America/New_York,free
5f62f773-43b1-57f9-aa61-0eb7c4cc0b39,2026-04-16 15:03:36+00:00,social_ads,CN,tablet,medium,new_graduate,True,zh,Asia/Shanghai,free
b85e9cc9-336a-51c0-b6f5-020f94f928c9,2026-04-07 06:35:52+00:00,social_ads,CN,tablet,medium,new_graduate,True,zh,Asia/Shanghai,free
e26ffd1f-ac18-57dd-825f-86e556ebd555,2026-03-31 02:41:14+00:00,referral,US,mobile,medium,early_career,True,en,America/New_York,free
5fcae548-f605-5de9-a180-d23b9c628308,2026-03-14 13:39:22+00:00,organic_search,GB,mobile,high,early_career,True,en,Europe/London,free
3b0d90d1-beea-5b2d-9528-bf82a27d9d8d,2026-05-06 14:35:14+00:00,organic_search,US,mobile,low,early_career,True,en,America/New_York,free
625f98d1-e220-5286-9dd7-da4be1253234,2026-04-17 16:31:37+00:00,organic_search,BR,mobile,low,student,False,pt,America/Sao_Paulo,free
eb9deffa-833e-5437-9c51-12ec210aab46,2026-03-26 00:31:22+00:00,social_ads,DE,mobile,low,early_career,True,de,Europe/Berlin,free
cb3165f2-3416-561a-b7b7-bd583cecc95f,2026-04-01 13:28:46+00:00,organic_search,CN,desktop,low,new_graduate,True,zh,Asia/Shanghai,free
a47cf915-85e0-5e20-bc6a-1a44b9b945fe,2026-04-23 02:33:14+00:00,campus_event,US,desktop,high,early_career,True,en,America/New_York,free
ab4b58e9-efd2-514b-b95f-feffe2f0106e,2026-04-22 15:35:55+00:00,organic_search,US,mobile,medium,early_career,False,en,America/New_York,free
e0c067c8-eaf3-5488-a032-44726c844c91,2026-04-04 19:34:49+00:00,organic_search,CA,desktop,low,student,True,en,America/Toronto,free
4a795a13-fdd9-564e-9941-3b04a154e7b2,2026-03-24 21:36:10+00:00,social_ads,IN,desktop,high,student,False,en,Asia/Kolkata,free
f412c332-bd78-596a-8b10-4d5b81c18846,2026-04-18 12:52:44+00:00,campus_event,US,desktop,low,early_career,False,en,America/New_York,free
c300373a-0909-5442-93e3-c834ecd6cdc5,2026-04-18 10:02:00+00:00,referral,CN,mobile,medium,early_career,True,zh,Asia/Shanghai,free
d3fc9d93-aa76-50d1-86b9-88c5341cdb54,2026-04-14 09:05:42+00:00,campus_event,US,tablet,high,early_career,True,en,America/New_York,free
58469dd0-e74e-5359-bb99-ac2ffed4feb9,2026-03-09 00:38:34+00:00,social_ads,CN,mobile,high,new_graduate,True,zh,Asia/Shanghai,free
11e05812-5169-53b6-91f8-c912327aa440,2026-04-05 14:55:47+00:00,campus_event,CN,tablet,low,student,False,zh,Asia/Shanghai,free
60975690-2947-5dcb-8dd9-e0fba68fe9b7,2026-04-15 08:38:59+00:00,campus_event,US,tablet,medium,new_graduate,True,en,America/New_York,free
c323c4c5-30cf-5416-89b7-de8a92005c48,2026-05-08 13:18:03+00:00,organic_search,GB,desktop,medium,student,False,en,Europe/London,free
c9379373-2677-57a0-ad9d-6d4fae79b8f6,2026-04-09 06:19:56+00:00,social_ads,US,desktop,medium,early_career,True,en,America/New_York,free
ac3bc841-a6f5-5712-84a2-058907914734,2026-03-27 15:32:00+00:00,campus_event,CN,desktop,low,new_graduate,False,zh,Asia/Shanghai,free
efe3474b-e521-58bd-a1fa-c012e02d4014,2026-04-11 08:23:34+00:00,organic_search,IN,desktop,high,student,True,en,Asia/Kolkata,free
24d69ab9-4e23-5322-a40b-fad58e7efb0b,2026-03-16 05:30:06+00:00,campus_event,FR,mobile,medium,new_graduate,True,fr,Europe/Paris,free
7dd94601-e0f8-54c1-be4e-13fe96f33507,2026-03-10 06:11:28+00:00,social_ads,CN,desktop,medium,early_career,True,zh,Asia/Shanghai,free
393865f0-307a-5bba-8be1-7cdc9252962e,2026-04-19 18:55:24+00:00,social_ads,CA,tablet,high,new_graduate,False,en,America/Toronto,free
0a83d12c-5fe6-509f-a63c-555ca37040a3,2026-05-11 01:07:10+00:00,organic_search,CN,mobile,high,student,True,zh,Asia/Shanghai,free
817fb9b7-c373-5634-890a-7ae42a6ca6d4,2026-05-01 08:59:17+00:00,campus_event,DE,desktop,high,new_graduate,True,de,Europe/Berlin,free
42e4d873-6a4c-5e52-b343-3d73c19e1afc,2026-04-13 06:32:37+00:00,referral,US,tablet,low,new_graduate,True,en,America/New_York,free
408491d1-3340-593a-9926-e206786ec612,2026-03-06 18:39:35+00:00,organic_search,IN,tablet,low,student,True,en,Asia/Kolkata,free
3d1940b8-e77b-5efe-9718-9215248829da,2026-05-11 04:04:47+00:00,social_ads,US,mobile,medium,new_graduate,True,en,America/New_York,free
35fcd0e8-c0b5-5d74-a247-62b2aa7bdf4d,2026-04-04 00:35:29+00:00,organic_search,JP,mobile,low,student,False,ja,Asia/Tokyo,free
85c5894f-2635-5fa2-9edb-1c937668c46e,2026-03-23 23:40:55+00:00,organic_search,FR,tablet,medium,new_graduate,True,fr,Europe/Paris,free
9b5039f0-9f66-59e8-b8a0-3a26a6f876ad,2026-05-04 13:57:33+00:00,content_marketing,CN,mobile,medium,student,False,zh,Asia/Shanghai,free
bbcecc69-3604-567a-8129-e9d61edc2e16,2026-04-24 12:02:33+00:00,social_ads,CN,tablet,medium,new_graduate,False,zh,Asia/Shanghai,free
621cdad5-5a02-5b63-abc6-b6ba390117f8,2026-04-24 17:22:05+00:00,social_ads,CN,desktop,low,new_graduate,False,zh,Asia/Shanghai,free
5b500678-bd40-5277-ba89-e7a99cb96d28,2026-03-23 03:57:31+00:00,organic_search,US,mobile,high,new_graduate,True,en,America/New_York,free
5033a6e4-7cd6-54f2-95ef-1a6a459690bb,2026-05-11 10:25:59+00:00,content_marketing,IN,mobile,medium,student,True,en,Asia/Kolkata,free
54cb4572-289c-5e2c-90b5-a745f6eb4971,2026-04-04 05:56:54+00:00,organic_search,IN,desktop,medium,student,True,en,Asia/Kolkata,free
cfc690bc-8f24-55de-817a-6f27d15a6384,2026-04-09 16:01:15+00:00,campus_event,CN,desktop,medium,early_career,True,zh,Asia/Shanghai,free
578bfb67-12c7-55d8-8899-a67364b2dc49,2026-04-24 19:35:07+00:00,organic_search,US,desktop,low,early_career,True,en,America/New_York,free
d2c08152-0e1d-5086-872b-d67245d752e5,2026-04-18 12:57:09+00:00,organic_search,CA,desktop,medium,student,False,en,America/Toronto,free
602b0e1b-a0a1-5ddb-ae3d-bf2da2fef9d4,2026-03-15 21:18:25+00:00,campus_event,US,desktop,low,student,True,en,America/New_York,free
b4478271-dcae-5fd7-b05b-a2d164f836dc,2026-03-24 20:54:25+00:00,organic_search,IN,desktop,medium,early_career,True,en,Asia/Kolkata,free
63dea497-0693-51cd-b00b-db273ebb9d2e,2026-03-28 22:07:23+00:00,campus_event,US,mobile,low,student,True,en,America/New_York,free
3aa88c02-3f88-590a-ac74-3c6d4874b874,2026-05-08 09:07:07+00:00,organic_search,US,mobile,low,early_career,False,en,America/New_York,free
070346f0-1811-5a1c-abbb-65c46f83fb8b,2026-04-22 07:13:17+00:00,campus_event,US,mobile,low,early_career,True,en,America/New_York,free
93797807-0caa-5c77-be6c-6aaf100206c8,2026-03-29 06:39:04+00:00,campus_event,CN,desktop,low,student,False,zh,Asia/Shanghai,free
abbfea8b-1aed-5e80-a44a-f7b5c00bcce6,2026-04-23 16:42:00+00:00,campus_event,IN,mobile,high,student,True,en,Asia/Kolkata,free
c99f6ca5-2ae7-5d99-9528-f21e21a74de5,2026-04-23 22:58:24+00:00,organic_search,CN,desktop,high,early_career,True,zh,Asia/Shanghai,free
f8a034bd-d2d9-53c2-9d49-d7a6a048c6c2,2026-03-31 04:49:50+00:00,campus_event,IN,desktop,low,student,False,en,Asia/Kolkata,free
a78b56d1-87aa-5089-aed9-9a919ef175ba,2026-03-31 19:35:59+00:00,content_marketing,IN,mobile,low,new_graduate,True,en,Asia/Kolkata,free
a7f953f0-49e4-5737-a991-f094f85b576e,2026-05-04 16:57:00+00:00,organic_search,US,tablet,high,student,True,en,America/New_York,free
3bfa1aeb-b2be-5535-bad5-217c00be8e5f,2026-04-11 18:22:18+00:00,organic_search,US,tablet,low,new_graduate,False,en,America/New_York,free
00908f39-509b-51c1-a772-b0bf365d623d,2026-03-14 07:35:51+00:00,referral,IN,mobile,medium,early_career,True,en,Asia/Kolkata,free
b2172280-2da9-5f06-9d52-2639b618cefa,2026-04-22 15:57:34+00:00,organic_search,IN,mobile,low,new_graduate,True,en,Asia/Kolkata,free
aa38c036-36f3-52fa-b23c-173fcfb7919f,2026-04-13 16:19:27+00:00,campus_event,CN,mobile,medium,student,False,zh,Asia/Shanghai,free
e2f19f7a-2577-5e5f-b604-d57c54f8cea8,2026-04-08 02:47:40+00:00,campus_event,US,mobile,high,new_graduate,True,en,America/New_York,free
5c83d5fa-754f-551f-9446-7fafc5e2b581,2026-04-23 00:46:20+00:00,organic_search,GB,desktop,low,new_graduate,False,en,Europe/London,free
f406c395-0d04-58c8-b5fc-abace14ccc57,2026-05-05 14:08:04+00:00,social_ads,US,desktop,high,student,False,en,America/New_York,free
8ad18110-a232-5194-97d2-1d171de4eecd,2026-03-26 19:12:07+00:00,social_ads,IN,tablet,high,early_career,True,en,Asia/Kolkata,free
32c08881-2a03-507d-8258-169f1856e4f1,2026-04-01 22:21:43+00:00,organic_search,US,tablet,high,new_graduate,True,en,America/New_York,free
99e3009a-618d-5d7d-b5b4-b187f0853aa8,2026-03-17 01:48:13+00:00,referral,IN,desktop,high,student,True,en,Asia/Kolkata,free
96a4b4f1-7f83-5b4c-a084-309be9b60a4b,2026-04-17 15:33:02+00:00,organic_search,CN,desktop,high,early_career,True,zh,Asia/Shanghai,free
02882b51-ac13-5dfd-ab2c-4c954709ac45,2026-03-31 18:53:37+00:00,social_ads,IN,desktop,medium,student,True,en,Asia/Kolkata,free
0f468c25-9474-5982-b662-bc9db69a5025,2026-03-27 14:57:06+00:00,referral,US,mobile,high,student,False,en,America/New_York,free
ec686e28-b7ce-50f7-90e8-ab0fa746f0b9,2026-04-21 01:26:32+00:00,organic_search,CN,desktop,low,student,False,zh,Asia/Shanghai,free
9cfe8fd3-2031-5d5d-a6c7-fb3dce28a187,2026-04-01 03:54:25+00:00,referral,US,mobile,medium,student,False,en,America/New_York,free
e0e9787c-7d9f-55ad-b19a-b4ee70938393,2026-04-05 00:59:34+00:00,organic_search,IN,desktop,medium,student,False,en,Asia/Kolkata,free
434cdeeb-0490-57f2-9a60-ec6459951d48,2026-04-03 08:43:21+00:00,social_ads,US,desktop,low,student,True,en,America/New_York,free
8743419a-9d57-5ac6-b730-e3a78537ab1a,2026-03-21 20:08:20+00:00,organic_search,US,desktop,low,early_career,True,en,America/New_York,free
1b9b5ae9-1d3e-5cb9-a88e-fd7ffe4c54ad,2026-03-12 16:20:10+00:00,campus_event,IN,mobile,low,new_graduate,True,en,Asia/Kolkata,free
97bd1d4b-2638-5fc6-969e-e96e0c8eeb91,2026-04-30 01:53:55+00:00,campus_event,US,desktop,medium,student,True,en,America/New_York,free
3fbc5f04-20ed-584a-8483-59ae105fbd36,2026-03-10 07:53:38+00:00,referral,US,mobile,low,new_graduate,False,en,America/New_York,free
38759f28-409a-5da0-bc90-1ca3122ffb00,2026-03-26 09:59:56+00:00,content_marketing,GB,mobile,low,new_graduate,False,en,Europe/London,free
d67d70b7-29d9-5511-b91f-27a41299c51d,2026-04-19 01:21:46+00:00,campus_event,GB,mobile,low,new_graduate,False,en,Europe/London,free
7f164204-9827-5e04-a333-9a268f66e17f,2026-03-13 01:25:26+00:00,campus_event,DE,desktop,medium,early_career,True,de,Europe/Berlin,free
745500a7-6006-58d5-b851-24e4c1b820f2,2026-04-18 05:32:13+00:00,social_ads,US,mobile,low,student,True,en,America/New_York,free
ef2c2c4b-6af2-536f-99fd-88449f3ad4da,2026-04-23 13:57:25+00:00,content_marketing,CN,desktop,low,student,True,zh,Asia/Shanghai,free
02b32eec-8eaf-551d-98b3-fe4afefad94e,2026-04-18 17:46:41+00:00,campus_event,GB,mobile,medium,student,True,en,Europe/London,free
d43fd473-b2b5-51d2-a35f-19463d3fc3fa,2026-03-25 01:08:01+00:00,referral,US,mobile,medium,student,True,en,America/New_York,free
00f9fd2b-3c32-505e-a899-7cdf2f289412,2026-03-05 08:43:58+00:00,organic_search,IN,tablet,low,new_graduate,False,en,Asia/Kolkata,free
8db8865b-379a-51f2-b695-ccde23a3deb6,2026-05-04 05:27:17+00:00,social_ads,US,tablet,high,student,True,en,America/New_York,free
814d16d9-bcc8-5610-aa61-f6abe4c308d2,2026-03-26 12:45:40+00:00,campus_event,CA,mobile,medium,new_graduate,True,en,America/Toronto,free
3914dfa0-eedb-5055-bbd5-2c3f84f7500b,2026-04-28 13:05:23+00:00,organic_search,IN,tablet,low,early_career,False,en,Asia/Kolkata,free
dcd8dfc5-c6d1-5aa8-8b10-a560047734eb,2026-03-17 15:34:22+00:00,organic_search,CN,desktop,medium,early_career,True,zh,Asia/Shanghai,free
4212e3f8-dafa-5d46-acb8-34a4afe1e873,2026-03-15 04:57:05+00:00,content_marketing,CN,mobile,high,new_graduate,True,zh,Asia/Shanghai,free
bcf9c820-0ea2-5fd2-bf26-ca399b211cef,2026-04-26 16:37:06+00:00,social_ads,US,desktop,medium,new_graduate,False,en,America/New_York,free
a068069e-7b14-56e6-9b69-37d7edbf4d1a,2026-05-07 20:11:44+00:00,organic_search,US,desktop,low,new_graduate,False,en,America/New_York,free
8d86438d-c8d9-5f09-9bb0-e7196b4f871f,2026-05-02 09:12:13+00:00,organic_search,IN,mobile,medium,new_graduate,True,en,Asia/Kolkata,free
47e6ec30-df62-50af-806b-2355487d162a,2026-04-24 20:03:48+00:00,social_ads,CN,mobile,medium,student,True,zh,Asia/Shanghai,free
ef4cb58a-5b79-534b-ad35-a0bd7feeb30e,2026-03-21 00:30:08+00:00,campus_event,CN,mobile,medium,student,True,zh,Asia/Shanghai,free
b8f3f100-a363-552d-9afc-59ccc1e7e4a8,2026-05-06 00:16:34+00:00,content_marketing,US,tablet,high,student,True,en,America/New_York,free
65532a1f-02a5-586a-8423-af607c368d08,2026-04-19 01:57:28+00:00,content_marketing,IN,mobile,high,new_graduate,True,en,Asia/Kolkata,free
fc502f61-6157-57e0-aec2-169c5e64e59f,2026-03-15 21:06:14+00:00,campus_event,CN,tablet,medium,new_graduate,True,zh,Asia/Shanghai,free
251b288c-a140-53d0-acc7-4f56126fac8a,2026-03-12 22:13:28+00:00,campus_event,US,tablet,low,student,True,en,America/New_York,free
e486fc36-f15f-5979-98ff-c25668608175,2026-05-03 02:38:37+00:00,organic_search,BR,mobile,medium,student,True,pt,America/Sao_Paulo,free
9ddab607-bddc-5c82-b2f8-4052ac263a7f,2026-03-22 23:39:08+00:00,referral,CN,desktop,high,early_career,True,zh,Asia/Shanghai,free
a1e91aaa-7f45-5539-9518-0dcef4774554,2026-04-25 20:19:03+00:00,organic_search,CN,mobile,high,student,True,zh,Asia/Shanghai,free
f246743a-8134-5945-b0e7-4565c9d8a905,2026-03-13 13:36:41+00:00,organic_search,JP,mobile,low,student,False,ja,Asia/Tokyo,free
b913eeef-4657-55dc-974b-402cbeb5add7,2026-03-23 08:34:20+00:00,content_marketing,CN,tablet,low,student,True,zh,Asia/Shanghai,free
3ef8e692-95d1-507c-930f-95477314a0fc,2026-03-23 13:30:36+00:00,referral,BR,desktop,low,student,True,pt,America/Sao_Paulo,free
07e89462-b377-59db-97a0-6fccc6c9f458,2026-03-23 09:30:29+00:00,organic_search,IN,desktop,high,early_career,True,en,Asia/Kolkata,free
5774e25e-46d0-5a2d-a1a0-0393dc9fddef,2026-04-19 13:21:48+00:00,campus_event,IN,desktop,medium,student,True,en,Asia/Kolkata,free
dbcdcd45-a84a-5b1d-a8a2-a0974e65a77d,2026-05-06 02:13:39+00:00,social_ads,US,desktop,medium,student,True,en,America/New_York,free
e7daa46d-9895-5a15-89bd-56238dd83238,2026-05-05 19:30:03+00:00,organic_search,US,mobile,medium,early_career,False,en,America/New_York,free
dfb733ac-e367-5167-92a8-9e2b7039f01e,2026-04-24 04:00:25+00:00,organic_search,CN,desktop,low,new_graduate,True,zh,Asia/Shanghai,free
c307130a-534c-53f5-a385-d376b6fc7ca9,2026-03-17 23:22:36+00:00,organic_search,US,desktop,high,new_graduate,True,en,America/New_York,free
0558bc59-5825-533d-b0a5-047737e6d80d,2026-05-09 06:43:12+00:00,social_ads,US,mobile,medium,new_graduate,True,en,America/New_York,free
3895ad62-84d4-5642-b706-a88c8369eae7,2026-04-10 09:40:57+00:00,social_ads,CN,desktop,low,student,False,zh,Asia/Shanghai,free
7509f6ad-f46d-5d1b-9adc-592eb889e93e,2026-04-10 16:07:15+00:00,social_ads,IN,desktop,medium,student,True,en,Asia/Kolkata,free
18fc18e6-d969-5d13-b6c9-e4f19de1636e,2026-04-21 09:30:12+00:00,organic_search,US,mobile,medium,student,True,en,America/New_York,free
7a0f1c60-ef6e-51a4-9e9a-0c0c1287fc05,2026-04-26 01:37:18+00:00,content_marketing,IN,mobile,medium,student,True,en,Asia/Kolkata,free
a9159ef0-e187-5a4a-a6b5-9c33c51432b0,2026-05-08 18:02:21+00:00,campus_event,BR,tablet,high,student,False,pt,America/Sao_Paulo,free
2fe3f52a-84c6-5c15-9f17-ab86b260de19,2026-04-13 04:25:13+00:00,referral,IN,mobile,low,new_graduate,True,en,Asia/Kolkata,free
c7879422-20b1-5284-b363-a771bd040361,2026-04-15 02:15:35+00:00,organic_search,GB,tablet,low,student,True,en,Europe/London,free
5eb86530-7d03-52fb-80a0-af1e13028e7d,2026-04-24 10:35:37+00:00,campus_event,IN,desktop,low,student,True,en,Asia/Kolkata,free
e97a4f0d-dd52-52a0-9fb3-82483b4de527,2026-03-21 14:27:24+00:00,referral,US,mobile,medium,new_graduate,False,en,America/New_York,free
6626351f-7e1a-5d98-8108-ccb4ff39540c,2026-03-25 05:34:20+00:00,organic_search,CN,mobile,high,student,True,zh,Asia/Shanghai,free
ec59f45b-04a8-591d-be5e-e42759bbeab4,2026-04-16 03:47:29+00:00,organic_search,BR,mobile,medium,new_graduate,True,pt,America/Sao_Paulo,free
95678528-4851-5fe7-bea6-fc09b8f6e4eb,2026-03-08 10:11:46+00:00,organic_search,IN,mobile,high,student,False,en,Asia/Kolkata,free
dd737b6a-7e22-5fc5-8ca3-52c835315899,2026-03-26 02:43:59+00:00,organic_search,GB,desktop,medium,new_graduate,True,en,Europe/London,free
3ddf4683-88b4-524b-b1a2-8b6493d3fedd,2026-04-22 13:00:02+00:00,social_ads,FR,desktop,high,early_career,True,fr,Europe/Paris,free
429ad157-6c2e-5035-aca6-d6f0bf42dc2e,2026-05-10 08:28:06+00:00,organic_search,US,mobile,medium,new_graduate,True,en,America/New_York,free
b115aa27-826a-5f00-bf8d-6bd19723eb42,2026-04-08 20:17:08+00:00,organic_search,US,mobile,low,early_career,True,en,America/New_York,free
82229cca-f204-5e49-adb3-f2f5f8b654ec,2026-03-31 13:51:48+00:00,campus_event,IN,desktop,high,student,True,en,Asia/Kolkata,free
6a8e177a-0240-52e3-bac6-4336735c5889,2026-04-03 09:15:47+00:00,organic_search,US,mobile,high,student,True,en,America/New_York,free
d3d935fb-2e26-5b85-84e6-7e4702c32d33,2026-04-20 07:04:04+00:00,organic_search,CN,mobile,medium,student,True,zh,Asia/Shanghai,free
73da9c10-0a28-59bd-a6d3-5353f061ff0f,2026-04-10 13:39:01+00:00,campus_event,GB,mobile,high,student,True,en,Europe/London,free
b064ed80-cc25-56f4-96e2-a00c9ce75908,2026-03-05 14:27:52+00:00,organic_search,IN,desktop,medium,early_career,True,en,Asia/Kolkata,free
a8e4849c-7967-5f30-a901-2b6b189ded9a,2026-04-10 04:58:52+00:00,organic_search,US,tablet,medium,student,True,en,America/New_York,free
d77dd657-e0a9-5fdb-b5c3-bf16c4480a25,2026-03-31 14:30:05+00:00,organic_search,IN,mobile,low,student,True,en,Asia/Kolkata,free
fc873ecc-8b1c-571e-8b11-48c7b333d5dd,2026-04-21 08:31:38+00:00,organic_search,US,mobile,medium,early_career,True,en,America/New_York,free
88c7353d-811f-584b-8af8-e62bb9decf5e,2026-05-03 09:10:40+00:00,social_ads,DE,mobile,low,student,True,de,Europe/Berlin,free
40f5aa21-56f6-5972-8e53-34fc5cbe973e,2026-05-09 09:48:51+00:00,organic_search,US,mobile,low,new_graduate,True,en,America/New_York,free
42d57efa-a889-56f5-af42-6f4392fa93e7,2026-04-15 02:32:10+00:00,organic_search,DE,desktop,low,student,True,de,Europe/Berlin,free
a6db23a8-e2ca-52f8-82cb-f8df0e0f35ed,2026-03-29 00:24:09+00:00,content_marketing,CN,tablet,medium,early_career,False,zh,Asia/Shanghai,free
71388fec-f675-58ae-aa7b-efcfd0291825,2026-04-03 15:10:08+00:00,content_marketing,CN,desktop,high,student,True,zh,Asia/Shanghai,free
f590b786-7f93-50ae-a156-cd7112203177,2026-03-16 04:13:12+00:00,organic_search,CN,mobile,medium,new_graduate,True,zh,Asia/Shanghai,free
4bc9da5f-2650-5847-8010-2f369ebbd462,2026-05-07 13:54:43+00:00,organic_search,US,tablet,medium,new_graduate,True,en,America/New_York,free
547e6239-ab69-5df7-8803-463ea3fb0030,2026-05-01 11:08:51+00:00,social_ads,CN,mobile,low,early_career,False,zh,Asia/Shanghai,free
ee448bfb-de81-585e-8073-1eb6550e549b,2026-05-01 22:11:52+00:00,referral,GB,mobile,medium,early_career,True,en,Europe/London,free
9c9ad04d-28a6-5701-84c3-1e8cefc576a4,2026-03-26 15:22:19+00:00,referral,GB,desktop,low,early_career,False,en,Europe/London,free
51d5c060-e3d9-582a-8729-a241d832f9da,2026-03-26 05:35:19+00:00,organic_search,US,desktop,medium,student,False,en,America/New_York,free
fde0ea18-df60-5177-942c-fe2e41425fbb,2026-05-02 02:33:05+00:00,organic_search,IN,mobile,high,new_graduate,True,en,Asia/Kolkata,free
890cd187-ec7d-5e5b-ad26-a8294d298612,2026-04-10 13:46:18+00:00,social_ads,DE,desktop,medium,early_career,False,de,Europe/Berlin,free
dfd8abfa-99b5-57db-8cc9-84ab8e30dabc,2026-04-21 14:54:36+00:00,referral,GB,desktop,medium,new_graduate,True,en,Europe/London,free
e25b51b3-52e7-5097-a770-0410a47fc071,2026-04-06 19:08:55+00:00,referral,CN,tablet,medium,early_career,True,zh,Asia/Shanghai,free
e7564f59-c954-56a2-9e4e-98ce54181c88,2026-04-03 13:13:37+00:00,organic_search,US,desktop,low,early_career,True,en,America/New_York,free
18e66c71-b7c0-54f7-a3e2-64e21b604abd,2026-04-16 14:55:37+00:00,social_ads,BR,desktop,medium,student,True,pt,America/Sao_Paulo,free
d4758b8e-fc91-5360-8a8d-50ea881bcf61,2026-04-29 02:17:47+00:00,organic_search,CN,desktop,low,student,False,zh,Asia/Shanghai,free
400a4ae9-ecf6-54fc-956e-d930999cde5a,2026-03-27 01:17:16+00:00,campus_event,CN,mobile,medium,student,True,zh,Asia/Shanghai,free
d6d3070a-5c68-5a6d-895b-40c6e4e69ede,2026-04-28 19:56:38+00:00,content_marketing,GB,mobile,high,new_graduate,True,en,Europe/London,free
c633fc74-a25c-50e5-b5c3-7c0a97925ebf,2026-03-20 20:24:11+00:00,social_ads,US,mobile,medium,new_graduate,True,en,America/New_York,free
532a35b4-37fe-5308-9973-b0a52a9b27f0,2026-03-31 19:04:56+00:00,organic_search,GB,mobile,medium,student,True,en,Europe/London,free
6546437a-536c-52b6-852f-db21cfb8510f,2026-05-05 23:23:03+00:00,social_ads,US,desktop,low,new_graduate,True,en,America/New_York,free
5714779c-ed78-50c7-acc6-ff0da851be8c,2026-05-08 20:34:26+00:00,social_ads,IN,mobile,medium,student,False,en,Asia/Kolkata,free
56506165-4c88-5a9e-9c84-089e10278f8e,2026-05-06 17:56:09+00:00,referral,FR,desktop,high,student,False,fr,Europe/Paris,free
d28067f9-773f-5eb2-9c51-efde31836649,2026-03-25 19:22:07+00:00,organic_search,AU,mobile,medium,new_graduate,True,en,Australia/Sydney,free
9e753d78-5459-5ead-9271-f9e4bbea713d,2026-05-01 04:32:32+00:00,referral,CA,desktop,medium,new_graduate,True,en,America/Toronto,free
7e411f58-9a30-50f2-bad0-d3aaca2ab3aa,2026-05-07 14:09:36+00:00,organic_search,DE,desktop,low,student,False,de,Europe/Berlin,free
01801271-a654-56f2-aa05-7f7445ecbf8d,2026-05-10 11:54:22+00:00,organic_search,US,mobile,low,new_graduate,True,en,America/New_York,free
2df3feef-31d4-5f52-aafe-a9d6f26f206c,2026-03-05 10:36:56+00:00,organic_search,FR,desktop,medium,early_career,True,fr,Europe/Paris,free
4a8a5ffe-0097-5707-ac53-3862b2b5a75a,2026-04-24 09:42:20+00:00,organic_search,CA,mobile,high,new_graduate,False,en,America/Toronto,free
3b2e1604-ca80-568b-bb32-2f8b7e2d8ed7,2026-05-11 18:36:38+00:00,organic_search,CN,mobile,low,early_career,False,zh,Asia/Shanghai,free
2ef3ab8f-aee5-51da-8779-19421fb2c7e4,2026-04-25 18:17:19+00:00,campus_event,CN,tablet,medium,student,False,zh,Asia/Shanghai,free
cfd63f94-3806-5958-a697-e6bfcfbc75a5,2026-03-20 02:08:11+00:00,organic_search,US,desktop,low,student,True,en,America/New_York,free
c5036097-47ef-5079-96bc-9a9c0caca61d,2026-04-25 14:50:56+00:00,organic_search,CN,mobile,medium,student,True,zh,Asia/Shanghai,free
930ce6e4-1a06-5bb0-99bb-806826b313b9,2026-03-11 06:17:02+00:00,organic_search,IN,mobile,medium,new_graduate,True,en,Asia/Kolkata,free
8e717ea9-92df-504b-86f5-e4a72c04f42a,2026-04-06 03:53:09+00:00,organic_search,CN,desktop,medium,student,True,zh,Asia/Shanghai,free
36b118e5-f1ba-59d1-991b-7612f38501fc,2026-04-16 05:01:57+00:00,referral,CN,mobile,low,early_career,True,zh,Asia/Shanghai,free
873ab326-e386-5297-9978-a378a5f798c1,2026-04-04 11:53:04+00:00,content_marketing,CN,tablet,low,new_graduate,True,zh,Asia/Shanghai,free
6e0fc59f-819a-523a-a910-5073a2fc0866,2026-04-21 06:55:26+00:00,organic_search,US,mobile,high,early_career,True,en,America/New_York,free
1f9a7e01-f1c0-59a0-8d52-b5823ad82c27,2026-03-20 13:48:51+00:00,campus_event,FR,tablet,medium,student,True,fr,Europe/Paris,free
d0772391-17c3-52d1-b3f8-f5824f58d106,2026-04-14 19:54:03+00:00,campus_event,US,mobile,low,new_graduate,True,en,America/New_York,free
8dccfe3e-01b2-5d7a-a1fd-ec3db7ae89cd,2026-04-17 11:49:13+00:00,content_marketing,US,desktop,medium,student,True,en,America/New_York,free
ce13f14c-7e19-5a90-a46d-8c7d1787486a,2026-04-16 17:33:57+00:00,organic_search,US,tablet,low,new_graduate,True,en,America/New_York,free
88d68dbf-14b9-5da9-83c4-cab17864f7f7,2026-03-23 23:06:49+00:00,organic_search,DE,desktop,medium,early_career,True,de,Europe/Berlin,free
6ae73353-73a9-59bb-8f27-166cf79a6c60,2026-03-25 01:42:42+00:00,social_ads,DE,mobile,medium,student,False,de,Europe/Berlin,free
7526cf4f-4b59-55e7-84f4-119ad8c53b34,2026-03-21 18:55:49+00:00,referral,US,mobile,low,early_career,True,en,America/New_York,free
8133475d-9e4f-5cc3-b8de-02f331852f03,2026-04-04 20:42:09+00:00,campus_event,US,tablet,medium,new_graduate,False,en,America/New_York,free
873e8b56-61a2-5498-bf53-dabf47e1808c,2026-04-13 10:21:06+00:00,social_ads,CN,tablet,medium,new_graduate,True,zh,Asia/Shanghai,free
38a6bbc6-f6fb-59af-859c-b02e78e7c856,2026-03-29 00:21:33+00:00,organic_search,US,desktop,high,student,True,en,America/New_York,free
0bf97f50-0b12-5ac7-a2d0-dc4d02057b07,2026-04-01 06:55:50+00:00,campus_event,IN,mobile,medium,student,True,en,Asia/Kolkata,free
e98dd13b-460d-5c29-8ad4-226769add0ad,2026-03-23 18:17:49+00:00,referral,US,desktop,medium,student,True,en,America/New_York,free
d99b7e7d-269c-588d-894b-87b99b9411a7,2026-03-19 02:25:34+00:00,social_ads,CN,mobile,high,new_graduate,True,zh,Asia/Shanghai,free
96c8166a-3e18-526e-84ed-aa7698feb61e,2026-04-18 08:43:02+00:00,campus_event,CN,mobile,low,student,True,zh,Asia/Shanghai,free
9c0952f3-f1fd-51fa-bc54-d844c908e3ce,2026-04-29 07:23:18+00:00,social_ads,CN,desktop,medium,early_career,True,zh,Asia/Shanghai,free
33236430-72b6-55e6-8aa6-fc4cddcbed6c,2026-03-24 01:24:22+00:00,social_ads,CN,mobile,low,early_career,False,zh,Asia/Shanghai,free
c4f413e5-aba5-515f-afe2-868738fca2d5,2026-05-02 09:06:12+00:00,social_ads,US,mobile,low,student,True,en,America/New_York,free
c7851799-2334-5290-8521-be8ed70ba23a,2026-04-12 09:32:22+00:00,campus_event,US,mobile,medium,new_graduate,True,en,America/New_York,free
dde51595-68fc-5d0b-9ccb-dd04b3e7ff08,2026-03-15 13:42:36+00:00,content_marketing,US,tablet,low,student,False,en,America/New_York,free
c7dc188b-eb8e-5c10-a8d0-ecf292543a62,2026-03-29 06:05:38+00:00,social_ads,US,mobile,medium,student,True,en,America/New_York,free
0307fc81-3893-5ef8-8153-e7cad9779bca,2026-03-04 12:25:52+00:00,organic_search,JP,mobile,medium,student,True,ja,Asia/Tokyo,free
c964453c-7d6e-55a8-b886-bb4d17c1f296,2026-03-06 16:51:52+00:00,social_ads,US,desktop,low,early_career,True,en,America/New_York,free
921c4e99-0421-563e-84af-0dbe47280e13,2026-03-27 04:37:51+00:00,organic_search,US,desktop,medium,early_career,True,en,America/New_York,free
8cdbafe6-7d90-51c3-9394-ecb69184c8df,2026-04-04 08:35:22+00:00,organic_search,US,desktop,medium,student,True,en,America/New_York,free
ed3c3712-8aba-544c-905b-bc4850c441f0,2026-04-28 00:40:39+00:00,organic_search,GB,desktop,medium,student,False,en,Europe/London,free
629bda96-340b-5075-94fc-2bf178a46d4a,2026-03-13 06:24:16+00:00,social_ads,CA,desktop,high,student,True,en,America/Toronto,free
785d6d70-d646-5d7d-a32c-e0ccf809b133,2026-04-30 21:40:17+00:00,organic_search,GB,mobile,medium,new_graduate,True,en,Europe/London,free
f67aac35-2008-5e51-a475-8afc82f23590,2026-03-20 04:22:09+00:00,organic_search,IN,mobile,high,student,False,en,Asia/Kolkata,free
c94d2d33-0fc5-5797-a4a9-40816253854c,2026-03-13 13:04:21+00:00,campus_event,GB,desktop,medium,early_career,True,en,Europe/London,free
b1bab8c3-12fe-5ea7-a46a-0a8d2d09bcc9,2026-04-21 07:01:19+00:00,organic_search,CN,mobile,low,early_career,False,zh,Asia/Shanghai,free
74b6e502-e320-54d7-9551-8c3712be25cf,2026-04-26 10:17:59+00:00,campus_event,DE,tablet,medium,student,False,de,Europe/Berlin,free
7784d36e-4903-556e-969d-21b72cbf6aa5,2026-04-14 17:44:03+00:00,content_marketing,GB,desktop,low,early_career,True,en,Europe/London,free
ac7d183e-aaae-5f02-8a49-1b04e188feb5,2026-03-11 23:36:20+00:00,social_ads,US,mobile,low,new_graduate,True,en,America/New_York,free
a18aa5d9-6721-5d92-a871-c24f19a3dfef,2026-03-11 23:00:38+00:00,organic_search,CN,desktop,low,new_graduate,True,zh,Asia/Shanghai,free
53e99dc2-9132-50b8-9ab2-35f0493f6800,2026-03-30 21:56:36+00:00,organic_search,US,mobile,high,early_career,True,en,America/New_York,free
79b0cec0-d16d-5181-9931-03e85bec3774,2026-04-04 02:11:36+00:00,social_ads,US,mobile,high,new_graduate,True,en,America/New_York,free
32e8980b-6fbb-5f26-8763-21998737a15f,2026-05-11 21:41:49+00:00,social_ads,GB,desktop,high,new_graduate,True,en,Europe/London,free
eb3182e5-6198-5aa5-9104-52c75dd3e8f0,2026-03-23 18:24:08+00:00,organic_search,US,desktop,medium,student,True,en,America/New_York,free
a122b83b-5af3-5ab9-8cbb-90c947445bfd,2026-03-17 06:55:48+00:00,social_ads,IN,tablet,medium,new_graduate,True,en,Asia/Kolkata,free
c13902db-554a-5cf1-87b9-6fcc47cf51cd,2026-05-08 06:24:44+00:00,social_ads,JP,desktop,high,student,False,ja,Asia/Tokyo,free
003b3d37-d213-576b-87c0-5e387eac95ad,2026-03-14 14:57:48+00:00,organic_search,CN,mobile,medium,student,True,zh,Asia/Shanghai,free
8cf5c809-630e-5813-a321-51f6d552bb22,2026-03-05 19:43:20+00:00,campus_event,CN,mobile,medium,new_graduate,True,zh,Asia/Shanghai,free
fcd87bb0-0b70-5b91-b6dd-4ec73405bc53,2026-04-02 04:09:25+00:00,organic_search,IN,desktop,low,student,True,en,Asia/Kolkata,free
37fc31b1-d37f-597e-bac5-9edbedac49fa,2026-03-31 16:11:27+00:00,organic_search,GB,mobile,medium,student,True,en,Europe/London,free
f43c97de-d34c-5b03-884b-d6696ee42ca4,2026-04-15 18:10:14+00:00,referral,US,mobile,medium,student,True,en,America/New_York,free
b8ca93ce-f785-5bb0-83cf-59e78ba0c460,2026-05-03 13:31:42+00:00,organic_search,US,desktop,medium,early_career,True,en,America/New_York,free
c64b4edd-ab39-53a0-ae92-72b5a49a6064,2026-05-07 08:53:00+00:00,campus_event,IN,tablet,low,new_graduate,True,en,Asia/Kolkata,free
fb348d4c-8066-556f-bf64-55de75bdb4c6,2026-03-23 23:38:30+00:00,social_ads,BR,mobile,medium,student,True,pt,America/Sao_Paulo,free
9c3bc1d9-7080-55a5-bcab-87897e7b97ea,2026-05-10 16:14:22+00:00,organic_search,US,mobile,medium,early_career,True,en,America/New_York,free
dd3e60ac-1983-59c1-8063-6dfaaf4e3ee1,2026-04-16 15:41:11+00:00,content_marketing,CN,desktop,low,early_career,True,zh,Asia/Shanghai,free
e04dcd8b-8ee5-59c3-a8d1-805fc398fc0f,2026-03-08 19:19:28+00:00,organic_search,AU,desktop,medium,student,True,en,Australia/Sydney,free
de54856d-8c99-5fd5-a47e-8a1ff5982c37,2026-05-07 18:04:01+00:00,organic_search,US,mobile,high,new_graduate,False,en,America/New_York,free
029c9fad-ebf3-575a-a0c0-63b9fa777e95,2026-03-13 12:31:24+00:00,content_marketing,US,mobile,medium,student,True,en,America/New_York,free
28df0f5e-891f-52a8-ae5d-c29e27778f0d,2026-04-13 14:42:50+00:00,campus_event,CN,desktop,medium,new_graduate,True,zh,Asia/Shanghai,free
04fd1856-cd22-5138-b279-35ee3b456d43,2026-04-27 13:27:42+00:00,campus_event,US,mobile,medium,new_graduate,False,en,America/New_York,free
e888c524-85a7-5e46-abc1-a33078f40dbe,2026-03-21 05:04:09+00:00,organic_search,US,mobile,high,student,True,en,America/New_York,free
1d8675e3-26e9-5125-8f13-3577c7b906e8,2026-03-22 16:09:59+00:00,organic_search,IN,desktop,medium,new_graduate,True,en,Asia/Kolkata,free
ad375ffc-d4ab-54f0-b2d5-fb08b7277a6e,2026-04-05 20:32:56+00:00,campus_event,IN,mobile,low,student,True,en,Asia/Kolkata,free
68c8f876-6cba-5148-87b7-7dc4bc0209b3,2026-05-04 01:18:35+00:00,organic_search,CN,mobile,medium,new_graduate,True,zh,Asia/Shanghai,free
79e16a73-fd00-5ca9-bf24-654f960aca2f,2026-03-19 10:17:12+00:00,organic_search,CN,mobile,high,student,True,zh,Asia/Shanghai,free
8ed2b1fd-441c-55f9-b77f-959bb038b151,2026-04-18 18:40:41+00:00,campus_event,CN,mobile,low,early_career,True,zh,Asia/Shanghai,free
683ca8a4-31a5-5d1a-b288-35e476dd354a,2026-04-04 05:29:29+00:00,organic_search,IN,mobile,low,new_graduate,False,en,Asia/Kolkata,free
38935ea3-4912-568a-abd5-e544e08cedf2,2026-03-11 17:12:52+00:00,organic_search,GB,tablet,low,student,True,en,Europe/London,free
0fc254c0-0cbe-5c02-a9a5-753f35f7d4ce,2026-04-22 01:12:42+00:00,organic_search,GB,mobile,medium,early_career,True,en,Europe/London,free
6105317a-fd2c-5860-9e95-5f04482b72b5,2026-04-30 10:40:05+00:00,social_ads,IN,desktop,medium,student,False,en,Asia/Kolkata,free
6a9a1394-0b31-5d45-9f8a-ca8baff9f20f,2026-04-12 17:14:58+00:00,campus_event,DE,mobile,medium,new_graduate,True,de,Europe/Berlin,free
6eff6093-20d3-568e-affb-43cf14873752,2026-03-16 04:02:45+00:00,referral,GB,tablet,low,new_graduate,False,en,Europe/London,free
c5d79b20-0202-508a-aed3-a8896c4d5dea,2026-03-14 17:52:53+00:00,organic_search,US,tablet,high,student,False,en,America/New_York,free
19d4bb38-4f3f-5f33-a518-c45ac93cdedb,2026-04-02 05:18:29+00:00,organic_search,FR,desktop,low,student,False,fr,Europe/Paris,free
b219df00-035f-5808-ae7a-e2b078f6e4b2,2026-04-07 22:37:45+00:00,social_ads,DE,desktop,medium,student,True,de,Europe/Berlin,free
8ec363e4-b982-5833-a8f4-075ecaf098fe,2026-04-11 02:25:04+00:00,social_ads,US,desktop,low,new_graduate,True,en,America/New_York,free
77c1c635-8e6f-5f0d-a34b-5ffb6e4ce68c,2026-03-20 19:29:38+00:00,social_ads,US,tablet,high,new_graduate,False,en,America/New_York,free
c3a4655c-1470-5da2-803d-c5f572edd64d,2026-04-07 13:16:06+00:00,content_marketing,IN,tablet,medium,student,True,en,Asia/Kolkata,free
5dc1d33d-4042-5845-a569-a437a1992e7b,2026-03-24 08:39:02+00:00,social_ads,CN,mobile,medium,student,True,zh,Asia/Shanghai,free
25240667-a08e-500a-b214-f7ffe2dad51a,2026-04-20 08:17:07+00:00,social_ads,IN,desktop,low,early_career,True,en,Asia/Kolkata,free
ea9c51e1-0f43-5471-815f-316a7a37519b,2026-04-27 22:57:39+00:00,content_marketing,CN,tablet,low,student,True,zh,Asia/Shanghai,free
b9fd9954-f523-5e6e-9245-ba24495429dc,2026-04-18 00:50:56+00:00,organic_search,US,desktop,medium,student,False,en,America/New_York,free
55b333c8-3e4e-5470-856a-57f4defb0a3b,2026-03-04 02:03:55+00:00,content_marketing,US,desktop,medium,new_graduate,False,en,America/New_York,free
1885e58b-a7b8-5acf-8ad4-7f2e5f71997a,2026-05-11 10:49:16+00:00,social_ads,DE,desktop,high,student,True,de,Europe/Berlin,free
072e96c8-e465-5a9b-b747-a3912af3110c,2026-03-05 15:21:31+00:00,social_ads,US,mobile,medium,early_career,True,en,America/New_York,free
2ca10599-b0d3-54b1-a763-bf31b0c894e2,2026-05-11 23:02:32+00:00,content_marketing,IN,mobile,medium,student,True,en,Asia/Kolkata,free
22c40bd2-b73a-5f70-99ae-aec1f2b16d38,2026-03-06 04:37:05+00:00,social_ads,US,desktop,high,early_career,True,en,America/New_York,free
c5bc8401-afec-5c0d-bfe3-d0e30a596be0,2026-04-08 15:15:23+00:00,social_ads,CN,desktop,medium,student,True,zh,Asia/Shanghai,free
b475ba8a-8101-5efb-b3b0-f118fa67f494,2026-03-11 07:29:15+00:00,organic_search,CN,mobile,high,student,True,zh,Asia/Shanghai,free
571525e1-e2e0-5858-8b89-b057ed09de8c,2026-03-10 13:38:57+00:00,campus_event,US,desktop,medium,student,True,en,America/New_York,free
906cc202-bd5d-5f50-99c1-2153097258f1,2026-04-20 03:42:11+00:00,social_ads,IN,mobile,medium,early_career,False,en,Asia/Kolkata,free
66769796-49d3-5222-8406-a7d267e2e015,2026-04-23 05:18:29+00:00,organic_search,IN,desktop,high,new_graduate,True,en,Asia/Kolkata,free
62033d67-f856-540b-a6b4-51602bf007aa,2026-03-12 03:47:58+00:00,campus_event,US,desktop,low,student,True,en,America/New_York,free
e49ba058-6e7a-52d9-8e10-11cd2fcbd069,2026-05-10 09:21:19+00:00,campus_event,CN,desktop,low,early_career,False,zh,Asia/Shanghai,free
5ddf9787-de12-5c19-8a78-acc5aa5e1c96,2026-03-26 02:41:01+00:00,social_ads,IN,mobile,low,student,True,en,Asia/Kolkata,free
005aceb7-86d6-5855-833f-e958720beed4,2026-03-25 23:08:53+00:00,organic_search,IN,mobile,medium,student,True,en,Asia/Kolkata,free
4a49f153-13b3-5fb3-9614-5cedaeafae61,2026-03-24 11:47:38+00:00,social_ads,CN,desktop,medium,student,True,zh,Asia/Shanghai,free
97a4db1a-6515-56a0-9032-e47ab179824b,2026-04-04 19:45:41+00:00,organic_search,GB,mobile,low,early_career,True,en,Europe/London,free
7001b289-ec47-579e-b8e2-2a51825060be,2026-03-16 06:29:35+00:00,organic_search,US,desktop,low,student,True,en,America/New_York,free
bd681321-9870-5303-b9a2-9fbd7a037d0e,2026-04-02 07:25:49+00:00,social_ads,US,mobile,medium,student,False,en,America/New_York,free
6cec9f07-ba70-5cbd-b9bf-26e629fb4a58,2026-03-18 11:43:43+00:00,organic_search,IN,desktop,low,early_career,True,en,Asia/Kolkata,free
8fbbc71a-b43b-57b1-a75a-97e138c86716,2026-03-07 13:08:59+00:00,organic_search,IN,tablet,low,new_graduate,True,en,Asia/Kolkata,free
6baa1609-a06b-5e53-8a86-724798ac7393,2026-03-29 10:37:40+00:00,campus_event,GB,desktop,low,student,True,en,Europe/London,free
80edde85-128d-50c3-8535-9cbe5558a489,2026-04-19 09:16:10+00:00,organic_search,US,mobile,high,new_graduate,True,en,America/New_York,free
8404e876-91f1-57c7-a33a-e5c93352b3d3,2026-04-25 15:40:35+00:00,content_marketing,CN,mobile,medium,student,True,zh,Asia/Shanghai,free
4b661313-2ee6-5067-af4e-d836621a8631,2026-03-28 09:07:37+00:00,content_marketing,IN,mobile,low,new_graduate,False,en,Asia/Kolkata,free
c4c4b290-2b8b-5a7f-b6a4-2cbd3459254c,2026-03-26 08:07:24+00:00,social_ads,US,mobile,low,student,True,en,America/New_York,free
d614fb78-7f21-5c86-8fcd-27ea898b73cf,2026-04-27 08:02:23+00:00,content_marketing,CN,desktop,low,new_graduate,False,zh,Asia/Shanghai,free
383b49be-dd1a-5fa7-9137-5a7fbca02fed,2026-04-20 00:02:51+00:00,referral,IN,desktop,medium,early_career,False,en,Asia/Kolkata,free
25dd7ac5-31cb-5bbc-9844-d6fa0290fc42,2026-04-30 09:59:26+00:00,organic_search,US,tablet,medium,student,False,en,America/New_York,free
cbb7e162-9d24-528b-8905-834b8fba6269,2026-05-05 12:30:13+00:00,campus_event,CN,tablet,high,student,True,zh,Asia/Shanghai,free
1f83c0b3-a7c1-5a4f-a55b-9b2190e38c74,2026-04-29 15:57:28+00:00,organic_search,US,mobile,medium,student,True,en,America/New_York,free
db3ab18e-ca68-559f-a2ae-1d364aa46b63,2026-05-07 14:49:11+00:00,campus_event,CA,mobile,medium,early_career,True,en,America/Toronto,free
19c69a4c-015c-5b18-b111-ea4453c4c777,2026-04-01 17:59:55+00:00,social_ads,US,mobile,low,early_career,True,en,America/New_York,free
05555b47-eff9-5a37-84e1-2baadf7a8c83,2026-03-31 05:34:34+00:00,organic_search,US,mobile,medium,early_career,True,en,America/New_York,free
aec2f690-c300-579e-ac8a-0a8796ae9de0,2026-03-26 04:28:45+00:00,organic_search,US,tablet,high,early_career,True,en,America/New_York,free
2764ef59-9b68-58a9-9d65-7a0f04ce23b2,2026-03-20 05:31:42+00:00,content_marketing,US,mobile,low,early_career,True,en,America/New_York,free
ab539a62-1067-5be3-b67a-681546b34c43,2026-04-24 16:02:48+00:00,organic_search,US,desktop,high,early_career,True,en,America/New_York,free
07d3467f-6711-53dd-a8d2-7351e58cc0dd,2026-04-22 07:07:51+00:00,organic_search,IN,mobile,low,new_graduate,False,en,Asia/Kolkata,free
0c38e99a-6db6-5bb0-947c-0716b1bb4fbc,2026-04-28 07:06:02+00:00,organic_search,US,mobile,medium,student,True,en,America/New_York,free
e35df1e1-8f84-5c3b-8caa-9851a008d086,2026-03-15 13:11:56+00:00,social_ads,US,desktop,low,new_graduate,True,en,America/New_York,free
b235ad09-7e60-5d16-b575-65c2f9f2c02d,2026-04-06 21:31:19+00:00,referral,US,mobile,medium,student,True,en,America/New_York,free
682fde58-4cb6-5d1f-9835-ce23f5a8c15d,2026-03-19 07:33:49+00:00,campus_event,CN,mobile,low,student,True,zh,Asia/Shanghai,free
fc8c8db5-d082-593a-8bac-8eaf05117857,2026-05-04 14:51:32+00:00,social_ads,US,desktop,medium,student,True,en,America/New_York,free
3b93a4e0-12d3-5ea5-bdcb-7841c148c93d,2026-03-22 10:49:57+00:00,organic_search,IN,mobile,medium,student,True,en,Asia/Kolkata,free
c59ba1b0-ae1c-5c02-9c60-9c61ad783bbb,2026-03-13 22:18:45+00:00,organic_search,IN,desktop,medium,new_graduate,True,en,Asia/Kolkata,free
2e500c50-ddcb-54d0-a688-4816434d574c,2026-04-12 07:41:41+00:00,social_ads,IN,desktop,medium,student,True,en,Asia/Kolkata,free
4d728f79-a936-5203-bf20-5192c611c172,2026-05-03 15:44:15+00:00,referral,US,mobile,low,student,True,en,America/New_York,free
9bbb47f0-9d05-5246-9875-72273a5715f8,2026-05-06 04:27:01+00:00,campus_event,DE,mobile,medium,early_career,True,de,Europe/Berlin,free
6c15cd1a-59c0-5d3f-9d40-a57cac2063c7,2026-03-10 15:08:00+00:00,social_ads,IN,mobile,low,new_graduate,True,en,Asia/Kolkata,free
e90c5fa2-e77b-5572-8236-ae1e98cf6a90,2026-03-26 11:40:45+00:00,social_ads,US,desktop,medium,student,True,en,America/New_York,free
8d04d10f-1847-534e-ab3b-fc372b644e60,2026-03-14 14:14:16+00:00,social_ads,CN,mobile,low,student,True,zh,Asia/Shanghai,free
6433079f-a099-5950-a78b-7542e1d9baee,2026-03-25 05:49:31+00:00,social_ads,GB,desktop,medium,student,False,en,Europe/London,free
8231df7e-6af7-5065-8e46-e4478820e492,2026-04-09 20:02:19+00:00,social_ads,US,tablet,medium,early_career,True,en,America/New_York,free
9cc4c810-25c7-59e5-8cb7-e020510e0c08,2026-03-23 08:37:35+00:00,campus_event,CN,desktop,high,student,True,zh,Asia/Shanghai,free
b2da69b4-b5ca-54e4-a447-d6a6ee6beab8,2026-03-08 15:48:37+00:00,social_ads,IN,tablet,medium,early_career,False,en,Asia/Kolkata,free
77ddac2c-7cb4-55ed-99a8-57782e2f2ad4,2026-04-08 04:36:32+00:00,content_marketing,US,desktop,low,student,True,en,America/New_York,free
a99505c3-5a32-52cc-afc9-3b6ff3ea81dc,2026-03-07 15:26:53+00:00,social_ads,FR,desktop,medium,early_career,True,fr,Europe/Paris,free
25377b18-007c-5bdd-a779-db532940bf5b,2026-03-19 15:24:29+00:00,organic_search,US,mobile,low,student,False,en,America/New_York,free
a21a7d4d-ee09-5646-bcc1-9d0e633c9c6f,2026-03-04 00:51:31+00:00,organic_search,US,mobile,low,new_graduate,False,en,America/New_York,free
93675cc8-10c7-5cd2-83db-df203e03d2dc,2026-03-09 23:46:34+00:00,social_ads,US,tablet,medium,student,True,en,America/New_York,free
6bf31d39-3fd3-53da-aef1-faa240bd26ac,2026-04-03 02:32:24+00:00,social_ads,CN,mobile,high,student,True,zh,Asia/Shanghai,free
3cf600a7-3a1d-53d5-8053-f412a4f1f048,2026-05-01 16:46:53+00:00,social_ads,DE,desktop,high,early_career,False,de,Europe/Berlin,free
817cd82d-bba6-5e8a-8563-4fee4f066a6b,2026-04-26 10:46:36+00:00,campus_event,GB,desktop,high,new_graduate,True,en,Europe/London,free
c9d27918-8e02-5687-becb-3fbb19d3a9bd,2026-03-10 19:39:47+00:00,organic_search,CA,mobile,low,student,True,en,America/Toronto,free
d8a774fe-fee1-57ab-8348-036f6e493f25,2026-03-06 09:41:31+00:00,campus_event,CN,desktop,low,early_career,False,zh,Asia/Shanghai,free
94835709-e651-5b59-bc94-34e159953c5b,2026-03-27 07:52:20+00:00,campus_event,CN,tablet,high,student,False,zh,Asia/Shanghai,free
e6dff44b-7ac7-5d8c-925c-8b85702bcdfe,2026-04-18 00:08:17+00:00,social_ads,CN,mobile,low,early_career,True,zh,Asia/Shanghai,free
a6eb2403-cf62-5776-a172-1f24a3e04935,2026-04-24 12:35:19+00:00,social_ads,US,mobile,medium,student,True,en,America/New_York,free
046f4223-77bc-5216-8b20-e3c3ddbedda4,2026-04-29 19:05:54+00:00,organic_search,CA,mobile,high,student,True,en,America/Toronto,free
5a38ff52-22a9-57dd-beb8-763efa76673c,2026-03-27 14:41:26+00:00,social_ads,CN,desktop,low,student,False,zh,Asia/Shanghai,free
eb75a11c-36d6-51db-a76a-e0574cb2cc1b,2026-03-15 14:12:32+00:00,campus_event,CN,desktop,medium,student,True,zh,Asia/Shanghai,free
8b003993-55fb-53e4-9565-d42c5c90ab0d,2026-03-05 19:37:54+00:00,content_marketing,CN,tablet,high,early_career,False,zh,Asia/Shanghai,free
b1abd753-cae7-5d7d-8262-36d36e767f5b,2026-03-14 03:12:21+00:00,social_ads,GB,desktop,medium,student,True,en,Europe/London,free
2b652e94-017c-5560-9c59-b3c80346479c,2026-03-08 11:54:26+00:00,organic_search,US,mobile,high,student,False,en,America/New_York,free
0d7a1a6b-f8e4-58c7-9c89-8daccd9f2551,2026-05-02 09:29:10+00:00,campus_event,IN,tablet,medium,early_career,True,en,Asia/Kolkata,free
af5a1f73-09e4-5e4e-80b6-7d9e1008c22d,2026-03-22 12:29:31+00:00,campus_event,IN,desktop,medium,student,True,en,Asia/Kolkata,free
6fe221ab-b61d-52ca-8019-125cd1385890,2026-04-29 19:05:38+00:00,organic_search,GB,tablet,high,student,False,en,Europe/London,free
bd7939ac-3597-5aba-8e94-444b75babfbc,2026-04-11 04:01:51+00:00,referral,US,desktop,high,new_graduate,True,en,America/New_York,free
f78380cc-6cb0-5402-aa6b-d372d98cd353,2026-04-10 04:29:14+00:00,organic_search,US,mobile,high,student,True,en,America/New_York,free
6d99f035-75cd-5708-a6b0-ffe3ae32079a,2026-04-04 09:08:14+00:00,organic_search,CN,desktop,medium,early_career,True,zh,Asia/Shanghai,free
2872ff54-0232-5db9-83df-cead22a5dd54,2026-04-29 12:35:40+00:00,organic_search,DE,mobile,medium,new_graduate,False,de,Europe/Berlin,free
e59e811d-c171-5392-81f2-eb263548aa68,2026-03-06 23:57:05+00:00,organic_search,FR,desktop,medium,student,True,fr,Europe/Paris,free
02f0e282-1060-5737-b165-f45c1e1f46a9,2026-03-10 09:36:13+00:00,referral,CN,desktop,low,new_graduate,True,zh,Asia/Shanghai,free
c7572dc9-e725-5d47-8307-f988bfe6ae76,2026-04-02 05:07:48+00:00,social_ads,US,desktop,high,student,True,en,America/New_York,free
24d48097-3471-5f88-be71-85562e4cfcff,2026-03-31 05:15:40+00:00,organic_search,US,desktop,high,new_graduate,False,en,America/New_York,free
3859cfb7-3dbc-5d0d-b681-bba28876698a,2026-04-10 15:30:29+00:00,social_ads,IN,mobile,medium,new_graduate,False,en,Asia/Kolkata,free
4c4c9cb8-8400-5f48-b9ed-6277e6b938f3,2026-04-23 21:47:32+00:00,social_ads,US,desktop,high,early_career,True,en,America/New_York,free
6c1794b6-3e10-5cfd-aa8e-b3878f0563c7,2026-04-13 12:58:28+00:00,organic_search,CN,desktop,medium,new_graduate,True,zh,Asia/Shanghai,free
269e3dba-eec4-5c9d-844d-019e905cb8d4,2026-03-21 18:20:24+00:00,organic_search,GB,desktop,high,early_career,True,en,Europe/London,free
fd0fcb60-4b54-58bd-bb08-4fc4d2e3b8d0,2026-03-26 13:59:40+00:00,campus_event,CN,desktop,medium,student,True,zh,Asia/Shanghai,free
fdb0aac5-17e7-5506-a56a-6346fd346ea2,2026-04-24 21:51:23+00:00,organic_search,CN,desktop,medium,early_career,True,zh,Asia/Shanghai,free
b4cd7a18-36df-52de-97a1-f8a1842814e3,2026-03-17 21:37:49+00:00,campus_event,US,desktop,medium,student,True,en,America/New_York,free
3f9ff397-1453-5e9d-b218-8eeacac26aae,2026-04-07 18:55:10+00:00,organic_search,US,mobile,medium,early_career,True,en,America/New_York,free
62521500-7746-59d7-9db6-02cf50b6566c,2026-04-10 04:14:18+00:00,campus_event,IN,mobile,high,new_graduate,True,en,Asia/Kolkata,free
7f216151-8c71-5adb-9c37-79c5594d8bb6,2026-04-24 18:26:24+00:00,referral,CN,mobile,medium,student,True,zh,Asia/Shanghai,free
af5321a0-0550-5d6e-9105-4d93c848ec69,2026-04-22 06:58:14+00:00,organic_search,US,desktop,high,student,False,en,America/New_York,free
75bd9a51-1135-57f8-a2dd-83c1a0b151bb,2026-04-05 01:30:33+00:00,organic_search,US,tablet,low,early_career,True,en,America/New_York,free
8089f993-3e2e-5622-98b4-04009e9bc583,2026-03-25 07:58:34+00:00,content_marketing,US,mobile,low,early_career,False,en,America/New_York,free
4047f002-6f96-57d6-b264-c544e827f2a4,2026-03-29 09:14:57+00:00,social_ads,IN,mobile,medium,new_graduate,False,en,Asia/Kolkata,free
ab14c598-8368-581a-b28d-d147bc85398e,2026-04-01 09:35:35+00:00,campus_event,IN,desktop,high,student,True,en,Asia/Kolkata,free
039cd8a8-6989-5f50-a371-d4f5915df8fa,2026-03-19 02:58:37+00:00,organic_search,CN,desktop,high,new_graduate,True,zh,Asia/Shanghai,free
5c708d7d-c9df-544f-9de1-60de73973b99,2026-04-16 03:40:27+00:00,organic_search,CN,mobile,low,student,True,zh,Asia/Shanghai,free
841987bd-78bc-5eeb-a301-1ffc673d8c2e,2026-03-18 09:04:33+00:00,social_ads,US,desktop,low,new_graduate,True,en,America/New_York,free
99d5b1d7-1c5a-5753-ae1e-df1d54d11bba,2026-04-17 18:12:32+00:00,referral,CN,mobile,medium,student,True,zh,Asia/Shanghai,free
0bbfb3ff-86a6-5c53-89d2-4e517216a119,2026-04-24 20:28:06+00:00,organic_search,US,desktop,high,early_career,True,en,America/New_York,free
d2f8060a-3143-58b2-b610-c6dc891c0492,2026-05-09 08:48:15+00:00,campus_event,CA,desktop,high,new_graduate,True,en,America/Toronto,free
c73ee9ed-1714-5540-bbf2-9298dab9e764,2026-03-12 04:54:54+00:00,campus_event,US,desktop,high,student,False,en,America/New_York,free
0700d979-4fb3-5928-ad55-456d4200d569,2026-04-25 10:06:53+00:00,organic_search,CN,desktop,medium,new_graduate,True,zh,Asia/Shanghai,free
1e7e5f34-6ed7-5fd2-a0f2-80d9013a418f,2026-03-09 22:23:11+00:00,organic_search,US,desktop,high,student,True,en,America/New_York,free
7564e87a-9104-5ab4-8aef-6267159bf46f,2026-03-27 06:28:54+00:00,organic_search,GB,desktop,low,student,True,en,Europe/London,free
ceee5215-2639-51de-a6ac-31afad0be9a7,2026-03-16 03:56:17+00:00,social_ads,US,mobile,high,student,False,en,America/New_York,free
7aa17d6d-9995-5025-abf4-86360f3930df,2026-03-15 04:44:32+00:00,campus_event,CA,desktop,medium,student,False,en,America/Toronto,free
f1bd46ba-da19-5bc8-af91-8863cf79a39d,2026-03-16 02:22:24+00:00,social_ads,US,mobile,medium,student,True,en,America/New_York,free
cba6e1d7-74de-5628-b98f-f09a1b8cf8d6,2026-03-07 00:45:40+00:00,organic_search,GB,tablet,medium,new_graduate,False,en,Europe/London,free
f6900d13-ffda-5072-8325-212790b076cd,2026-04-29 19:03:57+00:00,campus_event,IN,tablet,high,new_graduate,True,en,Asia/Kolkata,free
40e02744-edd7-5d92-a1bf-1da794e71062,2026-03-08 05:13:42+00:00,social_ads,US,mobile,low,new_graduate,True,en,America/New_York,free
bb98cec8-0b22-5232-9316-377059adcd70,2026-03-31 11:55:36+00:00,social_ads,US,desktop,low,early_career,False,en,America/New_York,free
244c6f4e-3b22-5ad1-be2f-f5ddb7e4f43c,2026-04-21 05:48:46+00:00,social_ads,CN,mobile,medium,early_career,True,zh,Asia/Shanghai,free
b8fba787-5586-5f54-8985-b2b48d4d0bc2,2026-05-11 08:04:58+00:00,organic_search,GB,tablet,high,student,True,en,Europe/London,free
70d075fc-0715-54db-b08e-412efa2a2166,2026-05-01 21:44:09+00:00,campus_event,DE,mobile,medium,new_graduate,True,de,Europe/Berlin,free
b5b80785-4b67-5c6b-8d8f-3ea089057c70,2026-03-13 11:13:17+00:00,social_ads,US,desktop,low,early_career,True,en,America/New_York,free
810d266c-a97f-59dc-97d3-7f7eab793ccd,2026-05-11 03:41:42+00:00,social_ads,CN,mobile,medium,student,True,zh,Asia/Shanghai,free
55eabec7-e19c-564e-9d4a-2f70ac89f841,2026-04-18 02:15:42+00:00,organic_search,US,desktop,low,student,True,en,America/New_York,free
af4e9ca1-d83c-5490-a9d9-b5f80098dea6,2026-03-16 09:21:52+00:00,social_ads,US,mobile,medium,early_career,True,en,America/New_York,free
d62d9632-c801-5f5c-acbe-98b498ab038e,2026-04-03 23:05:44+00:00,campus_event,IN,desktop,low,early_career,True,en,Asia/Kolkata,free
3958f012-16f7-5bac-9d46-06653a7f389c,2026-05-06 08:00:45+00:00,organic_search,US,desktop,medium,early_career,True,en,America/New_York,free
370c73c4-27ec-5b5e-86d8-924acfded000,2026-03-31 02:40:20+00:00,referral,US,mobile,medium,early_career,True,en,America/New_York,free
0a15debd-5b47-5a87-aaca-25c4f6db1319,2026-03-16 16:06:14+00:00,referral,DE,mobile,low,student,False,de,Europe/Berlin,free
730e34e9-8e22-5518-acf0-17ea64e93638,2026-05-03 09:08:20+00:00,organic_search,IN,mobile,medium,new_graduate,True,en,Asia/Kolkata,free
cf877577-3c20-5a48-9fb2-cbfb953ddcab,2026-05-08 18:07:38+00:00,campus_event,GB,mobile,medium,early_career,True,en,Europe/London,free
265beac6-b86c-560d-8c2b-fb78432f364f,2026-05-10 07:35:10+00:00,social_ads,US,tablet,low,student,False,en,America/New_York,free
ed5da336-e8b5-527d-b517-9ad638f64b76,2026-05-08 22:39:20+00:00,content_marketing,CA,mobile,low,student,False,en,America/Toronto,free
7d995090-bd28-5b20-84a2-43661569fb7a,2026-05-03 05:27:14+00:00,organic_search,CN,tablet,medium,student,True,zh,Asia/Shanghai,free
d7588e2c-c072-57bd-a696-f86e0047cdd9,2026-04-04 08:38:03+00:00,organic_search,CN,desktop,high,new_graduate,False,zh,Asia/Shanghai,free
b3c80bb0-f646-5413-8ae4-05e99e0dd1c3,2026-03-17 06:26:58+00:00,social_ads,US,desktop,high,new_graduate,True,en,America/New_York,free
9cb0a06d-50f5-514e-b815-16ba22953cb1,2026-04-15 14:00:39+00:00,organic_search,DE,mobile,medium,early_career,True,de,Europe/Berlin,free
d31682f8-4c60-5816-876e-cc0c9d24b5aa,2026-03-19 05:38:27+00:00,campus_event,CN,desktop,medium,student,True,zh,Asia/Shanghai,free
2bad7471-c0d4-545e-81de-ffdafee3be07,2026-04-05 15:32:42+00:00,social_ads,GB,tablet,high,new_graduate,True,en,Europe/London,free
6a328d2d-e8df-528b-9e6f-7c47a6ec70a4,2026-04-18 06:27:29+00:00,organic_search,IN,desktop,medium,student,True,en,Asia/Kolkata,free
8a18ea3c-c0d9-5dbd-a07b-750ab2144219,2026-05-08 07:32:09+00:00,social_ads,GB,desktop,medium,early_career,False,en,Europe/London,free
f37d0acf-4584-5002-8471-cd7f2c7ae9b2,2026-03-23 22:43:19+00:00,referral,IN,desktop,low,new_graduate,True,en,Asia/Kolkata,free
874797f6-9a19-593c-bdd7-c1b5fdb8348f,2026-03-21 09:10:08+00:00,campus_event,CA,mobile,low,new_graduate,False,en,America/Toronto,free
c99f5a38-6624-5d2d-8028-480cb44019b5,2026-04-23 16:42:16+00:00,social_ads,US,mobile,medium,student,True,en,America/New_York,free
a3f85ce6-9705-5670-afda-daa394145961,2026-03-04 10:41:50+00:00,organic_search,US,desktop,medium,student,True,en,America/New_York,free
1afed565-d693-53c1-94a0-d07fb648160d,2026-04-12 01:59:32+00:00,organic_search,IN,desktop,high,student,True,en,Asia/Kolkata,free
5af6a6e3-0e15-5b58-87ac-9998f8c33541,2026-04-24 11:14:12+00:00,referral,CN,desktop,low,early_career,True,zh,Asia/Shanghai,free
9f8303a8-adeb-58a5-912a-4241bd293c92,2026-04-11 00:18:16+00:00,campus_event,CN,desktop,medium,student,True,zh,Asia/Shanghai,free
8e9baa69-d08e-5e4f-b3b2-595eb3d015a8,2026-03-30 11:49:45+00:00,social_ads,IN,mobile,high,early_career,True,en,Asia/Kolkata,free
c455f03d-4e4a-556b-aab9-47ee53aabdef,2026-04-30 04:04:24+00:00,referral,CN,mobile,medium,student,False,zh,Asia/Shanghai,free
14e9cdc9-b616-5f4c-954d-8697c13175ae,2026-03-29 14:25:58+00:00,organic_search,GB,desktop,low,new_graduate,True,en,Europe/London,free
c72e0e56-2136-5d64-9075-bc8d9c2516ad,2026-04-22 00:38:31+00:00,campus_event,US,desktop,high,student,True,en,America/New_York,free
fc3ec3ad-cb5b-5df4-833b-79555235d9ed,2026-04-05 00:37:06+00:00,organic_search,DE,mobile,medium,student,True,de,Europe/Berlin,free
6cc0da1e-671a-5b06-9c4c-1fe42b8a9188,2026-03-05 20:00:45+00:00,organic_search,US,desktop,low,new_graduate,True,en,America/New_York,free
5f9e5085-115d-554f-b99e-385a40d338c7,2026-04-09 14:32:06+00:00,social_ads,IN,desktop,medium,student,True,en,Asia/Kolkata,free
43a284ba-7432-5764-8833-a3ffba34d840,2026-03-07 09:54:14+00:00,social_ads,DE,mobile,low,student,True,de,Europe/Berlin,free
30e03f51-1da4-5344-890e-f172a490ed29,2026-05-07 05:40:00+00:00,content_marketing,US,desktop,high,new_graduate,True,en,America/New_York,free
5ac7643b-221f-5974-a68d-7aab4b19d2c8,2026-04-14 12:10:49+00:00,organic_search,US,desktop,low,student,True,en,America/New_York,free
fa92292d-09b6-520d-a446-98d86fd192be,2026-03-29 16:05:06+00:00,referral,US,desktop,high,new_graduate,True,en,America/New_York,free
b043c489-da2d-5f55-b045-38f603862113,2026-04-06 13:08:01+00:00,campus_event,CN,mobile,low,new_graduate,True,zh,Asia/Shanghai,free
e0080499-9f2a-50bf-b0c2-c5c10d28622a,2026-04-15 17:21:41+00:00,campus_event,CN,desktop,high,student,True,zh,Asia/Shanghai,free
bfc0e569-fb5f-5369-9ee2-44e8ae9c08a2,2026-03-21 22:51:55+00:00,content_marketing,US,mobile,low,student,True,en,America/New_York,free
f669df2b-331d-5bd8-b64e-a276d438d43c,2026-03-23 21:34:47+00:00,social_ads,DE,mobile,high,student,True,de,Europe/Berlin,free
a586b4c7-8f91-5028-a187-b9c9abd767b0,2026-04-01 21:17:39+00:00,social_ads,US,mobile,low,student,True,en,America/New_York,free
3ae37617-7dac-5530-b4f5-8e07c9b2fb55,2026-03-21 20:11:42+00:00,organic_search,CN,mobile,high,student,True,zh,Asia/Shanghai,free
b060aa56-a43e-56d9-8be0-c0a551a14404,2026-04-25 07:05:57+00:00,organic_search,CN,desktop,high,new_graduate,True,zh,Asia/Shanghai,free
dbff3c79-8e72-59f9-ab2d-818bfab9f1eb,2026-03-11 03:55:05+00:00,referral,US,desktop,medium,student,False,en,America/New_York,free
5454059d-e54c-58f7-8e2d-8e92c2ca691e,2026-04-30 00:52:06+00:00,social_ads,US,desktop,low,early_career,False,en,America/New_York,free
68e527c7-fcfb-5e88-a8c8-467b619a5f40,2026-03-28 01:09:40+00:00,organic_search,JP,mobile,medium,early_career,True,ja,Asia/Tokyo,free
cb10892f-10df-5f0b-a3e7-909ec50f4e5b,2026-04-11 17:23:06+00:00,organic_search,IN,mobile,medium,student,True,en,Asia/Kolkata,free
affbe8b3-1d70-530c-8148-be0464dbad15,2026-03-14 21:14:35+00:00,social_ads,US,mobile,medium,new_graduate,False,en,America/New_York,free
ae9cef20-3b6d-5296-b799-db244da5c34c,2026-03-30 14:10:17+00:00,campus_event,GB,mobile,medium,student,True,en,Europe/London,free
7d841597-c4d1-5eec-9906-07e2670511e3,2026-04-25 01:36:44+00:00,organic_search,CN,desktop,high,student,False,zh,Asia/Shanghai,free
95d458a7-dad1-5e2a-89fb-88797952c539,2026-03-22 16:16:24+00:00,campus_event,US,desktop,high,early_career,True,en,America/New_York,free
71753050-133a-5a67-90f0-bfd67fa06fc1,2026-03-13 03:02:54+00:00,campus_event,IN,desktop,medium,new_graduate,True,en,Asia/Kolkata,free
6ae0e6b5-47d1-50c7-bfa7-71d8fd19e06b,2026-04-09 00:17:48+00:00,campus_event,CN,mobile,low,student,False,zh,Asia/Shanghai,free
54698e0e-a336-519e-be12-0d516bb3dd49,2026-03-15 05:05:05+00:00,organic_search,US,desktop,low,early_career,False,en,America/New_York,free
65189e62-dc02-55d6-80a3-f14379fd0d9e,2026-03-25 17:13:30+00:00,campus_event,DE,tablet,medium,early_career,True,de,Europe/Berlin,free
ab176b9e-1a5b-51aa-9d7f-e810acbf348c,2026-04-04 01:57:46+00:00,organic_search,US,desktop,high,new_graduate,True,en,America/New_York,free
eb9abde3-b8a7-5280-9c50-99e248f1b70c,2026-04-11 22:08:28+00:00,social_ads,US,mobile,medium,new_graduate,True,en,America/New_York,free
a22820a4-5889-5ae5-9219-5b874971f6c4,2026-04-17 02:48:26+00:00,campus_event,US,desktop,low,early_career,True,en,America/New_York,free
fc3694a1-735d-5589-9ec3-f18af6ae8336,2026-04-19 16:32:09+00:00,campus_event,GB,mobile,medium,new_graduate,False,en,Europe/London,free
beb0a10a-972b-5ac8-935c-99dc9e95b71c,2026-05-01 06:08:20+00:00,organic_search,IN,desktop,medium,new_graduate,True,en,Asia/Kolkata,free
610083ed-980c-59c2-80fc-2f7f84387c5f,2026-03-08 13:25:36+00:00,referral,CA,mobile,high,early_career,True,en,America/Toronto,free
b7e7b4e3-abd9-5659-9b2c-e2eb3fe6aa7a,2026-03-29 00:00:28+00:00,organic_search,US,tablet,medium,new_graduate,True,en,America/New_York,free
e8bad04a-243f-55e6-b9aa-0578732ce5b6,2026-03-04 01:46:02+00:00,social_ads,GB,mobile,low,student,False,en,Europe/London,free
5b6396ec-9e4b-5806-9afc-d2fa83af54f8,2026-03-04 15:38:12+00:00,content_marketing,CN,desktop,medium,student,True,zh,Asia/Shanghai,free
462f9d67-3ef8-503b-904a-06f8ec410ffc,2026-03-18 15:31:50+00:00,social_ads,US,mobile,low,student,True,en,America/New_York,free
bd9c3927-dd83-5c95-85b3-7e764f67f830,2026-04-14 06:31:29+00:00,referral,US,desktop,medium,student,False,en,America/New_York,free
8842e7cf-bfbb-5536-a051-5abd4dd22ffe,2026-05-04 17:18:38+00:00,social_ads,GB,desktop,medium,student,False,en,Europe/London,free
23cf96e9-450e-5165-bd45-9414ac234ecf,2026-04-26 08:59:02+00:00,campus_event,US,mobile,low,new_graduate,True,en,America/New_York,free
19c21d65-061c-5354-9c25-a2128c99338e,2026-04-17 14:15:26+00:00,campus_event,IN,mobile,medium,early_career,True,en,Asia/Kolkata,free
5e020f2b-8322-5400-805f-a455545be650,2026-04-26 16:38:20+00:00,campus_event,CN,desktop,high,student,False,zh,Asia/Shanghai,free
cf1e1ec0-0013-58a2-80f7-dca73168f25b,2026-03-15 20:45:57+00:00,organic_search,US,mobile,high,student,True,en,America/New_York,free
10195317-3c9e-51e7-8ae7-2a68fe4e3e10,2026-04-30 22:46:00+00:00,campus_event,AU,mobile,medium,early_career,True,en,Australia/Sydney,free
0d654ad4-9d57-504f-9a35-73110823cfff,2026-05-04 10:16:36+00:00,organic_search,GB,mobile,medium,student,True,en,Europe/London,free
f009955d-a7bb-5abe-b3d7-5c75ebb0f112,2026-03-10 13:24:35+00:00,content_marketing,CN,desktop,high,early_career,False,zh,Asia/Shanghai,free
c1ac0b7f-8a1f-5c86-8b47-2c885a535cca,2026-04-05 10:14:48+00:00,organic_search,IN,mobile,medium,new_graduate,False,en,Asia/Kolkata,free
a7d678de-41d5-5f1d-9a36-32605a3c7245,2026-04-30 06:32:29+00:00,organic_search,CN,desktop,high,new_graduate,True,zh,Asia/Shanghai,free
c5711fc4-573b-521f-a18e-00eee98df265,2026-04-05 20:24:27+00:00,referral,IN,desktop,low,student,True,en,Asia/Kolkata,free
526f94a0-6c0a-505a-8bc0-29cf19db826f,2026-04-30 23:49:20+00:00,organic_search,US,desktop,low,student,True,en,America/New_York,free
bc6ce150-ccb0-5c7b-9ec0-8bef31bfe357,2026-05-07 13:15:25+00:00,social_ads,CN,tablet,low,new_graduate,True,zh,Asia/Shanghai,free
07f50eb2-d50e-5bca-9344-7a3c90ab8807,2026-04-05 18:02:38+00:00,campus_event,US,desktop,high,student,False,en,America/New_York,free
f1f2c81d-f374-5f01-b313-487414a09913,2026-03-08 02:30:34+00:00,organic_search,CN,desktop,medium,student,True,zh,Asia/Shanghai,free
f9761c6c-d964-5d05-b7f5-ac33d3afa642,2026-03-27 11:07:36+00:00,organic_search,CN,desktop,low,student,True,zh,Asia/Shanghai,free
9c039a06-200d-575b-994d-e8914c32774a,2026-03-18 20:20:05+00:00,social_ads,US,desktop,high,new_graduate,True,en,America/New_York,free
5dc162a2-5a33-5f04-a4d6-735294418563,2026-04-05 17:08:03+00:00,organic_search,JP,tablet,high,new_graduate,True,ja,Asia/Tokyo,free
0e76baff-6718-5c40-b2c9-ac64d76f50c6,2026-04-13 10:02:13+00:00,organic_search,US,mobile,low,new_graduate,True,en,America/New_York,free
7aba2ed7-a4e1-53da-8c06-cf6baee7a5df,2026-04-05 00:12:55+00:00,organic_search,US,mobile,medium,new_graduate,True,en,America/New_York,free
2fde9ff3-dfad-5dea-9cad-c17ad65f5faa,2026-03-17 11:43:31+00:00,social_ads,CN,mobile,medium,student,True,zh,Asia/Shanghai,free
b00e73a4-a849-5776-8854-34fbbb45677e,2026-03-24 18:43:44+00:00,organic_search,IN,desktop,low,early_career,True,en,Asia/Kolkata,free
01e13131-5efa-596f-b2c0-47c3eca3326a,2026-04-19 21:17:47+00:00,organic_search,US,mobile,medium,early_career,True,en,America/New_York,free
4aadc9a0-0784-50a9-928e-d087374aa890,2026-03-05 20:41:01+00:00,campus_event,CN,tablet,low,student,True,zh,Asia/Shanghai,free
a432c5ea-dfda-5a35-97ae-c76fce23dc0f,2026-03-18 18:32:11+00:00,campus_event,IN,mobile,high,new_graduate,True,en,Asia/Kolkata,free
adf2a242-8480-506f-ab42-2d327bc991ae,2026-05-04 13:43:01+00:00,organic_search,US,mobile,high,student,True,en,America/New_York,free
4af43749-0d8f-5ab2-a1c9-776212269cf8,2026-03-10 20:12:13+00:00,organic_search,JP,desktop,high,early_career,True,ja,Asia/Tokyo,free
07a1d4be-e635-5152-a3d4-5973836a63ee,2026-04-01 14:49:08+00:00,referral,US,mobile,high,student,False,en,America/New_York,free
da51dc4d-7cf7-5ceb-b5fc-5a141dace1fa,2026-03-18 06:46:01+00:00,social_ads,IN,desktop,low,student,True,en,Asia/Kolkata,free
1c27d069-606f-57ac-baad-d275183e130a,2026-03-11 05:18:05+00:00,social_ads,US,mobile,medium,early_career,True,en,America/New_York,free
bf36046a-b680-5ff9-abd5-835437c0aad9,2026-04-02 04:02:50+00:00,social_ads,IN,desktop,medium,new_graduate,True,en,Asia/Kolkata,free
fc87d3bb-d86e-58d8-bd3e-7ab6f2564ad7,2026-04-08 23:30:28+00:00,organic_search,GB,mobile,medium,student,True,en,Europe/London,free
a2e3728d-fb4b-57e9-8833-8fcd7bb1ae7f,2026-03-16 03:41:05+00:00,referral,US,tablet,medium,new_graduate,True,en,America/New_York,free
13282923-f4ba-544c-97b8-3f3701f51922,2026-03-09 08:49:35+00:00,content_marketing,US,mobile,medium,early_career,True,en,America/New_York,free
29ee88c9-e54a-5399-90ec-a9512f41d82c,2026-03-13 07:02:58+00:00,content_marketing,US,desktop,low,student,True,en,America/New_York,free
4584a6ac-f323-5b84-8bbb-8321674ef114,2026-04-17 22:57:25+00:00,organic_search,US,mobile,medium,new_graduate,True,en,America/New_York,free
b3b83223-c933-55f5-a305-43dd34396bf8,2026-05-02 08:37:35+00:00,organic_search,JP,tablet,medium,new_graduate,True,ja,Asia/Tokyo,free
581acbaa-6ee0-5572-8dbe-d7d4ca27d623,2026-03-16 10:33:42+00:00,organic_search,CN,mobile,medium,new_graduate,True,zh,Asia/Shanghai,free
d23b569d-39d1-5bac-87b1-8a2a83410baf,2026-03-26 02:34:38+00:00,organic_search,IN,tablet,medium,early_career,True,en,Asia/Kolkata,free
c436781f-f1cb-5eb8-9815-737f5466e455,2026-03-27 17:21:29+00:00,organic_search,FR,mobile,medium,new_graduate,True,fr,Europe/Paris,free
8eb583ea-151a-5423-a428-ea22572ceb46,2026-03-28 21:24:57+00:00,campus_event,GB,tablet,high,new_graduate,True,en,Europe/London,free
274ef74d-ea8a-51dd-82e3-99036aaece7d,2026-03-20 20:33:40+00:00,organic_search,GB,desktop,medium,early_career,True,en,Europe/London,free
391ef175-534c-5f40-b6be-b6fd973ca6d2,2026-03-07 19:31:39+00:00,content_marketing,US,mobile,medium,student,False,en,America/New_York,free
4eaa5a37-327e-5226-9d17-159d0d439600,2026-04-09 05:39:27+00:00,organic_search,US,mobile,medium,student,False,en,America/New_York,free
dfc495b9-f9e2-5cb6-81e7-3a45a40b25c7,2026-03-28 15:48:13+00:00,organic_search,US,tablet,medium,early_career,True,en,America/New_York,free
f06ed79c-9f64-55a4-aa34-a3c763fb131c,2026-03-27 14:46:43+00:00,referral,US,desktop,low,new_graduate,False,en,America/New_York,free
266c394b-6e6a-5e77-8c95-61a453c580f2,2026-03-22 06:31:13+00:00,campus_event,CN,desktop,medium,student,True,zh,Asia/Shanghai,free
311980cb-f503-5025-b56c-c6bd7be7e668,2026-05-07 02:59:09+00:00,social_ads,US,desktop,low,student,True,en,America/New_York,free
fe582b4c-283d-5741-bf90-881ccd07946d,2026-04-15 02:57:46+00:00,social_ads,CN,mobile,high,student,False,zh,Asia/Shanghai,free
5636349d-8f86-5caa-9150-14bab52483b9,2026-04-01 21:21:12+00:00,organic_search,CN,tablet,high,student,True,zh,Asia/Shanghai,free
0505e2ee-9521-5b8b-9911-91882ca66490,2026-03-18 04:07:33+00:00,organic_search,US,mobile,medium,student,True,en,America/New_York,free
cad215cf-6157-589e-b677-a0a4f2bf1a74,2026-04-28 06:39:37+00:00,social_ads,US,desktop,high,new_graduate,True,en,America/New_York,free
25905dac-e174-52ca-8b1b-196096161be7,2026-05-04 07:07:58+00:00,social_ads,CN,desktop,medium,student,False,zh,Asia/Shanghai,free
51782685-eafc-5ad6-8a06-ff8b60f37267,2026-03-06 05:31:10+00:00,campus_event,CN,tablet,low,new_graduate,True,zh,Asia/Shanghai,free
dee0a524-f07f-5aa7-a17a-79e20c4f6f1e,2026-05-07 03:31:39+00:00,organic_search,IN,desktop,medium,early_career,True,en,Asia/Kolkata,free
7f8d33d6-ab46-52c8-8720-ba5dc315f2e0,2026-04-21 06:14:21+00:00,campus_event,IN,desktop,high,early_career,True,en,Asia/Kolkata,free
06a2134f-3a0d-5882-a275-2dd74efca01e,2026-03-10 21:19:11+00:00,campus_event,US,desktop,low,early_career,False,en,America/New_York,free
675f02c4-ccbc-55f7-a892-1fe5ddf01246,2026-04-24 23:13:38+00:00,organic_search,US,mobile,low,student,True,en,America/New_York,free
ab3c3ae0-3faf-54a8-a61c-328cd36b01df,2026-03-11 09:51:32+00:00,organic_search,US,mobile,medium,new_graduate,True,en,America/New_York,free
98b19327-c15c-52ff-850a-a346aa241657,2026-03-07 12:13:36+00:00,social_ads,US,desktop,medium,new_graduate,True,en,America/New_York,free
c1702e56-a788-54c0-9207-4d070aebae0f,2026-03-11 22:58:49+00:00,campus_event,CN,desktop,medium,student,True,zh,Asia/Shanghai,free
e91930b8-cb81-5b31-a710-3490060e5484,2026-04-04 17:28:53+00:00,campus_event,JP,tablet,medium,early_career,True,ja,Asia/Tokyo,free
aac3bcaf-e83d-50b7-9fc1-069c2902627c,2026-04-15 18:00:23+00:00,campus_event,US,desktop,high,new_graduate,True,en,America/New_York,free
9deb9544-5ccb-5a04-b4b5-b30d5f4357ba,2026-04-01 02:31:46+00:00,social_ads,US,desktop,low,new_graduate,False,en,America/New_York,free
dc64dcba-cafa-5958-8f19-e402c0d0f448,2026-03-12 09:58:49+00:00,organic_search,IN,desktop,medium,student,True,en,Asia/Kolkata,free
54b74f22-7bb6-5e9e-a28f-a0242a3aba8f,2026-03-17 17:49:21+00:00,social_ads,CN,desktop,high,student,True,zh,Asia/Shanghai,free
8bdf826b-4284-58ce-a1b7-4678be114713,2026-05-01 19:32:41+00:00,organic_search,US,mobile,medium,early_career,False,en,America/New_York,free
13bcc524-5e88-59dd-91fe-caf9ce0f80c1,2026-05-09 10:06:17+00:00,campus_event,US,mobile,medium,student,True,en,America/New_York,free
883ddf7e-1442-57d6-9ff0-8bbbfa91102b,2026-04-25 01:04:24+00:00,organic_search,BR,desktop,low,student,True,pt,America/Sao_Paulo,free
23b5de12-63d4-53ae-8760-b90ecd533874,2026-03-11 03:15:11+00:00,organic_search,US,tablet,low,new_graduate,True,en,America/New_York,free
0a5f42ec-cad5-5498-84ed-ee08e93a93e8,2026-04-29 13:36:11+00:00,social_ads,IN,desktop,medium,new_graduate,True,en,Asia/Kolkata,free
c6dc99fd-49ef-5c30-abac-9c3366245428,2026-04-20 17:55:59+00:00,social_ads,GB,tablet,medium,student,True,en,Europe/London,free
9c3dadf7-fb0b-5bd7-a616-0a9a5cfe39ff,2026-04-09 07:09:21+00:00,campus_event,US,desktop,medium,student,True,en,America/New_York,free
d49a3e76-e9a9-5f58-840b-3117982dc37a,2026-03-13 21:12:09+00:00,social_ads,IN,desktop,medium,early_career,True,en,Asia/Kolkata,free
630d21f5-2240-51bb-925d-aaacef135b7d,2026-05-11 18:29:49+00:00,content_marketing,US,tablet,high,early_career,True,en,America/New_York,free
ec1bdfcd-a405-5f0c-aede-e80e5ce8655c,2026-04-03 12:57:21+00:00,referral,US,tablet,high,new_graduate,True,en,America/New_York,free
c34662a6-d45d-5854-803e-38d62fec5f60,2026-03-07 01:09:13+00:00,referral,US,mobile,low,early_career,True,en,America/New_York,free
80cc8357-5a36-5001-93af-9e5414971a1c,2026-03-18 11:42:27+00:00,campus_event,AU,mobile,low,student,False,en,Australia/Sydney,free
75e59add-07b2-52a0-bf68-52ba46ad5a70,2026-03-31 16:29:40+00:00,campus_event,US,mobile,high,new_graduate,True,en,America/New_York,free
56b331b7-6052-5209-bbf9-70b3ec813fde,2026-03-08 07:12:46+00:00,campus_event,US,mobile,medium,new_graduate,False,en,America/New_York,free
08868351-e37c-5d39-ae30-1ec419799e1b,2026-03-26 08:26:19+00:00,social_ads,CA,desktop,medium,early_career,True,en,America/Toronto,free
3bb51981-1cc9-5372-aef9-d3e2ec0d891e,2026-04-05 07:40:34+00:00,organic_search,US,mobile,low,early_career,True,en,America/New_York,free
586d7632-b2c2-570f-8ba1-24cbe58c1de5,2026-05-08 10:57:24+00:00,social_ads,DE,mobile,medium,student,True,de,Europe/Berlin,free
ff17cab7-6a35-5d95-9df5-45785ce63ff6,2026-03-09 23:02:12+00:00,organic_search,IN,mobile,low,student,False,en,Asia/Kolkata,free
09c26c42-47fb-5ac5-a42e-a4bebf3996d9,2026-04-12 19:16:53+00:00,organic_search,CN,tablet,low,early_career,False,zh,Asia/Shanghai,free
5b9f8eae-1130-5815-a0c8-f581efc06ef6,2026-05-06 04:30:00+00:00,referral,GB,mobile,medium,student,True,en,Europe/London,free
e53d0eb4-e0bf-52cc-87b7-c0bbe69e00ef,2026-04-28 15:03:07+00:00,organic_search,IN,desktop,high,new_graduate,True,en,Asia/Kolkata,free
459ebff2-08fc-5ff7-925a-2ba7ab0a256b,2026-05-06 19:42:10+00:00,social_ads,US,desktop,low,new_graduate,True,en,America/New_York,free
e0bedc8b-fe18-5d69-a981-ce38b1dd78e0,2026-03-15 18:05:05+00:00,campus_event,AU,mobile,medium,student,True,en,Australia/Sydney,free
2a9820b9-3125-5454-b835-1f49efbc77e2,2026-04-28 07:01:26+00:00,organic_search,BR,desktop,medium,new_graduate,False,pt,America/Sao_Paulo,free
ee086374-1951-55a2-8bb8-0ed34a14f0c7,2026-05-10 12:37:04+00:00,referral,DE,tablet,medium,new_graduate,True,de,Europe/Berlin,free
70d8c252-7cbe-5c0d-ad24-75bded474622,2026-03-26 11:54:35+00:00,organic_search,IN,desktop,medium,early_career,True,en,Asia/Kolkata,free
930fae29-3a85-5984-ab91-f9880e3c86e6,2026-04-07 09:44:48+00:00,referral,CN,desktop,low,student,True,zh,Asia/Shanghai,free
9ecda913-b8a9-5d32-b4ec-3f7c00218a72,2026-04-09 15:04:22+00:00,campus_event,CN,mobile,medium,student,False,zh,Asia/Shanghai,free
9447f522-cb01-5a05-bbd5-1c8767f15723,2026-04-07 01:31:14+00:00,organic_search,US,desktop,high,student,True,en,America/New_York,free
6e5b3349-6195-5e68-b372-796e0b10107a,2026-03-23 23:52:42+00:00,organic_search,CN,mobile,low,student,True,zh,Asia/Shanghai,free
860557f0-24e8-5332-8d88-a687e4b0e4a2,2026-05-09 23:47:05+00:00,organic_search,IN,desktop,high,new_graduate,True,en,Asia/Kolkata,free
7d0609a6-1040-58d5-85c2-cd8e4ea6870a,2026-05-08 23:57:30+00:00,social_ads,IN,mobile,low,student,True,en,Asia/Kolkata,free
8a5f8c1d-8bb5-5e9e-b371-a0ad18f7fc4a,2026-03-30 06:29:33+00:00,organic_search,US,mobile,medium,student,True,en,America/New_York,free
58c8f573-8438-55de-bb3d-eaab18409b1a,2026-04-28 13:33:48+00:00,content_marketing,CN,tablet,medium,early_career,False,zh,Asia/Shanghai,free
fcdc95a1-49d4-5172-adbb-992f018d1172,2026-03-31 10:18:04+00:00,organic_search,IN,desktop,high,student,True,en,Asia/Kolkata,free
1426fe21-403e-5fc1-9b54-f6f144539061,2026-04-27 20:12:21+00:00,referral,CN,desktop,low,student,False,zh,Asia/Shanghai,free
89c3d510-0841-56d4-aa27-c2e62eb9ab83,2026-04-13 08:21:00+00:00,organic_search,FR,mobile,low,early_career,True,fr,Europe/Paris,free
a6f5f986-b297-5248-9dff-501dfa99e955,2026-04-05 10:36:02+00:00,content_marketing,IN,tablet,medium,new_graduate,False,en,Asia/Kolkata,free
63404dd5-5d48-5f12-b127-37f3be50c6d9,2026-03-12 20:03:17+00:00,organic_search,US,mobile,low,student,True,en,America/New_York,free
589b1488-8f00-55e0-9996-9a2fd6716d1c,2026-04-18 04:00:07+00:00,social_ads,US,mobile,medium,early_career,False,en,America/New_York,free
583c6ffc-60b8-5de8-a474-d8048dcecc66,2026-03-26 03:43:03+00:00,social_ads,IN,mobile,high,new_graduate,True,en,Asia/Kolkata,free
fee03c4b-c2c0-5a66-9ec5-a15fe9c71dd3,2026-03-18 23:07:03+00:00,organic_search,CN,mobile,low,student,False,zh,Asia/Shanghai,free
41c5c6da-d9c9-58be-b926-bf5be514b8cd,2026-03-17 07:57:09+00:00,referral,GB,tablet,high,student,True,en,Europe/London,free
48d6acdb-b8a3-58d6-9ef2-f49929b001d4,2026-05-10 17:59:20+00:00,organic_search,US,tablet,low,early_career,True,en,America/New_York,free
5d95a51a-a90e-5f2e-b207-70b746bc60cf,2026-03-11 03:02:13+00:00,social_ads,US,mobile,high,student,False,en,America/New_York,free
0672f170-062b-5473-85fa-5ea909ba463c,2026-04-28 02:21:30+00:00,social_ads,CN,mobile,high,early_career,True,zh,Asia/Shanghai,free
cf9393b3-67c3-55ff-aa96-05554ae599f6,2026-05-02 18:20:06+00:00,campus_event,IN,tablet,medium,student,True,en,Asia/Kolkata,free
6203545a-70c1-5e07-95ba-a5a35f3bb179,2026-03-06 03:25:24+00:00,organic_search,JP,desktop,high,student,True,ja,Asia/Tokyo,free
36560abf-52af-518c-8734-8d0b5c454605,2026-04-13 15:55:55+00:00,organic_search,DE,desktop,high,early_career,True,de,Europe/Berlin,free
e1f470e8-9ff8-5243-87cb-f367dfb36ff3,2026-04-12 20:10:55+00:00,organic_search,CN,tablet,low,early_career,False,zh,Asia/Shanghai,free
bc58956e-ba45-5e25-9bb8-e78c67f22f30,2026-03-28 17:57:42+00:00,organic_search,GB,mobile,low,student,False,en,Europe/London,free
73077b74-31c6-5dad-a3e3-f87490519b96,2026-04-19 00:04:42+00:00,organic_search,US,desktop,low,student,True,en,America/New_York,free
f69f8a8a-e194-5eed-a607-75d98f526c77,2026-04-01 04:45:22+00:00,content_marketing,CN,mobile,medium,new_graduate,True,zh,Asia/Shanghai,free
be212412-3ba8-5bc1-98b4-32fd41157a9c,2026-04-03 08:07:44+00:00,social_ads,CA,mobile,medium,new_graduate,True,en,America/Toronto,free
3e98b77d-5a6c-5961-806b-73287b727190,2026-04-02 18:35:42+00:00,campus_event,CN,mobile,medium,student,True,zh,Asia/Shanghai,free
7339ad33-60a6-58f0-9ec8-e58ed9ea82d6,2026-04-28 05:54:59+00:00,social_ads,FR,mobile,medium,student,False,fr,Europe/Paris,free
079f9374-55c9-5a76-a529-0d8d03841f3b,2026-04-16 16:29:41+00:00,organic_search,US,desktop,medium,early_career,True,en,America/New_York,free
869004e8-0504-5ce4-9505-44f9ea1a1ac6,2026-03-30 03:42:05+00:00,social_ads,US,mobile,low,student,True,en,America/New_York,free
e7558122-7c0a-5d7a-938f-aef64908bff4,2026-05-06 22:43:47+00:00,organic_search,CN,desktop,low,student,True,zh,Asia/Shanghai,free
dde29feb-dc6e-56fd-b319-d398899e9f88,2026-04-28 08:12:33+00:00,organic_search,CA,tablet,high,student,True,en,America/Toronto,free
fa1c6699-ec78-5f7d-a9c8-09a93a2663a0,2026-05-07 08:40:57+00:00,social_ads,US,desktop,medium,student,True,en,America/New_York,free
a714e503-4e96-5a6e-96b3-49c3c3ee113b,2026-04-23 09:42:33+00:00,social_ads,GB,mobile,medium,new_graduate,True,en,Europe/London,free
8a5089d7-365e-5ee1-94b3-da0748cf83e4,2026-03-31 00:18:37+00:00,content_marketing,US,mobile,low,student,True,en,America/New_York,free
7edf4552-a6b1-5c90-a885-676d797f7e76,2026-04-26 07:59:28+00:00,organic_search,IN,mobile,high,new_graduate,False,en,Asia/Kolkata,free
99d50c8b-c36c-5666-b1c5-34719ea400d2,2026-03-26 17:15:30+00:00,social_ads,CN,mobile,low,student,True,zh,Asia/Shanghai,free
2d272256-4dfb-5bb6-af89-d7e848bde1c3,2026-03-22 16:39:27+00:00,organic_search,US,mobile,medium,student,False,en,America/New_York,free
a0605ce1-d862-528f-8e5b-5e99c498c295,2026-04-04 02:55:57+00:00,organic_search,IN,mobile,low,early_career,True,en,Asia/Kolkata,free
8b07e584-31c2-5463-ae9a-ff158866d355,2026-05-09 21:10:00+00:00,campus_event,IN,desktop,low,new_graduate,True,en,Asia/Kolkata,free
5bb118d8-3d84-5c25-8abd-7d6b6211995c,2026-04-12 04:29:55+00:00,organic_search,CN,desktop,medium,student,True,zh,Asia/Shanghai,free
76a8ca5a-f722-56bc-8b8a-87fa6e0dcafe,2026-03-30 11:23:43+00:00,social_ads,US,mobile,medium,student,True,en,America/New_York,free
9220c3bc-8ef6-50bb-a5d8-9a25d074ae07,2026-04-04 20:46:12+00:00,social_ads,US,desktop,medium,new_graduate,False,en,America/New_York,free
8d84c8aa-d849-5008-8bdb-270a1401b96a,2026-03-24 02:15:13+00:00,organic_search,FR,mobile,low,early_career,True,fr,Europe/Paris,free
f253c779-4b97-57ec-a773-fb7c9d037908,2026-04-18 10:53:43+00:00,content_marketing,IN,desktop,high,new_graduate,True,en,Asia/Kolkata,free
d58d3613-6cb0-5b00-a60c-f3dab089dd5d,2026-03-28 04:18:11+00:00,social_ads,GB,mobile,medium,early_career,True,en,Europe/London,free
b3731f8f-ebb2-5abf-82d3-9ce8d4e3d804,2026-04-11 06:05:04+00:00,campus_event,IN,desktop,high,student,True,en,Asia/Kolkata,free
d167f773-95c7-50c4-a74e-06fbc83ef3bc,2026-03-29 12:25:06+00:00,social_ads,GB,mobile,low,early_career,True,en,Europe/London,free
712b8e48-0dad-5731-af20-c077e795b2f4,2026-03-26 03:06:16+00:00,content_marketing,US,desktop,medium,student,True,en,America/New_York,free
2b158ad1-74d4-5722-85d4-360f443652c9,2026-05-09 22:42:36+00:00,organic_search,CN,mobile,medium,student,True,zh,Asia/Shanghai,free
c208f7de-b629-526b-95f5-b8d9debda460,2026-03-27 20:31:47+00:00,social_ads,IN,desktop,high,new_graduate,True,en,Asia/Kolkata,free
3bd6f2eb-4755-5b4b-90ae-c099a192b5ac,2026-03-08 20:46:53+00:00,campus_event,US,mobile,medium,student,True,en,America/New_York,free
763253fd-dc5d-5def-9111-86d3ba2db32e,2026-03-30 02:56:57+00:00,organic_search,US,desktop,medium,student,True,en,America/New_York,free
f6f32663-7ad5-5635-99f5-3324aa190ec2,2026-04-09 17:13:48+00:00,social_ads,IN,mobile,low,student,True,en,Asia/Kolkata,free
d80dbd2b-e0f8-5474-b6ae-c13bd9e4bfb6,2026-03-10 12:43:23+00:00,content_marketing,DE,mobile,low,new_graduate,True,de,Europe/Berlin,free
ff4da538-e76d-528f-a626-c32da14d1edf,2026-03-25 02:12:47+00:00,social_ads,IN,tablet,low,early_career,False,en,Asia/Kolkata,free
07d59573-a531-5525-8e7a-923130554e13,2026-03-15 10:59:57+00:00,campus_event,US,mobile,high,new_graduate,True,en,America/New_York,free
208d2626-7034-5ccb-81f7-c6090759d47d,2026-04-07 13:04:23+00:00,campus_event,JP,mobile,low,student,True,ja,Asia/Tokyo,free
73179745-047a-58fb-9a04-d6bd8ea3326c,2026-04-22 21:28:34+00:00,referral,US,mobile,low,student,True,en,America/New_York,free
b49d0d42-60c9-53d7-82d7-eb1023f26cee,2026-05-09 19:48:10+00:00,referral,US,desktop,medium,early_career,True,en,America/New_York,free
bb51744f-1dec-5a7d-80c6-0cae84581a14,2026-03-30 20:20:37+00:00,social_ads,JP,mobile,low,new_graduate,True,ja,Asia/Tokyo,free
9e99f8b8-c980-54c6-9f25-b1503a8ecc2e,2026-05-02 13:33:21+00:00,organic_search,GB,desktop,high,new_graduate,True,en,Europe/London,free
559968c7-d4a3-5df1-b49c-11bd37bb974c,2026-03-18 19:16:34+00:00,organic_search,BR,mobile,medium,student,True,pt,America/Sao_Paulo,free
28317712-a8f1-5f89-a968-92cf7846aade,2026-04-26 20:30:10+00:00,campus_event,GB,desktop,high,student,False,en,Europe/London,free
8d8c0107-656d-5c2b-bc03-8802e9ddc87a,2026-04-11 19:47:06+00:00,referral,IN,desktop,medium,student,False,en,Asia/Kolkata,free
5447b5c3-057e-5ada-88d1-fe8bff7964be,2026-04-25 07:32:04+00:00,social_ads,US,mobile,medium,new_graduate,True,en,America/New_York,free
d827762d-bfd4-553e-8204-851859e0bb00,2026-04-25 03:10:23+00:00,organic_search,US,mobile,medium,early_career,True,en,America/New_York,free
0a898c1a-0427-597a-9a85-a1d78145cfbe,2026-04-09 17:42:27+00:00,organic_search,BR,desktop,medium,early_career,False,pt,America/Sao_Paulo,free
ded1def0-2362-5666-a0e1-c1a15b106bb5,2026-03-21 18:17:28+00:00,social_ads,DE,mobile,medium,student,True,de,Europe/Berlin,free
d9b2457c-c432-53a5-a948-e1f313c728e9,2026-04-09 07:21:38+00:00,referral,CN,mobile,low,new_graduate,False,zh,Asia/Shanghai,free
ed9d871a-6dd3-5e23-a83e-7299a18c7114,2026-04-30 01:09:49+00:00,organic_search,CN,desktop,high,early_career,True,zh,Asia/Shanghai,free
15bb0359-d152-5e17-88e9-75afdd4a4c21,2026-05-09 23:24:39+00:00,campus_event,US,desktop,medium,student,False,en,America/New_York,free
914d6468-9803-546c-8680-46e4d3cb5c61,2026-05-06 23:56:51+00:00,campus_event,US,tablet,medium,new_graduate,True,en,America/New_York,free
6e8f85ee-d8ac-5c43-87a7-95ab46c796a2,2026-03-16 12:30:33+00:00,content_marketing,DE,tablet,medium,new_graduate,True,de,Europe/Berlin,free
e2a89d87-cd27-5484-bf26-f9fa2b880fc0,2026-04-14 05:17:06+00:00,organic_search,US,desktop,medium,student,True,en,America/New_York,free
136b9fae-4d8e-563e-9618-026fc4f74d61,2026-03-11 05:12:32+00:00,content_marketing,CN,mobile,medium,student,True,zh,Asia/Shanghai,free
c27f7664-f54c-58d9-8ff0-d1e1a9f32088,2026-04-19 03:46:37+00:00,campus_event,BR,desktop,medium,student,True,pt,America/Sao_Paulo,free
f804a57a-bb82-5ae3-a781-06c90ac725a7,2026-05-11 11:18:27+00:00,campus_event,CN,tablet,low,new_graduate,True,zh,Asia/Shanghai,free
b2ec7d55-6b4b-59aa-bfcd-e6bc5d481b58,2026-03-07 15:03:56+00:00,organic_search,CN,desktop,medium,student,True,zh,Asia/Shanghai,free
55d61f9e-e641-5ab9-8513-1dff955c9cfa,2026-04-18 07:17:02+00:00,social_ads,US,desktop,low,student,False,en,America/New_York,free
ca384378-d19e-5522-acb1-90cce61f1da1,2026-05-08 05:46:50+00:00,campus_event,US,desktop,high,student,False,en,America/New_York,free
967a0efc-d053-55b7-9873-6fffd80dd658,2026-05-01 10:56:13+00:00,organic_search,US,mobile,medium,early_career,False,en,America/New_York,free
384692d1-e808-58e5-83ff-24f6ebe3cf24,2026-03-31 01:57:15+00:00,social_ads,US,desktop,high,early_career,False,en,America/New_York,free
7761426d-ac96-5405-9f7e-aa62d7f9132b,2026-03-11 04:05:39+00:00,social_ads,US,mobile,medium,early_career,False,en,America/New_York,free
f987de93-8834-5f4d-b2f4-6f34ca7b22b2,2026-05-06 17:58:43+00:00,social_ads,US,mobile,high,early_career,False,en,America/New_York,free
1c5b6c52-360c-58bb-817d-208c482fbecb,2026-05-06 13:42:35+00:00,organic_search,US,mobile,high,student,True,en,America/New_York,free
6ccdc8f0-8d4d-5338-b43e-ec865288a2aa,2026-04-12 22:47:11+00:00,social_ads,US,mobile,low,student,True,en,America/New_York,free
747f33e5-9ae9-5a31-9a29-cb31d1387aa2,2026-05-10 13:02:57+00:00,organic_search,FR,desktop,medium,new_graduate,False,fr,Europe/Paris,free
f1fa2c42-9abb-5135-b245-0f481d25bbd3,2026-03-04 07:38:54+00:00,content_marketing,US,desktop,low,new_graduate,True,en,America/New_York,free
809e877a-f83b-581a-b0a2-f9261b4ac4b6,2026-04-15 13:06:24+00:00,content_marketing,CN,desktop,low,new_graduate,True,zh,Asia/Shanghai,free
828d9965-e729-591e-bd70-002d823e7b80,2026-03-06 15:49:30+00:00,organic_search,DE,mobile,medium,student,True,de,Europe/Berlin,free
ab8308c0-e9d0-58bd-b8e2-805b0023b4fe,2026-05-07 13:30:34+00:00,organic_search,US,desktop,medium,early_career,True,en,America/New_York,free
eceb3623-9349-5911-a2b6-21e392ce7ba9,2026-04-19 22:46:23+00:00,organic_search,CN,mobile,high,student,True,zh,Asia/Shanghai,free
976e5216-181f-585f-b755-f5a165fdd1d8,2026-05-06 00:38:15+00:00,social_ads,GB,mobile,low,new_graduate,True,en,Europe/London,free
67f1195c-eda7-5e8f-8697-287df1e02d2f,2026-04-11 19:46:40+00:00,referral,CN,mobile,medium,early_career,True,zh,Asia/Shanghai,free
49a6b6ac-8e41-5e16-b07f-98dfad431abe,2026-03-09 17:53:00+00:00,social_ads,US,mobile,low,new_graduate,True,en,America/New_York,free
6ef2aca8-ece4-511a-adbf-88beee8038a7,2026-03-05 19:56:14+00:00,organic_search,IN,desktop,low,early_career,True,en,Asia/Kolkata,free
65c2fd06-61a0-56b7-bf19-dd61c33af37f,2026-03-27 03:42:33+00:00,organic_search,IN,desktop,low,new_graduate,True,en,Asia/Kolkata,free
44cc8ecb-3a0b-55c7-96cf-aa16b988867f,2026-04-24 07:10:09+00:00,organic_search,CN,mobile,medium,early_career,True,zh,Asia/Shanghai,free
c381aa93-a5ab-5072-87cb-6d93a6e1f4f7,2026-03-14 10:06:33+00:00,referral,US,desktop,medium,early_career,True,en,America/New_York,free
0bcc21d7-3cdf-5ab3-a62c-4aa3adc7d24b,2026-05-01 19:09:08+00:00,campus_event,US,mobile,low,student,True,en,America/New_York,free
1c70a8e1-13b7-59c8-9a67-d096a25e6171,2026-03-20 12:35:03+00:00,social_ads,GB,tablet,low,student,False,en,Europe/London,free
d4db9dca-0c43-5105-b03b-f798db1d1c25,2026-04-07 06:04:01+00:00,organic_search,US,desktop,medium,early_career,True,en,America/New_York,free
3843c2f6-f0c5-59f0-9ef3-da2390bf6538,2026-03-18 00:18:06+00:00,content_marketing,US,desktop,high,new_graduate,False,en,America/New_York,free
14093d74-cfdb-5c41-a7a5-b73dcb14ce52,2026-04-05 03:17:38+00:00,organic_search,CN,desktop,low,new_graduate,False,zh,Asia/Shanghai,free
5f3cd0be-b605-5680-8e7b-567d17d10911,2026-04-04 04:48:00+00:00,referral,CA,desktop,medium,student,False,en,America/Toronto,free
f22c6fae-f9d3-5c91-970b-87d1d1fa723d,2026-03-04 09:03:47+00:00,referral,US,tablet,medium,student,False,en,America/New_York,free
3419bbce-0af7-5e44-8128-727836e1a020,2026-04-12 04:17:44+00:00,social_ads,US,tablet,medium,new_graduate,True,en,America/New_York,free
252ce943-5b31-57d2-a435-8bbd860bf314,2026-04-27 06:41:29+00:00,referral,CN,desktop,low,early_career,True,zh,Asia/Shanghai,free
a7ef9a20-b6c9-5fb8-8a0d-a2fa0da24a73,2026-05-07 14:28:22+00:00,organic_search,IN,tablet,high,student,True,en,Asia/Kolkata,free
021bf1ac-cbf0-59f3-9da4-7b3c40d20285,2026-03-26 19:39:55+00:00,campus_event,CN,desktop,medium,student,True,zh,Asia/Shanghai,free
b50477d6-3bee-5da4-af9a-3aa5e3b081ba,2026-05-03 18:15:01+00:00,organic_search,DE,tablet,medium,student,True,de,Europe/Berlin,free
2a6ada75-8100-5c0d-9167-da498d370114,2026-05-03 15:13:56+00:00,social_ads,US,mobile,high,new_graduate,True,en,America/New_York,free
afe9205e-c9e8-541f-9b2c-025f0fe7c9c3,2026-05-11 04:45:41+00:00,organic_search,US,desktop,high,student,True,en,America/New_York,free
c89400f2-557d-5e9a-9dc1-40cb817ea63b,2026-03-29 17:47:16+00:00,organic_search,CN,mobile,medium,new_graduate,True,zh,Asia/Shanghai,free
ee9c3bc6-ae36-5988-9326-af621115bdce,2026-05-01 17:04:33+00:00,organic_search,US,mobile,high,student,True,en,America/New_York,free
ba77f025-f284-5cbd-aefa-845b52012c92,2026-04-11 23:46:07+00:00,organic_search,CN,desktop,low,student,True,zh,Asia/Shanghai,free
08bd3161-f1bc-5e97-aa75-d1914a7ee05f,2026-03-08 00:29:45+00:00,social_ads,GB,desktop,high,student,True,en,Europe/London,free
fdf02b36-7fdc-503b-8ee3-b75f87272771,2026-03-22 15:41:08+00:00,social_ads,US,mobile,medium,student,True,en,America/New_York,free
0348c98c-3814-5378-aeba-dd73352e15f5,2026-04-19 08:55:00+00:00,organic_search,IN,desktop,high,early_career,False,en,Asia/Kolkata,free
4f6af09d-50f6-5034-81f8-53f8eebcfa30,2026-03-15 01:56:02+00:00,content_marketing,US,desktop,medium,early_career,True,en,America/New_York,free
163663c3-baf4-5047-b529-325c5732b188,2026-04-02 23:54:56+00:00,content_marketing,CN,desktop,low,early_career,False,zh,Asia/Shanghai,free
68333794-ef94-5de8-bf7f-3322fba36711,2026-04-26 11:14:49+00:00,organic_search,CN,mobile,medium,early_career,True,zh,Asia/Shanghai,free
474fdfeb-874f-5fb0-a074-d699fb39e6ca,2026-03-14 08:00:05+00:00,social_ads,CN,desktop,high,student,True,zh,Asia/Shanghai,free
718aaf7e-426a-5a08-985b-156981e7b67f,2026-04-07 06:21:12+00:00,campus_event,US,mobile,medium,early_career,True,en,America/New_York,free
1b2a05a9-ce55-5a11-ad61-4b5cfaea9cf4,2026-03-18 19:48:20+00:00,campus_event,FR,desktop,high,new_graduate,True,fr,Europe/Paris,free
87a9fbff-2cdc-5d69-903c-62adacb0a1eb,2026-04-10 00:25:25+00:00,social_ads,CA,desktop,low,early_career,True,en,America/Toronto,free
bf6d00e6-b52b-5395-aded-fde0968dac1c,2026-03-20 14:37:04+00:00,campus_event,GB,mobile,low,new_graduate,True,en,Europe/London,free
c580888a-d338-52a6-9efd-3eaf4b5d910d,2026-05-09 14:43:42+00:00,organic_search,DE,desktop,medium,student,True,de,Europe/Berlin,free
96624dc9-c9be-527c-a434-120cf38abb24,2026-03-09 07:01:00+00:00,organic_search,US,mobile,medium,student,True,en,America/New_York,free
b6d7c5b7-785a-5162-b7a0-586f40f20f84,2026-05-09 11:41:17+00:00,campus_event,CN,desktop,medium,student,True,zh,Asia/Shanghai,free
365161ed-da6e-53e2-ac24-5a5ff27d4e63,2026-04-27 15:20:40+00:00,campus_event,US,mobile,high,student,False,en,America/New_York,free
33349fd3-f668-5a6a-8481-adf986dc49c0,2026-05-02 00:56:35+00:00,referral,DE,desktop,medium,new_graduate,True,de,Europe/Berlin,free
41d58446-ea28-54e2-a466-7baf56f60837,2026-05-01 18:05:55+00:00,organic_search,US,mobile,medium,early_career,True,en,America/New_York,free
c1df84a6-92f4-5e4e-99ec-72705eda6b01,2026-03-16 22:40:50+00:00,organic_search,US,desktop,medium,student,True,en,America/New_York,free
c22f4830-117a-5ba6-b3be-5688f918bf61,2026-05-07 05:53:15+00:00,organic_search,IN,tablet,high,new_graduate,True,en,Asia/Kolkata,free
1b1af40c-21b5-54c8-b0c8-0d14ee7f8c10,2026-04-14 00:06:55+00:00,organic_search,US,desktop,medium,new_graduate,False,en,America/New_York,free
c9139f82-fdde-524f-b145-746d04d38429,2026-05-09 09:19:55+00:00,organic_search,IN,desktop,high,student,True,en,Asia/Kolkata,free
0faff347-f56a-5768-8794-8b9cb03f71ba,2026-05-03 14:12:42+00:00,social_ads,US,mobile,medium,student,True,en,America/New_York,free
56e51e53-a2e9-52a9-83c6-f9cd71d66dce,2026-04-12 23:50:02+00:00,social_ads,IN,desktop,medium,student,True,en,Asia/Kolkata,free
896ed1d5-b9ca-50af-9653-efc812c851ac,2026-03-29 20:06:43+00:00,campus_event,DE,mobile,low,new_graduate,True,de,Europe/Berlin,free
fae623a8-56d5-584b-8cb1-3b3f733fef84,2026-03-12 02:13:38+00:00,social_ads,IN,mobile,medium,student,True,en,Asia/Kolkata,free
33888c2e-f594-540b-a265-1cf728956c54,2026-03-10 23:25:53+00:00,organic_search,US,mobile,high,student,True,en,America/New_York,free
b71ae1e9-cbc8-539b-9258-d5b628be71c4,2026-03-30 21:21:31+00:00,campus_event,US,mobile,high,student,False,en,America/New_York,free
0afbeb7c-5f76-5fe4-8ac7-b697cc2001c2,2026-04-28 22:57:15+00:00,organic_search,US,tablet,low,early_career,True,en,America/New_York,free
a97b61a2-cdd0-5dfe-bf64-fc254eb6afa4,2026-04-07 20:50:56+00:00,referral,US,mobile,high,early_career,True,en,America/New_York,free
080ac535-f37a-5bb3-b963-823cf589f73c,2026-04-06 05:48:00+00:00,organic_search,CN,desktop,low,student,True,zh,Asia/Shanghai,free
56f2bd24-4120-5d03-bd95-d8eb5a0ae50f,2026-03-20 20:48:54+00:00,social_ads,US,mobile,medium,new_graduate,True,en,America/New_York,free
62e63b3a-3c8e-50b5-9dd2-fc0fb5041f2a,2026-04-11 22:38:02+00:00,referral,US,desktop,medium,early_career,True,en,America/New_York,free
d6cb983f-7dce-57b4-b4e9-e86be0288dc9,2026-04-17 00:39:09+00:00,social_ads,US,desktop,medium,student,False,en,America/New_York,free
709f85be-bb09-5534-b170-0e69e2bfc2d7,2026-05-10 18:25:50+00:00,campus_event,BR,desktop,medium,student,True,pt,America/Sao_Paulo,free
d9834aa1-edbc-5ee4-9435-7f822275b560,2026-04-23 07:54:50+00:00,campus_event,US,desktop,medium,student,True,en,America/New_York,free
549ce293-4dad-5daf-baa4-a45729a34881,2026-04-14 21:32:30+00:00,organic_search,US,desktop,medium,student,False,en,America/New_York,free
97efd46f-bbb3-558b-b16e-3b1403b3ee74,2026-05-05 19:05:12+00:00,campus_event,CN,desktop,medium,early_career,False,zh,Asia/Shanghai,free
5cb5565d-094d-576a-b475-d9b50c1f9ab4,2026-04-02 07:45:56+00:00,referral,US,mobile,medium,early_career,True,en,America/New_York,free
6b7104c1-9058-56fe-b82e-4e1ad41dd83b,2026-05-07 12:16:30+00:00,content_marketing,CA,mobile,medium,new_graduate,False,en,America/Toronto,free
4fc40289-697d-5ade-9bba-d93a531a3579,2026-03-29 12:41:37+00:00,social_ads,US,tablet,medium,student,True,en,America/New_York,free
f567b438-5257-50ed-b04a-a5a376c0c83d,2026-03-12 19:36:07+00:00,organic_search,IN,desktop,low,early_career,False,en,Asia/Kolkata,free
0d084974-729d-5c22-93ac-13b9e108b217,2026-04-01 19:34:38+00:00,campus_event,IN,desktop,medium,student,True,en,Asia/Kolkata,free
129fd11e-88a1-5516-877a-f51d6a95d94e,2026-03-12 21:14:12+00:00,social_ads,GB,mobile,medium,student,True,en,Europe/London,free
38e36bf8-2712-50c8-b438-08304e495be3,2026-03-12 04:04:06+00:00,organic_search,IN,desktop,low,student,False,en,Asia/Kolkata,free
e8e46b06-7286-59ea-817d-e3cc47c1d091,2026-05-03 19:16:52+00:00,organic_search,GB,desktop,low,early_career,True,en,Europe/London,free
99c1dc0f-3ae2-596b-963e-92dbf2a5c61e,2026-04-27 20:06:23+00:00,organic_search,CN,mobile,high,new_graduate,False,zh,Asia/Shanghai,free
9db2cd6b-6a79-51db-b677-2a4701681835,2026-03-19 06:19:34+00:00,social_ads,CN,mobile,high,new_graduate,True,zh,Asia/Shanghai,free
793c6ce7-28f1-5f7d-9e93-81a8c0ad0649,2026-04-30 19:15:31+00:00,organic_search,IN,desktop,medium,new_graduate,True,en,Asia/Kolkata,free
65d62044-75fb-566b-b5ad-d290b6fb58c5,2026-03-08 18:06:06+00:00,organic_search,CN,mobile,high,student,True,zh,Asia/Shanghai,free
ac5cf91a-d7a5-5450-a0ea-34007be34797,2026-03-23 14:57:40+00:00,organic_search,CN,mobile,high,student,True,zh,Asia/Shanghai,free
8bbab8b6-2bce-5d3c-a7ca-dd150a7daf05,2026-04-21 17:18:15+00:00,content_marketing,US,tablet,medium,early_career,True,en,America/New_York,free
aa7d402e-dac6-52de-a99e-e07637ff91ec,2026-03-24 23:05:12+00:00,organic_search,US,desktop,low,early_career,True,en,America/New_York,free
38c85611-fb16-5163-bfc6-929513e13e1e,2026-04-23 09:42:49+00:00,organic_search,CN,mobile,medium,new_graduate,True,zh,Asia/Shanghai,free
daa10dec-a3b4-5eef-8185-1aae280b8c87,2026-05-03 07:53:50+00:00,social_ads,US,mobile,high,student,True,en,America/New_York,free
5b4e426d-bdd9-560e-b7dc-66bb8ebf3e40,2026-03-08 13:23:52+00:00,organic_search,CN,desktop,medium,early_career,True,zh,Asia/Shanghai,free
471b69f5-f3dc-5c2d-85db-778f8c7748e9,2026-03-05 15:41:40+00:00,content_marketing,US,mobile,low,student,True,en,America/New_York,free
9d4dd356-2114-5e90-9b25-bdd91c0be9db,2026-05-07 20:38:35+00:00,content_marketing,CN,mobile,high,student,True,zh,Asia/Shanghai,free
07497716-ed9a-5733-a69a-6a93f4753268,2026-04-08 21:52:38+00:00,social_ads,IN,desktop,high,student,False,en,Asia/Kolkata,free
b2516a27-3ede-544e-8a36-bc975e1e13ba,2026-04-07 22:43:16+00:00,social_ads,CN,mobile,medium,student,True,zh,Asia/Shanghai,free
a21933f1-6e37-5f18-b2a2-9cb6c9933a3e,2026-04-04 23:50:48+00:00,social_ads,IN,desktop,high,new_graduate,True,en,Asia/Kolkata,free
ad9f262e-5fcf-5ccd-93fa-25da5715203a,2026-04-02 22:03:44+00:00,organic_search,US,mobile,medium,new_graduate,True,en,America/New_York,free
05ca9736-4f47-5116-b3a7-af434d8608fb,2026-04-20 14:50:58+00:00,organic_search,US,desktop,high,student,True,en,America/New_York,free
f382a51e-1341-5006-963f-600503b1b3a8,2026-04-13 00:03:29+00:00,organic_search,IN,mobile,high,student,True,en,Asia/Kolkata,free
cbae3dd0-51b0-5c80-9c95-61be52b9436a,2026-03-15 06:34:34+00:00,organic_search,GB,desktop,low,new_graduate,True,en,Europe/London,free
e3509646-43e0-5e9d-9cfe-5f01da93c714,2026-04-16 05:42:47+00:00,social_ads,IN,mobile,high,student,False,en,Asia/Kolkata,free
3c12b5a6-c779-5d81-abfd-93ee6ffee9ae,2026-04-19 02:45:19+00:00,organic_search,IN,mobile,medium,student,False,en,Asia/Kolkata,free
876d81f0-e1fb-5716-a235-7a916089f059,2026-03-11 20:07:22+00:00,organic_search,IN,mobile,high,student,True,en,Asia/Kolkata,free
b73b8ce9-1574-51c8-8822-ab2b02503f0d,2026-03-29 23:52:16+00:00,social_ads,IN,mobile,high,early_career,True,en,Asia/Kolkata,free
686ede4c-93a8-5226-933a-4676128c2fc4,2026-04-27 13:04:48+00:00,social_ads,IN,desktop,high,early_career,True,en,Asia/Kolkata,free
26312c24-b0ad-5602-8408-0e30f13606be,2026-04-15 16:35:29+00:00,organic_search,IN,desktop,high,student,True,en,Asia/Kolkata,free
b96782ad-dae2-532d-868f-ba1304af03a1,2026-03-13 09:49:41+00:00,organic_search,US,mobile,high,new_graduate,True,en,America/New_York,free
4f7b6b4b-5304-5208-bdeb-14294afaee3b,2026-03-06 18:23:49+00:00,organic_search,US,desktop,low,early_career,True,en,America/New_York,free
6c4a8527-e848-517e-943f-142041ce3b6f,2026-04-13 02:29:07+00:00,organic_search,CN,mobile,medium,student,True,zh,Asia/Shanghai,free
cc9a8393-20b6-5a8c-a1d9-669e078056ff,2026-04-04 20:37:11+00:00,referral,CN,mobile,low,early_career,False,zh,Asia/Shanghai,free
d20e05a0-754a-53dc-97cf-b4b7e690286d,2026-05-09 07:30:03+00:00,content_marketing,GB,tablet,high,new_graduate,True,en,Europe/London,free
b243f7d4-f715-50fd-8465-58bd701945a4,2026-04-09 00:50:49+00:00,social_ads,US,desktop,medium,new_graduate,True,en,America/New_York,free
2884c1b8-7dbf-5e04-9508-64bb4ed7718f,2026-05-07 06:32:42+00:00,social_ads,US,mobile,medium,new_graduate,True,en,America/New_York,free
b18e73b1-bd6a-537f-994d-c12f63a1bf99,2026-03-18 18:55:27+00:00,campus_event,GB,desktop,low,student,False,en,Europe/London,free
14c54c96-4093-57a4-a8a5-97c2ecdb35d3,2026-04-03 20:47:26+00:00,campus_event,US,tablet,medium,early_career,True,en,America/New_York,free
23ef2d69-cfb2-5952-a3ca-9958ddddc279,2026-03-13 15:12:59+00:00,organic_search,GB,mobile,medium,new_graduate,False,en,Europe/London,free
32fbf69b-fb27-5424-b4af-118a94628efb,2026-04-12 14:55:23+00:00,organic_search,US,mobile,high,student,False,en,America/New_York,free
a0454f7a-c10e-5153-9986-05630d0700c7,2026-03-17 00:06:47+00:00,social_ads,CN,mobile,high,new_graduate,True,zh,Asia/Shanghai,free
26851d6d-04fb-59e0-82d6-c5a4ea68e3d3,2026-04-06 23:11:14+00:00,social_ads,CN,desktop,medium,early_career,True,zh,Asia/Shanghai,free
2b95fc79-d75b-59fc-a955-e74d3031af98,2026-03-27 17:53:50+00:00,organic_search,US,mobile,high,early_career,True,en,America/New_York,free
7f96c8af-5dad-5dfa-b36f-9ebc59aa8852,2026-03-16 19:34:05+00:00,organic_search,US,mobile,low,new_graduate,True,en,America/New_York,free
bc93fc79-1f10-5929-ba12-0e271e214f0b,2026-03-10 16:19:02+00:00,organic_search,US,desktop,low,student,True,en,America/New_York,free
33a89f01-151d-5730-93aa-fd54e3000a27,2026-04-08 07:57:28+00:00,organic_search,US,tablet,medium,student,False,en,America/New_York,free
2bd7965e-78e6-581f-803d-a7b428538835,2026-05-08 08:45:40+00:00,social_ads,US,tablet,medium,student,False,en,America/New_York,free
b706673f-3c40-52a5-83fb-f604d0abbab3,2026-03-17 17:07:36+00:00,campus_event,GB,tablet,low,early_career,True,en,Europe/London,free
f098e889-906f-5ef0-8e85-ce79bde8d4a5,2026-03-31 22:40:11+00:00,social_ads,US,mobile,low,early_career,True,en,America/New_York,free
d3c63869-1444-5ed1-84a0-87601e4f4e33,2026-03-19 11:56:53+00:00,organic_search,CN,desktop,medium,early_career,True,zh,Asia/Shanghai,free
adab5509-ac8b-512d-87aa-6c178f45b178,2026-04-28 19:39:12+00:00,organic_search,US,mobile,low,student,True,en,America/New_York,free
688e8fff-df0c-5011-a65b-55ea0f58693e,2026-04-01 15:04:41+00:00,referral,BR,desktop,medium,early_career,True,pt,America/Sao_Paulo,free
e24e32f9-97f6-5142-8add-37274c3b0285,2026-05-10 05:38:04+00:00,social_ads,GB,mobile,medium,early_career,False,en,Europe/London,free
26c68caa-d130-5464-adff-e7d9de557f12,2026-03-20 21:59:49+00:00,organic_search,JP,desktop,high,new_graduate,True,ja,Asia/Tokyo,free
18c23cdc-7d66-5324-aac9-43499459fd3f,2026-03-09 13:41:50+00:00,organic_search,CA,tablet,medium,early_career,True,en,America/Toronto,free
7c79f451-598d-5a8c-957b-169e3e34efd8,2026-04-13 04:39:11+00:00,referral,US,desktop,low,student,True,en,America/New_York,free
6688d0d3-7672-5ecc-806b-a07f2ffc83eb,2026-04-17 23:09:51+00:00,campus_event,IN,desktop,low,student,True,en,Asia/Kolkata,free
c1e1a905-0a62-5dbd-9d61-2bed900b6e44,2026-05-11 08:40:02+00:00,referral,US,desktop,low,student,False,en,America/New_York,free
3fa72f16-7f8c-579c-97cf-f1bc956b4da0,2026-05-03 03:03:11+00:00,campus_event,DE,mobile,high,student,False,de,Europe/Berlin,free
0461d3ed-3db7-53cd-8898-17bb477ec25a,2026-05-04 00:11:06+00:00,social_ads,CN,desktop,medium,student,True,zh,Asia/Shanghai,free
a94301c6-7db3-5b85-8a8e-d02a970140b7,2026-03-28 19:51:11+00:00,social_ads,CN,desktop,low,new_graduate,True,zh,Asia/Shanghai,free
469d278d-faa3-5238-a249-05a797408f8b,2026-04-02 14:28:01+00:00,organic_search,CA,desktop,high,student,False,en,America/Toronto,free
3b6ad949-2377-55dd-8458-818290417ab7,2026-03-13 05:28:52+00:00,campus_event,GB,desktop,high,student,True,en,Europe/London,free
24640814-7681-55a4-97d1-473bfebec8fa,2026-04-02 17:51:43+00:00,social_ads,FR,tablet,low,student,True,fr,Europe/Paris,free
234b2cad-b7ff-5f62-ab95-083c8a5f10cb,2026-03-29 03:30:35+00:00,organic_search,US,mobile,low,new_graduate,False,en,America/New_York,free
ea2da5a3-4b42-5a78-98f3-5b5fa2d93465,2026-03-06 11:26:53+00:00,referral,US,desktop,high,early_career,True,en,America/New_York,free
e6ba2372-1ea8-5c2d-a73e-9b05d7ec0576,2026-03-18 02:35:53+00:00,social_ads,US,desktop,medium,student,True,en,America/New_York,free
2a487665-0d7f-5056-9967-4f0a7b523f9f,2026-04-09 21:17:54+00:00,organic_search,CN,desktop,high,early_career,True,zh,Asia/Shanghai,free
ac70d4ff-7b1e-51de-87a2-22a27a986f4c,2026-03-29 11:37:54+00:00,organic_search,CN,desktop,low,early_career,True,zh,Asia/Shanghai,free
3fb6a7c9-78a9-52ba-8c0f-c96146d00bd4,2026-05-11 13:18:24+00:00,referral,US,desktop,high,new_graduate,False,en,America/New_York,free
58fe2c33-70d9-5dfb-a2e8-030fa7f7328c,2026-04-06 00:26:29+00:00,content_marketing,GB,desktop,low,new_graduate,True,en,Europe/London,free
42a87f78-f2f5-5d95-92df-deca5fe6b2c6,2026-05-09 03:37:09+00:00,social_ads,US,desktop,medium,new_graduate,True,en,America/New_York,free
752b2ed5-e4e3-5e4d-8936-9b18eb963b13,2026-04-18 14:08:14+00:00,content_marketing,IN,desktop,high,early_career,True,en,Asia/Kolkata,free
5460c5a5-e69f-5544-b82f-887ecc907156,2026-03-06 18:54:03+00:00,referral,DE,mobile,medium,student,False,de,Europe/Berlin,free
0d743499-5dde-50ed-a032-30f3af618939,2026-03-18 00:54:17+00:00,referral,IN,desktop,low,early_career,True,en,Asia/Kolkata,free
8d7d620d-cc9b-5fa6-b9dd-35bf21da2b52,2026-04-21 16:47:58+00:00,referral,CN,mobile,low,student,True,zh,Asia/Shanghai,free
7eb590d0-5de0-5bf7-89f8-10e1d07fe075,2026-04-10 14:42:51+00:00,social_ads,US,mobile,high,student,True,en,America/New_York,free
df7d139a-9f49-56a7-af51-446d144585ea,2026-03-24 19:43:20+00:00,campus_event,US,tablet,low,new_graduate,True,en,America/New_York,free
db0129ab-2b7d-57c1-b540-bb07573635db,2026-04-09 00:34:18+00:00,social_ads,IN,desktop,medium,early_career,True,en,Asia/Kolkata,free
3ad10b2b-373f-57c4-be5c-003a4d27114e,2026-05-05 07:20:59+00:00,campus_event,CN,mobile,low,early_career,True,zh,Asia/Shanghai,free
ae14cd75-ed0e-5156-bfec-61ffa483295f,2026-03-30 19:42:00+00:00,organic_search,US,tablet,low,early_career,True,en,America/New_York,free
01b4b5e9-020e-5c77-ad2b-24594d4e20e5,2026-03-07 02:42:35+00:00,campus_event,JP,tablet,high,new_graduate,True,ja,Asia/Tokyo,free
0ae9910f-6958-51e8-bdce-38d79e5eb116,2026-03-25 10:56:53+00:00,content_marketing,IN,mobile,low,new_graduate,True,en,Asia/Kolkata,free
678e733f-b258-52f6-a0eb-4aa3e0e14275,2026-05-07 13:48:26+00:00,organic_search,GB,desktop,medium,early_career,True,en,Europe/London,free
25986ec8-3871-5ab7-abd3-7fb1e4d3cee0,2026-04-25 13:30:11+00:00,content_marketing,CN,tablet,medium,student,False,zh,Asia/Shanghai,free
48d3da48-5bf5-59db-bd4f-0e575728fa98,2026-04-30 18:51:34+00:00,social_ads,FR,mobile,low,student,True,fr,Europe/Paris,free
7ac3aae1-4d23-52c2-9048-ad3db01423df,2026-05-05 21:37:13+00:00,organic_search,US,desktop,medium,student,True,en,America/New_York,free
ccc1d2de-0c23-581b-9c36-c84035c4ca69,2026-03-12 02:35:13+00:00,organic_search,US,desktop,medium,new_graduate,True,en,America/New_York,free
e5c03da6-9f42-5c27-a6fe-8cefa26b5e46,2026-03-23 12:06:20+00:00,campus_event,DE,tablet,high,new_graduate,True,de,Europe/Berlin,free
c344acee-0e32-5ccb-a242-a6af7a998dae,2026-03-08 03:04:07+00:00,social_ads,DE,desktop,high,early_career,True,de,Europe/Berlin,free
c987a17a-0d4b-5d5a-be4f-84053f0bc6da,2026-03-04 07:50:31+00:00,organic_search,CN,mobile,high,student,True,zh,Asia/Shanghai,free
2d91ec37-96b0-55f6-985c-bef7177c3966,2026-04-30 14:16:32+00:00,campus_event,US,desktop,medium,early_career,True,en,America/New_York,free
d0a7e7c1-bc6a-5320-8e91-054423227c61,2026-05-07 15:35:03+00:00,organic_search,US,mobile,high,new_graduate,True,en,America/New_York,free
41a963bd-f277-5722-b315-d791cbf17d0d,2026-03-14 17:56:03+00:00,social_ads,GB,desktop,medium,early_career,True,en,Europe/London,free
dc477d6e-77a5-5106-a5ba-b03ffb7d8051,2026-04-22 19:54:41+00:00,referral,GB,mobile,medium,student,True,en,Europe/London,free
337e31eb-a5e8-5dc5-b720-eb2742cabaac,2026-04-09 21:47:27+00:00,campus_event,US,mobile,low,new_graduate,True,en,America/New_York,free
81291861-67e1-55aa-8ad6-06d246f6211e,2026-03-08 18:38:13+00:00,campus_event,US,tablet,low,early_career,False,en,America/New_York,free
c0a1568e-8390-5ead-94c1-d340716e6370,2026-05-06 04:28:23+00:00,social_ads,IN,desktop,low,new_graduate,True,en,Asia/Kolkata,free
f86db0bc-045b-5421-92b1-2a426319e907,2026-05-03 02:46:15+00:00,content_marketing,IN,desktop,low,student,True,en,Asia/Kolkata,free
0bcb96b3-4e3b-54db-a697-78756dbc14bc,2026-04-12 03:41:37+00:00,organic_search,CN,desktop,high,student,True,zh,Asia/Shanghai,free
3f9fdb8f-155e-5a57-93ab-52366caee4cc,2026-04-21 20:15:46+00:00,organic_search,CN,desktop,high,student,False,zh,Asia/Shanghai,free
46e93172-99b0-516b-8b0e-bf8f12896587,2026-03-31 09:49:05+00:00,organic_search,JP,tablet,low,new_graduate,True,ja,Asia/Tokyo,free
87f3fc78-b9b2-58cc-a6ef-23c11b3d3ff7,2026-04-27 16:56:27+00:00,social_ads,US,desktop,high,new_graduate,False,en,America/New_York,free
621520d4-f14e-589c-84ac-0f42b9a63ab3,2026-04-03 16:56:46+00:00,campus_event,CN,desktop,medium,new_graduate,True,zh,Asia/Shanghai,free
b634ba0a-98d9-5bdd-95b2-270b0cdaa40e,2026-05-11 06:04:28+00:00,campus_event,IN,mobile,medium,new_graduate,True,en,Asia/Kolkata,free
a4b66617-e001-51f7-b68b-8d180ff5ea87,2026-03-08 08:31:18+00:00,organic_search,CN,desktop,high,student,True,zh,Asia/Shanghai,free
df6f2552-db92-50ad-8681-cc3cdc0328b7,2026-03-15 21:04:45+00:00,organic_search,DE,desktop,medium,student,True,de,Europe/Berlin,free
5679f324-8abc-5278-88b9-aab04a5a6c82,2026-05-09 20:15:12+00:00,campus_event,IN,mobile,medium,early_career,True,en,Asia/Kolkata,free
78aca7e2-e837-57c6-b964-53439f9c954e,2026-03-23 22:13:19+00:00,content_marketing,CN,desktop,low,early_career,False,zh,Asia/Shanghai,free
3fca850d-99a3-5cf5-9f2d-50c0692e432c,2026-03-25 10:26:34+00:00,organic_search,US,mobile,low,new_graduate,False,en,America/New_York,free
4d34285d-3d61-597b-84aa-c7df321aebb4,2026-04-27 14:21:07+00:00,organic_search,IN,mobile,high,new_graduate,True,en,Asia/Kolkata,free
62c4cde5-e27b-5947-a6ce-14bfc298cb6a,2026-03-17 01:35:08+00:00,organic_search,US,desktop,low,early_career,True,en,America/New_York,free
daa55a5a-e620-5c67-ae0a-c18ad94a6399,2026-04-08 10:25:10+00:00,social_ads,US,mobile,low,early_career,True,en,America/New_York,free
997fea7e-c7db-5c6f-bb32-63b35d148e28,2026-03-23 17:41:38+00:00,organic_search,CN,tablet,low,new_graduate,False,zh,Asia/Shanghai,free
baa892b5-d76a-5a89-9093-e66094d173bc,2026-03-17 15:46:55+00:00,organic_search,CN,desktop,medium,student,True,zh,Asia/Shanghai,free
a6019c01-cf93-5e22-8469-cb40f9f19a69,2026-05-09 13:00:06+00:00,campus_event,AU,mobile,medium,student,True,en,Australia/Sydney,free
ef33a928-be0a-5044-a0ff-680cf55b2ccd,2026-03-17 19:01:45+00:00,organic_search,IN,desktop,high,new_graduate,True,en,Asia/Kolkata,free
19ccf80c-a3a9-5bc5-ab35-7d03bc014dbc,2026-03-10 12:08:14+00:00,social_ads,GB,mobile,medium,student,False,en,Europe/London,free
65177582-d9d9-5fde-83d1-2b2dc995926b,2026-04-19 12:02:25+00:00,organic_search,US,mobile,high,student,True,en,America/New_York,free
9e767960-7ad6-52f6-8310-e3777d67734b,2026-05-02 20:15:12+00:00,content_marketing,CN,desktop,medium,student,True,zh,Asia/Shanghai,free
dd433404-0cab-5009-974a-d727fafa1fd9,2026-03-12 19:07:57+00:00,social_ads,JP,mobile,medium,early_career,False,ja,Asia/Tokyo,free
12591a24-ad1a-518f-ba02-3a49c8accebd,2026-04-21 20:11:21+00:00,organic_search,CN,desktop,low,student,True,zh,Asia/Shanghai,free
cc4e07ec-69bb-5d69-afa7-803822224a5c,2026-04-10 07:32:58+00:00,organic_search,GB,mobile,low,early_career,True,en,Europe/London,free
e3a8e611-4f0b-56d8-b807-ae5c0b9c9ecc,2026-04-30 06:30:41+00:00,campus_event,CN,mobile,high,early_career,False,zh,Asia/Shanghai,free
b979d9de-506f-5bc2-9c09-752168c8f191,2026-03-12 18:14:11+00:00,referral,US,desktop,high,new_graduate,True,en,America/New_York,free
7dc2b403-829d-58aa-a87d-79dd42f5228e,2026-05-10 08:05:09+00:00,organic_search,CN,desktop,medium,student,True,zh,Asia/Shanghai,free
2e8a4fb1-ed0f-5531-a653-f819fa2ff7bf,2026-04-15 17:14:49+00:00,organic_search,US,tablet,high,early_career,True,en,America/New_York,free
35d0bfe5-c5fe-5318-83d2-9fca2eedf3c7,2026-05-01 02:36:28+00:00,organic_search,US,desktop,high,new_graduate,True,en,America/New_York,free
2ad3bd80-d6d1-5d0f-b957-7858c6fc8682,2026-03-28 23:24:32+00:00,campus_event,US,desktop,low,student,True,en,America/New_York,free
6ba83d7f-e7c4-5459-9416-df7033d449e7,2026-05-08 02:14:27+00:00,content_marketing,US,desktop,medium,new_graduate,True,en,America/New_York,free
24fca15b-441d-5daf-aaa2-2caedd206ed4,2026-04-16 05:15:23+00:00,social_ads,CN,mobile,high,student,True,zh,Asia/Shanghai,free
6aee0ca1-3624-5a31-9361-8c60c0e6b2c9,2026-03-12 18:12:16+00:00,organic_search,DE,desktop,high,new_graduate,False,de,Europe/Berlin,free
6fb3e47d-66e6-5482-891d-360b44e8293f,2026-05-06 16:19:28+00:00,campus_event,CN,mobile,low,early_career,True,zh,Asia/Shanghai,free
3c00533c-0c2e-520c-b466-6908e5405f30,2026-04-27 21:49:32+00:00,campus_event,GB,mobile,low,new_graduate,True,en,Europe/London,free
dd68f797-a622-5dfc-a4ea-4f6c37a9fc56,2026-03-24 17:07:59+00:00,organic_search,CN,desktop,medium,early_career,True,zh,Asia/Shanghai,free
97e17d97-f5b0-533e-97c9-120ec2a736f4,2026-04-10 15:38:19+00:00,organic_search,US,mobile,low,student,False,en,America/New_York,free
897623c8-45a5-5f34-acb8-ed0f70cecb18,2026-03-30 18:37:38+00:00,social_ads,US,desktop,low,early_career,True,en,America/New_York,free
19813a42-d2ca-56df-a453-e1831333456f,2026-04-10 12:01:42+00:00,campus_event,BR,desktop,medium,early_career,False,pt,America/Sao_Paulo,free
77b6db78-a991-54d8-9a66-b4ad5e6f5053,2026-05-09 14:39:34+00:00,campus_event,IN,mobile,medium,student,False,en,Asia/Kolkata,free
82f76dec-1478-5c37-aca9-7f6a0b5d9376,2026-05-05 00:36:49+00:00,campus_event,CA,desktop,low,early_career,False,en,America/Toronto,free
be59babc-08ed-555f-9d37-b55fb659fd1a,2026-03-18 20:56:02+00:00,referral,US,tablet,medium,early_career,False,en,America/New_York,free
2d27197f-ad85-5e6f-b6d1-b1af96fcbbb3,2026-05-10 01:18:24+00:00,organic_search,IN,mobile,low,student,True,en,Asia/Kolkata,free
c9cc95f5-ba2f-533b-94ce-dbe2547ad78b,2026-04-03 05:14:14+00:00,organic_search,GB,desktop,medium,early_career,False,en,Europe/London,free
64f7f38a-d611-5042-8f5d-12985f24e0e7,2026-04-21 15:12:43+00:00,organic_search,JP,tablet,high,student,True,ja,Asia/Tokyo,free
8cd4f262-4b0d-5300-8fc3-6b61dc9cddb5,2026-04-25 17:33:11+00:00,referral,US,mobile,high,student,True,en,America/New_York,free
be44f391-a1e2-5d26-8575-cffdb446cb22,2026-04-06 07:44:44+00:00,social_ads,FR,desktop,low,student,True,fr,Europe/Paris,free
634048fc-fa11-59fc-9ca0-9befe7cfbcb4,2026-04-04 12:13:26+00:00,organic_search,CN,mobile,high,new_graduate,False,zh,Asia/Shanghai,free
720823d5-1eaf-5c1a-9708-9c51303a1ba0,2026-04-04 11:48:16+00:00,organic_search,GB,tablet,high,student,True,en,Europe/London,free
3281cff0-d827-57b2-8c12-5c72df293d89,2026-05-02 12:22:52+00:00,campus_event,CN,desktop,medium,student,False,zh,Asia/Shanghai,free
dbfca310-cc4f-583b-9066-8bd55a9174d1,2026-03-30 15:46:52+00:00,campus_event,CN,desktop,high,early_career,False,zh,Asia/Shanghai,free
505012c6-b648-5f1c-bebf-601f6a79f626,2026-03-23 07:33:09+00:00,campus_event,CN,mobile,low,new_graduate,True,zh,Asia/Shanghai,free
7be93398-6a3d-5cc7-8af9-e7a3c514ae12,2026-03-28 22:48:27+00:00,organic_search,GB,desktop,low,early_career,True,en,Europe/London,free
cccc968e-69ee-5169-81df-6fa860131af0,2026-03-17 10:43:32+00:00,content_marketing,US,desktop,high,student,True,en,America/New_York,free
f7994825-13ca-56dc-ac77-513357ccb54c,2026-03-31 00:20:06+00:00,campus_event,CN,mobile,medium,student,True,zh,Asia/Shanghai,free
3991667a-6a3b-58c3-af7e-69642641a71b,2026-03-11 20:54:49+00:00,campus_event,CN,tablet,medium,early_career,True,zh,Asia/Shanghai,free
76a998b2-fd17-57de-af0d-3a50b89d5fa7,2026-03-10 04:37:51+00:00,campus_event,IN,mobile,low,student,True,en,Asia/Kolkata,free
12d0ca8a-b22f-5f29-83af-1cc61ca4a48a,2026-04-22 22:41:44+00:00,content_marketing,CN,desktop,low,new_graduate,True,zh,Asia/Shanghai,free
0de6009d-cd83-55fa-b305-7ba15915bdda,2026-03-09 08:14:01+00:00,content_marketing,IN,desktop,low,early_career,True,en,Asia/Kolkata,free
2de1fe97-84fc-5afe-a33d-f94f40933182,2026-04-12 04:56:50+00:00,social_ads,CN,desktop,low,student,True,zh,Asia/Shanghai,free
f45bcf00-9921-5951-925d-4304e212ac05,2026-04-26 19:27:51+00:00,social_ads,IN,desktop,high,new_graduate,True,en,Asia/Kolkata,free
bf52dd48-e32f-57ed-af9f-1e91f5319a54,2026-04-22 23:44:28+00:00,social_ads,IN,mobile,low,new_graduate,True,en,Asia/Kolkata,free
968a79f4-c73b-50b4-b6fd-8256eb00194f,2026-04-03 18:41:47+00:00,referral,IN,desktop,high,student,False,en,Asia/Kolkata,free
1659ca27-c40c-51c5-b49f-461b44dcebfa,2026-03-17 08:39:16+00:00,campus_event,GB,mobile,low,new_graduate,True,en,Europe/London,free
fa36ac6c-a70b-5c19-8527-17d2802a9636,2026-05-07 05:12:47+00:00,organic_search,CN,mobile,medium,new_graduate,True,zh,Asia/Shanghai,free
14c8e93e-1ced-58c0-b59e-ba7924c7f985,2026-04-30 15:01:34+00:00,organic_search,US,mobile,high,student,True,en,America/New_York,free
3ecbbeb0-0e0a-5d60-8ca8-fb8b794fa29c,2026-04-15 05:50:15+00:00,content_marketing,IN,tablet,low,student,True,en,Asia/Kolkata,free
071d86b5-e238-5fac-bcd9-9faab5f87d9a,2026-03-09 23:40:36+00:00,referral,US,mobile,low,new_graduate,False,en,America/New_York,free
cd9afa45-b79b-5d80-9453-9810eccab03d,2026-03-06 10:15:04+00:00,content_marketing,US,tablet,high,new_graduate,True,en,America/New_York,free
52e2757f-7901-5e7a-a5f0-35efcb760beb,2026-03-25 18:00:14+00:00,social_ads,GB,mobile,low,early_career,True,en,Europe/London,free
cd187a14-f6c9-588c-a9c4-3a9c52e2c690,2026-03-14 20:51:30+00:00,campus_event,CN,mobile,low,early_career,True,zh,Asia/Shanghai,free
92ab259e-2499-5add-ac6a-c5da0cb165eb,2026-05-02 08:45:02+00:00,referral,CN,desktop,high,student,False,zh,Asia/Shanghai,free
4a6f8584-389d-5be3-bd2c-fd779a28c8c3,2026-03-18 04:50:14+00:00,organic_search,JP,desktop,medium,early_career,True,ja,Asia/Tokyo,free
a0bf06e3-d6fe-5732-b119-b7e180584191,2026-03-23 12:04:10+00:00,organic_search,US,tablet,medium,early_career,True,en,America/New_York,free
700cad44-f04d-527a-8508-9580889712c4,2026-05-10 07:49:06+00:00,content_marketing,US,desktop,low,student,True,en,America/New_York,free
7de23e77-8753-5e16-a91c-71ec42b044af,2026-04-29 11:02:17+00:00,organic_search,US,tablet,low,student,True,en,America/New_York,free
e9360672-eb59-522d-a28f-408696ac0a98,2026-03-19 02:10:26+00:00,social_ads,US,desktop,medium,student,False,en,America/New_York,free
7e21cdab-758a-5ab4-b065-7e403d536631,2026-03-30 11:08:49+00:00,campus_event,IN,mobile,medium,student,True,en,Asia/Kolkata,free
e392a311-59df-54e7-bc4f-f51670dc948b,2026-04-08 14:05:28+00:00,campus_event,GB,desktop,low,new_graduate,True,en,Europe/London,free
8ac4173c-4656-5bc0-abcb-d46814fa3fd5,2026-04-18 20:01:52+00:00,organic_search,CN,tablet,high,student,True,zh,Asia/Shanghai,free
44064779-e345-5665-9d2b-1908411fae49,2026-05-07 14:18:31+00:00,campus_event,US,desktop,high,early_career,False,en,America/New_York,free
09918e77-b92f-5ff5-b424-b35b04a4ec89,2026-05-03 02:35:02+00:00,organic_search,CN,desktop,medium,new_graduate,True,zh,Asia/Shanghai,free
a7278489-438e-5278-b804-b29825ffbe0a,2026-05-10 10:13:51+00:00,referral,US,tablet,medium,student,False,en,America/New_York,free
62330ec6-1402-5081-a456-c0b68bce5bcc,2026-03-06 19:18:30+00:00,organic_search,IN,desktop,medium,early_career,True,en,Asia/Kolkata,free
54e5731e-7c38-5e66-bc0e-3753797b612e,2026-03-20 07:24:45+00:00,campus_event,IN,desktop,medium,new_graduate,False,en,Asia/Kolkata,free
ccbabb8c-212d-5357-b237-058d8d8a4172,2026-04-11 20:19:47+00:00,campus_event,US,tablet,low,student,False,en,America/New_York,free
12326d7a-5d0f-5542-85ca-0803fc8e42e5,2026-03-07 09:20:18+00:00,organic_search,GB,mobile,high,student,False,en,Europe/London,free
f5bedd1a-11b7-51fc-8a58-c4c015e68b60,2026-03-28 12:26:42+00:00,organic_search,GB,desktop,medium,new_graduate,False,en,Europe/London,free
f9976580-4cd0-55fa-97e3-ec85bfcf92e3,2026-03-14 14:21:51+00:00,campus_event,US,mobile,high,new_graduate,False,en,America/New_York,free
979d7fdb-9b89-56da-98a8-1a10a2f1484a,2026-05-07 08:54:54+00:00,organic_search,IN,desktop,high,new_graduate,False,en,Asia/Kolkata,free
29217ae1-4fff-5434-b9c6-b2e586fac975,2026-03-08 08:52:18+00:00,organic_search,IN,desktop,low,early_career,True,en,Asia/Kolkata,free
d70ff553-a479-5f54-8d80-949a85df8fa2,2026-03-14 05:45:26+00:00,social_ads,US,mobile,medium,new_graduate,True,en,America/New_York,free
28e61b1e-131d-513d-8e5c-e0ca06f3733b,2026-03-17 11:07:31+00:00,content_marketing,US,desktop,medium,early_career,True,en,America/New_York,free
a6c404eb-edb2-5c1f-b126-eb8057c65b71,2026-03-14 06:04:17+00:00,social_ads,IN,mobile,medium,new_graduate,True,en,Asia/Kolkata,free
96cf38cd-ee0c-59a4-a11c-e1eab9267b9d,2026-04-12 05:33:04+00:00,social_ads,BR,desktop,high,new_graduate,True,pt,America/Sao_Paulo,free
2f1d41f1-2c14-534f-a34b-2a98d6148720,2026-03-29 03:21:33+00:00,content_marketing,CN,tablet,low,student,True,zh,Asia/Shanghai,free
d0002ee0-1d04-5c8d-8435-5ae29a7484b6,2026-05-05 23:00:53+00:00,social_ads,CN,mobile,medium,new_graduate,False,zh,Asia/Shanghai,free
068096d7-67f6-5961-92c4-0544c0702d24,2026-03-21 23:54:51+00:00,social_ads,IN,desktop,high,student,True,en,Asia/Kolkata,free
ade184f9-0699-59d1-a129-70211f1bc4ad,2026-04-10 01:38:03+00:00,social_ads,CN,tablet,high,new_graduate,True,zh,Asia/Shanghai,free
44a6f654-928e-5e93-95aa-02ebf5c8ffd2,2026-04-18 13:06:29+00:00,organic_search,US,mobile,low,student,True,en,America/New_York,free
1213cfa8-b60e-5757-bbd9-adfdd9ce3f8d,2026-04-16 04:38:18+00:00,organic_search,CN,desktop,high,new_graduate,True,zh,Asia/Shanghai,free
e8d878ce-37c8-5430-8309-537eeed76852,2026-04-27 22:48:34+00:00,campus_event,CA,tablet,low,student,True,en,America/Toronto,free
12450e80-3a02-52e0-aad5-1cf9bd391128,2026-03-17 22:17:30+00:00,organic_search,GB,desktop,medium,new_graduate,True,en,Europe/London,free
3d572d99-c82f-57ad-9421-ad8ff9ca7a21,2026-04-08 00:20:49+00:00,campus_event,CA,desktop,low,student,True,en,America/Toronto,free
070e9271-594b-5ee8-a9b9-08cbeb3e4525,2026-04-28 05:45:58+00:00,organic_search,US,desktop,medium,early_career,False,en,America/New_York,free
1aac3437-a7a7-5ff1-8281-1008a79d7fb1,2026-05-02 13:09:16+00:00,social_ads,CN,desktop,low,student,True,zh,Asia/Shanghai,free
15c2673e-3660-5ba4-bf38-a8b6fcf459f7,2026-04-15 15:03:29+00:00,organic_search,CN,mobile,low,new_graduate,True,zh,Asia/Shanghai,free
26de4fc1-594f-5ecd-9127-33fcd6da8bd6,2026-04-17 23:31:54+00:00,social_ads,US,mobile,medium,new_graduate,True,en,America/New_York,free
465b6601-8bce-5f08-bebf-1b829c24cf33,2026-05-02 15:00:37+00:00,campus_event,US,tablet,high,student,True,en,America/New_York,free
6c11e724-3f23-5311-a1ed-08a2548a2466,2026-04-16 02:47:11+00:00,social_ads,GB,desktop,medium,early_career,True,en,Europe/London,free
65ddedc1-c8f4-5f1f-b749-057eb40c406a,2026-05-08 11:17:02+00:00,organic_search,IN,desktop,medium,early_career,False,en,Asia/Kolkata,free
618353d2-e211-5855-8b29-ce97560cf822,2026-03-12 19:17:42+00:00,organic_search,IN,desktop,medium,early_career,True,en,Asia/Kolkata,free
01bb5d2a-cb0d-52f9-bfd5-e6c168afc416,2026-03-28 00:07:24+00:00,referral,US,desktop,medium,early_career,True,en,America/New_York,free
aaebd41d-cf6e-53da-98a4-3f52dba381a3,2026-03-11 17:46:23+00:00,organic_search,CN,tablet,low,student,True,zh,Asia/Shanghai,free
e2db0d9c-9b78-51a0-a068-d28fe28f8c15,2026-03-10 05:59:55+00:00,campus_event,US,mobile,low,early_career,True,en,America/New_York,free
fb2bfdfa-3b6c-5cdf-85b5-6d5b4bf9350c,2026-04-05 13:32:03+00:00,organic_search,US,mobile,medium,early_career,True,en,America/New_York,free
c0dda3e7-7daa-5ba6-921e-7d032725a695,2026-03-19 14:08:17+00:00,organic_search,CN,mobile,high,early_career,True,zh,Asia/Shanghai,free
174745f1-9c39-5cf4-804f-e43f79430973,2026-04-01 02:15:07+00:00,campus_event,US,desktop,low,early_career,False,en,America/New_York,free
29858a3c-40f3-5eae-a1fa-edac463fa454,2026-04-03 05:03:55+00:00,social_ads,FR,desktop,medium,new_graduate,True,fr,Europe/Paris,free
6a8714a6-2ebd-52fa-824e-99b33fe8699d,2026-04-15 20:14:56+00:00,organic_search,CN,desktop,high,new_graduate,True,zh,Asia/Shanghai,free
e0925163-a4ad-5bed-9688-3df4ff4a48ff,2026-05-08 06:04:06+00:00,content_marketing,US,mobile,high,new_graduate,True,en,America/New_York,free
597518e2-3dd6-5842-8409-c95d2976b751,2026-05-01 14:35:09+00:00,organic_search,US,desktop,low,student,True,en,America/New_York,free
1e72742e-35d7-514f-97f1-f94f9944160f,2026-03-30 02:28:50+00:00,social_ads,IN,desktop,high,new_graduate,True,en,Asia/Kolkata,free
7074d189-2275-55ec-bfb5-fd4a75c0518d,2026-03-26 11:10:05+00:00,social_ads,US,mobile,medium,student,True,en,America/New_York,free
37ee136b-39d8-58c6-a4b1-7a833463f533,2026-04-26 04:24:00+00:00,social_ads,US,desktop,medium,new_graduate,False,en,America/New_York,free
baedba46-05b7-5657-9986-6926ad3f61ed,2026-03-12 12:46:04+00:00,campus_event,CN,mobile,high,new_graduate,False,zh,Asia/Shanghai,free
931458c4-36a8-5dcc-94dd-80d6291f3fb7,2026-04-10 07:01:44+00:00,organic_search,US,desktop,low,student,True,en,America/New_York,free
2f8715d2-3409-5da8-9128-19f2281f554d,2026-04-02 04:30:53+00:00,content_marketing,IN,mobile,high,student,True,en,Asia/Kolkata,free
845ed5d0-6082-5824-ad52-eb54247e22a5,2026-03-16 14:43:51+00:00,campus_event,CN,desktop,medium,student,True,zh,Asia/Shanghai,free
dd1397b3-269c-5df5-aaf2-52e89707370c,2026-04-15 12:50:20+00:00,content_marketing,US,tablet,high,new_graduate,False,en,America/New_York,free
1867b2cb-a804-57db-b176-e5e515b3a9f7,2026-03-26 03:08:07+00:00,referral,GB,mobile,high,student,True,en,Europe/London,free
14bea4c7-cf8a-5aec-8d1b-1911fdde303c,2026-03-16 19:21:04+00:00,content_marketing,CN,desktop,medium,student,False,zh,Asia/Shanghai,free
1c1b8ea4-eb82-5414-abb1-49b2b84d550e,2026-04-18 01:41:07+00:00,campus_event,IN,mobile,low,student,True,en,Asia/Kolkata,free
fb8a31a1-e51c-56d2-959c-b9114d603723,2026-03-16 00:28:18+00:00,social_ads,US,mobile,low,student,True,en,America/New_York,free
80856f1f-3b75-5c42-9b64-22d9afafae4c,2026-04-19 10:14:41+00:00,social_ads,IN,mobile,high,student,True,en,Asia/Kolkata,free
22fb7605-8d95-51b3-829a-4595a3f5bb0d,2026-03-15 04:25:38+00:00,campus_event,US,tablet,medium,student,True,en,America/New_York,free
a617c288-77dd-5909-babe-9bea21bb43fa,2026-04-02 23:57:42+00:00,social_ads,CN,mobile,high,new_graduate,True,zh,Asia/Shanghai,free
e267a1c7-4f36-5f96-b791-8b5eb8cb2647,2026-04-28 18:02:09+00:00,campus_event,US,desktop,medium,new_graduate,True,en,America/New_York,free
e2540cfe-6872-59c0-949c-a66718786cc9,2026-03-19 18:38:12+00:00,organic_search,AU,desktop,medium,early_career,True,en,Australia/Sydney,free
91a49084-c149-5967-a2b6-3d97ae5149bf,2026-04-25 23:11:29+00:00,referral,US,desktop,high,student,False,en,America/New_York,free
d3e24b6e-d8f3-5d54-883a-8a95b4695e92,2026-04-22 19:28:38+00:00,organic_search,CA,mobile,high,student,True,en,America/Toronto,free
67a517d3-7a0e-5b58-b4fc-661ce016bef5,2026-05-05 06:47:59+00:00,content_marketing,CA,tablet,medium,student,True,en,America/Toronto,free
7bde50fa-2c75-5078-94f8-8b68e0f19fd6,2026-03-15 15:39:12+00:00,organic_search,CN,mobile,low,new_graduate,False,zh,Asia/Shanghai,free
b868ba61-1f5c-5e78-a765-13991ad46e04,2026-04-22 08:13:57+00:00,organic_search,US,desktop,high,student,True,en,America/New_York,free
d381c6c6-c747-52cd-a1af-0a11574bbf23,2026-05-07 15:07:29+00:00,referral,CN,tablet,high,student,True,zh,Asia/Shanghai,free
b753ad8f-a69e-51cb-934d-d3e2bcf2736e,2026-04-25 15:33:31+00:00,referral,JP,mobile,medium,new_graduate,True,ja,Asia/Tokyo,free
e4d0ea6d-7cef-5bb4-a38e-1a350a12adcd,2026-03-16 23:10:04+00:00,campus_event,IN,desktop,medium,student,False,en,Asia/Kolkata,free
bed7b00d-7765-5d8c-ba6b-8168208362fd,2026-04-29 17:29:55+00:00,content_marketing,CN,tablet,low,new_graduate,False,zh,Asia/Shanghai,free
bffeb39e-fe7f-503f-a38a-3715639c891a,2026-03-11 09:42:32+00:00,organic_search,US,desktop,medium,new_graduate,False,en,America/New_York,free
10c70a97-0ab3-5d09-8e5c-f7d48a5492b9,2026-04-13 15:07:33+00:00,referral,GB,mobile,low,early_career,True,en,Europe/London,free
fc4ede2a-451b-5aa2-a16b-8b978296d377,2026-04-07 08:06:15+00:00,social_ads,US,mobile,low,student,False,en,America/New_York,free
e327da09-b3b9-5b91-aa1d-89579020402a,2026-04-09 15:28:02+00:00,social_ads,US,tablet,high,student,True,en,America/New_York,free
6c40772f-b74e-5b8a-a34b-fa7c07f6b628,2026-04-08 20:22:25+00:00,social_ads,US,desktop,medium,new_graduate,True,en,America/New_York,free
23569456-41f1-545a-be9e-19be308f7225,2026-03-06 04:07:30+00:00,organic_search,CN,desktop,high,student,True,zh,Asia/Shanghai,free
b97ac4c2-1ded-5b78-b937-315484ca93c0,2026-04-08 01:34:01+00:00,social_ads,DE,mobile,medium,student,True,de,Europe/Berlin,free
dd2fd5f9-862a-5ec8-97cb-fc87b0ed50e1,2026-05-07 15:14:54+00:00,campus_event,GB,tablet,low,new_graduate,True,en,Europe/London,free
def9cd9c-53f1-516a-a00b-f24aec32795e,2026-04-03 03:07:15+00:00,organic_search,US,desktop,medium,student,True,en,America/New_York,free
e53bfa1b-e660-5d93-a396-1705897dd3e7,2026-03-23 02:34:03+00:00,content_marketing,CN,desktop,low,student,False,zh,Asia/Shanghai,free
772cd23b-2f3b-5697-84e9-88d4d845f277,2026-05-11 15:24:47+00:00,social_ads,GB,tablet,medium,new_graduate,True,en,Europe/London,free
214f2dfb-e6d2-5c1f-af9d-24299d66c0db,2026-03-10 19:55:52+00:00,organic_search,CN,mobile,high,early_career,False,zh,Asia/Shanghai,free
c83a66f2-24bd-5ef9-a510-36ffc01c1061,2026-04-06 13:16:49+00:00,campus_event,US,desktop,high,student,True,en,America/New_York,free
7487dab3-8b4e-5228-a655-4fe9f39dd760,2026-04-08 08:51:42+00:00,organic_search,CN,desktop,high,new_graduate,True,zh,Asia/Shanghai,free
4c5edf86-a365-5b1b-be4d-67eedd7d0022,2026-04-05 23:28:45+00:00,organic_search,IN,mobile,high,early_career,True,en,Asia/Kolkata,free
d46c8a48-14b0-5818-9f05-97b60b8ec5ea,2026-05-06 14:22:40+00:00,campus_event,JP,mobile,high,student,False,ja,Asia/Tokyo,free
a7c419ca-a8de-5157-b55d-51cbb17187f5,2026-04-02 02:26:39+00:00,organic_search,IN,mobile,medium,new_graduate,False,en,Asia/Kolkata,free
f78d076a-dec6-513d-9472-adc241503ad8,2026-05-10 03:47:14+00:00,organic_search,US,mobile,medium,student,True,en,America/New_York,free
478aa177-23dd-595c-a6d3-5bf7c88d228b,2026-03-08 14:39:47+00:00,campus_event,IN,desktop,medium,early_career,True,en,Asia/Kolkata,free
8ca0a343-1d40-51d4-9d26-400a55702b19,2026-04-23 15:23:53+00:00,organic_search,US,mobile,low,student,True,en,America/New_York,free
aa16b2f7-3438-57b6-9e0a-d473284c11b4,2026-04-13 21:56:09+00:00,referral,DE,desktop,medium,student,True,de,Europe/Berlin,free
6103fc74-d484-5c6a-bca5-e2de23d0a318,2026-03-20 14:20:37+00:00,campus_event,CN,tablet,medium,early_career,True,zh,Asia/Shanghai,free
5046787e-02e0-5981-8619-f7b13cd80d42,2026-03-19 17:30:51+00:00,organic_search,US,desktop,low,new_graduate,False,en,America/New_York,free
1f02a9a4-0ada-5d53-95b2-885446c432ac,2026-04-22 15:47:24+00:00,social_ads,CN,desktop,high,student,True,zh,Asia/Shanghai,free
1454bfc6-e9d7-5b4e-938a-33049b8065e8,2026-04-16 23:52:48+00:00,organic_search,US,desktop,low,early_career,True,en,America/New_York,free
55716dce-dbd9-5485-ac72-217cb5743f95,2026-04-15 04:05:49+00:00,campus_event,US,desktop,medium,early_career,True,en,America/New_York,free
e0ca5e6e-1d32-5495-aa52-10160975dc26,2026-03-07 12:10:47+00:00,organic_search,CN,desktop,high,new_graduate,False,zh,Asia/Shanghai,free
0651a45a-0dbb-5695-b7a6-44574c168055,2026-04-14 06:05:38+00:00,content_marketing,GB,mobile,medium,student,True,en,Europe/London,free
33a872c6-9c7f-5c21-aa4d-c13a72c7ba30,2026-05-10 17:10:36+00:00,organic_search,GB,tablet,high,student,True,en,Europe/London,free
f86b60a8-b63d-5de9-ba6d-b95106183082,2026-03-05 04:41:12+00:00,campus_event,CN,mobile,high,early_career,False,zh,Asia/Shanghai,free
2e2b1ac0-7042-5965-86ad-7b4ae8c13c64,2026-04-05 08:40:19+00:00,organic_search,US,mobile,medium,student,True,en,America/New_York,free
27a4c348-19fb-5f1d-b75a-49b7ac7c14df,2026-04-07 02:41:20+00:00,organic_search,CN,desktop,high,student,True,zh,Asia/Shanghai,free
a519856c-e945-59af-a69c-22c5dac4cbfb,2026-05-04 21:01:35+00:00,social_ads,CN,mobile,medium,student,True,zh,Asia/Shanghai,free
dd779f4f-efc3-534f-94f8-812db926a8b3,2026-03-23 12:23:33+00:00,social_ads,US,desktop,medium,student,False,en,America/New_York,free
f984c023-2006-51cc-a288-4be0e7a686ea,2026-04-05 19:31:44+00:00,content_marketing,DE,desktop,medium,new_graduate,True,de,Europe/Berlin,free
bff40914-10ae-573e-bb14-509f1046b301,2026-04-22 11:40:10+00:00,organic_search,JP,desktop,medium,student,True,ja,Asia/Tokyo,free
1a8eff7c-ed43-5295-8b7e-e1c690290482,2026-03-08 03:54:27+00:00,organic_search,US,desktop,medium,student,True,en,America/New_York,free
c8671995-2992-510e-b2fe-af949e34878a,2026-04-28 06:36:12+00:00,social_ads,GB,mobile,low,student,True,en,Europe/London,free
890bb417-741e-50d4-b1ff-faabc1eed7c6,2026-04-29 17:35:07+00:00,social_ads,IN,desktop,medium,student,True,en,Asia/Kolkata,free
7f47cef4-571a-55a1-9cd5-c86e458497e1,2026-04-22 15:44:06+00:00,referral,US,desktop,high,student,True,en,America/New_York,free
b87e6b02-3339-5bcd-9b18-fab86f38279d,2026-04-17 17:23:31+00:00,content_marketing,IN,mobile,high,student,True,en,Asia/Kolkata,free
c4097efc-0fdc-5bc4-8bfd-3113b20404d4,2026-04-24 14:02:36+00:00,referral,US,desktop,high,new_graduate,True,en,America/New_York,free
95c1ac25-866e-586e-b520-932af08d40f5,2026-04-26 22:35:21+00:00,organic_search,US,mobile,low,student,False,en,America/New_York,free
48772a6d-7cc1-55aa-a8b8-777e367863ac,2026-05-05 08:01:18+00:00,social_ads,AU,desktop,medium,student,True,en,Australia/Sydney,free
f2016586-3aaa-5ea1-b32a-d9ef3cc79ca4,2026-04-02 13:02:56+00:00,campus_event,IN,tablet,medium,new_graduate,True,en,Asia/Kolkata,free
2a22e34e-ff5e-5c27-a3e4-2a4e3f712616,2026-04-04 11:13:44+00:00,organic_search,US,mobile,low,new_graduate,True,en,America/New_York,free
c3f39766-4208-564e-b3ac-6727c905fa72,2026-04-17 00:25:22+00:00,campus_event,CN,desktop,medium,new_graduate,True,zh,Asia/Shanghai,free
a90d5fa3-b37f-5a46-92c5-cc78f01d7870,2026-03-17 07:45:20+00:00,organic_search,FR,tablet,medium,early_career,False,fr,Europe/Paris,free
cbbc21a1-d633-5658-b184-647447a97653,2026-05-02 01:54:53+00:00,organic_search,CN,desktop,high,student,False,zh,Asia/Shanghai,free
82040709-6f13-53ca-a0e7-1d405ba56087,2026-04-26 03:58:11+00:00,referral,CA,desktop,low,student,True,en,America/Toronto,free
7c6743b0-d3b4-5eb5-bfc7-0bd687cc326a,2026-04-16 13:02:38+00:00,organic_search,DE,mobile,high,student,True,de,Europe/Berlin,free
02263bc7-97cf-5e8c-b9c3-61b4313479e3,2026-03-24 19:32:04+00:00,content_marketing,US,mobile,high,student,True,en,America/New_York,free
39037d43-ec6a-5b87-b38a-8bee86102dcb,2026-03-27 23:44:50+00:00,organic_search,IN,desktop,medium,early_career,False,en,Asia/Kolkata,free
5090f5d9-2ef3-5f6e-8bb7-3e64f371faad,2026-04-03 00:19:03+00:00,organic_search,IN,desktop,low,new_graduate,True,en,Asia/Kolkata,free
f7c13e77-5d98-51df-8d3a-9c11a760a53b,2026-04-18 17:08:55+00:00,organic_search,GB,desktop,low,early_career,True,en,Europe/London,free
ff63fe33-2caa-568b-8704-f340f202e41b,2026-04-26 16:25:31+00:00,organic_search,CN,mobile,high,early_career,True,zh,Asia/Shanghai,free
460c2dbc-e827-59b1-9691-85a0921f83e2,2026-04-19 08:35:24+00:00,social_ads,US,tablet,low,early_career,True,en,America/New_York,free
8b51dae2-fe29-5879-a0a6-2c27b60c9d39,2026-05-07 03:58:06+00:00,organic_search,US,desktop,low,student,True,en,America/New_York,free
b1d0633d-987b-576c-8eec-f3fa98aa3894,2026-05-09 06:43:54+00:00,campus_event,IN,tablet,high,early_career,True,en,Asia/Kolkata,free
3d325288-3df6-5bbd-a23f-e0e04c3a0d3e,2026-04-21 15:19:24+00:00,referral,GB,desktop,high,student,True,en,Europe/London,free
c18f8f48-a73e-51ff-b7f0-4ac2b2ae78f5,2026-03-29 14:13:49+00:00,social_ads,GB,mobile,medium,student,True,en,Europe/London,free
de8d9d77-54cf-5bd6-b8d8-f278e93b11fb,2026-04-14 08:03:28+00:00,organic_search,CN,tablet,low,new_graduate,True,zh,Asia/Shanghai,free
4ee64002-ab9c-56b2-888e-abbcc96c1b65,2026-04-02 07:56:06+00:00,social_ads,US,mobile,medium,early_career,True,en,America/New_York,free
20f36f17-1e04-54b2-9d4f-9eb17087bb12,2026-04-16 09:47:01+00:00,campus_event,US,desktop,high,early_career,True,en,America/New_York,free
bc2b9953-8a6e-5128-884b-188259d1f884,2026-04-29 00:52:31+00:00,social_ads,GB,desktop,medium,student,True,en,Europe/London,free
be6c27c8-a118-5b00-84e4-f5d2deada99d,2026-03-29 11:36:51+00:00,organic_search,CN,desktop,low,early_career,True,zh,Asia/Shanghai,free
9b9d763a-2632-5cd4-a9ee-083a6ecec938,2026-04-07 21:32:31+00:00,social_ads,GB,mobile,low,new_graduate,True,en,Europe/London,free
0cdd50e6-df59-585f-bb39-466e2430aae0,2026-03-07 03:34:25+00:00,social_ads,US,tablet,medium,new_graduate,False,en,America/New_York,free
9ec096a5-0628-51c5-9f2d-4d6dce0d7831,2026-04-23 19:45:53+00:00,organic_search,CN,desktop,low,student,False,zh,Asia/Shanghai,free
f003f423-7792-598d-a4eb-9b796d1bffd9,2026-04-06 19:11:45+00:00,organic_search,CA,desktop,high,student,True,en,America/Toronto,free
231e0c3b-61de-5d1d-b1f6-3cf51030fa7b,2026-04-04 17:16:42+00:00,content_marketing,US,desktop,low,student,True,en,America/New_York,free
54d7d7bf-9274-5a7a-9642-212ad59035ab,2026-04-09 17:42:18+00:00,organic_search,US,mobile,low,early_career,False,en,America/New_York,free
0b637469-188f-5adc-af00-997db4447975,2026-03-18 20:51:34+00:00,organic_search,IN,mobile,high,early_career,True,en,Asia/Kolkata,free
c1745cf5-4c74-5d9c-8e64-bb7d677a3019,2026-04-14 06:14:01+00:00,organic_search,CN,desktop,high,student,True,zh,Asia/Shanghai,free
64ac06a7-f0f2-5e7b-a29f-da82e8e45fe7,2026-04-24 10:03:26+00:00,social_ads,FR,mobile,medium,student,True,fr,Europe/Paris,free
824ab3f0-cacd-5c36-be99-46e94911b3a7,2026-03-28 03:03:48+00:00,social_ads,CA,desktop,high,student,True,en,America/Toronto,free
cf2bc700-552c-5f26-b417-9ddd61538039,2026-03-13 01:11:33+00:00,organic_search,IN,mobile,low,early_career,False,en,Asia/Kolkata,free
0c831bae-16bd-5747-b872-da84b2f90844,2026-03-30 16:36:01+00:00,social_ads,US,desktop,medium,new_graduate,True,en,America/New_York,free
68fe0666-3287-5bbf-9ecc-c37984cba8a0,2026-03-17 16:51:15+00:00,campus_event,CN,desktop,low,new_graduate,False,zh,Asia/Shanghai,free
7119ad72-3480-5f5f-96d5-671dfd7b1d49,2026-03-29 19:14:35+00:00,organic_search,DE,mobile,medium,student,True,de,Europe/Berlin,free
8ddcfd0c-18b2-52ad-8369-9f556e65b872,2026-04-16 06:01:18+00:00,content_marketing,CN,mobile,high,student,True,zh,Asia/Shanghai,free
2c358308-7a3d-5c60-b228-03d35d23f23f,2026-03-11 19:46:52+00:00,organic_search,FR,desktop,high,early_career,True,fr,Europe/Paris,free
4c68f3b1-479a-5f12-872f-24153111fe50,2026-04-24 13:28:42+00:00,organic_search,IN,mobile,low,new_graduate,False,en,Asia/Kolkata,free
04599e7c-46cd-5ef0-a5b7-c6a9402df2fc,2026-03-19 11:57:35+00:00,content_marketing,US,mobile,medium,student,False,en,America/New_York,free
cced0aa8-39b2-500e-8dbc-a70bfa7efaf1,2026-05-04 17:36:10+00:00,referral,CN,desktop,high,student,True,zh,Asia/Shanghai,free
ec13f103-571e-5db1-876a-2375bac62d3b,2026-04-23 12:55:35+00:00,organic_search,IN,tablet,medium,student,False,en,Asia/Kolkata,free
c9125106-c688-5e05-8809-78d4bb5f12d9,2026-03-22 19:24:10+00:00,referral,US,tablet,low,student,False,en,America/New_York,free
8ef3ec88-e86f-5c0b-9552-3f59a1c51b63,2026-04-11 20:42:17+00:00,social_ads,US,desktop,medium,student,False,en,America/New_York,free
8b718fe4-3503-5623-9421-797dc35f780c,2026-03-11 15:21:32+00:00,organic_search,IN,tablet,medium,new_graduate,True,en,Asia/Kolkata,free
e007508d-7120-5594-bb09-ae77e9ddc165,2026-03-10 21:10:04+00:00,referral,US,mobile,medium,student,False,en,America/New_York,free
d80f8831-0571-5847-8def-7df47c78c61d,2026-05-08 23:12:46+00:00,campus_event,US,desktop,medium,student,True,en,America/New_York,free
b92b834c-625f-5a83-acf1-6969854458f3,2026-04-28 08:49:33+00:00,organic_search,IN,mobile,medium,new_graduate,True,en,Asia/Kolkata,free
5ff88c46-567a-55a6-a43e-b5d4bad294ce,2026-03-14 15:43:27+00:00,campus_event,GB,desktop,medium,student,True,en,Europe/London,free
2b6e3eea-4990-57a8-9191-81b453df2799,2026-03-23 12:07:59+00:00,social_ads,CN,mobile,medium,new_graduate,True,zh,Asia/Shanghai,free
00628337-d98a-5ae9-961f-240ed68136b3,2026-03-17 15:20:10+00:00,organic_search,FR,tablet,low,early_career,False,fr,Europe/Paris,free
14f593e3-7c3f-5058-888b-72bf35af87b6,2026-03-31 06:23:11+00:00,content_marketing,CA,desktop,low,student,True,en,America/Toronto,free
1667e599-d36f-5c0f-bce2-3a8ca1b6a07a,2026-03-24 02:26:28+00:00,social_ads,CN,mobile,medium,early_career,True,zh,Asia/Shanghai,free
a7cc6ff3-93cf-5d8a-8577-280c88ac02ee,2026-03-26 15:16:17+00:00,social_ads,US,desktop,high,student,False,en,America/New_York,free
b12174c3-48ec-580c-b399-5aecf116a30b,2026-04-09 12:40:18+00:00,social_ads,GB,mobile,high,student,True,en,Europe/London,free
077c2b1d-b4f1-5716-97bf-9114fc4249e7,2026-03-17 01:04:20+00:00,social_ads,US,mobile,low,student,True,en,America/New_York,free
aec9eee0-0fa0-5ebf-99c9-afdeadc6534e,2026-05-03 21:57:31+00:00,organic_search,GB,desktop,medium,new_graduate,True,en,Europe/London,free
dea5b426-a0b7-542e-bb06-6866450cc363,2026-04-23 04:59:26+00:00,content_marketing,CN,mobile,medium,student,True,zh,Asia/Shanghai,free
1026a63f-bc37-5aa4-9d7e-870334315951,2026-04-25 11:27:50+00:00,campus_event,CN,desktop,medium,early_career,True,zh,Asia/Shanghai,free
08b7a834-e6c5-5929-8e5b-85bc1b52d040,2026-03-15 16:39:14+00:00,campus_event,CN,mobile,medium,student,False,zh,Asia/Shanghai,free
9043fefc-7083-53d2-9fa2-752252008347,2026-04-21 20:42:31+00:00,social_ads,CN,mobile,high,new_graduate,True,zh,Asia/Shanghai,free
89f357d1-aab2-5617-8c9f-95fef26da30f,2026-04-30 16:49:16+00:00,organic_search,CA,mobile,low,student,True,en,America/Toronto,free
2f059662-8378-5d1c-bc83-4e86414c1152,2026-03-16 02:05:55+00:00,organic_search,US,desktop,medium,student,True,en,America/New_York,free
47a8ea6a-b6ae-5026-b402-773ba0f75629,2026-04-24 20:06:58+00:00,social_ads,CA,mobile,medium,new_graduate,False,en,America/Toronto,free
02e3a9ca-9c33-5240-97ae-4bbe7c4c8b8a,2026-03-28 16:19:19+00:00,organic_search,US,mobile,medium,student,True,en,America/New_York,free
b05cfe17-7e8e-5c8e-9e33-2c08c64228b2,2026-04-27 08:13:51+00:00,campus_event,GB,mobile,low,student,False,en,Europe/London,free
0cab7100-86b0-54ef-9f22-5bc5d33c804c,2026-04-06 00:14:17+00:00,referral,CA,mobile,medium,new_graduate,True,en,America/Toronto,free
1455e69c-3366-59c4-8aa7-2c96a6cbbce8,2026-04-28 08:27:26+00:00,organic_search,CN,tablet,low,new_graduate,True,zh,Asia/Shanghai,free
2efd12ec-beae-5270-889b-be2b486ff5fe,2026-03-14 04:08:13+00:00,organic_search,US,desktop,medium,new_graduate,True,en,America/New_York,free
5889eb08-e6d1-5b2b-80ab-445f5369e586,2026-03-30 20:18:58+00:00,campus_event,GB,desktop,medium,student,True,en,Europe/London,free
10f8c722-2186-5a62-82e9-7ad2f263a5e0,2026-03-22 20:47:57+00:00,organic_search,GB,tablet,medium,student,True,en,Europe/London,free
08418d67-ba4a-5bf8-bbcb-2d636b05ded7,2026-03-21 03:17:26+00:00,content_marketing,US,desktop,high,student,True,en,America/New_York,free
5f5557fd-eac9-5521-bc6d-8cce039bd455,2026-03-25 06:35:58+00:00,social_ads,CN,tablet,high,student,True,zh,Asia/Shanghai,free
927780fb-e948-5370-897a-e2780b7a37cc,2026-03-30 09:18:35+00:00,organic_search,GB,mobile,medium,student,True,en,Europe/London,free
4e027c55-bc3c-5177-aa01-bc079e159270,2026-03-12 18:46:08+00:00,organic_search,US,tablet,high,student,True,en,America/New_York,free
be6330a8-a893-52c9-a27b-4fd9601fbf46,2026-04-21 18:55:42+00:00,content_marketing,IN,mobile,high,student,True,en,Asia/Kolkata,free
6ec95e53-7654-501b-9923-7b326a780ee5,2026-04-10 23:11:47+00:00,organic_search,CN,mobile,low,new_graduate,True,zh,Asia/Shanghai,free
265a9054-e948-5e35-9fdd-330cd1c986f4,2026-04-30 05:16:12+00:00,campus_event,US,mobile,medium,student,False,en,America/New_York,free
e841db2a-c4f6-5aca-af56-9d89993042a1,2026-04-21 15:31:35+00:00,organic_search,GB,mobile,medium,student,False,en,Europe/London,free
1318cf42-a77a-5b1a-bcae-199bc44a6720,2026-03-14 06:48:56+00:00,organic_search,US,desktop,medium,student,False,en,America/New_York,free
a1e1a6ab-9b3d-5253-9ec0-9b49d04e6968,2026-03-08 19:48:23+00:00,referral,BR,desktop,high,student,True,pt,America/Sao_Paulo,free
62d6df70-7d03-5935-9429-d2371a2d7522,2026-04-02 04:10:14+00:00,organic_search,CN,desktop,medium,early_career,False,zh,Asia/Shanghai,free
83bbfb57-f887-5c26-817b-53da8c149087,2026-04-06 04:44:22+00:00,organic_search,CN,tablet,low,student,False,zh,Asia/Shanghai,free
77cbb2e6-e75c-5310-af72-e845542fff71,2026-03-20 13:51:12+00:00,social_ads,CN,desktop,medium,student,True,zh,Asia/Shanghai,free
99c87965-f94b-5696-92ce-3068a8b931b8,2026-04-26 23:20:29+00:00,referral,CN,mobile,high,early_career,True,zh,Asia/Shanghai,free
9456e793-3a04-57c8-81af-cbc870aa6474,2026-04-13 03:06:01+00:00,organic_search,GB,mobile,medium,student,True,en,Europe/London,free
ca397cbd-5f6b-54a9-af85-367e8ca02a80,2026-04-24 14:40:16+00:00,organic_search,IN,desktop,low,student,True,en,Asia/Kolkata,free
d63f5451-69bc-529d-8698-31150cd6caac,2026-03-11 12:31:15+00:00,content_marketing,GB,tablet,medium,early_career,True,en,Europe/London,free
d324aebf-573f-5443-b0ef-a7b304658e06,2026-04-29 05:45:38+00:00,campus_event,CN,desktop,medium,new_graduate,True,zh,Asia/Shanghai,free
f01a6649-6d37-5e47-94f2-79fa68de23c6,2026-03-18 05:17:07+00:00,referral,US,mobile,low,early_career,True,en,America/New_York,free
3393cdbc-2db9-56dc-b155-1bf7b1932088,2026-04-03 22:17:10+00:00,campus_event,US,mobile,medium,early_career,True,en,America/New_York,free
dba17e02-e21c-574f-99a4-76d215250c34,2026-04-03 07:35:56+00:00,campus_event,GB,desktop,low,new_graduate,True,en,Europe/London,free
4335f4d0-b1da-5e4e-8767-8215afdfcafe,2026-04-29 14:50:32+00:00,social_ads,CN,desktop,medium,student,True,zh,Asia/Shanghai,free
7029c5a5-0546-5788-ac32-747b7856494a,2026-03-23 02:27:28+00:00,organic_search,CN,mobile,low,new_graduate,True,zh,Asia/Shanghai,free
7d439f26-458b-558d-b3d8-132f7ee588af,2026-03-20 14:41:12+00:00,campus_event,CN,desktop,low,student,True,zh,Asia/Shanghai,free
fcb950f6-5e3d-55d2-9bc6-b7f5e3226d02,2026-03-27 10:25:26+00:00,campus_event,CN,mobile,medium,new_graduate,False,zh,Asia/Shanghai,free
ca8fec3c-8312-5e9d-9cb8-7ab168e6d6e0,2026-03-28 21:30:07+00:00,content_marketing,IN,mobile,low,early_career,True,en,Asia/Kolkata,free
ae4ce115-cba5-5fb1-9d23-638b7d7b7569,2026-03-16 12:52:15+00:00,social_ads,IN,desktop,low,student,True,en,Asia/Kolkata,free
77aa2c61-3e73-5091-8be7-20b6883a1053,2026-03-16 04:02:40+00:00,organic_search,JP,desktop,medium,early_career,True,ja,Asia/Tokyo,free
0266a2b6-f83b-5d28-ade7-809705aed827,2026-03-19 23:05:46+00:00,social_ads,US,desktop,low,new_graduate,True,en,America/New_York,free
36b8cc10-54d1-5f6d-90b0-5fbbee5cec2b,2026-04-05 06:09:14+00:00,campus_event,CN,mobile,low,student,False,zh,Asia/Shanghai,free
6c8c6697-2b9d-593a-a621-c5408dac58a3,2026-03-27 16:35:48+00:00,social_ads,US,mobile,medium,early_career,False,en,America/New_York,free
54e496d0-a49b-5a1c-a588-d0ccb4c2c557,2026-03-31 01:15:04+00:00,campus_event,GB,desktop,medium,new_graduate,True,en,Europe/London,free
4f7ec126-59b6-5489-988b-f9f2c7ac40dc,2026-04-22 14:45:23+00:00,social_ads,IN,mobile,medium,student,True,en,Asia/Kolkata,free
5530386a-7843-5459-b217-547aa74305f9,2026-03-20 14:58:30+00:00,organic_search,CN,mobile,high,new_graduate,True,zh,Asia/Shanghai,free
18671f5c-1e08-5892-9008-1c818c33ad3b,2026-05-05 18:46:53+00:00,social_ads,GB,mobile,medium,student,True,en,Europe/London,free
97b9b349-3589-545e-9303-bf1ea09d28c8,2026-04-24 20:56:54+00:00,campus_event,CN,desktop,medium,student,True,zh,Asia/Shanghai,free
7ee0bc10-2b4a-5e38-9c4b-ade190e59b21,2026-03-16 01:16:54+00:00,content_marketing,US,desktop,high,new_graduate,True,en,America/New_York,free
f5294499-f013-5409-a764-a7d43e2aeeee,2026-03-25 15:43:47+00:00,social_ads,CN,desktop,medium,early_career,True,zh,Asia/Shanghai,free
89e4d5a4-37ad-5967-a640-3626e7ae1240,2026-03-16 15:57:38+00:00,social_ads,US,mobile,high,new_graduate,True,en,America/New_York,free
5a4b5ca7-a71f-5bd4-9fe6-c9f5070f1bc1,2026-03-22 19:45:49+00:00,social_ads,DE,mobile,medium,early_career,False,de,Europe/Berlin,free
1cfe259a-50fd-5e55-be6c-12587ec3a384,2026-03-29 05:15:42+00:00,social_ads,IN,desktop,medium,early_career,True,en,Asia/Kolkata,free
52f239be-0c21-5a72-90ee-0b9c91739257,2026-03-13 00:45:14+00:00,organic_search,GB,desktop,high,student,False,en,Europe/London,free
c6c73338-13b0-5526-ab6c-2318000e29f0,2026-03-04 23:54:10+00:00,referral,DE,mobile,low,early_career,False,de,Europe/Berlin,free
f6c44ef3-63c2-5147-9421-e497c0b1759b,2026-04-03 06:41:18+00:00,content_marketing,GB,desktop,high,early_career,True,en,Europe/London,free
1e8d5247-8627-5a94-8844-9de32842d766,2026-04-21 08:50:27+00:00,social_ads,CN,mobile,medium,student,False,zh,Asia/Shanghai,free
8c9f06f8-b943-546f-b241-9981150d96d1,2026-03-24 21:42:32+00:00,social_ads,US,desktop,medium,student,True,en,America/New_York,free
21a7c4bf-4fbe-5d2b-b1e8-06b67ac71d38,2026-05-02 08:54:59+00:00,organic_search,CN,desktop,medium,new_graduate,True,zh,Asia/Shanghai,free
4f1305c3-1fe7-518d-a872-bab2508bc932,2026-03-29 11:30:55+00:00,social_ads,BR,mobile,low,early_career,True,pt,America/Sao_Paulo,free
60435cc8-4434-57fa-ac3f-65c63ac2a44f,2026-05-05 03:43:11+00:00,social_ads,BR,desktop,low,early_career,True,pt,America/Sao_Paulo,free
8fe5fe8d-fb88-5471-99b3-7f1d22bb816d,2026-03-20 06:48:40+00:00,campus_event,GB,mobile,high,new_graduate,True,en,Europe/London,free
e1efec84-66b9-5242-9aee-eae3c583dc80,2026-04-10 05:08:10+00:00,organic_search,US,desktop,medium,early_career,True,en,America/New_York,free
4c86276e-13cb-50a6-9746-46a2ef0d3684,2026-04-25 15:47:06+00:00,campus_event,US,desktop,high,new_graduate,True,en,America/New_York,free
f85b660f-45cb-5494-a0a5-2c6e73df07e1,2026-03-08 01:46:07+00:00,organic_search,DE,mobile,low,early_career,False,de,Europe/Berlin,free
3b2571a8-e3ad-58fa-8826-eb3f83278784,2026-05-07 04:05:06+00:00,campus_event,US,desktop,low,new_graduate,True,en,America/New_York,free
ee3c43e3-ae86-574e-a003-a4083c792af5,2026-03-29 04:22:18+00:00,campus_event,CN,mobile,medium,early_career,True,zh,Asia/Shanghai,free
1f1398d0-0e1f-565b-a769-c063049a9a15,2026-04-07 08:34:29+00:00,organic_search,CN,mobile,low,early_career,True,zh,Asia/Shanghai,free
775bd8a3-03fe-5d6c-a316-073f49257b4d,2026-04-16 08:41:41+00:00,social_ads,US,tablet,medium,student,False,en,America/New_York,free
28b3739e-63f1-5f02-a2dd-e19fd3ed1687,2026-04-17 08:48:18+00:00,referral,IN,desktop,high,early_career,True,en,Asia/Kolkata,free
afd35fea-310e-585a-81ab-48c2e32cf01e,2026-03-05 15:11:41+00:00,campus_event,FR,desktop,high,new_graduate,False,fr,Europe/Paris,free
7dd1fbe6-a7a7-52df-88a2-70e74393d1a7,2026-05-02 20:02:13+00:00,organic_search,GB,desktop,medium,student,True,en,Europe/London,free
7cd3e140-8e04-5661-aac6-d94cba6f0387,2026-04-16 00:41:19+00:00,social_ads,CN,tablet,medium,student,True,zh,Asia/Shanghai,free
13c50d20-46d2-579f-95ac-4609ae50f701,2026-05-11 22:03:41+00:00,organic_search,CN,desktop,medium,new_graduate,True,zh,Asia/Shanghai,free
671973df-28f3-5a82-be87-7f877f6537eb,2026-04-05 12:49:29+00:00,campus_event,CA,desktop,medium,student,True,en,America/Toronto,free
3c1a795a-c5d3-5b68-8627-b9ffc27de179,2026-04-15 07:58:58+00:00,campus_event,CN,mobile,medium,student,True,zh,Asia/Shanghai,free
01476732-3c61-53a5-adc1-7d116d66738e,2026-04-03 10:23:58+00:00,organic_search,CN,desktop,medium,new_graduate,False,zh,Asia/Shanghai,free
027df38c-89c5-5d8a-bfa8-f81fcc24d732,2026-05-04 09:28:28+00:00,campus_event,IN,mobile,low,student,True,en,Asia/Kolkata,free
5344707a-a13f-5fd9-a236-a0f183fc14c4,2026-04-30 10:25:59+00:00,campus_event,US,mobile,low,student,True,en,America/New_York,free
f4e33089-5bb1-51d2-94a4-e32596f5365a,2026-05-05 16:39:17+00:00,campus_event,US,mobile,high,early_career,True,en,America/New_York,free
108b86c9-8bcc-5513-8dc5-f601a62ca8cd,2026-04-07 19:05:19+00:00,organic_search,DE,mobile,medium,student,True,de,Europe/Berlin,free
dc1dd381-b7a9-5358-88de-912c076a1ffa,2026-04-27 14:38:36+00:00,organic_search,IN,desktop,high,new_graduate,True,en,Asia/Kolkata,free
2c9614a4-0b64-5995-99b9-ab147204f95b,2026-03-28 18:09:50+00:00,social_ads,US,mobile,medium,student,False,en,America/New_York,free
1f8f9d7e-6c82-57ea-bb46-48aa567c9996,2026-04-04 19:18:07+00:00,organic_search,US,mobile,medium,early_career,False,en,America/New_York,free
ad40af2b-7327-5cce-9645-a8f077b419a7,2026-04-25 10:55:14+00:00,social_ads,JP,desktop,medium,student,True,ja,Asia/Tokyo,free
97a8e6f9-a55a-57c0-9501-d0ad5a554c4e,2026-03-09 14:23:26+00:00,organic_search,IN,tablet,high,early_career,True,en,Asia/Kolkata,free
05d2a30d-7295-54c8-b4d3-10af63a76239,2026-04-22 00:34:16+00:00,organic_search,IN,mobile,low,new_graduate,True,en,Asia/Kolkata,free
95b76769-c833-5a3a-97f8-232e70f92265,2026-03-05 02:10:25+00:00,campus_event,US,tablet,medium,early_career,True,en,America/New_York,free
d5ae3e53-e811-5e28-afed-9c85da7c1cdf,2026-04-13 01:33:26+00:00,organic_search,FR,mobile,low,new_graduate,True,fr,Europe/Paris,free
33364075-b3b7-54f5-8c4b-429e41d15797,2026-04-05 22:14:38+00:00,campus_event,DE,desktop,low,new_graduate,True,de,Europe/Berlin,free
f237761a-ab45-5d13-9a9b-f0a25d7a88ff,2026-04-05 08:07:54+00:00,organic_search,CN,desktop,low,student,True,zh,Asia/Shanghai,free
b495a6b2-8884-5c3e-8235-acc4412a4a93,2026-04-07 02:35:04+00:00,social_ads,US,desktop,medium,new_graduate,False,en,America/New_York,free
a820c078-02ae-5c89-9ed2-df94e2f294bc,2026-04-06 22:38:29+00:00,social_ads,IN,desktop,high,new_graduate,False,en,Asia/Kolkata,free
4ed92387-03c3-5e3a-8275-c2f2793df660,2026-04-01 02:35:30+00:00,campus_event,GB,desktop,high,new_graduate,True,en,Europe/London,free
4a5f6e22-c098-5909-9c74-bfa83c47a8f6,2026-04-04 03:26:32+00:00,campus_event,GB,desktop,medium,student,False,en,Europe/London,free
5880c2fa-9e44-549c-a867-51e2b3508458,2026-04-12 04:53:05+00:00,social_ads,JP,desktop,medium,new_graduate,False,ja,Asia/Tokyo,free
381c55ee-1137-5e1c-b19d-58297605d6ea,2026-04-25 16:17:56+00:00,campus_event,IN,mobile,high,new_graduate,True,en,Asia/Kolkata,free
63bc4098-2a21-5ed5-b5dc-eb01fd0c53b8,2026-04-11 02:22:52+00:00,organic_search,US,desktop,low,new_graduate,False,en,America/New_York,free
f516b809-16b9-55d2-aff0-9a2423e0f83c,2026-04-17 08:01:02+00:00,social_ads,CN,mobile,high,new_graduate,False,zh,Asia/Shanghai,free
e3e236ab-bbef-5b55-8d61-477992b290df,2026-04-30 17:25:51+00:00,organic_search,GB,mobile,high,student,True,en,Europe/London,free
92d6ee38-51c0-5628-874b-7609fb3d07de,2026-05-11 06:37:55+00:00,social_ads,US,mobile,medium,new_graduate,False,en,America/New_York,free
beb9eb7a-75e0-50ae-8f9a-1a68c54e2197,2026-03-11 11:56:09+00:00,organic_search,US,desktop,low,student,True,en,America/New_York,free
23371250-07b5-5e8a-a3dd-9f9e01327694,2026-04-22 04:36:17+00:00,referral,IN,mobile,low,early_career,True,en,Asia/Kolkata,free
049940c2-63b4-5d8d-adfb-4f7c081fa21c,2026-03-19 12:53:38+00:00,social_ads,CN,mobile,medium,early_career,True,zh,Asia/Shanghai,free
7542879c-8e16-5792-a5b6-c4de1f76239c,2026-03-17 13:52:08+00:00,social_ads,GB,tablet,high,student,True,en,Europe/London,free
9464734c-f3b2-512b-91a5-4b9f60468876,2026-04-27 17:12:57+00:00,social_ads,US,desktop,medium,student,True,en,America/New_York,free
37e4627e-251a-5402-96a4-b78091849927,2026-03-08 17:45:08+00:00,organic_search,US,desktop,medium,new_graduate,True,en,America/New_York,free
1f7677ee-f9ab-5ffd-a467-b2ecf4e3533c,2026-05-01 12:01:03+00:00,organic_search,US,mobile,medium,early_career,False,en,America/New_York,free
4605a094-6226-5972-b7f2-b6eea2ba3bf8,2026-04-26 04:01:21+00:00,content_marketing,IN,desktop,high,student,False,en,Asia/Kolkata,free
3c51f0e5-07b1-5ac5-aa97-e574e3fd16ca,2026-05-11 15:25:43+00:00,campus_event,GB,mobile,medium,student,True,en,Europe/London,free
8108fb7e-1d59-5070-a924-1b2ba1fe4090,2026-04-19 02:06:47+00:00,organic_search,CN,mobile,low,student,True,zh,Asia/Shanghai,free
ae9d2744-691c-5259-b0b8-d2fca0a17f5f,2026-05-03 05:32:31+00:00,campus_event,CN,mobile,medium,early_career,True,zh,Asia/Shanghai,free
32d7978a-601a-5f11-a012-0a166f9e1715,2026-03-12 04:17:36+00:00,social_ads,US,tablet,medium,student,True,en,America/New_York,free
224ef5f4-3b1d-5718-b24b-97a59ef552c5,2026-05-04 09:40:20+00:00,organic_search,IN,mobile,medium,early_career,True,en,Asia/Kolkata,free
9ef40288-7836-5d0c-80d0-07bcffc8dc07,2026-03-15 01:29:57+00:00,social_ads,AU,tablet,medium,new_graduate,False,en,Australia/Sydney,free
b040b0da-b214-55cc-b9d9-5320203e5be9,2026-03-25 16:33:35+00:00,organic_search,GB,mobile,low,early_career,True,en,Europe/London,free
678f0be0-39d6-5772-8d35-8f645c231b56,2026-03-12 20:17:16+00:00,organic_search,US,desktop,high,early_career,True,en,America/New_York,free
69d66719-a566-578b-84a6-918b767017af,2026-03-31 17:09:04+00:00,campus_event,IN,mobile,high,new_graduate,True,en,Asia/Kolkata,free
c63f1a58-fa75-5f58-9fd7-a014124ba4d3,2026-04-24 16:20:30+00:00,organic_search,US,mobile,high,new_graduate,True,en,America/New_York,free
14a7ccf7-7316-59b3-8594-05671c6ff0fb,2026-03-22 11:56:55+00:00,referral,US,tablet,high,new_graduate,True,en,America/New_York,free
01907be9-f0e1-5310-9943-e2c5d61c7853,2026-04-29 17:33:18+00:00,campus_event,US,desktop,medium,early_career,True,en,America/New_York,free
7ada632c-0f47-5027-bcf3-f406c6aa4c7a,2026-04-14 20:01:53+00:00,referral,US,desktop,medium,new_graduate,True,en,America/New_York,free
10b91ba0-5873-5f7b-9f2f-c2d5fa0249e1,2026-04-16 09:30:04+00:00,campus_event,US,mobile,medium,student,False,en,America/New_York,free
98ddf25f-0f47-5f86-b904-61c5a2efcf64,2026-05-07 18:39:40+00:00,referral,GB,desktop,low,early_career,True,en,Europe/London,free
226047e4-84e4-5cc0-b310-1caab5a66b8d,2026-04-02 19:08:10+00:00,social_ads,US,mobile,high,student,False,en,America/New_York,free
ab14667b-4cea-59f3-a3ff-412d6713f97e,2026-03-27 18:43:30+00:00,social_ads,GB,mobile,low,early_career,True,en,Europe/London,free
59866c90-1c7c-5c0f-93f7-8467bc7fb6e7,2026-05-11 14:58:55+00:00,social_ads,BR,desktop,medium,student,True,pt,America/Sao_Paulo,free
30be063e-30ae-5429-8f85-2dda0944f2c5,2026-04-11 10:23:40+00:00,content_marketing,CN,desktop,medium,new_graduate,True,zh,Asia/Shanghai,free
4d437b64-9ead-5925-be45-a0e75fca583f,2026-04-15 09:47:02+00:00,organic_search,CN,mobile,high,early_career,False,zh,Asia/Shanghai,free
505f7d03-6959-57ec-b9ff-2fb39101a884,2026-03-24 10:40:18+00:00,social_ads,GB,desktop,medium,new_graduate,False,en,Europe/London,free
909fcf06-f9a6-542c-8c35-cfc97724b9ff,2026-03-18 20:45:47+00:00,campus_event,US,mobile,medium,new_graduate,True,en,America/New_York,free
3c900ddc-f243-5899-a81e-1de509bfec31,2026-03-15 17:11:18+00:00,social_ads,CN,mobile,medium,student,True,zh,Asia/Shanghai,free
6b86bbcb-c189-5a88-b5f1-73668df8b1b8,2026-03-19 10:12:48+00:00,referral,CN,mobile,medium,student,True,zh,Asia/Shanghai,free
c9f9ebcb-d4ef-5259-ad80-fcfb1fcab0c2,2026-03-17 11:13:37+00:00,social_ads,GB,desktop,medium,student,True,en,Europe/London,free
7a01ac8b-9a27-55f6-b6a8-a99d6d2d8527,2026-04-24 12:34:08+00:00,organic_search,GB,desktop,medium,new_graduate,False,en,Europe/London,free
b80b5096-4c73-5545-81a1-b55c6dc5c8cb,2026-03-07 23:57:25+00:00,social_ads,GB,mobile,high,student,True,en,Europe/London,free
3d327404-21c7-5ab4-a78f-e3d4fc44c47e,2026-04-16 10:15:37+00:00,social_ads,IN,desktop,low,student,True,en,Asia/Kolkata,free
a78ac4f3-bb79-50af-8afe-0df9ec6532e1,2026-05-08 12:01:47+00:00,organic_search,CN,desktop,medium,student,True,zh,Asia/Shanghai,free
7696fecc-5731-5ac3-9f86-6f580c790aad,2026-04-25 19:45:17+00:00,organic_search,GB,tablet,high,early_career,True,en,Europe/London,free
24ab7048-22dd-51b6-a068-0d9d05454833,2026-03-31 19:10:06+00:00,organic_search,DE,desktop,medium,early_career,False,de,Europe/Berlin,free
949c235e-5cf5-5791-ab09-61b124227c69,2026-03-08 02:22:13+00:00,campus_event,CN,desktop,medium,student,True,zh,Asia/Shanghai,free
9b34baea-0fe1-58fc-860e-e70372b010db,2026-04-30 13:18:14+00:00,referral,JP,tablet,medium,early_career,False,ja,Asia/Tokyo,free
54c7269d-026b-5114-bfd5-b89b8c136a2d,2026-03-04 05:12:50+00:00,social_ads,DE,desktop,high,new_graduate,True,de,Europe/Berlin,free
26579c79-b069-5d53-a8b4-129c2be4abb7,2026-04-20 00:16:52+00:00,organic_search,CN,desktop,low,student,False,zh,Asia/Shanghai,free
cfe509f1-ac0f-547f-89db-a27f87af6d43,2026-04-19 07:05:28+00:00,social_ads,US,desktop,low,student,True,en,America/New_York,free
4ec94513-eed3-54a7-b306-4af6a165489e,2026-03-17 05:49:16+00:00,referral,US,mobile,high,early_career,True,en,America/New_York,free
1e3721b0-7ec4-5943-ad44-09d29420663d,2026-04-24 01:13:30+00:00,campus_event,GB,tablet,medium,student,True,en,Europe/London,free
4af51303-9c75-533f-a83a-1ee3acbbc050,2026-03-16 02:33:54+00:00,organic_search,US,mobile,medium,student,True,en,America/New_York,free
ad0f5af5-74ff-5cb0-b82c-9543a5af28e7,2026-03-19 13:40:21+00:00,organic_search,CN,tablet,medium,early_career,False,zh,Asia/Shanghai,free
33855a19-2e7f-5ea6-9b3e-62c1d78abaff,2026-04-29 00:39:07+00:00,content_marketing,IN,desktop,medium,new_graduate,False,en,Asia/Kolkata,free
700c9403-d452-5cff-a659-5336207fadcd,2026-05-10 13:26:14+00:00,referral,DE,mobile,high,early_career,True,de,Europe/Berlin,free
3c83970a-dbf6-55f1-967b-3a9f3b3e15fb,2026-03-22 06:21:44+00:00,organic_search,GB,desktop,medium,new_graduate,True,en,Europe/London,free
8bd0f7c6-2e78-5c30-a570-de93f337b452,2026-05-06 13:44:08+00:00,referral,GB,tablet,high,new_graduate,True,en,Europe/London,free
d9375721-ec91-5009-8f49-e3618648ebb3,2026-05-06 00:23:59+00:00,organic_search,CN,tablet,high,student,True,zh,Asia/Shanghai,free
56bb4f0e-fbf2-5c07-ba3d-27b2baf9b4c1,2026-04-26 02:08:19+00:00,organic_search,US,desktop,medium,early_career,True,en,America/New_York,free
838190ef-b19c-544c-a997-9def7d5e2148,2026-03-13 15:55:53+00:00,campus_event,IN,mobile,medium,student,True,en,Asia/Kolkata,free
c4728021-70c7-562d-ab55-58c309334342,2026-03-24 15:50:19+00:00,social_ads,US,mobile,medium,student,True,en,America/New_York,free
e503a9e9-5e30-50cf-8d72-5fd46a5ffff2,2026-04-19 18:17:06+00:00,social_ads,CN,desktop,high,early_career,False,zh,Asia/Shanghai,free
2f8eb35c-938a-57d3-b4b1-08d48e1c6b37,2026-05-11 22:42:26+00:00,content_marketing,JP,mobile,medium,student,True,ja,Asia/Tokyo,free
5cda04c8-e143-5b47-bd16-d0385c847fa1,2026-04-29 04:46:06+00:00,referral,CN,tablet,low,student,True,zh,Asia/Shanghai,free
04330664-ead8-5f74-b277-d30250da23a6,2026-04-01 23:57:53+00:00,organic_search,IN,desktop,high,student,False,en,Asia/Kolkata,free
12c6587e-71ea-5a83-8a76-590d9c445817,2026-03-20 05:35:03+00:00,campus_event,IN,desktop,medium,early_career,True,en,Asia/Kolkata,free
bfce50e9-4039-5c3d-93c3-6c517d1ed661,2026-05-09 06:19:02+00:00,campus_event,GB,tablet,high,early_career,True,en,Europe/London,free
6dc583f4-af43-51e2-94c7-2ad8dc220ed2,2026-03-23 01:23:56+00:00,social_ads,CN,desktop,medium,student,True,zh,Asia/Shanghai,free
4ed9643b-6d9f-5586-9ae1-876db9059f97,2026-03-27 14:42:52+00:00,content_marketing,CN,desktop,medium,student,True,zh,Asia/Shanghai,free
c4cdd7cc-79f0-5ec0-b70c-6428f4161e18,2026-05-09 13:14:34+00:00,campus_event,US,mobile,medium,new_graduate,True,en,America/New_York,free
c1ad3818-76ce-5e5f-9751-d0af5fb9b8f6,2026-04-11 18:07:00+00:00,organic_search,IN,mobile,high,new_graduate,True,en,Asia/Kolkata,free
a754b0b1-7d39-52e1-bd09-810f405196f5,2026-03-22 06:10:24+00:00,organic_search,US,desktop,low,student,True,en,America/New_York,free
c2ede33e-ebd9-585a-90db-7f40ba8d7dfb,2026-03-04 08:51:06+00:00,referral,CN,desktop,medium,student,True,zh,Asia/Shanghai,free
dcbc6dc4-0381-5de0-a32d-0a246f7465ba,2026-04-02 16:00:30+00:00,content_marketing,GB,mobile,high,new_graduate,True,en,Europe/London,free
918402e1-89a6-5df6-8f4f-55ce7553c40b,2026-05-11 00:49:05+00:00,organic_search,US,mobile,high,student,True,en,America/New_York,free
c64d81d4-95b3-5e0b-9336-53cd12a04174,2026-04-02 20:14:43+00:00,organic_search,CN,mobile,low,early_career,False,zh,Asia/Shanghai,free
44c07cc0-1d25-592c-bdae-ec273abe63be,2026-04-21 06:25:12+00:00,campus_event,US,tablet,low,student,True,en,America/New_York,free
fb84803d-eded-59fb-b4c4-baa3644cbb16,2026-03-21 11:01:30+00:00,organic_search,US,desktop,medium,early_career,True,en,America/New_York,free
4c72a7e9-6325-5d44-8983-acc1351ae482,2026-04-26 12:24:52+00:00,organic_search,US,tablet,low,new_graduate,True,en,America/New_York,free
cfd394d2-2a74-5693-a0c4-c31a85a982a8,2026-04-26 12:42:35+00:00,referral,US,mobile,low,new_graduate,True,en,America/New_York,free
3cdf9a71-54f3-5f3e-aeda-1c0425705aaf,2026-04-14 23:20:45+00:00,referral,JP,tablet,medium,early_career,True,ja,Asia/Tokyo,free
e682aaca-1b0a-592b-8120-a26e50fb31e7,2026-04-26 06:10:56+00:00,referral,AU,desktop,medium,student,True,en,Australia/Sydney,free
a5d5e51e-50dc-5e4d-8a8e-cf6f5e2f5374,2026-04-12 22:31:47+00:00,campus_event,IN,desktop,medium,student,True,en,Asia/Kolkata,free
371e729f-6fc9-596e-90bf-e6020a68093d,2026-03-30 02:29:39+00:00,organic_search,IN,mobile,medium,new_graduate,True,en,Asia/Kolkata,free
2aaf9382-3f3f-57e7-98db-e58091395c95,2026-04-23 21:55:44+00:00,content_marketing,GB,tablet,high,early_career,True,en,Europe/London,free
ee987bd6-090e-55a6-9483-b6cd244e92d0,2026-04-30 14:58:04+00:00,organic_search,DE,tablet,medium,early_career,True,de,Europe/Berlin,free
17a15c28-9670-5928-80ef-9f502421d8ba,2026-05-01 00:47:47+00:00,organic_search,CN,desktop,high,student,True,zh,Asia/Shanghai,free
9193b3c9-ac8a-55f5-8368-ac89d51c0fd5,2026-03-18 16:51:06+00:00,referral,US,mobile,low,early_career,True,en,America/New_York,free
efb0f3fa-5911-584a-998f-c892c721d21b,2026-04-19 16:26:13+00:00,campus_event,IN,desktop,high,student,True,en,Asia/Kolkata,free
e5903579-00ed-51b1-90ad-786b533535dd,2026-03-04 07:07:48+00:00,referral,JP,mobile,high,student,True,ja,Asia/Tokyo,free
f10fe45e-68bc-5441-bca2-86be4ddbb785,2026-04-12 11:13:50+00:00,organic_search,US,mobile,low,student,True,en,America/New_York,free
aaeea7ab-4ef8-5fd7-a1b4-cead69d50d32,2026-04-12 09:51:10+00:00,content_marketing,CN,mobile,medium,early_career,True,zh,Asia/Shanghai,free
dd13bb68-acc0-5ac9-91f1-6f678dea8917,2026-03-29 01:56:53+00:00,campus_event,CN,desktop,medium,new_graduate,True,zh,Asia/Shanghai,free
239d8e72-a38e-5749-bd16-e5230837f211,2026-05-11 14:11:33+00:00,campus_event,CN,tablet,medium,new_graduate,True,zh,Asia/Shanghai,free
5a52a511-b0fa-5c9a-9f54-645d1bfbb792,2026-05-03 22:10:58+00:00,content_marketing,IN,desktop,high,new_graduate,True,en,Asia/Kolkata,free
b2f90991-4bb0-5998-ba77-c2bfb8bbe304,2026-03-06 15:59:40+00:00,social_ads,CN,mobile,medium,student,True,zh,Asia/Shanghai,free
0135ca2f-e0ce-5ca9-8a62-4a10d209d53e,2026-03-18 09:49:53+00:00,campus_event,BR,mobile,medium,student,True,pt,America/Sao_Paulo,free
b925ee95-bdd4-5cc6-aae6-8b3dbb1ae6cf,2026-03-18 08:26:40+00:00,campus_event,GB,mobile,high,student,True,en,Europe/London,free
af02f1af-f1a3-5660-b8cf-e254a4d509ba,2026-05-04 22:21:26+00:00,campus_event,US,mobile,low,student,False,en,America/New_York,free
3d7a2217-921f-51a2-af4c-ff849e87eabb,2026-04-08 19:19:20+00:00,referral,GB,mobile,low,new_graduate,True,en,Europe/London,free
8d7d53a6-6292-5f3c-8b1e-d10e3729524d,2026-04-23 07:00:58+00:00,campus_event,GB,desktop,low,student,True,en,Europe/London,free
337634c4-70bf-51ec-8b68-b2d4aee64262,2026-04-28 21:15:41+00:00,organic_search,CN,desktop,high,early_career,True,zh,Asia/Shanghai,free
798d30af-a503-501f-8165-5730ffd23aee,2026-04-25 23:10:41+00:00,organic_search,CN,mobile,low,early_career,True,zh,Asia/Shanghai,free
2839d7e6-932b-5e04-9757-04475f3cdaf6,2026-03-10 03:27:11+00:00,content_marketing,GB,mobile,low,early_career,False,en,Europe/London,free
44de9b20-8cb6-55c7-ae1b-9d77e4ee1918,2026-03-13 16:23:39+00:00,content_marketing,CN,mobile,medium,student,False,zh,Asia/Shanghai,free
79f9d501-d39f-50df-ad10-dca26f30e155,2026-03-31 06:30:29+00:00,content_marketing,US,desktop,high,new_graduate,True,en,America/New_York,free
4108ef5c-820f-5749-87e2-1006580faca4,2026-03-27 08:21:14+00:00,organic_search,US,desktop,medium,student,True,en,America/New_York,free
f1548031-2366-56e0-9a6d-63d5e0ec8bd8,2026-04-24 13:09:26+00:00,social_ads,US,mobile,high,student,True,en,America/New_York,free
1df5c732-89a5-58b9-9d50-ff38a3ea31c6,2026-03-14 18:43:32+00:00,campus_event,IN,mobile,low,new_graduate,True,en,Asia/Kolkata,free
ece7f94c-5616-53b1-9ad5-e4af23657009,2026-03-29 15:16:30+00:00,campus_event,US,mobile,medium,student,True,en,America/New_York,free
25cf4af4-a84d-5d9a-9ad8-60e4d1fb844a,2026-03-20 07:46:01+00:00,organic_search,IN,mobile,medium,new_graduate,True,en,Asia/Kolkata,free
8dd971e4-399e-5cd9-a5a6-21016c01cc37,2026-03-17 00:42:46+00:00,campus_event,CN,desktop,medium,early_career,True,zh,Asia/Shanghai,free
272ee2bb-ad9f-5367-9a65-e0e31cf575be,2026-03-15 22:09:46+00:00,organic_search,GB,desktop,high,student,True,en,Europe/London,free
112c65c4-b66d-5c08-a069-e50e649ecd8a,2026-03-17 11:44:26+00:00,social_ads,CN,desktop,medium,early_career,True,zh,Asia/Shanghai,free
c029320b-d2c7-5135-b73b-64a3ab0eab4c,2026-04-11 22:36:06+00:00,organic_search,CA,mobile,low,student,True,en,America/Toronto,free
6efc496e-426e-5c16-8178-4bab0342b2f2,2026-04-01 07:02:25+00:00,organic_search,CA,desktop,low,early_career,False,en,America/Toronto,free
4072d99e-c83b-55bb-abd0-b3bd9023b471,2026-04-03 00:50:12+00:00,organic_search,US,desktop,low,new_graduate,True,en,America/New_York,free
eea428eb-6b40-54cc-bcfe-dd1862318309,2026-04-06 01:54:51+00:00,content_marketing,IN,tablet,high,student,False,en,Asia/Kolkata,free
9fb63202-ae81-5384-994d-7ca81f053dcb,2026-04-24 03:11:42+00:00,campus_event,US,desktop,low,student,True,en,America/New_York,free
de10c89e-5613-5741-8181-93d85476992e,2026-05-02 11:09:51+00:00,content_marketing,GB,mobile,high,student,True,en,Europe/London,free
aac55beb-b22d-5171-9c2c-467a879d8076,2026-04-09 07:46:37+00:00,social_ads,IN,desktop,low,early_career,True,en,Asia/Kolkata,free
63bb1644-885a-5bc8-a7ab-f49bd1eb1be9,2026-04-17 07:34:11+00:00,social_ads,US,desktop,high,student,True,en,America/New_York,free
914ca81f-0806-519e-a67c-c7f03eadf93e,2026-04-23 23:03:09+00:00,social_ads,US,desktop,high,early_career,False,en,America/New_York,free
fc86054e-4fe5-590c-9906-a88ca1a3e22a,2026-04-20 15:18:19+00:00,campus_event,CN,tablet,low,student,False,zh,Asia/Shanghai,free
e5df5f1d-506f-5795-96f8-257a7acee402,2026-03-13 06:20:20+00:00,social_ads,GB,mobile,low,early_career,True,en,Europe/London,free
1535b4d4-5b9d-5965-a4a9-b5e7199392e6,2026-05-10 19:49:35+00:00,campus_event,GB,mobile,high,student,True,en,Europe/London,free
9a211e79-33d9-5c4e-9913-6130d5e70b72,2026-03-15 08:55:35+00:00,referral,US,tablet,low,new_graduate,True,en,America/New_York,free
074dae44-0655-5afb-aa58-725ed3f8a8e2,2026-04-01 10:00:44+00:00,referral,US,desktop,low,early_career,False,en,America/New_York,free
3daefb83-30f9-56ed-8268-69cb5af596de,2026-04-18 00:42:33+00:00,organic_search,CN,mobile,high,student,True,zh,Asia/Shanghai,free
7bade53f-2491-57fc-b9c9-ae80023c046c,2026-03-31 19:57:16+00:00,social_ads,CN,desktop,high,student,False,zh,Asia/Shanghai,free
5c5311f6-889d-59d8-af91-4f8079d6a51a,2026-03-20 18:37:29+00:00,organic_search,US,mobile,high,new_graduate,True,en,America/New_York,free
0010346b-d2aa-5e54-bfdf-1f7f0b776b1e,2026-05-06 17:03:44+00:00,organic_search,US,mobile,high,new_graduate,True,en,America/New_York,free
d49c26b4-ecc3-5f2f-8eeb-5e8ed0fb54b2,2026-03-08 22:27:10+00:00,campus_event,DE,desktop,medium,early_career,True,de,Europe/Berlin,free
7f9f2b93-ed6a-503e-b7ff-84f35414f98e,2026-03-20 23:10:10+00:00,social_ads,CN,tablet,high,student,False,zh,Asia/Shanghai,free
b40234cd-c4e1-5fc5-beb6-7623236801d3,2026-05-11 12:24:12+00:00,campus_event,IN,mobile,medium,early_career,True,en,Asia/Kolkata,free
8f258234-2335-5153-aa9a-c573e9310f0b,2026-04-23 08:34:25+00:00,organic_search,CN,desktop,high,early_career,True,zh,Asia/Shanghai,free
fec938c4-02d9-58ca-b86a-408be68f60cf,2026-03-10 00:01:57+00:00,content_marketing,CN,desktop,medium,early_career,True,zh,Asia/Shanghai,free
94138edd-ff20-5337-84d5-92263c8e58e8,2026-04-25 01:34:22+00:00,content_marketing,IN,mobile,medium,student,True,en,Asia/Kolkata,free
89a7c62a-09e7-546a-8c50-9721e027fabd,2026-05-09 21:30:29+00:00,social_ads,US,mobile,high,student,True,en,America/New_York,free
13202e6a-7647-52bd-ad67-56179eaedc7b,2026-03-10 17:56:11+00:00,referral,US,desktop,medium,early_career,False,en,America/New_York,free
0e31e67c-09b2-555b-a397-b4d846d6ae49,2026-04-01 13:40:10+00:00,organic_search,JP,mobile,medium,new_graduate,True,ja,Asia/Tokyo,free
e29c0812-6cbb-5b7a-bef0-adfa03e60854,2026-04-05 07:23:27+00:00,campus_event,DE,desktop,medium,new_graduate,False,de,Europe/Berlin,free
5571c679-d266-58fd-bca6-f35059d8687e,2026-03-13 00:57:24+00:00,referral,IN,tablet,low,early_career,True,en,Asia/Kolkata,free
2f75ec1b-e5c5-5f36-b9fe-c5e8d4c32494,2026-03-17 20:07:52+00:00,referral,US,desktop,medium,student,False,en,America/New_York,free
4aeef17d-2caa-5cdb-b584-7b31ab814333,2026-03-15 23:44:13+00:00,referral,US,mobile,high,early_career,False,en,America/New_York,free
e7c91ef7-04f0-5cc1-8003-a6be857c3809,2026-03-16 18:58:52+00:00,social_ads,US,mobile,medium,new_graduate,True,en,America/New_York,free
5722a5ee-2fbf-5d87-b6b4-2db6ad88597b,2026-03-31 20:14:36+00:00,referral,BR,mobile,medium,early_career,False,pt,America/Sao_Paulo,free
10a0bd8f-0712-58fc-9d81-82bd8c46725a,2026-04-05 00:05:56+00:00,campus_event,GB,tablet,medium,early_career,True,en,Europe/London,free
7664150c-8a50-5e84-9ad6-c695a2254035,2026-03-20 10:06:08+00:00,organic_search,CN,tablet,high,new_graduate,True,zh,Asia/Shanghai,free
950e52ad-e43a-5a61-bc29-e9fdc6c6e3ca,2026-03-23 23:17:43+00:00,organic_search,FR,desktop,high,student,True,fr,Europe/Paris,free
9f1ecfa4-10fc-53b0-8752-e1401d2c7289,2026-03-17 06:20:37+00:00,campus_event,US,desktop,low,early_career,True,en,America/New_York,free
31d9c517-8c14-5214-bf4d-683fe5fe1a7e,2026-04-27 22:16:32+00:00,campus_event,CN,mobile,medium,early_career,True,zh,Asia/Shanghai,free
258555c7-fcd4-560a-9649-517fd4e30501,2026-03-18 14:39:52+00:00,social_ads,US,desktop,medium,student,False,en,America/New_York,free
22acd189-9ada-58e6-9501-0422ff3fd72f,2026-05-05 14:59:36+00:00,content_marketing,US,mobile,low,early_career,False,en,America/New_York,free
3ed0af17-cd1d-50fa-9271-342da97788a5,2026-04-10 04:20:39+00:00,campus_event,BR,desktop,medium,student,True,pt,America/Sao_Paulo,free
41aabb50-33c4-5945-bbe8-4bb9bbeaf473,2026-04-28 09:18:18+00:00,social_ads,DE,tablet,medium,student,False,de,Europe/Berlin,free
100f8efc-7822-5af0-80f7-f036bd5bd664,2026-04-16 21:52:08+00:00,social_ads,US,mobile,low,early_career,False,en,America/New_York,free
a1cd2f7a-2301-53e3-99d9-60b52e47243e,2026-03-22 08:32:48+00:00,campus_event,US,mobile,high,new_graduate,False,en,America/New_York,free
5e53a157-9f3d-5792-a7d7-948826f4a455,2026-04-14 11:51:19+00:00,campus_event,CN,desktop,high,early_career,True,zh,Asia/Shanghai,free
7f8491c0-0ba3-5ea9-838c-7ffacfa35136,2026-03-22 21:57:58+00:00,social_ads,US,tablet,medium,early_career,True,en,America/New_York,free
c118ad8a-5430-59e3-9be9-b2d89ea836cb,2026-03-12 04:20:09+00:00,social_ads,CN,mobile,low,new_graduate,True,zh,Asia/Shanghai,free
f38ad885-b4d2-5f2d-932e-0daf1c0010c1,2026-03-21 13:49:47+00:00,campus_event,CN,mobile,high,student,False,zh,Asia/Shanghai,free
52ad84a8-9a02-592b-9036-8217ceb448a9,2026-03-23 00:27:37+00:00,campus_event,US,mobile,medium,early_career,True,en,America/New_York,free
2e92b67a-abf1-5592-a5d9-693a856683c7,2026-03-13 07:37:22+00:00,referral,US,desktop,high,new_graduate,False,en,America/New_York,free
2efb7e1a-09cf-578d-b848-f7dce0991b6c,2026-03-05 15:05:48+00:00,organic_search,US,desktop,low,new_graduate,False,en,America/New_York,free
1bcb7564-2301-5686-8022-9ddf41b8ea7d,2026-05-08 02:55:47+00:00,campus_event,BR,desktop,low,new_graduate,True,pt,America/Sao_Paulo,free
45577654-aa90-528c-87c2-a95293479046,2026-04-08 10:13:35+00:00,social_ads,CN,mobile,medium,student,False,zh,Asia/Shanghai,free
4305e10c-c709-5aa5-8962-1cd9b2a2d969,2026-03-31 17:47:27+00:00,organic_search,CN,mobile,high,student,True,zh,Asia/Shanghai,free
e031ee75-c920-5ed9-8e5a-cddce6848d6a,2026-05-07 04:00:02+00:00,campus_event,US,desktop,low,new_graduate,True,en,America/New_York,free
191e04b8-9aa0-50c5-8ff0-ac8258d7a355,2026-03-19 12:05:07+00:00,campus_event,IN,tablet,medium,early_career,True,en,Asia/Kolkata,free
e0dd9033-ec25-5e08-b9c3-cfaac101f4c2,2026-03-31 19:09:12+00:00,social_ads,US,desktop,medium,new_graduate,False,en,America/New_York,free
b31094b7-a1e6-52ab-9257-c149ef73d614,2026-05-01 10:05:13+00:00,campus_event,US,mobile,high,student,False,en,America/New_York,free
7af26500-b27d-5470-b855-7de8a86347fc,2026-04-16 14:38:40+00:00,organic_search,IN,mobile,high,student,False,en,Asia/Kolkata,free
32449f4a-1ea5-531f-9c61-f35be619036b,2026-03-31 13:04:01+00:00,organic_search,IN,desktop,high,early_career,True,en,Asia/Kolkata,free
5f73618f-45ed-5ab3-b432-399339a8edb1,2026-03-21 15:39:01+00:00,social_ads,US,desktop,medium,student,True,en,America/New_York,free
8af869b1-ada8-51bb-81f5-48e0fa20d929,2026-03-06 10:09:11+00:00,social_ads,CN,mobile,high,new_graduate,False,zh,Asia/Shanghai,free
b043ef63-853c-5d4b-ae9a-b07863bf43b9,2026-03-09 20:50:48+00:00,campus_event,FR,mobile,medium,new_graduate,False,fr,Europe/Paris,free
1756ffe1-4da8-5e6a-8b48-23ec2a5bcaa1,2026-03-15 04:10:29+00:00,referral,US,desktop,low,student,False,en,America/New_York,free
7ff936ef-1f6c-5869-8322-626edc1ed647,2026-04-27 06:38:29+00:00,campus_event,US,mobile,medium,new_graduate,True,en,America/New_York,free
11be9e09-43b5-5aca-999a-4458453e93ce,2026-04-17 02:35:53+00:00,organic_search,CN,mobile,medium,early_career,True,zh,Asia/Shanghai,free
7bc65ba8-c119-50dc-a4df-52d523ec4189,2026-04-02 21:49:21+00:00,social_ads,US,desktop,medium,student,True,en,America/New_York,free
d7a5a44d-45b2-5a3a-afbd-05eea3b022ec,2026-04-27 00:29:27+00:00,organic_search,IN,mobile,low,student,False,en,Asia/Kolkata,free
bde0592b-f14b-58a0-a65b-8a1ea1b77295,2026-03-15 02:15:12+00:00,campus_event,IN,desktop,high,student,True,en,Asia/Kolkata,free
493fa769-2bda-5cf7-a356-479a42ddb934,2026-03-18 13:18:25+00:00,organic_search,CN,tablet,high,new_graduate,False,zh,Asia/Shanghai,free
71f43c31-f0e4-5c92-a929-5e22d511c562,2026-03-31 02:21:33+00:00,social_ads,IN,mobile,medium,early_career,True,en,Asia/Kolkata,free
568914b1-3c92-52bb-8aa9-943fc4c7b969,2026-05-06 07:12:24+00:00,campus_event,CN,desktop,high,new_graduate,False,zh,Asia/Shanghai,free
94a434b4-2d0b-56a2-907c-5d3f4c645dec,2026-04-15 09:10:05+00:00,campus_event,GB,mobile,medium,early_career,True,en,Europe/London,free
2633b836-de61-5fb3-94aa-8a567cf7bedc,2026-05-01 17:15:03+00:00,organic_search,US,desktop,low,new_graduate,True,en,America/New_York,free
fe07b387-2e4f-5843-a0ec-3ec9ce518633,2026-03-21 02:57:21+00:00,organic_search,US,tablet,low,student,True,en,America/New_York,free
7e1f0966-36e6-5b6b-be5a-abc88169dceb,2026-05-01 12:55:05+00:00,campus_event,IN,mobile,medium,student,True,en,Asia/Kolkata,free
b001e272-b6d1-5130-a8b8-9cabf82c9ab2,2026-03-09 00:01:34+00:00,social_ads,US,desktop,low,new_graduate,False,en,America/New_York,free
549b0e56-a22f-594a-baf7-9e1b04e2ba73,2026-03-19 17:00:23+00:00,organic_search,US,mobile,medium,new_graduate,True,en,America/New_York,free
a09fdbc4-ede4-5700-82d3-29cfefe301a9,2026-04-09 02:07:47+00:00,referral,US,desktop,high,new_graduate,True,en,America/New_York,free
da460b55-1027-5da2-abf7-a5e7b6c9f98a,2026-03-07 11:41:14+00:00,social_ads,IN,tablet,medium,new_graduate,True,en,Asia/Kolkata,free
2fe3c1e6-dcec-5c2e-9323-99358d66adf7,2026-05-02 05:16:53+00:00,social_ads,US,tablet,high,student,False,en,America/New_York,free
9c020c16-db1e-59e2-b2ef-c1be624bf918,2026-05-02 20:27:11+00:00,organic_search,IN,mobile,high,student,False,en,Asia/Kolkata,free
ed3bd3fd-93d0-5a21-b3ac-7d0005029238,2026-04-10 08:40:06+00:00,social_ads,GB,mobile,medium,new_graduate,False,en,Europe/London,free
f90aac41-cac7-5c9c-b01f-5ac07a351bd2,2026-03-25 02:24:17+00:00,organic_search,IN,mobile,low,new_graduate,True,en,Asia/Kolkata,free
1d77250d-ff00-5c5a-a4fd-96935f12c338,2026-03-10 19:53:02+00:00,organic_search,US,desktop,low,early_career,False,en,America/New_York,free
bfdc36f4-76e5-5baa-bc62-ac887b77df28,2026-04-15 16:55:30+00:00,social_ads,GB,desktop,medium,student,True,en,Europe/London,free
deb528ea-c8da-590a-b45b-b9a2a802f49c,2026-04-10 02:23:01+00:00,social_ads,US,tablet,medium,early_career,False,en,America/New_York,free
9d24e3d1-4261-5c91-bb8a-b3f2f3d56c55,2026-04-25 10:30:17+00:00,referral,CA,desktop,medium,student,True,en,America/Toronto,free
b871e28a-543d-55c4-8199-d19e8c954a8f,2026-04-14 13:47:50+00:00,content_marketing,IN,desktop,medium,student,True,en,Asia/Kolkata,free
5f2dc41f-d14a-51b2-ae1a-1a63c3d61745,2026-03-12 20:27:12+00:00,organic_search,US,desktop,medium,early_career,True,en,America/New_York,free
eebc5ada-cbc5-5373-97b9-ebf6c07b0592,2026-03-12 09:38:32+00:00,organic_search,GB,tablet,low,early_career,False,en,Europe/London,free
d2b834f8-1dac-5f93-bf5a-689f32df55d0,2026-04-26 21:04:04+00:00,campus_event,CN,tablet,low,early_career,True,zh,Asia/Shanghai,free
5f4b57fb-64ea-5d5f-8b2f-97853ecd12ee,2026-03-14 23:20:36+00:00,content_marketing,CN,desktop,medium,student,True,zh,Asia/Shanghai,free
1d0d8cbe-fa73-58da-a634-d9cf248eb050,2026-05-07 18:10:28+00:00,referral,CN,desktop,high,student,True,zh,Asia/Shanghai,free
1ac79132-f748-578a-9ff8-f660af079e9e,2026-03-11 07:26:54+00:00,organic_search,IN,mobile,medium,early_career,False,en,Asia/Kolkata,free
aad424a2-3fa1-5d48-81b6-84ea811accba,2026-04-23 06:11:19+00:00,organic_search,IN,desktop,medium,early_career,True,en,Asia/Kolkata,free
e324f42c-3e48-5ca5-8ab7-7c8d25c81167,2026-05-10 06:58:55+00:00,organic_search,DE,tablet,medium,new_graduate,True,de,Europe/Berlin,free
ca9258c6-f65d-5e02-9173-47ad37ec85a5,2026-04-03 10:39:52+00:00,referral,US,tablet,medium,student,False,en,America/New_York,free
b047ac7c-b4c4-5ab5-9cf1-685bc1e474c6,2026-03-07 21:55:06+00:00,social_ads,IN,mobile,low,new_graduate,True,en,Asia/Kolkata,free
a945b052-e597-54ed-9a1b-2408a37705a2,2026-05-03 11:46:43+00:00,social_ads,IN,desktop,low,student,True,en,Asia/Kolkata,free
7e82cbe5-aebd-517a-a9c1-c7130f56c57f,2026-03-16 22:10:48+00:00,social_ads,IN,mobile,low,student,True,en,Asia/Kolkata,free
c7b61dcc-00f9-5eb0-9e1e-5472d97ad8b4,2026-04-09 09:28:10+00:00,organic_search,CN,tablet,low,new_graduate,True,zh,Asia/Shanghai,free
16bbe7fa-7bb3-58dc-9259-2113b113101c,2026-05-10 22:23:28+00:00,campus_event,CN,desktop,medium,student,True,zh,Asia/Shanghai,free
9c0eda5d-1772-5cae-91e9-2b346ff31a26,2026-04-24 09:20:25+00:00,organic_search,GB,tablet,high,new_graduate,True,en,Europe/London,free
be50aab9-2c0a-5ca2-9b39-c98000c9a4b9,2026-03-07 04:42:00+00:00,campus_event,US,desktop,low,new_graduate,True,en,America/New_York,free
ce9183e5-2e3f-5e32-83be-55ee3ec19a7e,2026-04-29 14:45:27+00:00,campus_event,US,tablet,low,student,True,en,America/New_York,free
c0e0ce6b-e0ed-549f-a4d3-90d23a95904c,2026-03-15 03:00:58+00:00,campus_event,CN,mobile,low,student,True,zh,Asia/Shanghai,free
bad6cbc6-7e64-5e71-9617-34bd931718f3,2026-04-24 16:55:41+00:00,organic_search,US,desktop,low,early_career,True,en,America/New_York,free
4d3f9428-21e1-5ec1-9324-6e5b70862b84,2026-04-15 20:18:06+00:00,referral,US,mobile,low,new_graduate,True,en,America/New_York,free
fed136a9-d9cc-5d58-b871-a78933957694,2026-03-23 20:41:14+00:00,campus_event,US,desktop,low,early_career,True,en,America/New_York,free
94b81783-764c-5d8e-bcd7-c17d4e571824,2026-04-02 05:29:48+00:00,organic_search,IN,desktop,low,student,True,en,Asia/Kolkata,free
3aa708db-3d04-536c-b5e0-29fd5a72a8c2,2026-03-12 03:08:57+00:00,organic_search,JP,tablet,high,new_graduate,True,ja,Asia/Tokyo,free
e68b85e9-080a-5055-a15d-f275c930aa35,2026-05-11 02:06:51+00:00,campus_event,CN,desktop,medium,early_career,True,zh,Asia/Shanghai,free
b3911292-08ee-5cb7-a1ae-8da731ceeecd,2026-03-20 10:41:17+00:00,organic_search,US,tablet,low,student,True,en,America/New_York,free
104df016-f5ab-56af-8597-a1b59d067941,2026-03-25 07:10:15+00:00,organic_search,GB,desktop,medium,student,True,en,Europe/London,free
3a1d123c-fe17-5da8-bf76-e991b8a22889,2026-04-07 16:45:38+00:00,organic_search,US,mobile,low,early_career,True,en,America/New_York,free
f42b2ac8-d5de-578b-ba25-957512823cc6,2026-04-19 09:27:42+00:00,organic_search,AU,tablet,medium,student,True,en,Australia/Sydney,free
00ab2f31-5537-5732-9590-1f476fcbfaa3,2026-04-07 20:44:17+00:00,social_ads,CN,mobile,medium,student,True,zh,Asia/Shanghai,free
8381cabd-caef-5c18-9a15-30aa4ce02e50,2026-04-07 20:30:36+00:00,campus_event,US,tablet,high,early_career,False,en,America/New_York,free
cbecfc9c-7efb-57ed-a42d-b0ded46e8fd3,2026-04-13 04:51:31+00:00,organic_search,CN,tablet,high,student,True,zh,Asia/Shanghai,free
ca5ccb3d-fc6b-5291-8fdc-5860eb62a614,2026-05-02 04:20:42+00:00,campus_event,US,mobile,medium,new_graduate,True,en,America/New_York,free
eb4021f5-0678-57c7-90b2-924a14f795eb,2026-03-31 06:17:18+00:00,organic_search,GB,mobile,low,early_career,True,en,Europe/London,free
3e3eba3e-4852-5fb8-9e5c-ff3d6f2f5331,2026-04-30 10:00:27+00:00,organic_search,US,desktop,medium,early_career,True,en,America/New_York,free
02e87213-9e3e-587e-b1fe-eaf3a41fda12,2026-04-27 07:05:30+00:00,organic_search,DE,desktop,medium,student,False,de,Europe/Berlin,free
a47839bf-a2e3-5c16-9857-434990976ffd,2026-05-09 07:25:34+00:00,campus_event,GB,desktop,high,student,True,en,Europe/London,free
2cfb9405-0ab5-5344-a0cc-fa385190bf74,2026-05-06 00:10:56+00:00,content_marketing,DE,mobile,low,early_career,True,de,Europe/Berlin,free
cc793d7e-49a3-5186-bbcd-072d3a640f3a,2026-04-28 01:47:09+00:00,social_ads,DE,mobile,medium,early_career,True,de,Europe/Berlin,free
50aee09c-8978-5c10-b947-3bfc37f83ea9,2026-03-21 00:34:35+00:00,organic_search,US,mobile,medium,student,True,en,America/New_York,free
9314e9c9-baa0-5c5a-bc2d-df2ddf9d7788,2026-04-26 10:14:10+00:00,organic_search,CN,tablet,medium,student,False,zh,Asia/Shanghai,free
785f91b8-eba2-5d05-a420-b7a5489c6248,2026-04-23 19:40:55+00:00,organic_search,GB,desktop,medium,new_graduate,True,en,Europe/London,free
fe25589d-e738-596c-a69f-6c85b211e321,2026-03-23 23:24:51+00:00,referral,CN,tablet,medium,student,False,zh,Asia/Shanghai,free
808e77c0-91b1-59cb-94e4-dda18da05d83,2026-04-19 18:43:15+00:00,organic_search,US,desktop,medium,early_career,True,en,America/New_York,free
950b6143-ed29-55ce-81e6-0aa51c113f70,2026-03-21 10:55:01+00:00,content_marketing,US,desktop,medium,early_career,False,en,America/New_York,free
ac6e76d0-9ff2-593f-a278-d4f4c13753d3,2026-04-09 02:14:15+00:00,social_ads,US,mobile,low,student,True,en,America/New_York,free
d875ecca-3a7e-542a-8c00-fe8921b67434,2026-04-27 23:25:02+00:00,social_ads,DE,desktop,low,early_career,True,de,Europe/Berlin,free
c6eb72b1-1ade-543e-9b7d-9bdf2eca6358,2026-03-17 00:12:20+00:00,referral,CN,mobile,high,early_career,True,zh,Asia/Shanghai,free
af3d7ffb-3b61-5b42-8f34-f7fa6eafdd80,2026-03-27 05:59:36+00:00,organic_search,IN,mobile,medium,new_graduate,False,en,Asia/Kolkata,free
61717fc4-9dd6-5f8b-ad9a-a945c2f6928a,2026-04-27 20:54:15+00:00,campus_event,FR,mobile,medium,early_career,True,fr,Europe/Paris,free
0fab163d-cf04-55b5-a24d-082fae0cb44c,2026-04-04 07:28:43+00:00,organic_search,US,desktop,medium,student,True,en,America/New_York,free
2432a117-9243-5d7f-8c12-f906ed4118f7,2026-05-09 06:47:48+00:00,referral,GB,desktop,medium,early_career,True,en,Europe/London,free
35f6cea0-bc4b-5ba4-978c-012fb3e438a5,2026-03-04 13:10:56+00:00,social_ads,US,desktop,medium,student,False,en,America/New_York,free
8ff1f6ef-4165-5311-895d-393114ac707e,2026-04-22 19:21:38+00:00,organic_search,US,mobile,low,new_graduate,True,en,America/New_York,free
fef807a1-f89e-5ef7-b99c-3450b6b60df6,2026-04-29 04:18:43+00:00,referral,US,desktop,medium,new_graduate,True,en,America/New_York,free
a41895a3-d588-5b4a-98f9-f3bd7f7899b1,2026-05-06 07:58:33+00:00,organic_search,US,desktop,medium,student,True,en,America/New_York,free
979e0d93-e9d4-579e-9d7d-13211d5fb72f,2026-03-14 19:35:05+00:00,organic_search,CN,mobile,low,new_graduate,False,zh,Asia/Shanghai,free
25b37104-33af-544d-9ea3-ebbe31483e5b,2026-05-10 21:48:37+00:00,campus_event,CN,tablet,medium,new_graduate,False,zh,Asia/Shanghai,free
68fb7155-8bf4-5afe-9acc-a5356dd3ea39,2026-03-31 01:36:44+00:00,social_ads,US,mobile,low,new_graduate,True,en,America/New_York,free
4eecc663-706b-53a5-99b9-1adb95d4404e,2026-03-28 06:59:44+00:00,referral,US,desktop,low,new_graduate,True,en,America/New_York,free
dbef090d-e391-54b9-afea-de9a7237f4d4,2026-03-28 12:46:39+00:00,campus_event,IN,mobile,high,student,True,en,Asia/Kolkata,free
df7d54cc-86b4-5c92-8308-d424a63776f0,2026-04-17 00:53:52+00:00,campus_event,US,desktop,high,student,True,en,America/New_York,free
52d9b505-2e06-59b2-9b94-9bfef24c2cb9,2026-04-18 11:47:22+00:00,organic_search,GB,desktop,low,student,True,en,Europe/London,free
0e6a14ab-50d0-5baa-b487-64a287c4fd9d,2026-04-05 16:49:56+00:00,organic_search,CA,desktop,medium,early_career,True,en,America/Toronto,free
ef7443ed-aafe-5190-a81d-751d7ce60950,2026-03-08 21:38:08+00:00,content_marketing,IN,tablet,low,early_career,True,en,Asia/Kolkata,free
b8d95e14-67bc-561b-b32b-c812d68544fb,2026-05-11 01:51:24+00:00,organic_search,CN,mobile,medium,new_graduate,True,zh,Asia/Shanghai,free
8a808455-f07a-5b6a-a029-9a5dcd24d2eb,2026-03-19 07:48:05+00:00,social_ads,IN,desktop,medium,new_graduate,True,en,Asia/Kolkata,free
621e0e05-1f92-57ad-8896-f647d254b6d3,2026-03-10 11:20:43+00:00,organic_search,IN,mobile,high,new_graduate,True,en,Asia/Kolkata,free
29037dd9-dc8d-5f13-8411-ffacaa1625f9,2026-04-14 05:15:54+00:00,organic_search,BR,tablet,medium,student,False,pt,America/Sao_Paulo,free
b47000f1-1a1f-5387-beb8-e5e5df14340d,2026-04-01 10:53:33+00:00,social_ads,FR,desktop,medium,student,False,fr,Europe/Paris,free
2c55f65f-c92a-507f-8a70-2731e538f9e8,2026-04-15 11:22:44+00:00,campus_event,CN,mobile,high,new_graduate,True,zh,Asia/Shanghai,free
29a86ce7-ef71-5b91-8d88-a3aa1e6b2ffe,2026-05-03 09:53:32+00:00,campus_event,IN,desktop,low,student,True,en,Asia/Kolkata,free
d298584a-47b6-5357-882b-6fef8018f674,2026-03-10 17:10:09+00:00,referral,GB,desktop,low,early_career,False,en,Europe/London,free
76e4b87b-7e62-5c01-a1d9-f3ea2e6497c7,2026-03-23 14:23:19+00:00,organic_search,US,tablet,medium,student,False,en,America/New_York,free
7e6e814f-a633-5fd9-9cf7-915a89b44427,2026-04-08 15:26:31+00:00,social_ads,CN,desktop,medium,new_graduate,True,zh,Asia/Shanghai,free
b000d6fe-4188-585c-9fa7-323cc47d2709,2026-04-27 08:35:04+00:00,organic_search,IN,mobile,low,student,True,en,Asia/Kolkata,free
70f3873e-440b-5087-86d9-9254151c7152,2026-04-14 10:39:52+00:00,campus_event,IN,desktop,medium,new_graduate,False,en,Asia/Kolkata,free
4433d53a-7d83-5501-8167-8081ea9d7d29,2026-03-30 09:53:19+00:00,organic_search,CN,mobile,medium,early_career,True,zh,Asia/Shanghai,free
d9a4217e-beaa-5d47-aa0c-9cffbe622bc5,2026-04-15 02:15:40+00:00,social_ads,US,mobile,medium,student,True,en,America/New_York,free
1cc07005-d719-578d-9045-00ed2b896108,2026-05-10 14:50:39+00:00,organic_search,US,tablet,high,student,True,en,America/New_York,free
da12a019-fb7c-5c5c-8906-1f45b9fb6c8e,2026-04-06 02:58:06+00:00,referral,CN,mobile,medium,new_graduate,False,zh,Asia/Shanghai,free
a077ba65-1a25-523d-b15a-84c1419952db,2026-05-03 23:07:30+00:00,referral,CA,mobile,medium,student,True,en,America/Toronto,free
a1485afb-30d6-5b50-b2bf-dd0fcf73e0cf,2026-04-26 19:36:26+00:00,referral,DE,desktop,medium,student,True,de,Europe/Berlin,free
ec972884-0820-5cfb-bca0-1f94d2189d05,2026-03-24 18:59:10+00:00,organic_search,CN,desktop,low,new_graduate,True,zh,Asia/Shanghai,free
9ff6f2b3-ba46-5414-a927-7a48da7ae394,2026-03-21 05:10:36+00:00,content_marketing,US,mobile,high,student,True,en,America/New_York,free
e599c552-5e5b-53c0-904a-5dafa0c12e96,2026-04-26 03:26:22+00:00,organic_search,GB,mobile,high,student,True,en,Europe/London,free
92de2d14-e112-5f0a-8fec-39a805757a64,2026-03-18 07:35:10+00:00,organic_search,IN,desktop,high,student,True,en,Asia/Kolkata,free
4908a444-7f5f-5f4e-bc21-d30b83c5021b,2026-03-27 05:50:02+00:00,organic_search,CN,tablet,high,new_graduate,True,zh,Asia/Shanghai,free
0f46c2b6-3da0-5174-96fb-63020459bffa,2026-03-20 05:49:01+00:00,organic_search,CN,desktop,medium,early_career,False,zh,Asia/Shanghai,free
ff1db8dd-efea-54a5-9dc1-06c7c580e16b,2026-04-14 20:08:11+00:00,social_ads,US,desktop,medium,student,True,en,America/New_York,free
8f40a329-89a2-5808-8afb-19f735654117,2026-03-24 07:05:42+00:00,organic_search,GB,tablet,low,student,True,en,Europe/London,free
40cbf0c1-d81c-5ec6-b164-93ea17655d8f,2026-04-18 10:26:37+00:00,social_ads,IN,mobile,high,new_graduate,True,en,Asia/Kolkata,free
bab53960-c27b-587e-a2dd-634592db4d45,2026-05-07 12:06:06+00:00,campus_event,CN,mobile,medium,early_career,True,zh,Asia/Shanghai,free
967bdfc9-8c25-55de-a5df-4bc7555e1812,2026-04-30 05:48:34+00:00,referral,CA,desktop,low,student,True,en,America/Toronto,free
60a84eed-0f2c-5587-be6c-3fdbe3d92290,2026-05-08 09:48:41+00:00,campus_event,IN,desktop,high,new_graduate,True,en,Asia/Kolkata,free
e90dcc10-76e7-586a-812b-4c6351372700,2026-03-05 16:29:25+00:00,social_ads,CA,mobile,medium,new_graduate,True,en,America/Toronto,free
b8f6a3f9-917b-5f6a-8745-887eb50c3f76,2026-04-04 10:14:01+00:00,organic_search,CN,desktop,high,student,True,zh,Asia/Shanghai,free
9f4ad4c6-3a94-5f58-92ca-91a6ee09f6a1,2026-03-19 04:34:52+00:00,referral,CN,mobile,high,student,True,zh,Asia/Shanghai,free
310d002b-e817-5283-ac00-9852574912f7,2026-05-06 07:59:23+00:00,organic_search,BR,desktop,high,new_graduate,True,pt,America/Sao_Paulo,free
c6fb6f1b-035c-5b00-b20b-52b0b18afd62,2026-04-22 02:56:08+00:00,organic_search,FR,desktop,medium,student,True,fr,Europe/Paris,free
6ae238dc-6b53-5823-8d93-a1feace53ac1,2026-03-26 02:17:08+00:00,organic_search,FR,desktop,medium,student,True,fr,Europe/Paris,free
e4ddfe04-6f30-552f-ac85-1dd74d80db0e,2026-04-11 21:11:39+00:00,campus_event,GB,desktop,high,new_graduate,True,en,Europe/London,free
76c642bb-3a06-5933-b0e0-83d2c902d5b3,2026-04-14 18:35:43+00:00,social_ads,CN,desktop,low,student,False,zh,Asia/Shanghai,free
28a638b0-c1a7-5751-85d7-8b41422eebe0,2026-04-07 04:43:18+00:00,campus_event,US,mobile,low,student,True,en,America/New_York,free
e502d253-2386-51d9-9044-30332c0967d0,2026-04-05 17:31:37+00:00,organic_search,CN,mobile,high,student,False,zh,Asia/Shanghai,free
3d98ae23-878f-521b-8e07-1059a6a6d325,2026-03-07 19:25:38+00:00,social_ads,BR,desktop,high,early_career,False,pt,America/Sao_Paulo,free
11b345d4-397e-5222-b80d-025a34358b47,2026-04-04 05:16:35+00:00,social_ads,CN,mobile,high,early_career,False,zh,Asia/Shanghai,free
bdf69ad4-3e9d-53c6-b723-19943f183dd9,2026-03-28 00:44:40+00:00,organic_search,GB,desktop,low,student,False,en,Europe/London,free
57e131be-a2f4-534a-89de-31b09b316176,2026-04-29 11:01:20+00:00,social_ads,CA,desktop,low,student,True,en,America/Toronto,free
47153005-6c86-5e2c-85af-93c4dbfc9e41,2026-05-02 16:36:20+00:00,campus_event,JP,tablet,high,early_career,True,ja,Asia/Tokyo,free
a359adbf-92da-5b7b-af79-a8fafeeef545,2026-04-24 18:41:18+00:00,social_ads,BR,mobile,low,new_graduate,True,pt,America/Sao_Paulo,free
ce7a2493-ddfc-517b-ae2b-4b68943638dc,2026-03-06 03:09:29+00:00,organic_search,CN,mobile,medium,new_graduate,True,zh,Asia/Shanghai,free
35a071f5-8df1-5b74-874d-d7ce5b23fc15,2026-05-01 01:04:17+00:00,campus_event,CN,desktop,medium,student,True,zh,Asia/Shanghai,free
54752da5-7cb9-5449-b306-f87c4aabad15,2026-03-31 08:29:53+00:00,organic_search,JP,desktop,high,student,True,ja,Asia/Tokyo,free
8719ab3c-8642-5bbe-bd9a-396223a90d1b,2026-04-01 17:30:23+00:00,organic_search,US,mobile,medium,student,True,en,America/New_York,free
62df599c-e818-5ddb-acab-b5b2f5bb2c40,2026-05-08 05:09:55+00:00,organic_search,US,mobile,low,early_career,True,en,America/New_York,free
061ffaf0-ad18-5a76-8695-21111eb3e1f4,2026-05-02 20:14:28+00:00,social_ads,FR,mobile,medium,early_career,True,fr,Europe/Paris,free
112f6333-ca0e-5211-a50f-f70ef65adb07,2026-03-07 12:15:29+00:00,organic_search,IN,tablet,low,student,True,en,Asia/Kolkata,free
b5e64e80-f942-526f-998d-2b3e8aedbeff,2026-03-28 19:52:58+00:00,campus_event,CN,desktop,medium,new_graduate,False,zh,Asia/Shanghai,free
dcb7a3ea-235b-578c-9c01-d2144e843db7,2026-04-24 17:30:44+00:00,organic_search,US,mobile,medium,early_career,True,en,America/New_York,free
106e81d2-fc73-5b05-be3f-6d824a21f4d3,2026-04-10 04:19:49+00:00,campus_event,CN,mobile,medium,early_career,True,zh,Asia/Shanghai,free
c629c4ca-28c9-5600-b434-8668c88eb4a0,2026-03-21 18:36:22+00:00,organic_search,BR,desktop,medium,new_graduate,True,pt,America/Sao_Paulo,free
91cfade9-fb70-5917-8ad9-d278cef668fd,2026-04-09 05:01:46+00:00,campus_event,IN,desktop,low,student,True,en,Asia/Kolkata,free
c66d6889-85b8-5186-a706-228d64a317df,2026-05-02 19:06:14+00:00,campus_event,CN,mobile,low,early_career,True,zh,Asia/Shanghai,free
37c09ff2-7868-5409-8d1d-27358311a0fb,2026-03-19 09:46:00+00:00,social_ads,CN,desktop,high,student,False,zh,Asia/Shanghai,free
d7350890-34c1-5196-886f-a34aff816c4d,2026-04-24 11:29:17+00:00,organic_search,DE,mobile,medium,student,True,de,Europe/Berlin,free
8cca973a-ac44-5993-98ef-19631e47b3a2,2026-04-23 16:45:49+00:00,social_ads,CA,mobile,medium,student,False,en,America/Toronto,free
de72bff5-10f8-532c-a516-ed23feda340c,2026-05-04 02:43:38+00:00,content_marketing,CN,mobile,medium,new_graduate,True,zh,Asia/Shanghai,free
07bdb87f-2df7-5954-948c-2d2479879016,2026-03-24 13:23:27+00:00,content_marketing,IN,mobile,high,student,True,en,Asia/Kolkata,free
93de3d23-2279-532a-be4f-98a85e391bec,2026-03-18 21:34:16+00:00,organic_search,US,mobile,high,new_graduate,True,en,America/New_York,free
5c0226f2-4b15-5f6b-9914-5ba7e59b7d66,2026-04-10 18:54:57+00:00,campus_event,CN,mobile,low,early_career,True,zh,Asia/Shanghai,free
01ade064-e68e-587e-b76b-a4297d2fdc28,2026-04-09 15:49:13+00:00,organic_search,US,tablet,medium,new_graduate,True,en,America/New_York,free
91ab5c93-7498-5186-9864-a3d0928063c7,2026-04-01 06:11:22+00:00,organic_search,CN,desktop,medium,early_career,True,zh,Asia/Shanghai,free
e7855e28-95ca-5b32-bcbd-3368bae42c7f,2026-04-26 18:28:14+00:00,campus_event,CN,tablet,high,early_career,True,zh,Asia/Shanghai,free
05e14081-3216-5cf2-9425-ba6581b4ebb8,2026-04-28 03:13:27+00:00,social_ads,US,desktop,high,early_career,True,en,America/New_York,free
476a6ce4-bc77-576d-85fe-4dc153d44ffd,2026-03-20 22:52:42+00:00,social_ads,US,desktop,medium,new_graduate,True,en,America/New_York,free
81ea5531-7a0a-5b56-bf01-0f425a5257fd,2026-04-27 21:23:48+00:00,referral,US,mobile,high,early_career,True,en,America/New_York,free
81ef2c9e-20da-5283-87b9-d7da3fc85817,2026-03-19 22:06:56+00:00,organic_search,US,desktop,medium,new_graduate,True,en,America/New_York,free
b9df4035-2f17-511b-85cb-10f9b2c1caad,2026-04-01 03:02:28+00:00,campus_event,IN,desktop,medium,student,True,en,Asia/Kolkata,free
b55bfb1e-f249-5cfe-a841-f13b63c33e9f,2026-03-05 21:00:48+00:00,social_ads,US,desktop,medium,early_career,True,en,America/New_York,free
f7ea693b-87c4-5cb8-ac5a-4dc7c2326777,2026-03-27 11:41:31+00:00,organic_search,US,mobile,medium,new_graduate,True,en,America/New_York,free
fbde7ba8-8a41-538c-b0e5-b10521ad8b64,2026-05-09 03:18:03+00:00,social_ads,AU,mobile,low,early_career,True,en,Australia/Sydney,free
e842d7f4-4c51-5818-8e99-0916330988b7,2026-04-03 12:52:59+00:00,content_marketing,US,desktop,medium,student,True,en,America/New_York,free
445ac040-1652-5201-bc81-59023abb4f1f,2026-04-21 23:47:15+00:00,social_ads,DE,mobile,low,student,True,de,Europe/Berlin,free
9da7a978-6fd6-510b-b552-19a86e5d6917,2026-03-11 10:43:35+00:00,organic_search,IN,desktop,low,early_career,True,en,Asia/Kolkata,free
6e7ffe21-66c1-56a8-b964-3ffb22b2a898,2026-04-16 20:29:15+00:00,campus_event,IN,tablet,high,new_graduate,True,en,Asia/Kolkata,free
1c59bb41-367c-50e5-ac73-cf7bac8d1dbe,2026-03-29 15:19:41+00:00,content_marketing,CN,desktop,low,student,True,zh,Asia/Shanghai,free
6ecb24aa-3d2f-5d61-b44a-4fa295e4fb0b,2026-04-24 08:03:17+00:00,content_marketing,US,mobile,high,early_career,True,en,America/New_York,free
f43876ed-a398-5bb2-8fa5-f6fd752d2d88,2026-05-07 00:47:58+00:00,social_ads,GB,mobile,medium,new_graduate,True,en,Europe/London,free
4805df31-12c1-534f-abd3-5d48de082ab9,2026-04-09 16:21:02+00:00,social_ads,GB,mobile,medium,student,True,en,Europe/London,free
88e508d8-6e80-5631-8ac2-e473cdcb822f,2026-03-11 02:16:56+00:00,social_ads,US,tablet,high,new_graduate,True,en,America/New_York,free
6325b55f-bca0-5d48-8bbe-f3d78d0ae0e5,2026-04-05 20:28:38+00:00,referral,GB,desktop,high,student,True,en,Europe/London,free
a7992dbb-b7bc-5458-8dad-a0e805dec9e6,2026-03-12 11:52:04+00:00,referral,CN,mobile,high,new_graduate,True,zh,Asia/Shanghai,free
83dde7f9-e9d5-5341-8057-f8fae513f7f6,2026-04-04 00:25:30+00:00,referral,CA,desktop,low,student,False,en,America/Toronto,free
f1e3b94a-aeab-53bf-a31b-1aaf6d9127b4,2026-03-08 05:15:33+00:00,social_ads,GB,mobile,medium,student,False,en,Europe/London,free
b6ec9c6f-df99-50bd-9be8-55537593e430,2026-04-17 04:34:01+00:00,organic_search,US,desktop,medium,early_career,True,en,America/New_York,free
ab5d24b5-be80-58b1-b254-45aec1781a67,2026-03-25 10:06:21+00:00,social_ads,DE,desktop,high,student,False,de,Europe/Berlin,free
5c21a2c3-fe6f-5e28-8203-f4c9725ea121,2026-03-17 21:44:29+00:00,organic_search,FR,desktop,high,early_career,True,fr,Europe/Paris,free
3da0247e-03ac-5a6d-b86c-58035635afa4,2026-03-05 04:39:15+00:00,organic_search,IN,desktop,medium,new_graduate,True,en,Asia/Kolkata,free
57b82502-6731-5d31-b46a-21c61536a514,2026-05-04 06:37:29+00:00,social_ads,US,tablet,low,student,False,en,America/New_York,free
d7802138-c865-5754-9495-671e19430204,2026-04-30 18:23:45+00:00,campus_event,GB,mobile,low,early_career,False,en,Europe/London,free
f1c1c6e2-0ad8-5d9d-b793-41cd48970722,2026-04-29 00:15:41+00:00,referral,IN,desktop,high,student,False,en,Asia/Kolkata,free
d3c9c85c-a735-5d5e-b687-35194247e0df,2026-03-08 00:16:27+00:00,campus_event,US,mobile,medium,new_graduate,False,en,America/New_York,free
09e37638-ec42-55d7-9434-5b27ea9d3014,2026-03-28 02:52:37+00:00,referral,DE,mobile,high,early_career,True,de,Europe/Berlin,free
6b0c7d40-f689-5194-8b8e-4e7566acbba2,2026-05-10 00:33:16+00:00,campus_event,CN,desktop,medium,early_career,False,zh,Asia/Shanghai,free
a13d6e4b-2d33-5f37-86df-c9baa3b4fc0a,2026-04-12 22:10:36+00:00,campus_event,DE,desktop,high,student,True,de,Europe/Berlin,free
ce86e380-be1a-5f19-b80c-6109d1d1aac6,2026-03-12 20:47:17+00:00,organic_search,IN,mobile,high,early_career,True,en,Asia/Kolkata,free
d65a4ee8-abfd-5af8-b7e9-458715082e96,2026-03-13 17:32:27+00:00,campus_event,US,desktop,low,early_career,True,en,America/New_York,free
e1b5cc37-8105-55cf-bd1d-6225dced29a0,2026-03-22 03:42:44+00:00,organic_search,JP,mobile,high,new_graduate,True,ja,Asia/Tokyo,free
5ee1d764-1053-5058-ad10-bd821721bc78,2026-05-10 02:12:18+00:00,organic_search,CN,desktop,medium,new_graduate,True,zh,Asia/Shanghai,free
56159e64-30b1-56da-a755-def05a8317a3,2026-03-15 16:52:36+00:00,organic_search,CN,desktop,medium,student,True,zh,Asia/Shanghai,free
4f2e0322-5031-509f-944a-767d89f3d358,2026-05-05 07:11:24+00:00,referral,CN,mobile,high,student,True,zh,Asia/Shanghai,free
2a904bb4-3e37-5802-b7b0-9f528ffc9541,2026-04-19 18:47:23+00:00,campus_event,US,mobile,medium,new_graduate,True,en,America/New_York,free
bf0364aa-287c-51d8-9b68-b34434e02a5e,2026-05-06 14:39:43+00:00,content_marketing,IN,tablet,low,student,True,en,Asia/Kolkata,free
1a0a9a6d-cd3e-59be-a640-b1c4b35667d0,2026-04-29 23:52:36+00:00,content_marketing,CN,desktop,medium,new_graduate,True,zh,Asia/Shanghai,free
8caf1b05-ba7d-5386-861f-2e13fc7c031b,2026-03-26 22:03:42+00:00,referral,BR,mobile,high,student,True,pt,America/Sao_Paulo,free
43c25bfe-be88-5e01-8911-5c5d02417157,2026-04-30 02:59:40+00:00,organic_search,FR,tablet,low,student,False,fr,Europe/Paris,free
03965a82-be08-536a-8b20-8188eebe0150,2026-03-15 16:05:12+00:00,referral,GB,mobile,medium,student,True,en,Europe/London,free
6e64cf66-33e2-5763-ae70-d8caa56ec96a,2026-03-24 01:50:41+00:00,referral,US,tablet,medium,student,True,en,America/New_York,free
b4b63f12-8e76-541a-b637-ea081528a32a,2026-03-18 14:41:39+00:00,referral,IN,tablet,medium,new_graduate,False,en,Asia/Kolkata,free
10e3d5fd-75eb-5750-9640-a16fe86eaa32,2026-03-13 04:31:36+00:00,organic_search,US,mobile,medium,new_graduate,False,en,America/New_York,free
70b03456-fd0c-5c59-873e-df4c1fa394c8,2026-03-10 05:02:31+00:00,organic_search,GB,tablet,medium,student,True,en,Europe/London,free
e101d46b-322f-5e4b-abbf-84267a7c28d4,2026-03-16 22:19:58+00:00,content_marketing,CN,mobile,high,student,True,zh,Asia/Shanghai,free
613b927b-03b2-5282-8fce-15fd9a040a76,2026-03-12 06:54:10+00:00,organic_search,BR,mobile,medium,student,True,pt,America/Sao_Paulo,free
0848666b-83a3-5e61-9765-95d5bac7e3cb,2026-03-30 05:59:00+00:00,social_ads,CN,tablet,high,new_graduate,False,zh,Asia/Shanghai,free
7d9c39df-034d-5858-a86f-35f3fcaf73f3,2026-03-08 22:04:48+00:00,social_ads,US,mobile,high,student,False,en,America/New_York,free
97e8bf83-bebe-5a57-a4f2-9c174e2ae27b,2026-03-08 05:28:26+00:00,organic_search,AU,desktop,low,new_graduate,False,en,Australia/Sydney,free
d87e79e3-82a9-5185-a3fe-3046a5f863f0,2026-05-11 07:08:48+00:00,organic_search,CN,desktop,high,new_graduate,False,zh,Asia/Shanghai,free
0681b3ad-bc37-513f-819c-59487fba69bd,2026-03-10 01:13:17+00:00,content_marketing,DE,desktop,medium,student,True,de,Europe/Berlin,free
c500eea0-9f10-5685-8fe0-3f73bd25caf5,2026-03-09 02:38:21+00:00,referral,CA,tablet,low,student,True,en,America/Toronto,free
be79f526-72e0-5406-9d04-ef11940b96da,2026-03-06 01:51:19+00:00,content_marketing,CN,desktop,medium,student,True,zh,Asia/Shanghai,free
2ec0e606-d87b-52f1-a29f-2ca5babc0867,2026-03-13 03:29:21+00:00,organic_search,CN,desktop,high,student,True,zh,Asia/Shanghai,free
2a913f88-ebe7-521c-8372-1b40813e7123,2026-04-09 10:14:01+00:00,organic_search,CN,mobile,low,student,True,zh,Asia/Shanghai,free
0e93e5d0-6d60-58d4-9aea-f03f7bfbef78,2026-04-30 01:55:59+00:00,social_ads,GB,desktop,medium,early_career,True,en,Europe/London,free
2967f237-2fdf-5ce5-8037-ae8c2fbc57ef,2026-04-23 16:58:54+00:00,social_ads,FR,tablet,medium,student,True,fr,Europe/Paris,free
8302780e-1faf-5e15-8dd3-47279756b68e,2026-04-13 00:52:39+00:00,organic_search,US,mobile,medium,student,False,en,America/New_York,free
a8d658bd-55f7-5c8e-8abb-5da929778ce4,2026-03-09 20:48:01+00:00,campus_event,IN,desktop,high,early_career,True,en,Asia/Kolkata,free
ed951ea2-ea3d-5b1b-992b-1acce5e49134,2026-04-26 10:26:04+00:00,content_marketing,US,desktop,low,early_career,False,en,America/New_York,free
19350ee3-5968-569d-91b7-caa20bfce53c,2026-03-06 13:41:16+00:00,social_ads,IN,mobile,high,new_graduate,False,en,Asia/Kolkata,free
bbd77c7a-556e-5617-9392-8c442092ab43,2026-04-16 12:47:24+00:00,social_ads,GB,mobile,high,new_graduate,True,en,Europe/London,free
69d26de3-c099-571d-b035-27c48ea5421c,2026-04-01 05:51:11+00:00,social_ads,DE,mobile,medium,student,True,de,Europe/Berlin,free
993cadc3-6b3c-5c66-bb7c-2dd996f3d670,2026-05-03 20:52:53+00:00,organic_search,CN,desktop,medium,early_career,True,zh,Asia/Shanghai,free
3a428867-e8f4-55fe-8e3d-bfd8a83fa16a,2026-03-25 05:16:28+00:00,organic_search,CN,tablet,low,new_graduate,False,zh,Asia/Shanghai,free
e1d4436f-0576-54ab-8f85-5ee221091c9b,2026-04-17 01:18:07+00:00,social_ads,US,mobile,low,new_graduate,True,en,America/New_York,free
50b77f40-421e-5915-aff5-0ba4f03372d5,2026-04-03 08:37:53+00:00,social_ads,US,mobile,medium,student,True,en,America/New_York,free
ec489a04-e7e1-53c5-a684-950d082a30a3,2026-04-09 00:38:19+00:00,social_ads,CN,desktop,low,student,True,zh,Asia/Shanghai,free
a30f8974-e3c9-5a37-9bde-dfe06a3c69b6,2026-05-07 18:38:56+00:00,referral,DE,tablet,high,new_graduate,False,de,Europe/Berlin,free
b5045541-d930-50ed-b992-a0753301d60a,2026-04-22 04:18:47+00:00,organic_search,CN,mobile,medium,student,True,zh,Asia/Shanghai,free
2b90b4c8-b086-56c5-bfb7-477a56a0db32,2026-04-01 14:30:15+00:00,organic_search,US,desktop,low,new_graduate,True,en,America/New_York,free
8dc63234-c99a-50a5-9cf2-dd21158ae34f,2026-04-03 20:52:55+00:00,organic_search,IN,tablet,medium,student,True,en,Asia/Kolkata,free
c5d06805-3ec7-5db1-9e4c-34092543dc86,2026-04-21 14:46:11+00:00,organic_search,US,tablet,high,early_career,True,en,America/New_York,free
84e5dd2b-af72-561a-a7f2-76aa0f57bc30,2026-03-27 21:04:53+00:00,social_ads,US,mobile,low,student,False,en,America/New_York,free
69020ecf-52d0-541f-ad02-a6bd0a960989,2026-03-15 13:58:20+00:00,referral,BR,mobile,medium,early_career,True,pt,America/Sao_Paulo,free
28bd6c52-1bfb-5dec-9548-1fcfbb9ae5f9,2026-04-05 06:25:55+00:00,referral,US,desktop,low,new_graduate,False,en,America/New_York,free
99959424-591c-588c-9834-53165316d08f,2026-03-08 16:58:49+00:00,campus_event,CN,mobile,high,new_graduate,True,zh,Asia/Shanghai,free
3decec87-83ae-5436-acf7-d167f1c06bb2,2026-03-15 17:02:46+00:00,social_ads,CN,desktop,medium,student,True,zh,Asia/Shanghai,free
f5a02353-4bcb-5cf8-b8ff-6c5c33fcef1c,2026-04-02 00:41:34+00:00,organic_search,US,mobile,medium,new_graduate,True,en,America/New_York,free
2405b4fe-69db-5119-bae8-e14de78e91a5,2026-04-27 23:07:21+00:00,social_ads,US,desktop,medium,student,True,en,America/New_York,free
1894a1ed-c278-5492-82e4-8e1ca03d115d,2026-04-26 22:01:37+00:00,organic_search,US,desktop,medium,student,True,en,America/New_York,free
a4709234-0e2d-50aa-bdcd-0f5cf7d0fa70,2026-03-21 23:43:30+00:00,referral,US,tablet,medium,student,True,en,America/New_York,free
83c0bd33-2708-52bf-8b0f-652f3452c2cd,2026-04-02 02:42:44+00:00,social_ads,DE,desktop,low,student,False,de,Europe/Berlin,free
e2c67004-0d21-5048-a179-6ddf01dedb08,2026-03-14 14:14:52+00:00,organic_search,CN,mobile,low,early_career,False,zh,Asia/Shanghai,free
9a91a44f-bfdd-5782-b130-81d656a00fb3,2026-04-25 02:41:02+00:00,organic_search,CN,desktop,low,student,True,zh,Asia/Shanghai,free
22fb03d8-c90e-5dc6-8685-540ed6dc347b,2026-03-20 23:57:32+00:00,organic_search,CN,desktop,medium,early_career,True,zh,Asia/Shanghai,free
af6e0901-b74b-59f1-a475-70f765c5ea79,2026-04-28 04:00:55+00:00,content_marketing,FR,desktop,high,early_career,False,fr,Europe/Paris,free
fff060d1-7b8d-5733-9869-ebf0feabd186,2026-05-01 02:28:04+00:00,organic_search,US,desktop,low,new_graduate,True,en,America/New_York,free
c5628a9b-b70e-52ac-a119-3cb3cd5be360,2026-04-20 13:07:28+00:00,organic_search,DE,mobile,high,student,True,de,Europe/Berlin,free
3d8044d8-63dc-5b24-a386-56745e5feb74,2026-03-26 18:48:47+00:00,organic_search,US,desktop,high,new_graduate,True,en,America/New_York,free
7525cb57-b2c4-52c7-b52f-133a3509ec6c,2026-05-08 18:01:02+00:00,referral,FR,mobile,low,early_career,True,fr,Europe/Paris,free
bc54736e-75d2-5289-8819-f9efef12411e,2026-04-20 08:05:53+00:00,social_ads,US,mobile,low,student,True,en,America/New_York,free
7d242172-8c19-5521-be58-325b93670070,2026-04-17 13:30:35+00:00,campus_event,US,desktop,medium,student,True,en,America/New_York,free
52ecee40-f926-5440-acbc-21c49cc0f18e,2026-05-02 02:12:50+00:00,social_ads,CN,desktop,low,student,True,zh,Asia/Shanghai,free
c9d51f74-2372-5e40-996b-341aa9b57479,2026-05-03 19:42:45+00:00,organic_search,US,desktop,high,student,True,en,America/New_York,free
4eb81b7b-378b-5571-974a-75e22299c7e3,2026-03-09 08:44:41+00:00,referral,GB,desktop,medium,student,True,en,Europe/London,free
6e6ced52-2adb-5d9e-86c9-7b50162f5108,2026-05-03 19:50:32+00:00,organic_search,IN,desktop,medium,student,True,en,Asia/Kolkata,free
9c665ef0-d5b1-5129-986f-653e404f94c2,2026-04-25 18:52:48+00:00,organic_search,IN,mobile,medium,new_graduate,True,en,Asia/Kolkata,free
1cd7fb57-e556-57af-9b15-b4461a6f2409,2026-03-18 06:00:00+00:00,social_ads,US,mobile,low,new_graduate,False,en,America/New_York,free
ddfd7183-d664-5380-b73d-3e63277bfecd,2026-03-25 05:29:37+00:00,organic_search,IN,tablet,high,student,True,en,Asia/Kolkata,free
83ba0d14-34e1-575d-af51-443f2b30b258,2026-04-24 22:24:47+00:00,organic_search,US,mobile,medium,early_career,True,en,America/New_York,free
0b068562-b9b1-550b-8bc2-4dad042dbcbe,2026-03-18 22:43:34+00:00,referral,AU,mobile,medium,student,True,en,Australia/Sydney,free
19ab2488-f0db-5537-87be-d2aa72534652,2026-04-04 05:11:56+00:00,social_ads,IN,desktop,medium,student,True,en,Asia/Kolkata,free
a043919d-e775-5e38-bc81-55747c202ee7,2026-04-20 12:49:13+00:00,organic_search,CN,desktop,low,student,True,zh,Asia/Shanghai,free
a2ee206a-c52c-5d49-b9ce-c34b76bc5f88,2026-04-17 21:12:37+00:00,organic_search,DE,mobile,high,student,True,de,Europe/Berlin,free
c7411835-aee6-5ade-8e32-212bdac3b009,2026-05-05 18:37:22+00:00,campus_event,CN,desktop,medium,new_graduate,True,zh,Asia/Shanghai,free
f57bb1df-6270-5c37-ab8d-4af639568234,2026-03-11 16:42:17+00:00,organic_search,CN,desktop,high,student,True,zh,Asia/Shanghai,free
085465d4-7225-5631-b7b5-22779c5b566f,2026-03-24 08:33:05+00:00,organic_search,US,tablet,high,early_career,True,en,America/New_York,free
a285ff86-b29d-550d-aa57-e6ae386e0ffb,2026-05-10 22:57:35+00:00,campus_event,IN,desktop,medium,early_career,True,en,Asia/Kolkata,free
19e07462-0f44-54a5-a754-d4e5fdcbc851,2026-04-12 05:59:18+00:00,campus_event,CN,desktop,medium,student,False,zh,Asia/Shanghai,free
ac957e8c-257f-5963-9f9f-0726f809d546,2026-03-21 03:51:30+00:00,content_marketing,US,tablet,medium,early_career,False,en,America/New_York,free
9f0864d7-12d8-564b-8cc2-782ea4d0f578,2026-03-23 23:57:54+00:00,social_ads,GB,desktop,low,new_graduate,True,en,Europe/London,free
3ac992d9-2d43-5849-a00b-47d35edbb503,2026-03-27 09:44:08+00:00,organic_search,US,desktop,high,early_career,True,en,America/New_York,free
dc4a279d-1682-53d8-b6f2-74cef9fe96ee,2026-04-11 05:53:47+00:00,social_ads,IN,desktop,medium,student,False,en,Asia/Kolkata,free
b909f24f-0829-505e-b997-efaf266ccb9c,2026-03-23 15:12:06+00:00,campus_event,US,desktop,high,new_graduate,True,en,America/New_York,free
9fb7fb99-51a0-5383-92dc-6db768f19832,2026-04-15 21:48:11+00:00,organic_search,CN,tablet,medium,student,True,zh,Asia/Shanghai,free
a7753662-8b0c-542b-89f2-a02f17e18214,2026-04-03 17:21:44+00:00,social_ads,DE,mobile,low,student,False,de,Europe/Berlin,free
2aca1026-5fe5-5f1c-a597-d9f51fcafd3b,2026-04-15 02:42:54+00:00,organic_search,US,mobile,medium,early_career,True,en,America/New_York,free
4e600836-b870-52b8-a144-4b42f8b4ceb3,2026-03-14 16:52:49+00:00,referral,IN,desktop,low,student,True,en,Asia/Kolkata,free
9e13d2e5-d629-5563-b51f-0cb64e288356,2026-04-16 00:35:33+00:00,referral,IN,desktop,low,student,True,en,Asia/Kolkata,free
f7daa027-e518-5ade-b17d-5cf290c8942b,2026-05-06 19:22:18+00:00,social_ads,DE,mobile,medium,student,False,de,Europe/Berlin,free
83ba61ea-023a-53c7-9ded-dbf6ae0492c8,2026-03-13 07:41:30+00:00,content_marketing,US,desktop,low,early_career,True,en,America/New_York,free
08674ad1-885d-5ab3-ab55-36708e42dddc,2026-03-26 14:14:44+00:00,content_marketing,GB,desktop,high,student,False,en,Europe/London,free
29e4bf52-9919-50bf-91ec-e8aa765295a0,2026-04-20 20:30:09+00:00,organic_search,CN,mobile,medium,student,True,zh,Asia/Shanghai,free
ae8d49b0-2cde-5f22-ae0b-6ef8c79e9220,2026-04-15 14:25:17+00:00,social_ads,CN,tablet,medium,new_graduate,True,zh,Asia/Shanghai,free
b5446fce-e6e0-59cc-8ae3-c6d5ff730204,2026-04-19 13:23:10+00:00,campus_event,CN,tablet,low,student,True,zh,Asia/Shanghai,free
8b18c71f-ee64-591a-a75e-69a7ca1a68fc,2026-04-11 14:38:19+00:00,organic_search,CN,mobile,low,student,False,zh,Asia/Shanghai,free
33f749df-e28f-5b0b-8427-4aa3de7ef79b,2026-04-20 02:21:56+00:00,social_ads,CN,mobile,medium,new_graduate,True,zh,Asia/Shanghai,free
af9abbab-8b92-531d-a145-7eb666b6bc99,2026-04-15 01:08:42+00:00,organic_search,US,mobile,medium,early_career,False,en,America/New_York,free
e731f1e4-1fa2-58aa-a8ac-692a8d4261ac,2026-03-09 02:39:38+00:00,content_marketing,CN,tablet,medium,early_career,True,zh,Asia/Shanghai,free
b4a65969-9e3b-553e-9262-cde90bafb6bb,2026-04-24 20:07:30+00:00,social_ads,IN,desktop,medium,student,False,en,Asia/Kolkata,free
641f7bad-13b2-5b1f-840b-ac705fd02b6d,2026-04-03 19:57:53+00:00,campus_event,CN,desktop,low,student,True,zh,Asia/Shanghai,free
1679fa2f-65d9-506f-9538-4a7b83324001,2026-03-07 13:12:08+00:00,social_ads,US,desktop,medium,early_career,True,en,America/New_York,free
14240761-82cd-52fe-b2b5-df410de5d0b1,2026-04-01 05:21:42+00:00,organic_search,CN,tablet,medium,student,True,zh,Asia/Shanghai,free
42d34900-af33-5baa-878f-afee69f991ce,2026-04-03 00:39:26+00:00,referral,CN,tablet,low,new_graduate,True,zh,Asia/Shanghai,free
b2c62a97-eb87-528b-ba73-40545cf63f4f,2026-03-09 23:35:38+00:00,organic_search,IN,mobile,high,new_graduate,True,en,Asia/Kolkata,free
0e5725a8-acb5-53cf-8139-1c6f0165f4b6,2026-05-11 17:31:18+00:00,organic_search,CA,desktop,low,early_career,True,en,America/Toronto,free
29ae6979-a489-58b5-86d6-d832c74efc88,2026-03-19 08:14:27+00:00,social_ads,CN,tablet,low,student,False,zh,Asia/Shanghai,free
88476c23-8050-59f4-a64f-166574b8157d,2026-03-26 19:34:08+00:00,campus_event,IN,desktop,medium,early_career,True,en,Asia/Kolkata,free
25f3e0e5-09e5-5e55-8187-e8808ca3ca36,2026-04-03 10:14:01+00:00,organic_search,US,desktop,medium,student,True,en,America/New_York,free
5e83378d-64f1-532f-a704-283b6ce0ec2f,2026-04-30 10:37:47+00:00,organic_search,FR,mobile,high,new_graduate,True,fr,Europe/Paris,free
5c93f485-55b5-52ad-abed-122ce610833b,2026-04-24 06:15:09+00:00,organic_search,US,mobile,high,student,True,en,America/New_York,free
523ccc14-3d74-57f8-a415-b20081ad07f7,2026-04-26 04:42:52+00:00,organic_search,CN,tablet,high,new_graduate,True,zh,Asia/Shanghai,free
33c25fbf-89c2-555b-a575-852ddd563c35,2026-03-20 08:34:28+00:00,organic_search,US,desktop,medium,student,False,en,America/New_York,free
314a2a17-7030-5522-a209-d1af5fc9582b,2026-05-01 08:02:21+00:00,social_ads,US,desktop,medium,student,True,en,America/New_York,free
4a73e60c-8d04-5892-b313-d919f00b4e73,2026-04-30 06:03:56+00:00,organic_search,GB,mobile,low,student,True,en,Europe/London,free
4d87a0f0-6cb4-52b2-903f-aac0e4bff0aa,2026-04-05 00:09:01+00:00,organic_search,US,desktop,high,student,True,en,America/New_York,free
00c128bb-af81-5323-becc-bd833c3b7b03,2026-04-10 15:50:30+00:00,campus_event,US,tablet,medium,early_career,True,en,America/New_York,free
fd463455-b401-5343-84dc-05203233e56a,2026-03-06 13:30:12+00:00,campus_event,US,desktop,medium,early_career,True,en,America/New_York,free
4a9587a6-9513-52d5-bd98-a5cc91d1499c,2026-04-25 11:15:28+00:00,organic_search,JP,desktop,medium,new_graduate,False,ja,Asia/Tokyo,free
01f0112b-8e08-5b70-929c-9f2758ef83c0,2026-05-09 07:17:15+00:00,organic_search,GB,desktop,high,new_graduate,True,en,Europe/London,free
8ec2231d-12eb-5bc2-8786-762a87abb6eb,2026-04-05 14:33:08+00:00,organic_search,CA,mobile,medium,student,True,en,America/Toronto,free
3ff600cb-d109-513c-8a19-8282e0c109f6,2026-04-10 07:04:12+00:00,content_marketing,DE,tablet,low,student,True,de,Europe/Berlin,free
21a1904a-a2d5-519b-9f50-20247dbb7f0e,2026-04-07 10:39:55+00:00,organic_search,CA,desktop,high,student,False,en,America/Toronto,free
8be5d7ce-c732-5e3a-b370-4983b4ec622a,2026-03-09 16:51:34+00:00,organic_search,CN,desktop,low,new_graduate,True,zh,Asia/Shanghai,free
4b38ad76-b2ad-5f29-a0c2-8bf8c2fcdd3d,2026-04-15 18:15:18+00:00,social_ads,US,tablet,high,early_career,True,en,America/New_York,free
0df05b93-50f4-563d-98d2-126340650a40,2026-04-22 18:42:49+00:00,organic_search,US,mobile,medium,student,True,en,America/New_York,free
5379a02b-6c0c-5b23-85aa-d7b7a89b1347,2026-05-07 00:43:08+00:00,organic_search,US,desktop,high,student,True,en,America/New_York,free
1ad22943-df16-5c48-9736-c8e45a8ab841,2026-05-07 03:43:30+00:00,organic_search,IN,desktop,high,student,True,en,Asia/Kolkata,free
d5911b53-37d3-5330-bbc5-3c785afd4469,2026-04-06 22:26:28+00:00,campus_event,US,tablet,medium,new_graduate,True,en,America/New_York,free
8200b485-37e8-5f77-805d-cdba50599c8a,2026-05-09 04:04:36+00:00,campus_event,US,mobile,high,student,True,en,America/New_York,free
7947fbda-c585-5bf5-8468-55fe105fe610,2026-04-09 11:27:23+00:00,campus_event,IN,desktop,low,student,True,en,Asia/Kolkata,free
c1dc447b-8dd4-59b9-aad2-d9c813f01f74,2026-04-17 07:13:30+00:00,campus_event,US,desktop,low,student,False,en,America/New_York,free
10c16912-bf81-5293-b0d1-8d7df5247262,2026-04-14 12:54:24+00:00,organic_search,US,desktop,medium,student,True,en,America/New_York,free
fdb4bb65-4119-5dec-9aeb-22022727e40d,2026-05-11 21:49:01+00:00,content_marketing,US,desktop,medium,new_graduate,True,en,America/New_York,free
a7e93fca-07ac-5c90-a236-d7693e26f310,2026-04-23 21:19:29+00:00,campus_event,IN,desktop,low,early_career,True,en,Asia/Kolkata,free
c7efbd40-be0a-501e-b64a-a34b01604351,2026-03-12 06:43:38+00:00,referral,US,desktop,medium,student,True,en,America/New_York,free
26f1ddca-8504-5bc0-aba2-cb9b53dbea89,2026-03-08 22:59:01+00:00,campus_event,US,desktop,high,student,True,en,America/New_York,free
ab2aa262-f747-5330-b5fd-bde17a28a234,2026-04-01 06:45:44+00:00,social_ads,US,desktop,high,student,True,en,America/New_York,free
e07bbac1-06ec-5315-8805-a60968e3f0b1,2026-04-08 13:58:41+00:00,organic_search,GB,mobile,low,early_career,True,en,Europe/London,free
7ce8a838-6245-523e-a3b6-3932f0557f92,2026-04-19 03:14:25+00:00,social_ads,US,mobile,medium,new_graduate,True,en,America/New_York,free
eb906d56-c044-5a7c-966c-66f7342fa6f1,2026-04-06 05:30:55+00:00,organic_search,US,mobile,low,new_graduate,True,en,America/New_York,free
f087a820-8921-5942-9125-8c10ea928b76,2026-04-08 12:14:41+00:00,social_ads,CA,desktop,low,new_graduate,True,en,America/Toronto,free
2b849b37-129f-5eb7-9824-1fa5e5b5eba5,2026-05-06 14:18:36+00:00,organic_search,DE,tablet,high,early_career,True,de,Europe/Berlin,free
52a918f6-453b-5722-844a-9da82e8a7878,2026-03-27 02:33:31+00:00,organic_search,US,tablet,high,student,True,en,America/New_York,free
8ee29b73-aae8-5bb0-bddd-6420ff270105,2026-04-07 01:14:47+00:00,content_marketing,US,tablet,low,student,True,en,America/New_York,free
79dc577e-83dc-51da-9acb-37710874b94e,2026-04-11 11:01:46+00:00,campus_event,US,desktop,low,student,True,en,America/New_York,free
890a2729-8531-5d31-b8fe-8cb5b5cae01a,2026-04-05 07:32:18+00:00,social_ads,IN,desktop,medium,new_graduate,True,en,Asia/Kolkata,free
ae2ac9af-e59c-512d-8c6c-17d00c2781c3,2026-05-09 19:12:24+00:00,organic_search,US,mobile,medium,student,False,en,America/New_York,free
8437b366-7c1a-570b-94f1-825018135577,2026-05-09 09:24:10+00:00,social_ads,BR,desktop,low,early_career,True,pt,America/Sao_Paulo,free
740c5c53-cb09-5d49-b3be-87eace8c3951,2026-04-08 09:43:41+00:00,referral,GB,desktop,low,new_graduate,True,en,Europe/London,free
a167417d-2a3f-52fd-a7be-6658beddb616,2026-04-04 02:09:15+00:00,campus_event,CN,desktop,medium,early_career,False,zh,Asia/Shanghai,free
81896773-586e-58a2-a6a3-037cbe83b903,2026-04-13 15:19:55+00:00,campus_event,US,mobile,low,early_career,True,en,America/New_York,free
cc0aae70-5599-5e05-b944-b66e2a70507a,2026-03-16 11:32:39+00:00,social_ads,DE,mobile,high,new_graduate,True,de,Europe/Berlin,free
b9e43320-eccd-5d37-838d-699c11093e65,2026-04-02 09:25:27+00:00,organic_search,IN,desktop,high,early_career,False,en,Asia/Kolkata,free
01f83b61-12f8-5d19-8284-f49d16c8e628,2026-03-18 23:12:46+00:00,campus_event,GB,tablet,medium,new_graduate,True,en,Europe/London,free
b13a503a-5716-5ae1-b404-eaac29c36fb6,2026-03-13 22:32:48+00:00,content_marketing,US,mobile,medium,student,True,en,America/New_York,free
15942c56-19b6-5ea0-b724-00483d42c42e,2026-03-10 13:37:49+00:00,social_ads,IN,desktop,high,new_graduate,True,en,Asia/Kolkata,free
7ea7c3d3-bcd1-54aa-9ae8-86aa65aa9989,2026-04-13 12:11:00+00:00,social_ads,GB,desktop,low,early_career,True,en,Europe/London,free
bde676d9-3c7c-5f19-af40-567bd6060e8e,2026-03-04 00:56:25+00:00,social_ads,FR,desktop,high,early_career,True,fr,Europe/Paris,free
ff0b8bf3-29ab-5c8a-9fb2-b439bb1c07d2,2026-04-17 14:03:42+00:00,social_ads,CN,tablet,low,new_graduate,False,zh,Asia/Shanghai,free
e7273581-2fdb-5d1b-bcce-42b2890dced4,2026-04-02 19:18:06+00:00,content_marketing,CN,mobile,high,student,True,zh,Asia/Shanghai,free
70d32fed-aab6-5b71-adf6-b86891c8058b,2026-03-29 06:53:42+00:00,campus_event,CN,mobile,low,early_career,True,zh,Asia/Shanghai,free
475ff210-6c83-5974-9b93-87012bf08b42,2026-04-26 01:51:55+00:00,social_ads,IN,mobile,high,student,False,en,Asia/Kolkata,free
5a177a68-dccc-50a2-8d72-02aa950f0bc7,2026-04-10 04:10:09+00:00,social_ads,CA,desktop,low,new_graduate,False,en,America/Toronto,free
1661249b-acff-5c97-9553-4bb14c1c60f6,2026-04-23 14:37:12+00:00,social_ads,CN,tablet,high,new_graduate,True,zh,Asia/Shanghai,free
a2d97a1f-6a3c-5dad-81c5-5a68f9c9f7a9,2026-04-21 22:53:21+00:00,organic_search,US,tablet,medium,new_graduate,True,en,America/New_York,free
a39ae0f8-0f28-5c57-8f01-bdefcbd71220,2026-03-06 05:14:19+00:00,social_ads,US,mobile,low,student,True,en,America/New_York,free
6ede499f-8505-55b6-978b-b77492a496df,2026-03-18 20:51:17+00:00,referral,IN,mobile,high,new_graduate,False,en,Asia/Kolkata,free
abf17436-f462-5fef-ba7e-cc613b49141c,2026-04-12 07:53:29+00:00,campus_event,DE,desktop,low,student,False,de,Europe/Berlin,free
6443dc6b-aabb-560f-86ce-eab9e40ac838,2026-05-10 07:30:14+00:00,organic_search,US,desktop,medium,student,True,en,America/New_York,free
8c6e751a-947e-520e-8f9d-f9db0c321669,2026-03-14 15:29:33+00:00,campus_event,CN,desktop,medium,student,True,zh,Asia/Shanghai,free
82e91963-de3a-5596-a7f2-fa12884b6c51,2026-03-11 06:48:14+00:00,campus_event,BR,mobile,high,new_graduate,True,pt,America/Sao_Paulo,free
681d6fa1-78d5-5bf2-b278-7f26a9b47da4,2026-05-07 22:25:19+00:00,organic_search,CN,mobile,high,student,True,zh,Asia/Shanghai,free
32f18614-c901-5028-a604-1d11a79283f6,2026-05-09 17:01:25+00:00,campus_event,US,tablet,medium,student,True,en,America/New_York,free
d4c17766-868f-5a55-aff0-39c43b1e7253,2026-03-15 13:09:22+00:00,campus_event,CN,desktop,high,early_career,True,zh,Asia/Shanghai,free
a451bd1f-9004-5b99-bcb3-7ccc4b4c9ccf,2026-03-31 17:13:40+00:00,referral,CN,desktop,high,new_graduate,True,zh,Asia/Shanghai,free
507634a3-ce38-51d6-90c2-d662567bdbd0,2026-04-16 05:42:51+00:00,organic_search,US,desktop,medium,early_career,True,en,America/New_York,free
784f5fd2-ac93-55f7-978c-c71022bd4b59,2026-03-17 11:17:49+00:00,organic_search,IN,tablet,medium,new_graduate,True,en,Asia/Kolkata,free
8a73cfd8-3373-52a1-9f48-6bb804c49252,2026-03-26 12:15:01+00:00,social_ads,CN,mobile,medium,student,False,zh,Asia/Shanghai,free
f5d0ef9a-77c8-5299-bad8-656190be67d6,2026-03-31 06:35:52+00:00,organic_search,IN,mobile,low,early_career,True,en,Asia/Kolkata,free
dea08c65-e9f0-5fc4-951d-7be687101641,2026-03-25 06:09:15+00:00,social_ads,IN,mobile,medium,student,False,en,Asia/Kolkata,free
8ec35167-a317-5033-a41e-6a2804a98e6c,2026-04-01 10:41:59+00:00,campus_event,US,mobile,low,early_career,True,en,America/New_York,free
7cc67b1e-7e37-5270-8316-304c360d0cf9,2026-03-23 23:32:57+00:00,organic_search,US,desktop,high,student,True,en,America/New_York,free
7ea3de6e-5c86-5353-90d6-b3124c2a0c86,2026-04-25 09:58:07+00:00,social_ads,US,desktop,medium,early_career,True,en,America/New_York,free
5ed7a81c-5c39-5ea9-87d8-83fcd93ce6c3,2026-03-14 13:25:31+00:00,content_marketing,US,desktop,medium,new_graduate,True,en,America/New_York,free
184f8dab-d5d5-5fe3-b11f-6ca1c94c3f9b,2026-03-19 22:00:15+00:00,social_ads,IN,desktop,low,early_career,False,en,Asia/Kolkata,free
fd42cf22-7d38-5011-bea3-ab677b8395c8,2026-03-21 05:58:56+00:00,social_ads,US,mobile,low,student,True,en,America/New_York,free
f7b932d0-3f26-57ac-a1fe-c018ef51dc0f,2026-05-05 11:59:27+00:00,social_ads,IN,desktop,high,new_graduate,False,en,Asia/Kolkata,free
5007a8eb-dc66-5239-989e-9273833e2a47,2026-05-08 04:03:08+00:00,organic_search,US,mobile,medium,student,False,en,America/New_York,free
e887c3be-4abe-570a-899c-e951e52d5135,2026-04-07 12:20:48+00:00,organic_search,US,mobile,high,early_career,True,en,America/New_York,free
5a157b9a-d51f-5cc2-a41e-661a17dd1290,2026-03-14 18:59:55+00:00,campus_event,US,mobile,medium,student,True,en,America/New_York,free
45162d71-b8b5-591a-bf51-3ddb3b6e5c87,2026-04-25 04:05:23+00:00,social_ads,CN,tablet,low,student,True,zh,Asia/Shanghai,free
a9d431e4-5f48-5b0d-a469-295791be3172,2026-04-06 22:54:07+00:00,organic_search,IN,desktop,medium,new_graduate,True,en,Asia/Kolkata,free
e87952ac-470a-5210-a399-a328e9ce21d2,2026-05-01 15:09:10+00:00,organic_search,GB,mobile,medium,new_graduate,True,en,Europe/London,free
9eedf47c-9034-5499-9fa5-838cfa5f9ff3,2026-03-28 20:09:02+00:00,referral,US,desktop,low,early_career,True,en,America/New_York,free
fcc90149-c82a-5b2e-bf27-014742dd9eb1,2026-05-11 22:03:35+00:00,organic_search,IN,mobile,medium,new_graduate,False,en,Asia/Kolkata,free
d0604790-9a9d-576b-98d4-93e1dc959f6d,2026-04-28 16:23:50+00:00,campus_event,GB,mobile,low,student,True,en,Europe/London,free
8482cdbc-f39d-54eb-9a0a-c1850d5c2105,2026-03-19 10:51:13+00:00,social_ads,US,desktop,low,early_career,False,en,America/New_York,free
5dc6c277-e615-5b53-a07f-1192863c774f,2026-04-23 01:30:12+00:00,social_ads,US,desktop,low,student,True,en,America/New_York,free
de07eea1-4136-5782-8c31-9ebb6663d9dc,2026-03-23 19:05:36+00:00,organic_search,US,mobile,medium,new_graduate,True,en,America/New_York,free
95bcc441-18dc-5c0d-976d-1423c958da51,2026-03-28 03:15:18+00:00,organic_search,US,mobile,medium,student,False,en,America/New_York,free
2f511332-f7e3-52c2-b960-879f7e5db390,2026-03-21 06:43:00+00:00,social_ads,DE,mobile,low,student,True,de,Europe/Berlin,free
7a4a985b-59f5-5fbd-b592-ad505e9b30dd,2026-04-20 01:45:19+00:00,campus_event,CN,desktop,high,early_career,True,zh,Asia/Shanghai,free
e965ce63-789d-5817-b0b6-9a4d3b522c76,2026-03-22 03:18:52+00:00,organic_search,CN,mobile,high,early_career,False,zh,Asia/Shanghai,free
9738fbb7-6e5d-52f8-94dd-e2a1f7f87e18,2026-04-17 01:51:03+00:00,social_ads,GB,mobile,medium,early_career,False,en,Europe/London,free
c2e541ed-97b1-53ad-8509-0f101cfd912d,2026-04-13 04:31:41+00:00,social_ads,CN,desktop,low,new_graduate,True,zh,Asia/Shanghai,free
ef08dd46-feb8-5597-8b0b-dfe44d290ac1,2026-04-24 19:19:21+00:00,organic_search,IN,mobile,low,student,False,en,Asia/Kolkata,free
56730025-07e8-5d0d-b223-7d57644ce844,2026-05-11 13:16:22+00:00,social_ads,US,mobile,low,student,True,en,America/New_York,free
915d2b37-069a-5600-ba53-606a779f5233,2026-03-04 14:36:22+00:00,organic_search,CN,mobile,high,student,True,zh,Asia/Shanghai,free
a5405e3f-9fef-5c24-bd40-de0ea22b4dd4,2026-05-11 07:54:00+00:00,social_ads,US,desktop,high,new_graduate,True,en,America/New_York,free
fcf2924b-5ab1-5bf0-9963-9cbab2543e88,2026-03-11 13:05:20+00:00,organic_search,US,desktop,low,student,True,en,America/New_York,free
5f7b487f-447c-5d20-a33d-0e6d5e4d354c,2026-04-09 08:20:10+00:00,social_ads,US,tablet,medium,early_career,True,en,America/New_York,free
162c6c9f-80c4-55fa-8678-6b9cf3e8ae25,2026-03-27 12:30:47+00:00,organic_search,IN,tablet,low,student,True,en,Asia/Kolkata,free
d1d07f54-11f5-56ca-94a3-f363c5d57ecb,2026-04-17 02:13:43+00:00,social_ads,IN,desktop,low,student,True,en,Asia/Kolkata,free
dcf9002e-aeb9-58fe-b29c-837015d74bbc,2026-04-22 19:11:44+00:00,social_ads,IN,tablet,medium,early_career,False,en,Asia/Kolkata,free
45b5eb56-ac1e-5e84-baed-84a1a1d4e5a9,2026-05-02 08:06:39+00:00,content_marketing,US,desktop,low,student,False,en,America/New_York,free
5ad78458-1517-563a-8753-d38cc8f3f626,2026-03-31 17:40:40+00:00,social_ads,AU,tablet,low,student,False,en,Australia/Sydney,free
a79297e0-66d0-5330-9bae-d402419c4d1d,2026-05-07 08:56:15+00:00,referral,US,desktop,medium,new_graduate,True,en,America/New_York,free
4c42190a-8e36-5b79-a450-1761be036b8b,2026-03-26 05:57:09+00:00,organic_search,GB,desktop,medium,early_career,False,en,Europe/London,free
14bc8ad1-5e26-5ac6-8f93-f7143aed0614,2026-03-18 01:35:34+00:00,social_ads,IN,tablet,medium,student,True,en,Asia/Kolkata,free
c4bf21da-9ecb-596d-b025-4e453b8cb00c,2026-03-30 03:50:32+00:00,organic_search,CN,desktop,medium,student,True,zh,Asia/Shanghai,free
7b3192b2-6f40-521a-ba56-681e97ef0f16,2026-04-09 11:15:53+00:00,social_ads,CN,mobile,medium,student,True,zh,Asia/Shanghai,free
bb1511ab-e83a-5cc8-b075-93ec807400ce,2026-04-19 02:28:20+00:00,campus_event,GB,mobile,medium,new_graduate,True,en,Europe/London,free
e9d853ff-47c2-506f-a07a-2157440b2a84,2026-04-30 11:10:40+00:00,referral,IN,desktop,medium,student,True,en,Asia/Kolkata,free
5f903a3e-405b-5569-9c3e-f2a32fd913c0,2026-03-19 12:21:47+00:00,social_ads,US,tablet,high,new_graduate,True,en,America/New_York,free
2aa991d6-cc7e-5178-844a-0cdc6ea5bab6,2026-03-24 22:06:08+00:00,campus_event,GB,mobile,low,new_graduate,False,en,Europe/London,free
8fd5f595-e7c8-58a5-9202-0bd731ef0942,2026-05-07 18:27:09+00:00,organic_search,US,tablet,medium,early_career,True,en,America/New_York,free
dddbffc2-a778-5086-b512-39e20e411cc4,2026-04-03 08:19:24+00:00,organic_search,CN,tablet,low,new_graduate,True,zh,Asia/Shanghai,free
f2f6bc28-eafc-5dde-97d0-68837f2a9fac,2026-03-20 16:02:27+00:00,campus_event,IN,desktop,medium,new_graduate,True,en,Asia/Kolkata,free
d2145b7f-4156-5ae4-b4a7-abc302955760,2026-05-11 00:11:17+00:00,organic_search,GB,desktop,medium,new_graduate,True,en,Europe/London,free
0e0ec94d-fe4e-5918-8d25-28637519cb6c,2026-04-03 23:29:46+00:00,organic_search,CN,desktop,high,student,False,zh,Asia/Shanghai,free
f26e1c8c-1f9b-54c0-a705-f663cf0a59ec,2026-05-10 23:14:13+00:00,content_marketing,US,mobile,high,student,True,en,America/New_York,free
f50f9161-c5b6-5d53-b900-ec1f29846e75,2026-05-06 10:23:12+00:00,content_marketing,CN,desktop,medium,new_graduate,True,zh,Asia/Shanghai,free
9084dd19-a505-568e-8da5-18449fb78d6a,2026-05-05 12:30:45+00:00,campus_event,US,desktop,low,student,True,en,America/New_York,free
08aa872e-aa85-548a-b318-a64cfc113da8,2026-04-13 03:31:27+00:00,social_ads,CN,mobile,high,student,True,zh,Asia/Shanghai,free
05c1184a-9f64-56e9-b270-cf909b1ec480,2026-04-28 02:13:48+00:00,referral,CN,desktop,low,student,True,zh,Asia/Shanghai,free
b22ff445-d00a-57e8-836b-d1986e9ae659,2026-05-09 06:40:45+00:00,organic_search,GB,mobile,medium,student,True,en,Europe/London,free
d80a02be-b61e-56bd-b084-ebb7948913b0,2026-03-22 13:40:47+00:00,social_ads,US,mobile,high,student,True,en,America/New_York,free
216b2bb3-7386-505f-9a72-3ccc95d2aa9f,2026-03-06 14:30:37+00:00,social_ads,US,desktop,medium,new_graduate,True,en,America/New_York,free
faabd747-8315-5025-a4ae-79ae0db6540c,2026-03-26 03:19:38+00:00,content_marketing,CN,desktop,medium,early_career,False,zh,Asia/Shanghai,free
9ff51210-5bd6-5f1e-b3d3-b2887688f4b6,2026-04-16 22:42:12+00:00,content_marketing,US,desktop,low,student,True,en,America/New_York,free
ec005180-0893-5f46-bfc8-5df9e808e713,2026-04-10 18:18:00+00:00,campus_event,US,mobile,low,early_career,True,en,America/New_York,free
2c6fad0c-a9bb-5a20-bc5c-9510544a5333,2026-03-09 13:26:52+00:00,organic_search,CN,desktop,high,student,True,zh,Asia/Shanghai,free
92e58eff-6fd1-54ab-a560-89d8cce0067f,2026-04-11 16:38:49+00:00,social_ads,CN,mobile,low,early_career,True,zh,Asia/Shanghai,free
fcbaebec-9ac3-529e-bbe7-9391cd7f00fa,2026-03-16 00:48:13+00:00,organic_search,US,mobile,medium,new_graduate,True,en,America/New_York,free
2b3ba462-ec56-51ed-9f50-7f1c70252fbb,2026-04-07 21:06:44+00:00,referral,CN,desktop,medium,new_graduate,True,zh,Asia/Shanghai,free
5daf572a-d101-569f-8666-052bf9c85718,2026-04-12 17:21:34+00:00,organic_search,DE,tablet,medium,new_graduate,True,de,Europe/Berlin,free
6af40e62-d54f-51b9-a7ca-40aeed297828,2026-04-16 22:19:32+00:00,organic_search,CN,tablet,low,new_graduate,True,zh,Asia/Shanghai,free
38f97a85-584e-5840-95d4-61f14bac9608,2026-04-01 11:11:25+00:00,campus_event,US,desktop,low,student,True,en,America/New_York,free
66028867-8c7b-516c-827d-1f52f261a6d9,2026-04-01 04:10:57+00:00,social_ads,US,tablet,medium,student,True,en,America/New_York,free
0afe0348-f710-53db-a22c-48ba8e8caeb7,2026-04-19 19:43:01+00:00,referral,US,desktop,medium,early_career,False,en,America/New_York,free
24be1575-d4fb-58d1-88aa-ddfea220de2b,2026-04-24 16:37:55+00:00,organic_search,CN,mobile,high,early_career,True,zh,Asia/Shanghai,free
a404eca3-fe23-586c-a3ef-d77c1fd79af5,2026-04-28 17:37:06+00:00,referral,IN,desktop,medium,new_graduate,False,en,Asia/Kolkata,free
e4abde03-6dc7-5cd1-b05a-19047460829d,2026-03-27 00:21:30+00:00,organic_search,US,mobile,high,early_career,True,en,America/New_York,free
c0c0b91c-ca2e-50eb-9cd7-88f0ad506863,2026-04-02 06:16:12+00:00,organic_search,US,mobile,low,student,True,en,America/New_York,free
432511bf-0588-5b8e-917f-c7cee8208b93,2026-03-26 19:36:02+00:00,social_ads,US,tablet,medium,new_graduate,True,en,America/New_York,free
f08a8122-1e68-5539-b87b-c7b94ebc2141,2026-04-09 09:36:44+00:00,organic_search,US,tablet,high,new_graduate,True,en,America/New_York,free
5488b3ab-94d5-502c-8bdf-95a94c59ab8f,2026-03-12 18:41:09+00:00,social_ads,FR,desktop,high,student,False,fr,Europe/Paris,free
9cd59327-83be-5e51-9035-1eed7aa45aae,2026-04-02 16:13:51+00:00,organic_search,US,mobile,medium,early_career,True,en,America/New_York,free
c18e8d72-1c11-55aa-be97-8781d1331c66,2026-03-17 00:30:25+00:00,organic_search,US,desktop,medium,early_career,True,en,America/New_York,free
e728ca98-9a04-5449-8138-cbc6195ba31f,2026-04-09 17:39:57+00:00,campus_event,CN,desktop,high,early_career,True,zh,Asia/Shanghai,free
9e91a5fb-3499-5e36-974e-bdf0cbd3f742,2026-05-01 16:27:44+00:00,organic_search,US,desktop,low,new_graduate,True,en,America/New_York,free
7759c0c6-3ef2-505e-a6cf-eb657082d4d0,2026-05-10 23:48:53+00:00,campus_event,US,tablet,low,student,False,en,America/New_York,free
42c95dd3-603b-577c-acfa-e3cf3ba8c7bf,2026-04-03 19:02:35+00:00,campus_event,CN,mobile,medium,early_career,False,zh,Asia/Shanghai,free
8c7deebc-48b9-53c4-a3fd-618cb46ff913,2026-03-07 21:16:55+00:00,organic_search,US,desktop,high,student,True,en,America/New_York,free
796fdf45-cbb3-5af3-b202-e6fbd7513752,2026-03-19 17:20:55+00:00,campus_event,US,tablet,medium,early_career,False,en,America/New_York,free
05d2391c-82da-5b1c-bf06-68b0d4d6a605,2026-03-11 05:34:46+00:00,organic_search,IN,mobile,medium,student,True,en,Asia/Kolkata,free
2aed5c5f-2afd-593d-ab39-76b972bc9628,2026-04-25 09:28:06+00:00,social_ads,CN,desktop,high,early_career,True,zh,Asia/Shanghai,free
df76489d-67d8-521e-8734-d185f7e6c52a,2026-05-10 22:37:04+00:00,organic_search,US,mobile,low,new_graduate,True,en,America/New_York,free
bddd94da-1960-5194-9689-242a5d2f310d,2026-04-11 05:23:32+00:00,referral,DE,mobile,high,student,False,de,Europe/Berlin,free
591aa6ac-4380-580a-b214-e22e37113152,2026-03-16 04:51:37+00:00,social_ads,US,mobile,low,student,True,en,America/New_York,free
adaf41f7-894c-521d-bedf-1fe9f2efb4b0,2026-03-05 11:02:02+00:00,social_ads,FR,mobile,medium,new_graduate,True,fr,Europe/Paris,free
28cce141-e929-51d3-be9e-4d4644d94e39,2026-05-10 08:24:24+00:00,content_marketing,BR,mobile,medium,student,True,pt,America/Sao_Paulo,free
19754c05-f01a-53d0-8daf-88314cd11f5d,2026-03-25 19:53:39+00:00,organic_search,CN,desktop,low,early_career,True,zh,Asia/Shanghai,free
bd3983d0-9b1e-5bf6-85a2-1666a7d6ae9b,2026-03-11 17:29:22+00:00,referral,US,mobile,medium,student,False,en,America/New_York,free
bb876b49-c907-5d42-a117-9c95f1d68585,2026-03-16 05:06:50+00:00,campus_event,GB,desktop,high,student,True,en,Europe/London,free
543b6582-ae7e-5a7c-9a25-6c1eb202d261,2026-03-21 14:42:06+00:00,content_marketing,CN,desktop,medium,student,False,zh,Asia/Shanghai,free
4a4f6514-1009-542b-9799-2e86a09aa1a0,2026-04-18 06:07:30+00:00,content_marketing,US,desktop,low,student,True,en,America/New_York,free
4bb265c3-7477-5cce-adc0-9096d24c9dbd,2026-05-04 12:47:34+00:00,content_marketing,CN,mobile,low,student,True,zh,Asia/Shanghai,free
8ad38c88-1a5d-5829-9d0a-36ebc86dfe94,2026-03-22 23:27:04+00:00,organic_search,CN,desktop,medium,early_career,True,zh,Asia/Shanghai,free
1e39d59c-a58f-5182-b174-303d1065239a,2026-04-20 10:04:14+00:00,campus_event,DE,desktop,medium,new_graduate,True,de,Europe/Berlin,free
d99a8c88-b1a4-5f33-af22-c1a1ff043c78,2026-03-08 11:33:05+00:00,referral,IN,desktop,medium,early_career,True,en,Asia/Kolkata,free
08865fe2-ca81-5e91-878b-ce47c028872e,2026-03-04 16:43:49+00:00,campus_event,DE,tablet,low,student,True,de,Europe/Berlin,free
b0d68582-a3d6-571f-abe1-fe4c3ada3a87,2026-03-07 18:58:19+00:00,organic_search,IN,desktop,medium,student,True,en,Asia/Kolkata,free
e4732584-17ee-55cc-bc84-3ef65c5871c1,2026-05-06 16:42:01+00:00,content_marketing,IN,desktop,medium,student,True,en,Asia/Kolkata,free
d130b367-5996-56dc-9810-6dc0504968d1,2026-04-13 03:20:24+00:00,organic_search,CN,desktop,low,new_graduate,True,zh,Asia/Shanghai,free
2cb16bdc-65e3-54e7-8d8f-89046ca31cb8,2026-04-28 13:21:39+00:00,social_ads,JP,mobile,medium,student,True,ja,Asia/Tokyo,free
3ea24e55-35e4-5b03-9894-cae81b2616dc,2026-03-05 11:58:25+00:00,social_ads,FR,desktop,medium,student,True,fr,Europe/Paris,free
65965bae-e8c7-5937-a8b9-7e144c0d28bc,2026-03-05 12:49:04+00:00,organic_search,GB,desktop,high,new_graduate,True,en,Europe/London,free
a93c0096-a3eb-5890-b63f-8ae91243df68,2026-05-01 13:35:58+00:00,campus_event,GB,tablet,medium,student,False,en,Europe/London,free
0d38759e-e8be-544f-b5a1-ed3da1469c58,2026-03-11 01:55:23+00:00,organic_search,CN,mobile,low,new_graduate,True,zh,Asia/Shanghai,free
e0113c24-5a86-5aab-90c5-db795caf38d5,2026-03-14 17:20:14+00:00,campus_event,US,mobile,high,new_graduate,True,en,America/New_York,free
f98f847c-1337-5087-9885-94ea5f9316f7,2026-04-08 19:22:21+00:00,referral,DE,mobile,low,new_graduate,True,de,Europe/Berlin,free
905bc29e-8374-525e-9aa5-2a10010ab2c3,2026-04-14 20:28:24+00:00,organic_search,US,tablet,high,student,True,en,America/New_York,free
38a8637c-f6ea-5af5-a648-efdf54ee5397,2026-03-19 19:02:00+00:00,campus_event,US,tablet,medium,new_graduate,False,en,America/New_York,free
9a050627-7cfc-5d9f-93cc-13996f6442db,2026-04-03 16:24:11+00:00,organic_search,CN,mobile,high,student,True,zh,Asia/Shanghai,free
c1a96a55-d168-5f61-8434-66ec7face6c4,2026-04-19 13:35:11+00:00,referral,CN,mobile,high,student,False,zh,Asia/Shanghai,free
ab488b19-6f6e-52b9-aef8-d85b688e0496,2026-04-03 13:21:42+00:00,content_marketing,CN,tablet,high,student,True,zh,Asia/Shanghai,free
6fd046dd-98a3-5d0f-a100-e8102ec518b4,2026-03-30 09:40:24+00:00,organic_search,US,tablet,low,student,True,en,America/New_York,free
64f64b62-a3c5-5aa0-84d7-71c36258cdb1,2026-03-08 22:53:44+00:00,campus_event,US,desktop,high,new_graduate,True,en,America/New_York,free
05d69114-b85e-56c3-880d-2ad54e814816,2026-04-04 04:18:18+00:00,social_ads,US,tablet,medium,new_graduate,True,en,America/New_York,free
48f7123e-83c6-51f2-b09b-bcf2e3f14538,2026-04-28 09:21:26+00:00,social_ads,US,mobile,medium,early_career,False,en,America/New_York,free
0168d0ed-a677-531a-85b0-d628228cd60c,2026-04-16 05:54:43+00:00,campus_event,US,mobile,medium,student,True,en,America/New_York,free
4e80fd8d-43b9-563c-9050-252eb6d8f4a5,2026-05-04 14:53:40+00:00,social_ads,IN,desktop,medium,student,True,en,Asia/Kolkata,free
3cc0b40f-656e-5147-aaf4-3559e0a721b6,2026-03-12 16:56:22+00:00,campus_event,US,desktop,high,student,True,en,America/New_York,free
dc09a351-2653-5cbb-b9e0-545455c343a0,2026-03-04 18:14:35+00:00,organic_search,CN,mobile,high,early_career,True,zh,Asia/Shanghai,free
b112a7c0-763e-55c0-a176-0cf6832b05b6,2026-04-10 19:45:03+00:00,social_ads,US,mobile,medium,student,False,en,America/New_York,free
69eebfe4-7c28-590a-b019-b65bc64638b9,2026-03-16 07:46:05+00:00,referral,CN,desktop,medium,student,True,zh,Asia/Shanghai,free
cbe2ae95-cb6e-529e-b45c-05df25bd4b00,2026-04-13 23:38:57+00:00,organic_search,DE,mobile,low,student,False,de,Europe/Berlin,free
935fa489-3efd-5c68-8ac4-55653006eaaf,2026-05-05 08:51:54+00:00,social_ads,US,desktop,medium,early_career,True,en,America/New_York,free
f20f451a-9cac-53e5-a4ca-748956e189d6,2026-03-27 06:17:55+00:00,organic_search,US,mobile,high,student,False,en,America/New_York,free
94391e7e-3b45-597b-8d76-b2d7a0888ec5,2026-04-10 21:57:40+00:00,referral,IN,mobile,medium,student,True,en,Asia/Kolkata,free
25585084-f605-5524-a5b4-895f187200c6,2026-04-20 00:53:16+00:00,social_ads,US,mobile,high,new_graduate,False,en,America/New_York,free
d345cf60-f7f6-59c4-9a39-fc02c89046d5,2026-03-14 08:27:54+00:00,social_ads,GB,desktop,medium,new_graduate,True,en,Europe/London,free
5316ff83-856a-5e14-9819-8dcb88c07458,2026-05-04 22:03:11+00:00,organic_search,FR,desktop,medium,new_graduate,True,fr,Europe/Paris,free
ad783560-b88b-55d1-87e1-e62d657555bb,2026-03-17 23:49:14+00:00,social_ads,IN,desktop,medium,early_career,True,en,Asia/Kolkata,free
ffaceae3-6869-5d97-b277-3fd699e039e2,2026-04-28 18:30:06+00:00,content_marketing,FR,mobile,low,early_career,False,fr,Europe/Paris,free
c76f2cb7-6561-5a4e-a154-01b89802a829,2026-04-18 12:56:12+00:00,social_ads,CN,tablet,high,new_graduate,False,zh,Asia/Shanghai,free
d0bcee47-6984-5ef5-9b9a-69d98f30d7bc,2026-03-13 17:26:16+00:00,social_ads,CN,mobile,high,early_career,True,zh,Asia/Shanghai,free
976b46f5-3efc-530c-9745-2a3c66e91294,2026-04-23 00:17:46+00:00,campus_event,US,mobile,high,early_career,True,en,America/New_York,free
d0f7c690-aa54-57c3-9c0f-ba57ecbc40e4,2026-03-17 13:21:39+00:00,social_ads,US,desktop,high,student,True,en,America/New_York,free
00cf3aba-5784-5517-9c8f-60c9a7ab9d90,2026-04-14 08:39:01+00:00,social_ads,US,desktop,medium,early_career,True,en,America/New_York,free
de477da8-a963-5d11-a074-cdf8436b9806,2026-05-09 05:13:57+00:00,organic_search,CN,tablet,medium,new_graduate,True,zh,Asia/Shanghai,free
a6dd2044-8f3e-5854-b4fe-b7e264451127,2026-05-08 18:24:48+00:00,organic_search,CN,mobile,high,new_graduate,True,zh,Asia/Shanghai,free
5961405c-827f-583e-b9b6-a7638ecadd8e,2026-05-03 02:46:14+00:00,campus_event,US,desktop,low,new_graduate,True,en,America/New_York,free
bff1e945-c15b-5b6e-8118-e0f6651ab708,2026-04-07 02:10:08+00:00,referral,IN,mobile,high,early_career,True,en,Asia/Kolkata,free
ffe5fec4-b6b1-570f-96ce-aeadc1f5234a,2026-04-11 14:35:38+00:00,content_marketing,US,mobile,low,early_career,True,en,America/New_York,free
b766ad4f-c7b7-5720-9c40-dfe099ca13b0,2026-03-24 17:15:00+00:00,referral,US,desktop,high,student,True,en,America/New_York,free
27942b08-06f4-5b54-a588-8aa709ad1372,2026-05-06 13:06:24+00:00,social_ads,US,desktop,medium,new_graduate,True,en,America/New_York,free
87f60c3b-2e79-5919-8600-c66c9d441ac7,2026-04-05 22:17:50+00:00,organic_search,IN,mobile,high,new_graduate,True,en,Asia/Kolkata,free
ff4cb1a6-2a21-53d5-81a5-7edec3dd9938,2026-04-26 05:48:45+00:00,campus_event,CN,desktop,medium,early_career,True,zh,Asia/Shanghai,free
129f8256-ea8c-5eaa-bc3c-95f74669f38a,2026-03-28 19:36:25+00:00,content_marketing,IN,desktop,medium,student,True,en,Asia/Kolkata,free
f74ec3a0-2982-5e46-b872-3d0f2e0c9a16,2026-04-24 02:08:31+00:00,campus_event,US,mobile,high,student,False,en,America/New_York,free
468edfa7-cc2b-5a3a-b3b8-544f6957b14c,2026-03-19 11:37:56+00:00,social_ads,CN,tablet,medium,student,False,zh,Asia/Shanghai,free
8081c460-2d20-53df-8d58-2d68cf6ab141,2026-04-23 15:09:54+00:00,campus_event,FR,desktop,low,student,True,fr,Europe/Paris,free
57850866-6a7a-5d96-9cf0-6af03093b031,2026-03-07 04:06:53+00:00,campus_event,US,desktop,low,student,False,en,America/New_York,free
10363530-d713-543c-a5d0-d54393143202,2026-03-11 05:34:47+00:00,content_marketing,CN,mobile,medium,student,True,zh,Asia/Shanghai,free
b68add5f-15ab-5ffb-a1f5-ad3d9697397c,2026-03-28 07:15:49+00:00,campus_event,US,desktop,medium,student,True,en,America/New_York,free
4b7e6faf-84cb-52da-9470-ac1916a24ab3,2026-04-06 06:15:03+00:00,social_ads,US,tablet,medium,early_career,True,en,America/New_York,free
fd7e4ac2-fa74-5b57-ac2e-3af48b5eab8b,2026-04-22 02:05:36+00:00,organic_search,CN,mobile,low,student,False,zh,Asia/Shanghai,free
6a1f3e51-8682-5a28-98d1-cd9c6c4a7bab,2026-03-28 18:35:25+00:00,social_ads,US,desktop,low,student,True,en,America/New_York,free
87467783-e333-54cf-95ae-b1e12f33b7cd,2026-03-05 06:31:57+00:00,organic_search,CN,mobile,high,early_career,True,zh,Asia/Shanghai,free
3f8bc1fb-9c0f-5e5b-9bc0-c16e469573c8,2026-03-26 10:51:06+00:00,content_marketing,CA,desktop,medium,student,True,en,America/Toronto,free
1dc974b3-10aa-547f-8d32-ca699d2f0f99,2026-04-03 07:16:45+00:00,social_ads,US,mobile,low,new_graduate,True,en,America/New_York,free
46b581b7-ece6-5f77-9419-adc45ab57853,2026-04-10 12:23:59+00:00,social_ads,US,tablet,low,early_career,True,en,America/New_York,free
567f95a6-72ac-5d1c-9067-83087f627522,2026-04-17 10:28:45+00:00,organic_search,GB,desktop,low,student,True,en,Europe/London,free
7d7f5209-942c-563d-80ae-6eafd3261dc4,2026-03-21 02:07:47+00:00,campus_event,CN,desktop,high,new_graduate,True,zh,Asia/Shanghai,free
e3e2270a-7a17-5d0d-92d7-021a70696369,2026-04-15 02:49:44+00:00,social_ads,DE,tablet,medium,student,True,de,Europe/Berlin,free
f4fb91dd-60f2-5d5e-8592-8040a6a7033a,2026-04-16 13:54:31+00:00,organic_search,US,mobile,medium,student,True,en,America/New_York,free
ff69a019-c493-5697-8548-284bc7a07d8d,2026-04-26 14:07:46+00:00,referral,IN,desktop,medium,new_graduate,False,en,Asia/Kolkata,free
815478b2-bd8c-5d62-9aeb-d4f0f9ec1c78,2026-04-09 00:30:51+00:00,social_ads,CA,desktop,high,student,False,en,America/Toronto,free
8467c5c4-b30a-54db-8b45-36dcd36352d0,2026-04-28 22:13:13+00:00,social_ads,US,desktop,medium,new_graduate,True,en,America/New_York,free
5424cec4-8bca-5238-bf66-dd45efbb01ea,2026-03-19 06:58:31+00:00,organic_search,GB,mobile,medium,new_graduate,True,en,Europe/London,free
a4251f14-7aa6-5191-b81c-601a5e6d6ab1,2026-04-22 02:35:04+00:00,social_ads,IN,desktop,medium,student,True,en,Asia/Kolkata,free
8db5c1df-fb9b-505e-8a84-b3263161bc34,2026-03-07 03:55:05+00:00,campus_event,GB,desktop,high,student,True,en,Europe/London,free
e5c89ead-c1c5-5f2d-8113-d2169e592242,2026-03-11 02:13:57+00:00,referral,US,desktop,medium,new_graduate,True,en,America/New_York,free
eabd3cbd-51d6-51c8-b091-7aa2071782b0,2026-05-02 15:58:38+00:00,organic_search,CN,mobile,medium,student,True,zh,Asia/Shanghai,free
00e1b279-7f93-5de8-aaf7-fa26853d2b58,2026-04-05 18:38:12+00:00,content_marketing,US,tablet,high,new_graduate,True,en,America/New_York,free
c768214a-2acc-55d4-be3c-f2c10ee72083,2026-04-15 20:07:13+00:00,campus_event,FR,mobile,low,early_career,True,fr,Europe/Paris,free
ff277151-befd-5ceb-a1d5-edb616286b7f,2026-04-14 15:14:23+00:00,organic_search,US,mobile,medium,early_career,True,en,America/New_York,free
fec76d3d-5ef6-5013-814a-ea89eb45c2fb,2026-04-20 22:41:27+00:00,organic_search,US,mobile,medium,student,False,en,America/New_York,free
3bd3f7cb-da4a-5e13-80eb-1f89c588f21e,2026-03-20 22:39:25+00:00,organic_search,DE,desktop,high,student,False,de,Europe/Berlin,free
14f8e64e-1bc4-58c8-af17-0df0b1adf856,2026-03-16 07:11:59+00:00,referral,US,desktop,low,new_graduate,True,en,America/New_York,free
376a28f3-6589-5040-afae-c0e845dc2988,2026-03-06 22:27:55+00:00,organic_search,CN,desktop,medium,new_graduate,True,zh,Asia/Shanghai,free
8d65a4d3-08fe-57ab-a5a6-9767405fe8db,2026-05-02 16:03:19+00:00,social_ads,US,desktop,high,early_career,True,en,America/New_York,free
e006dcdc-ae69-52f0-b05d-3be41febd78f,2026-03-19 10:15:55+00:00,campus_event,IN,tablet,medium,new_graduate,True,en,Asia/Kolkata,free
e8a3067b-9fa8-5abc-b032-fd94c092179a,2026-04-12 16:28:51+00:00,referral,US,desktop,medium,student,False,en,America/New_York,free
a514b4e6-d3f8-5d6c-b982-a67a289b4755,2026-04-04 09:18:17+00:00,campus_event,CN,tablet,low,student,True,zh,Asia/Shanghai,free
5aa02440-0978-5723-9513-1996e9537ddc,2026-03-15 04:51:44+00:00,campus_event,CN,desktop,low,early_career,True,zh,Asia/Shanghai,free
71aa3504-eca9-5d5a-a4c8-6a469c512bc0,2026-04-01 13:28:05+00:00,organic_search,US,mobile,medium,new_graduate,True,en,America/New_York,free
dfe6ab8e-a05f-598a-bb7b-6ebbb8039249,2026-03-09 17:46:55+00:00,referral,US,desktop,low,early_career,True,en,America/New_York,free
2be2e84d-bf48-5656-9d86-8ecb868cf83e,2026-03-16 04:33:36+00:00,organic_search,US,desktop,high,new_graduate,False,en,America/New_York,free
f43ea890-a04a-5198-b265-0ca2af3d8ff6,2026-03-13 15:19:58+00:00,organic_search,IN,desktop,medium,early_career,True,en,Asia/Kolkata,free
a2a2c42b-c624-5ac2-aa82-ecd561b35e47,2026-04-29 21:13:54+00:00,content_marketing,US,mobile,high,new_graduate,True,en,America/New_York,free
079d9f65-8f45-5db0-a42c-a1b9685bb8a3,2026-04-12 03:38:37+00:00,organic_search,US,mobile,low,early_career,True,en,America/New_York,free
79a87d0f-dc4c-5f4d-9791-d8924944b2de,2026-05-06 20:56:12+00:00,organic_search,US,mobile,medium,early_career,True,en,America/New_York,free
c9e96ab1-34f9-5f61-a4ec-ef941fc88696,2026-04-03 01:59:30+00:00,campus_event,CN,tablet,high,early_career,True,zh,Asia/Shanghai,free
ba19d2c2-3db5-5bf2-b815-92070fbc4e61,2026-03-17 21:25:57+00:00,organic_search,IN,mobile,low,early_career,True,en,Asia/Kolkata,free
4df491e8-3bb4-55a9-a64f-54b4b0e21c61,2026-04-14 23:49:07+00:00,organic_search,CN,tablet,low,new_graduate,True,zh,Asia/Shanghai,free
8ad46173-61a8-5051-ad7c-c0da0ec2b5d1,2026-05-07 03:22:20+00:00,campus_event,DE,desktop,medium,new_graduate,True,de,Europe/Berlin,free
bba02a0b-5981-5ddf-b57e-0ea434f98105,2026-04-09 17:58:24+00:00,campus_event,IN,desktop,low,new_graduate,True,en,Asia/Kolkata,free
e6fcd528-d9e8-58d8-911a-f3ada8edb0ec,2026-03-05 05:34:38+00:00,campus_event,GB,desktop,low,early_career,True,en,Europe/London,free
2ccd2601-cffd-5ae5-808b-22ee1069946a,2026-03-24 22:48:00+00:00,organic_search,IN,mobile,medium,early_career,True,en,Asia/Kolkata,free
18948453-a8d1-504d-81de-d2611c29ca56,2026-05-06 19:44:15+00:00,social_ads,US,mobile,high,early_career,True,en,America/New_York,free
a41cc721-71f3-5f5e-8b84-d55c03d958c7,2026-04-08 18:23:09+00:00,referral,JP,mobile,low,student,True,ja,Asia/Tokyo,free
5bacfae8-d11b-5baa-992f-9ef9b5ee61a3,2026-05-08 16:23:37+00:00,organic_search,GB,tablet,medium,early_career,False,en,Europe/London,free
ceb7c1bf-0ddc-56b3-8006-f1020b358210,2026-04-08 03:21:08+00:00,organic_search,CN,desktop,medium,early_career,True,zh,Asia/Shanghai,free
ce81952e-0ce2-565a-b83d-7403be76a5d5,2026-03-04 19:57:27+00:00,organic_search,US,mobile,medium,new_graduate,True,en,America/New_York,free
fc5dc704-5648-5fd1-a002-96547c44a373,2026-05-03 05:46:23+00:00,social_ads,US,mobile,medium,new_graduate,True,en,America/New_York,free
db5370d0-b7e5-5bfb-aad4-5988a2608934,2026-04-25 15:33:34+00:00,organic_search,IN,mobile,low,early_career,False,en,Asia/Kolkata,free
e710b96b-8551-5b99-aae1-3fe67b9491ea,2026-04-22 08:27:02+00:00,campus_event,CN,desktop,low,early_career,True,zh,Asia/Shanghai,free
97918524-a994-55cd-a2bf-a1ef756c411f,2026-05-09 22:39:12+00:00,content_marketing,IN,desktop,medium,new_graduate,True,en,Asia/Kolkata,free
1e98424a-13a1-5ed8-9013-e34e613b18f5,2026-03-17 12:53:49+00:00,organic_search,CN,desktop,high,new_graduate,True,zh,Asia/Shanghai,free
1095c2c5-320e-5358-8337-141da32e400e,2026-05-05 12:10:25+00:00,campus_event,CN,mobile,medium,new_graduate,False,zh,Asia/Shanghai,free
e6c35c40-8ec1-54f7-bf18-eebe7fd4eadc,2026-03-20 01:13:27+00:00,organic_search,US,mobile,medium,new_graduate,True,en,America/New_York,free
a44bbe0b-39ba-5b5f-a62b-435ee7b112f5,2026-05-09 23:29:44+00:00,organic_search,US,desktop,high,student,True,en,America/New_York,free
1214eb4c-a24e-5479-b7f6-c24c295b6bc0,2026-03-17 05:00:33+00:00,campus_event,US,mobile,high,student,True,en,America/New_York,free
535b5cb0-d16a-5a88-839e-be04c76a1b24,2026-04-10 23:20:07+00:00,social_ads,GB,mobile,high,early_career,True,en,Europe/London,free
e73ec3a4-f86d-5d2d-949e-971a7007b633,2026-04-27 11:09:12+00:00,content_marketing,CN,tablet,medium,early_career,True,zh,Asia/Shanghai,free
6eaf9298-1101-5a61-9537-0b072bcb396e,2026-03-09 09:25:34+00:00,social_ads,BR,mobile,high,student,True,pt,America/Sao_Paulo,free
cb306d07-eaaa-5d47-8776-0e64dd58203d,2026-03-08 14:27:49+00:00,organic_search,IN,mobile,medium,early_career,True,en,Asia/Kolkata,free
59bf4cfe-b215-5193-b13b-753cefc00b4c,2026-05-01 15:15:02+00:00,social_ads,GB,mobile,medium,new_graduate,False,en,Europe/London,free
06e1370c-fcd2-5edb-be6b-cd6e96c1fb94,2026-03-08 04:03:59+00:00,organic_search,CN,mobile,high,student,True,zh,Asia/Shanghai,free
e0baef27-953c-50c3-aceb-2432f9e81744,2026-04-15 08:29:57+00:00,referral,GB,desktop,medium,new_graduate,True,en,Europe/London,free
8400cc4e-1a45-5d40-9eba-09028fe8c727,2026-05-07 17:41:31+00:00,campus_event,BR,desktop,high,student,True,pt,America/Sao_Paulo,free
d93bd76a-f048-5d24-a146-f10f10da26f1,2026-04-15 10:00:13+00:00,organic_search,IN,tablet,high,student,True,en,Asia/Kolkata,free
f612ac5e-f003-58a5-ad1d-231a3e5986b2,2026-04-06 04:32:12+00:00,social_ads,US,mobile,medium,early_career,False,en,America/New_York,free
62149393-aae8-569a-a48b-c93df14ba3cf,2026-04-01 18:58:18+00:00,campus_event,IN,mobile,low,new_graduate,False,en,Asia/Kolkata,free
24cbb0cf-8708-5d20-92a5-005d34ba1af3,2026-04-17 00:47:55+00:00,campus_event,US,mobile,high,student,True,en,America/New_York,free
8be4efae-2063-5c24-8c04-b6859c976239,2026-04-12 10:58:12+00:00,organic_search,US,mobile,medium,new_graduate,False,en,America/New_York,free
869e643a-3509-51e8-930d-a5aec6a1e804,2026-04-07 14:55:33+00:00,organic_search,IN,desktop,medium,new_graduate,True,en,Asia/Kolkata,free
6bf392ca-9e89-58e5-9eae-994404ad9267,2026-03-14 14:19:40+00:00,organic_search,GB,desktop,low,new_graduate,False,en,Europe/London,free
cc6bdc4e-c614-5bdf-afdf-c8af9d111bec,2026-04-18 17:22:36+00:00,social_ads,US,desktop,high,student,True,en,America/New_York,free
cee26e40-91a8-5af9-83f2-4d0cf934b24c,2026-04-24 01:03:31+00:00,social_ads,US,desktop,high,student,False,en,America/New_York,free
122f9814-0396-5a6b-a243-d909cc6b8dab,2026-04-21 21:51:48+00:00,organic_search,DE,desktop,low,new_graduate,True,de,Europe/Berlin,free
0e01859a-6589-5c3f-83a8-4396724d72cb,2026-03-09 04:13:42+00:00,social_ads,US,mobile,medium,new_graduate,True,en,America/New_York,free
ca574122-e2b4-5dc9-9bf8-c88c642d0367,2026-04-21 11:58:17+00:00,social_ads,US,desktop,high,early_career,True,en,America/New_York,free
c8c57a62-97c6-562a-a3db-866a7056cd9a,2026-04-23 08:31:00+00:00,organic_search,IN,mobile,low,student,False,en,Asia/Kolkata,free
39408f24-d632-536f-b5c2-9dddfca668af,2026-03-16 15:44:04+00:00,content_marketing,GB,tablet,low,early_career,True,en,Europe/London,free
cca1e35b-e00d-5e61-8054-7d14ea9f65a8,2026-05-01 13:54:28+00:00,social_ads,CN,desktop,medium,early_career,True,zh,Asia/Shanghai,free
c2ea5640-4e18-5759-9a19-845c9f23a36c,2026-04-09 03:29:18+00:00,social_ads,CN,mobile,high,student,True,zh,Asia/Shanghai,free
d48bf801-fe29-5d67-a71e-0a9032201234,2026-04-05 14:24:28+00:00,social_ads,US,mobile,medium,student,True,en,America/New_York,free
869f2640-b223-532b-b624-b25191b12900,2026-04-22 20:51:00+00:00,organic_search,US,tablet,low,new_graduate,True,en,America/New_York,free
15196109-f51d-5b10-ab27-cf28a864b015,2026-04-08 04:16:43+00:00,referral,GB,mobile,low,early_career,True,en,Europe/London,free
f0878446-2ee2-5a32-991d-15b1f165ef1a,2026-04-10 14:05:49+00:00,social_ads,GB,desktop,medium,student,False,en,Europe/London,free
520b168e-d4a4-5152-ba9f-55049dbf78cb,2026-03-25 13:01:35+00:00,social_ads,US,desktop,low,student,True,en,America/New_York,free
fb01324a-39cf-5070-8edf-2db8ab0d4f95,2026-05-07 00:33:47+00:00,content_marketing,US,tablet,medium,new_graduate,False,en,America/New_York,free
1dd1d286-5a96-5f92-8b68-159f73279369,2026-05-09 21:25:23+00:00,referral,US,desktop,low,early_career,True,en,America/New_York,free
401b6570-49cb-5095-a4fa-b96212bd68d1,2026-03-12 23:59:37+00:00,referral,US,mobile,high,student,True,en,America/New_York,free
c9d8b811-d915-5e75-bf22-9c4a0b06a1d1,2026-04-23 14:03:13+00:00,organic_search,US,desktop,medium,student,True,en,America/New_York,free
f7ababc7-1b38-5d6d-85f8-eb95e9d708b8,2026-03-05 14:38:30+00:00,organic_search,US,mobile,high,student,True,en,America/New_York,free
d6ba6629-ca31-5ce3-adc4-254eb93ae536,2026-03-29 11:02:41+00:00,campus_event,GB,mobile,low,early_career,True,en,Europe/London,free
64e81f70-820f-51ed-8b74-6adb5c6e2fd3,2026-05-09 22:18:57+00:00,social_ads,US,desktop,medium,new_graduate,True,en,America/New_York,free
f9e2647e-b342-55bc-a8b1-4727d6045334,2026-03-16 01:28:50+00:00,campus_event,IN,desktop,high,new_graduate,True,en,Asia/Kolkata,free
0678be83-e7b1-5212-a017-138a11621aaa,2026-03-30 00:18:36+00:00,campus_event,CN,desktop,medium,early_career,True,zh,Asia/Shanghai,free
5be98d83-3890-5c62-99a3-95a4600bc146,2026-03-19 03:37:24+00:00,organic_search,GB,mobile,low,new_graduate,True,en,Europe/London,free
3c35b0a8-eb95-5188-81a5-968e476d52ea,2026-04-23 05:55:56+00:00,organic_search,FR,mobile,low,early_career,True,fr,Europe/Paris,free
e6ac70e7-57d6-5f71-b0fc-e82c26229dbe,2026-04-05 00:15:18+00:00,social_ads,CN,desktop,medium,student,True,zh,Asia/Shanghai,free
13783667-973c-5669-980e-c8fb1a7119d6,2026-04-13 22:12:07+00:00,organic_search,US,mobile,medium,student,False,en,America/New_York,free
577d5400-6d4b-5201-a2c8-88f19beaf394,2026-05-08 00:53:34+00:00,campus_event,IN,desktop,high,student,True,en,Asia/Kolkata,free
1bbc561d-511c-54d6-9e6b-0367f741a304,2026-04-08 22:51:39+00:00,campus_event,US,mobile,high,student,False,en,America/New_York,free
d3f09433-f9ee-5cd5-b0e6-1e8192055bee,2026-04-23 15:44:45+00:00,social_ads,US,mobile,medium,early_career,False,en,America/New_York,free
219a4a5d-112b-558e-a13f-39ab405c046e,2026-03-10 18:08:08+00:00,campus_event,US,tablet,high,new_graduate,False,en,America/New_York,free
81ab2485-ecf5-521a-9801-2cee1a829ab2,2026-03-18 20:26:36+00:00,social_ads,DE,tablet,medium,student,True,de,Europe/Berlin,free
0919554f-219c-5425-af9c-ed9de3339bf4,2026-05-08 07:59:58+00:00,campus_event,US,desktop,low,early_career,True,en,America/New_York,free
075a1d39-70c4-54fe-8625-9eb22a3417b7,2026-05-02 07:25:58+00:00,organic_search,CN,desktop,low,new_graduate,True,zh,Asia/Shanghai,free
1fdb4391-3a0e-5620-b024-78c5c25308d1,2026-04-18 07:27:20+00:00,campus_event,CN,tablet,high,new_graduate,True,zh,Asia/Shanghai,free
d9aa2dad-e2f2-5f8f-a6f7-ba49279fbd84,2026-03-30 02:17:59+00:00,campus_event,IN,desktop,medium,student,True,en,Asia/Kolkata,free
b42a1c58-c68c-5fdd-adcb-b316c28476a9,2026-03-17 18:52:25+00:00,organic_search,US,desktop,high,early_career,True,en,America/New_York,free
51d56ec9-d7fe-5518-99be-92070f4773df,2026-05-01 18:27:05+00:00,social_ads,DE,desktop,low,new_graduate,True,de,Europe/Berlin,free
44270396-632b-5b24-91ac-25a4fcc39655,2026-04-27 04:27:53+00:00,referral,IN,mobile,low,early_career,False,en,Asia/Kolkata,free
de1fce2f-4ab6-5445-8153-b9272b3eaf18,2026-03-20 16:15:15+00:00,organic_search,CN,mobile,high,early_career,True,zh,Asia/Shanghai,free
8817b0fa-eb8e-5adf-a68f-432e953e6c17,2026-04-13 16:45:40+00:00,campus_event,CN,tablet,high,new_graduate,False,zh,Asia/Shanghai,free
82a3be47-3588-564a-94e5-fa86a3c0788c,2026-04-15 16:30:06+00:00,content_marketing,GB,desktop,high,student,False,en,Europe/London,free
051b47f1-c577-533f-9deb-9087492789b6,2026-04-05 22:40:48+00:00,referral,GB,desktop,low,new_graduate,False,en,Europe/London,free
b81c2c05-63ea-5713-8bc9-8ade7ebf742e,2026-05-06 22:33:57+00:00,social_ads,CN,desktop,medium,student,True,zh,Asia/Shanghai,free
8a601995-dd48-52b7-a845-1eb825cab93b,2026-03-12 13:30:37+00:00,campus_event,US,mobile,medium,early_career,False,en,America/New_York,free
a9d326e2-69d7-5df0-ab94-aa1acc21868e,2026-03-21 19:04:19+00:00,content_marketing,US,desktop,high,student,True,en,America/New_York,free
01f2ac42-7639-56f5-b315-39fd599e7ec7,2026-03-10 13:22:01+00:00,social_ads,US,tablet,low,student,False,en,America/New_York,free
fc36721f-a1ff-57d0-94b2-e02e514acb07,2026-04-20 19:29:10+00:00,organic_search,US,mobile,medium,new_graduate,True,en,America/New_York,free
4563145c-f0f4-5834-a96a-19dbcb5124d4,2026-04-17 10:28:47+00:00,organic_search,US,mobile,low,new_graduate,True,en,America/New_York,free
30b2e928-f594-53df-83d0-b05c247b7169,2026-05-11 02:59:21+00:00,campus_event,US,mobile,medium,new_graduate,True,en,America/New_York,free
9364aa72-8808-5ad2-a03e-e2c4d76c4982,2026-04-10 10:04:21+00:00,social_ads,DE,mobile,low,early_career,True,de,Europe/Berlin,free
d0f1520d-b6ed-5b67-ad3c-7c5241d0e058,2026-03-14 09:23:25+00:00,organic_search,GB,mobile,high,early_career,False,en,Europe/London,free
02e6460b-6a08-5af6-993b-f464d90398d3,2026-04-04 02:39:34+00:00,organic_search,GB,desktop,low,early_career,True,en,Europe/London,free
937ee533-a4d0-53f9-a1bf-79e9ab3a1c33,2026-03-10 02:23:38+00:00,campus_event,IN,mobile,medium,new_graduate,True,en,Asia/Kolkata,free
647461ad-e8e3-51ba-8c05-b2f2230eb134,2026-04-19 07:01:48+00:00,social_ads,IN,mobile,high,new_graduate,True,en,Asia/Kolkata,free
8198568e-df06-5195-ab3b-192f8fa79420,2026-04-19 12:28:01+00:00,referral,US,mobile,low,early_career,False,en,America/New_York,free
76ca9413-bd0d-544a-a440-a070033063e2,2026-05-02 04:16:08+00:00,campus_event,IN,desktop,low,student,True,en,Asia/Kolkata,free
e7102848-f890-57af-a8ac-8b6f40189469,2026-03-27 10:36:08+00:00,content_marketing,US,tablet,medium,student,False,en,America/New_York,free
99c4fba1-10f5-5553-9693-a40d6c0678d4,2026-03-25 09:33:39+00:00,referral,CN,tablet,medium,student,False,zh,Asia/Shanghai,free
f92dff20-cf3c-539c-8def-050364c8cf8a,2026-03-08 21:58:50+00:00,organic_search,FR,mobile,medium,new_graduate,True,fr,Europe/Paris,free
b2914901-2dd7-5ae3-9a75-e962dc7701fc,2026-04-01 15:29:33+00:00,campus_event,DE,tablet,medium,new_graduate,True,de,Europe/Berlin,free
1fea0164-3876-5151-9915-8335cce4e896,2026-04-05 19:06:20+00:00,organic_search,US,mobile,low,student,True,en,America/New_York,free
c11fb25a-38ba-561e-8a30-69587e7bd89e,2026-04-25 01:25:25+00:00,content_marketing,IN,desktop,high,student,False,en,Asia/Kolkata,free
e9c49337-4137-5ee6-add7-0248d3570a85,2026-04-25 00:14:38+00:00,organic_search,US,mobile,low,student,True,en,America/New_York,free
106e764b-5b23-5557-ab82-521b2c051cb6,2026-03-13 16:15:28+00:00,campus_event,US,desktop,medium,new_graduate,False,en,America/New_York,free
b4f83090-99dd-58d0-bcb4-265e14cfcf81,2026-03-23 16:09:44+00:00,referral,US,mobile,high,student,False,en,America/New_York,free
773ff9fa-d34f-5ed6-b7e6-f9c8d5cb71b7,2026-04-08 06:59:50+00:00,organic_search,US,mobile,high,early_career,True,en,America/New_York,free
68076236-a2c0-534a-bb17-fbe8e6ddd8d5,2026-03-27 02:50:14+00:00,referral,IN,desktop,low,early_career,True,en,Asia/Kolkata,free
4d358979-d922-59cb-8445-c5c2b71ee230,2026-03-05 18:18:19+00:00,organic_search,CN,desktop,low,early_career,True,zh,Asia/Shanghai,free
d66eab2c-e888-508e-b835-d425f5153fa2,2026-05-01 08:28:40+00:00,social_ads,US,mobile,medium,early_career,True,en,America/New_York,free
75174274-c631-5cb5-9c7f-60979a3ab291,2026-04-23 10:59:15+00:00,social_ads,JP,mobile,medium,early_career,False,ja,Asia/Tokyo,free
cbadd356-cb37-5f40-a348-37ddfaa05da2,2026-04-08 21:14:19+00:00,social_ads,CN,tablet,medium,new_graduate,True,zh,Asia/Shanghai,free
ff944f61-7177-5ec8-9093-a8285f6f5579,2026-03-25 21:45:47+00:00,social_ads,CN,desktop,medium,new_graduate,True,zh,Asia/Shanghai,free
a518dea9-a397-5d59-bca5-14a1a3b1528e,2026-05-01 03:33:49+00:00,content_marketing,CN,mobile,low,early_career,True,zh,Asia/Shanghai,free
9b0ddbac-026f-53db-b9cf-a1d1dda2daf1,2026-03-06 10:25:31+00:00,organic_search,CN,desktop,medium,new_graduate,False,zh,Asia/Shanghai,free
ee0ddae2-413f-5186-a6d8-215276dafb36,2026-04-03 19:13:14+00:00,social_ads,CN,desktop,medium,student,True,zh,Asia/Shanghai,free
e7478d72-a5e2-562c-96ec-9c98014c9277,2026-04-28 06:23:26+00:00,referral,IN,mobile,high,student,True,en,Asia/Kolkata,free
367ca3dc-d175-50f9-a6eb-092cae57d76a,2026-05-08 18:07:35+00:00,campus_event,DE,desktop,medium,new_graduate,True,de,Europe/Berlin,free
ab6e606f-412a-51d6-b730-47fd1ca964e8,2026-03-21 08:20:50+00:00,organic_search,US,mobile,low,early_career,False,en,America/New_York,free
d102188a-c067-56c9-a8fc-d5283a9e6d2e,2026-04-17 21:42:56+00:00,content_marketing,CN,desktop,medium,new_graduate,True,zh,Asia/Shanghai,free
311ddf5a-347e-528f-8459-69b4fbd03c08,2026-03-17 02:07:05+00:00,organic_search,US,desktop,medium,student,True,en,America/New_York,free
c85c662c-c84b-575f-9744-eacbc5399d13,2026-03-11 23:55:41+00:00,social_ads,DE,mobile,high,new_graduate,False,de,Europe/Berlin,free
3685768a-a747-5976-b51b-f13cccf579a5,2026-03-28 08:36:17+00:00,social_ads,US,desktop,high,early_career,True,en,America/New_York,free
9ed3f3f2-7434-58fc-ac6e-68e2d8ac6de0,2026-05-04 01:42:49+00:00,campus_event,US,desktop,high,early_career,True,en,America/New_York,free
e7f8428e-1564-5972-831c-8dc5a7bcba45,2026-04-20 13:46:16+00:00,organic_search,AU,desktop,medium,new_graduate,True,en,Australia/Sydney,free
f9a43e6a-dbe1-5d88-a982-e8c35d80a5fc,2026-04-06 18:13:22+00:00,organic_search,CN,desktop,high,student,True,zh,Asia/Shanghai,free
996fe755-206d-5f63-9f93-9b42093870d6,2026-03-23 12:20:49+00:00,campus_event,US,mobile,low,student,True,en,America/New_York,free
883d03d7-c13d-59be-aba5-6f0fbd675a76,2026-03-13 18:33:13+00:00,organic_search,US,desktop,medium,early_career,True,en,America/New_York,free
1604d1e0-f4b3-50b8-af29-0028092e0c12,2026-03-22 16:23:11+00:00,social_ads,CN,mobile,medium,student,True,zh,Asia/Shanghai,free
74d2e496-45ee-5765-8648-86e1f542aaa5,2026-03-14 12:51:16+00:00,campus_event,JP,mobile,high,early_career,True,ja,Asia/Tokyo,free
06e01bf5-7f9b-5aa4-947b-98e317d62346,2026-03-16 21:48:49+00:00,campus_event,CN,mobile,high,student,True,zh,Asia/Shanghai,free
ebe1969a-f93f-56f1-b60a-43c695e41f9d,2026-04-20 10:33:21+00:00,organic_search,US,mobile,low,early_career,True,en,America/New_York,free
9cf2283d-78f3-52c6-a564-1913504b6f43,2026-03-13 03:44:54+00:00,organic_search,CN,mobile,high,student,True,zh,Asia/Shanghai,free
de50aef8-4603-52fc-9ff1-c42888ddd9a4,2026-03-07 06:26:54+00:00,content_marketing,CN,tablet,high,new_graduate,True,zh,Asia/Shanghai,free
bcf5739d-23cb-54c9-b442-919a064b7f65,2026-04-10 10:06:55+00:00,social_ads,US,desktop,high,new_graduate,True,en,America/New_York,free
79f60c70-945a-5687-80bc-ffb13e061240,2026-03-23 18:35:56+00:00,organic_search,DE,mobile,medium,early_career,False,de,Europe/Berlin,free
652612d5-42f6-5621-9d7c-23748beb8392,2026-04-04 09:01:28+00:00,organic_search,US,desktop,high,early_career,True,en,America/New_York,free
976f5e13-42a3-5336-97f5-bfc902ba39ee,2026-03-13 15:29:16+00:00,organic_search,DE,mobile,high,student,False,de,Europe/Berlin,free
b4b46ff6-df02-5e42-bbc8-5da221f75249,2026-03-18 11:43:22+00:00,content_marketing,GB,mobile,medium,student,True,en,Europe/London,free
9c4e75fe-e803-592b-8a41-c6fbc9b5a219,2026-04-03 10:25:26+00:00,organic_search,US,desktop,medium,student,True,en,America/New_York,free
f5261de1-d72e-5c51-abe7-d1d6fae14fb6,2026-04-20 14:40:37+00:00,organic_search,IN,desktop,high,new_graduate,True,en,Asia/Kolkata,free
0fa54e96-9a75-5cbc-aa51-348588c17da0,2026-04-01 14:10:10+00:00,social_ads,GB,desktop,high,new_graduate,True,en,Europe/London,free
b59cd409-60c9-59b7-8940-4dca0ad793a2,2026-04-10 09:04:54+00:00,organic_search,IN,desktop,medium,student,False,en,Asia/Kolkata,free
9c08c01f-8714-5b29-a4b4-cc188f709859,2026-04-09 00:13:37+00:00,organic_search,CN,mobile,high,early_career,True,zh,Asia/Shanghai,free
269ae2f7-26ed-5807-9bdf-6d5f4dff9e44,2026-03-22 13:13:57+00:00,content_marketing,US,desktop,low,student,True,en,America/New_York,free
af4fb9f1-3607-531f-9e92-52646f626e95,2026-03-23 07:04:38+00:00,campus_event,US,mobile,medium,student,True,en,America/New_York,free
11c74d90-c591-5f20-bc18-7d9c5797aaad,2026-04-02 08:59:55+00:00,organic_search,IN,tablet,medium,student,True,en,Asia/Kolkata,free
c488be9a-42a1-5ed6-b66c-2900976590d1,2026-03-06 05:03:50+00:00,social_ads,US,desktop,medium,new_graduate,True,en,America/New_York,free
a63edb0d-019d-547f-bc03-0e1808e666e5,2026-04-20 07:00:50+00:00,organic_search,US,desktop,medium,student,True,en,America/New_York,free
e6720aaf-cd00-5df0-a5af-8a3d56e70d02,2026-04-15 09:25:23+00:00,organic_search,CN,desktop,medium,early_career,False,zh,Asia/Shanghai,free
c4477cd5-07df-516c-a342-5c1b1158c3da,2026-03-25 02:57:21+00:00,social_ads,US,tablet,medium,new_graduate,True,en,America/New_York,free
cbd897b2-abc2-5dd2-be34-22b81f65f660,2026-03-29 18:52:36+00:00,social_ads,GB,desktop,low,new_graduate,True,en,Europe/London,free
f01840a7-cd57-5a8f-b29a-29ff756df9e6,2026-03-26 16:19:41+00:00,campus_event,GB,desktop,low,student,True,en,Europe/London,free
00b4e4a6-170b-5ec7-84a5-390a83b7e4b9,2026-04-17 22:36:37+00:00,referral,GB,tablet,medium,early_career,True,en,Europe/London,free
4e142660-0fdb-58ea-9aaf-c030e4f74154,2026-04-25 10:05:46+00:00,organic_search,US,mobile,medium,early_career,True,en,America/New_York,free
9240b821-8afa-5999-97e4-955653933a0b,2026-03-11 11:57:08+00:00,content_marketing,CN,desktop,low,new_graduate,True,zh,Asia/Shanghai,free
f1367bde-c48a-5504-a644-d049d2065ecc,2026-04-01 12:27:21+00:00,social_ads,GB,tablet,low,student,False,en,Europe/London,free
68399ba5-e6f3-5152-b166-67f3ffe2c294,2026-03-04 22:48:54+00:00,organic_search,CN,tablet,low,student,True,zh,Asia/Shanghai,free
9bb362e1-c6aa-5351-b91f-15f1790d9794,2026-04-04 04:55:32+00:00,referral,IN,mobile,low,student,True,en,Asia/Kolkata,free
352aa7ee-ffc6-5c4b-985e-4f01cb11fb90,2026-03-21 03:10:29+00:00,organic_search,CN,desktop,high,student,True,zh,Asia/Shanghai,free
ff014043-c06b-549f-b763-120eb2999553,2026-03-27 04:05:24+00:00,social_ads,US,mobile,medium,new_graduate,True,en,America/New_York,free
cf8312a0-1fae-54f3-9bda-4fc20c731fe1,2026-04-04 12:02:31+00:00,campus_event,US,desktop,medium,student,True,en,America/New_York,free
c9abf2bd-bd47-50b5-8ab5-5d87c2555eaa,2026-03-26 08:05:10+00:00,organic_search,IN,mobile,medium,early_career,True,en,Asia/Kolkata,free
1000cac6-7618-5096-a840-0051c18eeea0,2026-03-31 04:34:58+00:00,referral,US,desktop,low,new_graduate,False,en,America/New_York,free
7c9a0518-372f-54d0-aeb0-5fe4ad5c4807,2026-04-25 18:27:36+00:00,organic_search,DE,mobile,medium,new_graduate,True,de,Europe/Berlin,free
c2f1b95f-2a56-5d0d-981c-a33205e4a5dc,2026-04-28 21:51:38+00:00,referral,CN,mobile,high,early_career,False,zh,Asia/Shanghai,free
d3b1cc46-22da-56de-a26c-5c6eb4863a08,2026-03-04 09:42:33+00:00,organic_search,US,tablet,low,student,False,en,America/New_York,free
d4999f3d-6f20-5958-9c19-562f2467afe5,2026-03-30 01:41:55+00:00,organic_search,IN,mobile,low,student,True,en,Asia/Kolkata,free
9c03ff87-d1e8-58ec-b53c-3e4c6bc5e652,2026-05-01 10:26:35+00:00,social_ads,CN,desktop,medium,new_graduate,False,zh,Asia/Shanghai,free
438dd8a0-6b5c-5c5d-b273-59bc470d846e,2026-04-09 14:24:37+00:00,referral,US,desktop,low,new_graduate,True,en,America/New_York,free
32701066-343c-598f-84bf-2d4f0f6ee381,2026-03-18 03:56:39+00:00,organic_search,FR,mobile,low,early_career,True,fr,Europe/Paris,free
9bc539aa-65fc-53b8-998d-384ea583c367,2026-04-13 22:51:41+00:00,referral,IN,desktop,medium,early_career,True,en,Asia/Kolkata,free
0a2e43bd-474b-53fc-a25e-fa0ff8b302f3,2026-03-14 00:00:07+00:00,organic_search,CN,desktop,medium,new_graduate,True,zh,Asia/Shanghai,free
df12a872-4c1c-5d95-a4f8-299385d13f3e,2026-03-05 12:09:09+00:00,social_ads,GB,mobile,low,early_career,True,en,Europe/London,free
bbc2ba8a-c582-5f35-a21f-356b136c782a,2026-04-16 15:17:47+00:00,social_ads,CN,desktop,high,student,False,zh,Asia/Shanghai,free
11eaee65-e7bf-5516-a388-cdd9111dc146,2026-04-08 13:03:38+00:00,organic_search,CN,desktop,low,student,True,zh,Asia/Shanghai,free
a8e1bcb6-ba7b-5383-be7f-179ee13bf884,2026-04-25 04:45:58+00:00,content_marketing,US,mobile,medium,student,True,en,America/New_York,free
71062289-6d6e-5a0a-a795-6efe50d47a9b,2026-03-27 19:02:25+00:00,social_ads,US,tablet,medium,new_graduate,True,en,America/New_York,free
9ecdbf10-5ca8-5ea3-bfad-0d6740f67d3d,2026-05-01 22:41:33+00:00,campus_event,CN,mobile,medium,student,False,zh,Asia/Shanghai,free
e242cb52-0ed1-506b-a3b3-d8b3ff413124,2026-04-02 01:38:22+00:00,social_ads,CN,desktop,medium,student,True,zh,Asia/Shanghai,free
8c2bc19e-de39-5c3d-81db-660178af18a9,2026-04-23 22:09:36+00:00,social_ads,IN,mobile,medium,early_career,True,en,Asia/Kolkata,free
874ee5c0-df23-56e9-abfd-cfe5a1c3b950,2026-03-10 22:04:32+00:00,campus_event,CN,tablet,medium,student,True,zh,Asia/Shanghai,free
03526658-8735-5f67-9509-40227d06b159,2026-03-10 16:53:01+00:00,referral,CN,desktop,high,student,False,zh,Asia/Shanghai,free
ac605a0b-c815-5a96-af3b-0fdfda13db67,2026-04-27 00:21:02+00:00,campus_event,GB,mobile,medium,student,True,en,Europe/London,free
9bbe60e0-dd35-5b12-bd37-0f9545242a2a,2026-04-30 13:04:50+00:00,social_ads,AU,mobile,medium,student,True,en,Australia/Sydney,free
7b15e79f-86fa-5074-94f3-e16b87ae3905,2026-05-08 00:37:16+00:00,campus_event,US,mobile,high,student,True,en,America/New_York,free
257c71e9-29c5-5852-a685-60f64a1bdaa4,2026-03-26 09:34:27+00:00,campus_event,CA,desktop,low,student,True,en,America/Toronto,free
a5a18606-1934-5482-a5d3-5d1b74f6c9db,2026-03-05 12:52:36+00:00,social_ads,GB,tablet,high,student,True,en,Europe/London,free
36161778-49d7-54fd-b7b4-db9dc1214403,2026-05-10 14:43:17+00:00,campus_event,US,desktop,low,early_career,False,en,America/New_York,free
70a43843-d341-5194-9a26-d8f86329311a,2026-04-14 11:52:22+00:00,social_ads,US,desktop,medium,student,True,en,America/New_York,free
9c435cf4-3c3d-5f2f-b1e7-819e722d2ccf,2026-03-21 01:13:59+00:00,campus_event,US,desktop,medium,new_graduate,True,en,America/New_York,free
51babe37-f23f-5164-9424-9cc911b2fb14,2026-04-25 16:55:31+00:00,content_marketing,IN,mobile,medium,new_graduate,False,en,Asia/Kolkata,free
f5a8a3fc-b1d0-5f36-a62b-c5de12e709c1,2026-05-05 08:51:04+00:00,content_marketing,CN,desktop,low,early_career,True,zh,Asia/Shanghai,free
39d3194c-a15e-559b-bef8-45e64edeadfd,2026-03-23 15:38:27+00:00,referral,CN,mobile,medium,early_career,True,zh,Asia/Shanghai,free
12d936ea-e192-5881-bf33-30057a467568,2026-04-26 02:34:15+00:00,campus_event,GB,tablet,high,new_graduate,True,en,Europe/London,free
6dbb4b54-df00-571e-b4d4-4b55e3441a1a,2026-04-27 08:11:30+00:00,campus_event,US,desktop,high,student,True,en,America/New_York,free
83bef92a-9619-5f2e-8670-da950a581c57,2026-04-07 14:47:18+00:00,organic_search,CN,mobile,medium,student,True,zh,Asia/Shanghai,free
e7c8007c-7e33-5c27-9593-944678f38fd3,2026-04-16 15:10:46+00:00,social_ads,DE,tablet,low,student,True,de,Europe/Berlin,free
f763632a-769c-5784-829f-c3996b73c98f,2026-03-22 14:19:28+00:00,organic_search,JP,desktop,medium,early_career,True,ja,Asia/Tokyo,free
8f934db6-0a13-52dd-baca-fb892e5fc456,2026-05-07 02:41:34+00:00,organic_search,GB,mobile,medium,new_graduate,False,en,Europe/London,free
87a23e2c-0099-543e-88ea-8ebb452c1484,2026-05-10 20:01:10+00:00,content_marketing,US,tablet,low,student,True,en,America/New_York,free
cacddc44-919e-5096-b2c0-b28b68fcaad9,2026-05-10 16:32:37+00:00,referral,US,mobile,high,student,True,en,America/New_York,free
8848e81b-82cd-5271-ba4f-f453db2b12e1,2026-04-23 20:40:43+00:00,social_ads,US,mobile,medium,early_career,True,en,America/New_York,free
d3c3b0dc-2f6d-515b-bd1b-3724fb1a11fb,2026-03-06 22:07:29+00:00,organic_search,CN,tablet,medium,new_graduate,False,zh,Asia/Shanghai,free
d9fe540f-ddff-55ff-861d-057537eb1976,2026-03-29 06:50:58+00:00,campus_event,US,mobile,medium,student,True,en,America/New_York,free
138f3161-311b-5dff-b118-d1f89b7abfc1,2026-04-03 16:48:59+00:00,social_ads,CA,desktop,low,early_career,True,en,America/Toronto,free
3f7d3ef8-0015-52aa-92d9-8d797c7f7a9e,2026-05-09 05:29:55+00:00,referral,IN,desktop,medium,new_graduate,False,en,Asia/Kolkata,free
4ca306d9-7219-5b90-b03f-11d9eeb4ab66,2026-04-10 17:48:41+00:00,content_marketing,CN,mobile,medium,new_graduate,True,zh,Asia/Shanghai,free
3d8ec865-5423-528d-8e3e-4ec379c2171d,2026-04-09 23:53:43+00:00,organic_search,US,desktop,medium,new_graduate,False,en,America/New_York,free
15eaf51f-ca2d-5d60-8a1a-22ada0ac189a,2026-03-14 03:00:23+00:00,organic_search,CN,desktop,medium,new_graduate,True,zh,Asia/Shanghai,free
6fc8db36-c0cf-5df4-8e49-e483282a2723,2026-04-27 18:24:02+00:00,organic_search,CN,desktop,medium,student,False,zh,Asia/Shanghai,free
0fb67d8d-9419-5333-968d-141ce8a4c1f5,2026-03-27 04:53:20+00:00,organic_search,IN,mobile,medium,early_career,True,en,Asia/Kolkata,free
c9925134-2728-5bbb-82b7-07a89edd845e,2026-03-10 08:08:23+00:00,social_ads,US,mobile,high,early_career,False,en,America/New_York,free
aeeea4a7-01cb-5c5a-a774-a841a268e5fc,2026-05-11 03:32:38+00:00,organic_search,GB,desktop,medium,new_graduate,True,en,Europe/London,free
5f6c14e0-4d56-5fce-8681-8f9d8e502c9c,2026-03-17 02:45:25+00:00,organic_search,US,desktop,medium,new_graduate,True,en,America/New_York,free
dd264e02-eb03-53ce-9e8e-6c3b8a5e1656,2026-03-05 02:52:38+00:00,organic_search,US,desktop,high,early_career,False,en,America/New_York,free
e274c3c8-2c44-5dbf-8ac6-dfe0d73faa1f,2026-03-09 08:53:54+00:00,organic_search,AU,desktop,medium,student,True,en,Australia/Sydney,free
2cedc988-2c31-595c-b659-bbedeab2722a,2026-04-04 05:21:10+00:00,campus_event,US,mobile,medium,student,True,en,America/New_York,free
b00e67d2-f484-5c4a-9a2b-60daba2a57b7,2026-03-11 02:24:30+00:00,organic_search,US,desktop,high,early_career,True,en,America/New_York,free
057c6b03-e704-5a49-82c7-58cd873e5169,2026-05-01 03:26:08+00:00,referral,IN,tablet,medium,student,True,en,Asia/Kolkata,free
4cd773d4-9dfc-56af-b13d-de4caafe0b69,2026-04-08 08:36:48+00:00,organic_search,CN,desktop,high,new_graduate,True,zh,Asia/Shanghai,free
d1374367-5625-5f79-9c24-d92e312e0b03,2026-03-26 08:22:48+00:00,organic_search,US,desktop,medium,new_graduate,True,en,America/New_York,free
2c320230-510c-54a6-a37e-d0ccd4e5765d,2026-03-04 05:12:57+00:00,organic_search,US,tablet,medium,student,True,en,America/New_York,free
815a601f-3199-5e4c-816a-c1ce60ac738a,2026-04-06 02:32:45+00:00,campus_event,US,desktop,low,student,True,en,America/New_York,free
ffb71a8e-914e-5cf1-8eda-70d06b0586e5,2026-03-14 10:33:33+00:00,organic_search,CN,desktop,low,early_career,True,zh,Asia/Shanghai,free
e86f316b-e1d8-5d73-8906-a64f4461c91f,2026-05-10 11:38:36+00:00,social_ads,US,desktop,medium,student,True,en,America/New_York,free
b9cd2f76-c716-5a04-8d65-731a82379793,2026-03-24 02:02:31+00:00,organic_search,GB,mobile,low,student,True,en,Europe/London,free
c1b76d09-03df-53a6-bba3-47e85976d079,2026-04-05 18:23:44+00:00,content_marketing,DE,desktop,medium,student,True,de,Europe/Berlin,free
74c2c8d3-d653-5b82-b78d-cac6e58051bc,2026-03-05 06:50:11+00:00,organic_search,US,mobile,low,student,True,en,America/New_York,free
078745ae-86ba-5812-9979-b323a2e09f58,2026-03-13 00:48:19+00:00,social_ads,US,mobile,low,new_graduate,True,en,America/New_York,free
6fd346ac-4053-5af5-b838-e3957658ffbf,2026-03-18 07:35:50+00:00,referral,US,tablet,medium,early_career,True,en,America/New_York,free
efb5c804-6785-5eff-968e-107c9d03c189,2026-03-07 13:39:01+00:00,organic_search,US,mobile,medium,new_graduate,True,en,America/New_York,free
36502149-894e-5dff-bfe1-9455de02f0a3,2026-04-23 02:14:42+00:00,organic_search,US,mobile,medium,new_graduate,True,en,America/New_York,free
1a3505aa-4f64-5ad2-bb65-49b602303656,2026-05-08 05:36:34+00:00,referral,GB,mobile,high,student,True,en,Europe/London,free
3c8da48f-1708-5712-be38-25ef1ee64b93,2026-05-10 23:44:53+00:00,organic_search,US,mobile,low,early_career,True,en,America/New_York,free
52c8f6cc-ccd7-5dc6-a747-cd6bfb4f37eb,2026-03-22 08:10:48+00:00,organic_search,CN,mobile,low,early_career,True,zh,Asia/Shanghai,free
d1a040c7-8cdf-5f51-a5a2-196c00c8ae57,2026-04-27 10:09:48+00:00,social_ads,IN,mobile,high,early_career,True,en,Asia/Kolkata,free
c7bb3e1f-94e2-568a-bcc4-88ee614b3974,2026-04-07 18:43:46+00:00,organic_search,GB,desktop,high,student,True,en,Europe/London,free
5d3b2454-8361-5d25-8597-f3abf8950bb3,2026-03-07 03:56:22+00:00,content_marketing,US,mobile,medium,student,True,en,America/New_York,free
917acd14-9713-5e36-8f6f-8372ceac45fc,2026-03-10 06:12:06+00:00,campus_event,US,desktop,medium,student,False,en,America/New_York,free
4102245f-3bab-589d-8dbb-da38a60498ee,2026-04-10 19:08:03+00:00,social_ads,JP,mobile,high,student,True,ja,Asia/Tokyo,free
acddd0eb-2cfd-586b-b36e-95cffcc0dd3e,2026-04-02 05:34:21+00:00,organic_search,US,desktop,medium,student,True,en,America/New_York,free
fabc9e8f-d7b6-5a46-b784-40136bdb0361,2026-03-04 13:52:46+00:00,campus_event,IN,desktop,low,early_career,False,en,Asia/Kolkata,free
5b0dcd59-b56e-59b0-a356-a3bfdbbb4a34,2026-05-07 04:15:16+00:00,campus_event,IN,desktop,low,student,True,en,Asia/Kolkata,free
83f73c08-0ea5-5c3a-a232-8655abeb99c6,2026-04-23 09:26:15+00:00,organic_search,CN,desktop,low,student,True,zh,Asia/Shanghai,free
92c4eee5-d219-5cd2-af36-528a1315ce28,2026-04-07 15:59:44+00:00,referral,US,desktop,high,early_career,True,en,America/New_York,free
9fce1622-df6d-5652-b7d8-06e54c9da35c,2026-05-11 02:27:42+00:00,social_ads,US,desktop,medium,early_career,True,en,America/New_York,free
44e47753-0f56-5cee-a4d4-0c36234d630a,2026-05-10 00:11:58+00:00,campus_event,CN,mobile,low,student,True,zh,Asia/Shanghai,free
fc0cc375-d35c-5a6d-9e7f-b072b46e780b,2026-05-10 04:51:49+00:00,organic_search,CN,desktop,low,student,True,zh,Asia/Shanghai,free
a360b001-0d0a-54ec-a043-fe2e4f9cd8ae,2026-03-21 20:37:53+00:00,organic_search,GB,tablet,low,early_career,True,en,Europe/London,free
e53c65d4-cff7-5d96-a61e-e1459fa27405,2026-05-03 18:45:18+00:00,campus_event,IN,mobile,medium,early_career,False,en,Asia/Kolkata,free
34d159bf-f01a-51f0-ae23-94c080495692,2026-04-07 19:31:35+00:00,campus_event,CA,desktop,high,new_graduate,True,en,America/Toronto,free
2f6576d2-9f55-5c52-a003-fd3ffee9a747,2026-04-23 02:18:59+00:00,social_ads,JP,desktop,medium,student,False,ja,Asia/Tokyo,free
41239631-7e89-57ec-a1d5-a723b8150d90,2026-05-02 07:22:57+00:00,organic_search,IN,desktop,high,new_graduate,True,en,Asia/Kolkata,free
5898c7c6-72df-554e-8931-9f6ec299edf3,2026-03-15 06:28:06+00:00,referral,US,desktop,low,early_career,True,en,America/New_York,free
a9f95dd7-e4b1-54fc-b2c1-b5ff1bd128f5,2026-04-03 22:18:20+00:00,organic_search,CN,mobile,medium,student,False,zh,Asia/Shanghai,free
4f4353a4-1cb7-56de-86fa-0f626ffb83e6,2026-03-12 21:27:24+00:00,organic_search,IN,mobile,medium,student,True,en,Asia/Kolkata,free
3b315fd5-616e-5b47-a938-c4a55739353d,2026-03-23 06:49:50+00:00,campus_event,CN,mobile,low,early_career,True,zh,Asia/Shanghai,free
48d42737-c268-51a0-84e1-1f1a496f9b99,2026-04-01 12:47:00+00:00,organic_search,US,desktop,medium,new_graduate,True,en,America/New_York,free
d8b60df8-90f1-56c8-bf05-047b0fbf178d,2026-05-02 00:40:00+00:00,organic_search,CN,mobile,high,student,True,zh,Asia/Shanghai,free
83cb381a-c333-5f32-af57-f45e834bac97,2026-05-02 12:34:27+00:00,organic_search,US,desktop,low,early_career,False,en,America/New_York,free
77d52b30-df1a-5fe6-93c8-bb65936b8df3,2026-03-30 21:39:24+00:00,content_marketing,US,mobile,medium,new_graduate,True,en,America/New_York,free
0f40f365-4190-5fcc-b21a-43c50a187aac,2026-03-26 17:08:47+00:00,organic_search,GB,tablet,high,student,False,en,Europe/London,free
b25c6d9e-548e-5cc5-8f10-dde0796567ad,2026-04-09 14:52:38+00:00,campus_event,CN,desktop,high,student,True,zh,Asia/Shanghai,free
e94fb97c-6cca-5179-94c2-e74a31c43227,2026-05-05 22:03:27+00:00,content_marketing,CN,mobile,medium,student,False,zh,Asia/Shanghai,free
be9f82c7-b476-5e74-8117-6e9778ecfedd,2026-05-10 09:07:42+00:00,campus_event,CN,mobile,low,early_career,True,zh,Asia/Shanghai,free
a9042cba-98ed-5455-a982-13b0d716f4a8,2026-03-19 15:31:16+00:00,social_ads,CN,mobile,high,student,True,zh,Asia/Shanghai,free
339da7a1-5592-59e6-a707-0fb96d443bb3,2026-03-16 20:48:57+00:00,social_ads,US,desktop,low,early_career,False,en,America/New_York,free
9efbbbdd-f4fc-5a5e-972b-a8771eec8302,2026-04-21 18:25:06+00:00,social_ads,CN,mobile,low,new_graduate,True,zh,Asia/Shanghai,free
9142c452-a1cb-507d-9b82-3d06e09d2900,2026-03-24 19:07:09+00:00,social_ads,US,desktop,low,early_career,True,en,America/New_York,free
0e26fe3c-0d7d-50a8-9db6-1e029e24b5e3,2026-03-17 18:48:22+00:00,content_marketing,IN,desktop,medium,early_career,False,en,Asia/Kolkata,free
cb3d5f96-5475-585f-abcb-dcd2eca2a8a9,2026-03-06 03:27:03+00:00,campus_event,US,mobile,medium,early_career,True,en,America/New_York,free
63122335-eadf-5b89-9a33-2741413ee789,2026-03-31 19:43:06+00:00,social_ads,AU,desktop,high,early_career,True,en,Australia/Sydney,free
ca4eec53-957a-5355-b3b8-7e03e66d0e7d,2026-03-31 00:52:58+00:00,organic_search,GB,desktop,medium,student,True,en,Europe/London,free
9c112212-f103-5b1c-94d7-18495eb99058,2026-04-11 20:25:27+00:00,referral,CN,tablet,high,student,False,zh,Asia/Shanghai,free
7e6597e7-006e-5cb6-89e5-f9503519f9f0,2026-03-17 19:30:12+00:00,organic_search,US,desktop,medium,student,True,en,America/New_York,free
002f4bcf-2d1d-52a6-bff7-579bfac21763,2026-04-22 06:59:23+00:00,referral,CN,mobile,medium,new_graduate,True,zh,Asia/Shanghai,free
3e332e55-8ab1-5a88-8c80-1926270858ff,2026-04-19 22:08:15+00:00,organic_search,IN,mobile,low,student,True,en,Asia/Kolkata,free
2d53c124-4391-520e-9ffe-ec71aed93605,2026-04-04 21:38:58+00:00,campus_event,IN,desktop,low,student,True,en,Asia/Kolkata,free
ea4b6f11-770e-5556-bbd7-19c80ea63c6a,2026-03-16 12:16:05+00:00,referral,IN,mobile,medium,student,True,en,Asia/Kolkata,free
38a31dcf-f627-5931-a9e3-b53642a09b8e,2026-04-07 23:31:08+00:00,social_ads,DE,mobile,medium,early_career,False,de,Europe/Berlin,free
0cb68368-0234-5c01-bbb7-7d082daadb42,2026-04-19 13:29:22+00:00,organic_search,CN,mobile,low,student,False,zh,Asia/Shanghai,free
c9fc45bb-80d2-5d1a-aea8-95bcd5438c7c,2026-03-29 17:13:02+00:00,referral,IN,mobile,medium,student,False,en,Asia/Kolkata,free
1c988913-b958-5c5d-b28e-254082ec7942,2026-03-22 04:18:54+00:00,social_ads,CN,tablet,medium,new_graduate,True,zh,Asia/Shanghai,free
955c51ac-3757-5fd8-92b7-1864b781e3cb,2026-04-07 22:46:25+00:00,organic_search,IN,tablet,medium,new_graduate,True,en,Asia/Kolkata,free
73315d84-2531-52f5-86ce-1efc1fc96198,2026-03-28 12:14:25+00:00,social_ads,CN,desktop,low,early_career,True,zh,Asia/Shanghai,free
ed09dec5-cbdf-595f-9ba2-081b577a2a80,2026-03-31 15:14:56+00:00,social_ads,GB,desktop,low,new_graduate,True,en,Europe/London,free
34fd5126-3e4d-5bbd-8e8b-646b59b5b774,2026-03-28 01:42:46+00:00,campus_event,US,mobile,medium,early_career,True,en,America/New_York,free
d89185e8-c577-56bf-992f-55a3d095a255,2026-03-24 22:32:15+00:00,organic_search,US,tablet,high,student,True,en,America/New_York,free
78fa634d-d0cf-5194-be44-34007f6284fe,2026-04-22 10:56:26+00:00,social_ads,US,mobile,high,student,True,en,America/New_York,free
0183c761-0724-591f-aeb4-af39e2e00d15,2026-04-04 18:09:38+00:00,referral,BR,desktop,low,new_graduate,True,pt,America/Sao_Paulo,free
0b24d790-a975-5937-8dc2-380af31ae3ff,2026-04-05 04:32:20+00:00,organic_search,CN,tablet,low,student,True,zh,Asia/Shanghai,free
8336cda8-e594-5d4b-b456-4997c6a83b85,2026-04-18 01:30:35+00:00,social_ads,CN,desktop,medium,early_career,True,zh,Asia/Shanghai,free
726810da-8b74-5643-9876-d764a8313549,2026-03-28 22:18:38+00:00,campus_event,CN,desktop,low,early_career,False,zh,Asia/Shanghai,free
ccde9f76-89e5-5ea8-b0f5-f5d97028cfbe,2026-03-10 23:18:43+00:00,referral,CN,mobile,high,student,True,zh,Asia/Shanghai,free
01a5c97b-56de-52af-9577-f5266aec656c,2026-05-01 19:56:34+00:00,social_ads,DE,desktop,medium,early_career,True,de,Europe/Berlin,free
c4411dab-2c2c-525a-b472-f2de1d00e286,2026-03-07 20:14:49+00:00,referral,FR,mobile,high,student,True,fr,Europe/Paris,free
299d1cd3-f1a1-5be9-8429-ab1076a1bfec,2026-04-12 11:08:59+00:00,organic_search,GB,desktop,low,student,True,en,Europe/London,free
b73f41bc-b0ef-55f2-a44c-04c276fac581,2026-03-22 08:12:00+00:00,social_ads,GB,mobile,high,student,True,en,Europe/London,free
0bf193d3-2ccf-5eaf-800e-fab11421129d,2026-03-18 18:06:12+00:00,content_marketing,US,tablet,high,new_graduate,False,en,America/New_York,free
e4584fac-3b64-5acd-9378-563214bc06fd,2026-03-06 21:28:46+00:00,referral,US,desktop,medium,early_career,False,en,America/New_York,free
230118a6-f23c-5453-b8fa-674ac1a6052f,2026-05-05 02:33:03+00:00,social_ads,CN,mobile,high,student,True,zh,Asia/Shanghai,free
54f2ea2b-b45e-555d-8e09-6196182699bc,2026-04-02 14:45:48+00:00,social_ads,IN,mobile,medium,new_graduate,True,en,Asia/Kolkata,free
915e641c-1ea4-5df0-82f0-fe20aad711a4,2026-03-27 15:25:43+00:00,social_ads,US,desktop,low,student,True,en,America/New_York,free
4bd0720b-ad52-5e53-b0cc-94389a51ef7f,2026-04-24 03:28:26+00:00,organic_search,IN,mobile,medium,student,False,en,Asia/Kolkata,free
e5d8bbfd-0b35-545e-bc7f-37f8181a4ae3,2026-03-06 16:32:58+00:00,referral,US,mobile,high,new_graduate,True,en,America/New_York,free
65ca6f89-fb5a-58d6-89d8-a199cebfcc25,2026-04-11 22:53:44+00:00,referral,US,desktop,high,early_career,True,en,America/New_York,free
fd88e7c2-392f-5a50-a26b-5f1e871c5264,2026-04-07 03:03:27+00:00,social_ads,US,tablet,medium,new_graduate,False,en,America/New_York,free
33b18d64-8907-50ff-b96f-8d3f0f7aebe1,2026-04-11 04:29:33+00:00,organic_search,GB,desktop,medium,early_career,True,en,Europe/London,free
f286e685-a67b-504f-b923-56e5cdd21b6d,2026-03-12 13:14:28+00:00,organic_search,IN,desktop,low,student,True,en,Asia/Kolkata,free
21b4b908-11d0-5896-a7ba-4ca3e8d82012,2026-05-08 17:24:16+00:00,organic_search,CN,desktop,low,new_graduate,True,zh,Asia/Shanghai,free
0b6ab46f-18f6-5b4e-9857-b18e0f7e396e,2026-03-20 10:54:00+00:00,campus_event,GB,mobile,medium,student,True,en,Europe/London,free
c12c85a5-476c-51c5-8ad8-ec2f0c7305d3,2026-04-19 19:30:49+00:00,social_ads,GB,tablet,medium,early_career,True,en,Europe/London,free
5f8e8c5a-0c08-54e1-84f6-d46d4a5324d9,2026-04-24 13:12:55+00:00,organic_search,CN,desktop,low,student,True,zh,Asia/Shanghai,free
d82d7fa5-9270-5444-adc2-9696eb3bf58a,2026-03-27 17:38:12+00:00,campus_event,GB,desktop,high,student,True,en,Europe/London,free
bfbdb029-19fd-5b6f-a693-6240e6919e50,2026-03-13 00:31:29+00:00,content_marketing,US,desktop,medium,early_career,True,en,America/New_York,free
f6ff9f9a-b685-563f-a654-6b26d5536166,2026-03-24 11:17:07+00:00,organic_search,CN,mobile,medium,student,True,zh,Asia/Shanghai,free
3d270ef4-0df2-58ba-8e06-8a219ce9148e,2026-04-28 16:17:57+00:00,social_ads,US,desktop,low,new_graduate,True,en,America/New_York,free
9fda7910-15d9-5130-82e4-3d3758d70dc4,2026-05-05 13:09:20+00:00,social_ads,CN,desktop,low,early_career,True,zh,Asia/Shanghai,free
44b4de6a-123a-5525-87e7-629eb8233cc0,2026-05-07 15:31:05+00:00,organic_search,CN,desktop,medium,new_graduate,True,zh,Asia/Shanghai,free
fe349291-eea6-5db3-abfe-009421e1de87,2026-03-19 14:46:15+00:00,social_ads,US,mobile,high,new_graduate,True,en,America/New_York,free
33ef1875-70d0-5789-b349-04281bdf03fe,2026-04-14 20:25:00+00:00,campus_event,CN,mobile,low,early_career,True,zh,Asia/Shanghai,free
703f9601-907d-5a24-ae4c-2ee720a76cf7,2026-03-14 10:06:54+00:00,organic_search,IN,mobile,high,new_graduate,True,en,Asia/Kolkata,free
09268e1e-e751-577b-a749-4939a2b2fea8,2026-04-22 00:21:16+00:00,organic_search,IN,desktop,high,student,True,en,Asia/Kolkata,free
4cb7c9fa-6688-57b2-8c27-345c295847eb,2026-04-01 16:40:35+00:00,referral,US,mobile,high,early_career,True,en,America/New_York,free
737bb595-9160-5bbb-a174-b2830ea2a253,2026-04-22 05:41:56+00:00,organic_search,US,mobile,medium,new_graduate,False,en,America/New_York,free
b44a014b-2104-5cc1-9d69-5fca678fa0d5,2026-04-20 06:34:09+00:00,campus_event,CN,mobile,medium,early_career,True,zh,Asia/Shanghai,free
842e862a-18e2-52cb-8d66-75731da26bbc,2026-05-11 12:05:22+00:00,campus_event,GB,desktop,high,new_graduate,True,en,Europe/London,free
71fc39c7-5e82-56b6-a68d-83ce73108737,2026-04-06 17:11:35+00:00,referral,DE,desktop,medium,student,True,de,Europe/Berlin,free
5e47923d-9f01-5d62-aa5c-a85939706487,2026-03-27 13:35:13+00:00,campus_event,US,mobile,low,early_career,True,en,America/New_York,free
b012e240-9344-528b-8097-3a982eecc942,2026-04-09 08:18:24+00:00,referral,IN,desktop,medium,student,True,en,Asia/Kolkata,free
6f8685dc-8c59-5a9f-8932-f1ad811effe8,2026-03-15 05:41:24+00:00,campus_event,CN,mobile,medium,early_career,True,zh,Asia/Shanghai,free
6c26b98d-7319-5f8e-b173-28a203e7d4d0,2026-03-11 17:04:29+00:00,social_ads,JP,desktop,medium,early_career,True,ja,Asia/Tokyo,free
206aae66-30ef-573b-89ca-a5caebcc981c,2026-04-08 19:44:26+00:00,social_ads,US,desktop,high,early_career,True,en,America/New_York,free
93d3ff73-45a3-5d26-b698-a2fa2b37f120,2026-04-29 22:52:21+00:00,social_ads,CN,mobile,medium,student,True,zh,Asia/Shanghai,free
cb784cdc-cafc-5791-aaad-c50659086217,2026-04-09 19:03:41+00:00,social_ads,CN,desktop,low,student,False,zh,Asia/Shanghai,free
24de1efe-197d-5ba4-ac91-fae693fe9b43,2026-04-26 22:51:55+00:00,organic_search,US,desktop,high,student,True,en,America/New_York,free
7ece0d3f-2aa9-5ecf-a62b-ca3dd5e860b8,2026-03-16 06:37:22+00:00,social_ads,US,mobile,low,student,True,en,America/New_York,free
c1648f7d-f0d7-53d8-8954-9512f11c4e35,2026-04-04 00:11:27+00:00,social_ads,US,desktop,low,student,True,en,America/New_York,free
e61128c7-1455-5928-b8b6-1725fe47be74,2026-04-15 07:18:32+00:00,organic_search,CN,tablet,high,new_graduate,True,zh,Asia/Shanghai,free
5ffe405c-4c09-5a03-8b77-b57fc8cd37d9,2026-03-27 23:45:02+00:00,organic_search,IN,desktop,high,student,False,en,Asia/Kolkata,free
1daeea46-42d3-5ccf-b831-0d6de5f528c3,2026-03-04 23:23:25+00:00,campus_event,IN,tablet,medium,early_career,True,en,Asia/Kolkata,free
c9dbff31-7cfa-5e20-8e2f-9ff2ea95c4dd,2026-03-09 01:37:44+00:00,social_ads,US,mobile,medium,student,True,en,America/New_York,free
b40055e7-2f56-5304-b138-20cfb8dc45c6,2026-05-07 00:13:06+00:00,referral,DE,desktop,medium,student,True,de,Europe/Berlin,free
5c3af72e-c859-539c-a510-3a5abab3e6b5,2026-04-14 18:06:23+00:00,social_ads,CN,mobile,high,new_graduate,False,zh,Asia/Shanghai,free
fe67b155-10be-55ea-bb95-9fd9cb2e58b1,2026-03-22 06:08:05+00:00,referral,FR,mobile,high,student,True,fr,Europe/Paris,free
13f4ae26-16e1-5b22-b719-e0a2744987df,2026-03-21 20:36:13+00:00,campus_event,US,mobile,low,new_graduate,True,en,America/New_York,free
38696e71-2bc2-58de-90b1-45488ead47f2,2026-03-06 17:30:41+00:00,organic_search,GB,desktop,high,new_graduate,True,en,Europe/London,free
33803df9-03ac-5b2d-a68d-08c433ba4c4f,2026-05-08 04:33:03+00:00,content_marketing,CA,tablet,medium,new_graduate,True,en,America/Toronto,free
33d58598-1eeb-51b2-8d35-bf9c6fe3d70b,2026-03-11 11:15:38+00:00,organic_search,GB,mobile,low,new_graduate,True,en,Europe/London,free
733432a8-d589-5902-aa26-6b222ebd5db6,2026-04-25 09:39:37+00:00,social_ads,GB,tablet,low,early_career,True,en,Europe/London,free
a663309b-59bd-5765-b882-781f5419a9a7,2026-03-20 13:51:07+00:00,campus_event,CN,mobile,low,early_career,False,zh,Asia/Shanghai,free
004a7107-8b52-5816-bd52-0dc17a0e90c6,2026-03-27 03:47:48+00:00,organic_search,IN,mobile,high,student,True,en,Asia/Kolkata,free
ee51fb44-1772-5f5e-afa3-d0ec685eee80,2026-03-22 21:35:18+00:00,social_ads,CN,mobile,medium,new_graduate,True,zh,Asia/Shanghai,free
fddaad60-b4ed-5325-89ed-b513f7c0da48,2026-04-29 21:24:24+00:00,social_ads,CN,mobile,medium,early_career,False,zh,Asia/Shanghai,free
d5094a1b-5205-52a5-a0f0-4a76cc1a684d,2026-03-06 06:19:59+00:00,organic_search,AU,tablet,low,student,True,en,Australia/Sydney,free
a514f84a-29e4-5580-a07d-828392a58d1d,2026-03-28 07:23:25+00:00,organic_search,US,mobile,high,new_graduate,True,en,America/New_York,free
738b65a6-81f1-595a-bae9-47f5f51994cd,2026-03-23 06:36:40+00:00,organic_search,CN,desktop,medium,new_graduate,True,zh,Asia/Shanghai,free
804d7db0-28d7-501a-a4fa-f0709de17933,2026-03-22 20:00:50+00:00,organic_search,CA,mobile,high,student,False,en,America/Toronto,free
92bf681d-f7e7-5465-9de0-d57f79b76800,2026-03-17 07:30:40+00:00,campus_event,US,desktop,medium,student,True,en,America/New_York,free
d7a8d758-458e-5208-802b-3005952632f7,2026-05-05 23:00:41+00:00,social_ads,US,tablet,high,early_career,True,en,America/New_York,free
6a8fabc8-c2d8-5223-a15d-87111654a9ca,2026-03-30 02:59:45+00:00,social_ads,US,mobile,medium,student,True,en,America/New_York,free
4e22ca3c-d5e7-5257-b899-f61f8bc8add4,2026-04-01 20:32:52+00:00,campus_event,GB,mobile,medium,student,True,en,Europe/London,free
79b8c353-a05c-5c43-b5db-2c758dfa4645,2026-03-30 13:50:14+00:00,organic_search,DE,desktop,high,early_career,False,de,Europe/Berlin,free
5640883f-1a49-59a9-96ea-e43af49494b0,2026-05-10 15:14:22+00:00,organic_search,US,mobile,medium,early_career,True,en,America/New_York,free
af6412d9-a8cd-57b2-8104-c58170b08a96,2026-03-27 09:23:47+00:00,campus_event,IN,desktop,high,new_graduate,True,en,Asia/Kolkata,free
272000e7-0ec8-5e5f-8d69-740cc43c09de,2026-03-27 13:49:59+00:00,content_marketing,CN,mobile,low,student,True,zh,Asia/Shanghai,free
efeec6e3-df22-5f15-8d48-e4c2cceb3d8d,2026-03-26 15:02:30+00:00,social_ads,IN,mobile,medium,student,True,en,Asia/Kolkata,free
085fddf2-72ff-58c4-b6fb-723faa8c9c07,2026-03-26 13:27:24+00:00,organic_search,IN,mobile,high,early_career,False,en,Asia/Kolkata,free
3e32989d-df83-5ee8-9a43-50b35c421b52,2026-03-10 04:35:40+00:00,campus_event,FR,desktop,high,student,True,fr,Europe/Paris,free
9170aca0-33db-5b66-b0a9-6cff39482af8,2026-04-14 16:40:49+00:00,referral,US,mobile,medium,early_career,True,en,America/New_York,free
97150356-7dd2-5a44-9b89-f40f1e144bfc,2026-03-05 17:44:20+00:00,social_ads,US,mobile,medium,early_career,True,en,America/New_York,free
6564ccc8-cd78-50c6-a05b-c7359a43e8ab,2026-03-19 14:10:34+00:00,organic_search,CN,tablet,high,student,False,zh,Asia/Shanghai,free
f8466f19-9ad0-59ba-b983-f396e750ff04,2026-03-17 22:42:03+00:00,organic_search,CN,tablet,medium,new_graduate,True,zh,Asia/Shanghai,free
d44df25a-9340-5b62-ab7a-2ac572cbff99,2026-03-24 02:42:19+00:00,social_ads,CN,mobile,high,early_career,True,zh,Asia/Shanghai,free
c632a929-d1b9-5148-8228-9448f89247cf,2026-04-25 05:00:40+00:00,content_marketing,US,desktop,low,early_career,True,en,America/New_York,free
329c917e-5a16-5a00-92b5-4c45e476cc10,2026-04-14 08:46:00+00:00,campus_event,US,desktop,low,new_graduate,False,en,America/New_York,free
7c980090-8769-5120-abdb-214049a44ae8,2026-05-11 08:46:50+00:00,organic_search,BR,tablet,high,student,False,pt,America/Sao_Paulo,free
a8dbaf59-293a-5a83-9dd5-17599d189c68,2026-03-28 05:35:08+00:00,campus_event,US,tablet,medium,new_graduate,True,en,America/New_York,free
602d720b-74f5-5e36-a79c-e2d3d656913d,2026-05-07 01:38:20+00:00,referral,CN,desktop,medium,new_graduate,True,zh,Asia/Shanghai,free
3eb47f60-1827-58af-bc4c-2037fd9bbbd7,2026-03-07 02:22:34+00:00,social_ads,GB,mobile,medium,new_graduate,True,en,Europe/London,free
b70f4732-4796-537e-8dda-b69358065431,2026-04-07 18:59:13+00:00,referral,US,desktop,high,student,True,en,America/New_York,free
91d0b31f-e6d8-5c96-81cb-9e154d5837e7,2026-04-28 02:53:34+00:00,social_ads,US,desktop,medium,early_career,True,en,America/New_York,free
ac506cdd-83dc-5b73-943b-0cf927b6c7cc,2026-04-09 16:42:00+00:00,organic_search,CN,tablet,high,new_graduate,True,zh,Asia/Shanghai,free
7dc8d7e3-8b93-5002-a7ef-8da81485842c,2026-05-07 09:33:41+00:00,social_ads,CN,tablet,medium,student,True,zh,Asia/Shanghai,free
47e7ba7b-3ae9-5b54-bd50-56a9c483fd68,2026-03-25 16:56:48+00:00,social_ads,US,tablet,medium,student,True,en,America/New_York,free
fbd4ba06-ff4d-5f96-ad38-3878dc49ac3f,2026-03-06 07:11:55+00:00,content_marketing,IN,desktop,low,student,True,en,Asia/Kolkata,free
6e956fea-30e3-545e-b4c5-369fb0b50222,2026-04-26 09:38:36+00:00,social_ads,US,mobile,medium,new_graduate,True,en,America/New_York,free
49594308-217b-5d4e-bd4f-582ef61ab072,2026-03-08 16:36:51+00:00,social_ads,US,tablet,low,student,False,en,America/New_York,free
5a26dc93-24ec-55c5-8f9f-7ac7328a5247,2026-04-25 18:26:12+00:00,social_ads,US,mobile,low,new_graduate,True,en,America/New_York,free
7ce581d2-0e04-552a-9878-1b2884423c76,2026-04-23 14:32:19+00:00,social_ads,US,desktop,medium,student,True,en,America/New_York,free
f5e86a8e-e7f7-5b39-968d-a9c5a306dee1,2026-05-01 06:06:53+00:00,social_ads,CN,mobile,medium,student,False,zh,Asia/Shanghai,free
e92d9827-0e8d-5a9c-a11b-06d0954f0a3a,2026-04-06 01:06:04+00:00,campus_event,BR,desktop,medium,student,False,pt,America/Sao_Paulo,free
0c996839-9c10-57fc-b9bd-15987a542531,2026-05-04 18:57:19+00:00,social_ads,US,mobile,medium,student,False,en,America/New_York,free
18c259d3-07a1-5aca-816a-7215bfd7c5de,2026-03-15 17:14:27+00:00,social_ads,CN,tablet,medium,student,False,zh,Asia/Shanghai,free
8b6f572b-839d-59f5-87af-bff243eafb7f,2026-04-02 23:16:55+00:00,campus_event,CN,desktop,medium,student,True,zh,Asia/Shanghai,free
dbc76f53-2236-51c9-8753-b36b83b16652,2026-03-12 09:45:26+00:00,organic_search,IN,desktop,high,new_graduate,True,en,Asia/Kolkata,free
69b35c48-95eb-5f4c-b60c-dace8708f5d8,2026-04-25 21:56:44+00:00,campus_event,IN,mobile,high,new_graduate,False,en,Asia/Kolkata,free
78d6ee8e-729a-525d-9779-aae1775002d4,2026-04-22 06:50:04+00:00,social_ads,US,mobile,high,new_graduate,True,en,America/New_York,free
599f78a7-fe9b-5d5a-a770-ce9951f0a509,2026-04-28 15:23:45+00:00,social_ads,IN,desktop,low,student,True,en,Asia/Kolkata,free
023c2332-5e4b-5465-9fe7-02e25657a0c7,2026-04-25 17:45:07+00:00,campus_event,US,desktop,medium,student,True,en,America/New_York,free
717e280b-dadd-598e-a3ac-0b7ee9e09900,2026-03-25 06:48:31+00:00,campus_event,GB,mobile,high,student,True,en,Europe/London,free
d177f8e7-29a4-593c-a71d-b4f506acb970,2026-03-08 16:43:03+00:00,referral,US,desktop,high,new_graduate,True,en,America/New_York,free
51f1bfae-f19b-5836-9b2c-c2736fef2160,2026-05-07 02:49:29+00:00,social_ads,IN,mobile,medium,new_graduate,True,en,Asia/Kolkata,free
cc7d7a3e-7ec3-5702-9e7e-6169d347e4fe,2026-04-07 00:06:24+00:00,organic_search,IN,mobile,medium,early_career,True,en,Asia/Kolkata,free
afcaffef-e4ad-5c2b-8136-eeb70a1c60e3,2026-03-10 12:13:45+00:00,campus_event,IN,desktop,high,new_graduate,True,en,Asia/Kolkata,free
a76ac7eb-c19b-5cba-a551-79630dcf241f,2026-05-06 23:13:06+00:00,social_ads,US,mobile,high,student,True,en,America/New_York,free
7d3236c5-7c6d-5729-a291-a930ffb29853,2026-05-11 14:30:34+00:00,campus_event,IN,mobile,medium,student,True,en,Asia/Kolkata,free
cc7de650-cedf-5c0e-9699-0c1cad1fc4cd,2026-04-03 17:44:38+00:00,social_ads,IN,mobile,low,early_career,False,en,Asia/Kolkata,free
5bd93e8c-b5ba-5a22-96f9-a071fd5ed58d,2026-04-26 03:16:11+00:00,campus_event,CN,mobile,high,student,True,zh,Asia/Shanghai,free
50f8c15d-e7f9-5567-911b-870274b929ef,2026-03-06 12:06:33+00:00,organic_search,US,desktop,medium,student,True,en,America/New_York,free
75968832-3598-50d5-94f8-ad2bb5ca6154,2026-03-10 10:27:22+00:00,social_ads,US,desktop,low,student,True,en,America/New_York,free
6b67806b-530f-54de-9a00-b95be66d78b0,2026-03-23 01:59:35+00:00,organic_search,US,mobile,medium,early_career,True,en,America/New_York,free
a9245ded-08eb-5719-af13-72b98d9b9d4d,2026-04-18 06:42:57+00:00,social_ads,GB,mobile,medium,early_career,True,en,Europe/London,free
c6a9b4b9-4ca5-5bdd-955a-d4bc55a59c58,2026-03-13 04:56:52+00:00,campus_event,CN,desktop,medium,student,True,zh,Asia/Shanghai,free
14202ec1-dbdc-5778-8953-41b06bbdb012,2026-03-06 08:36:02+00:00,social_ads,IN,desktop,high,student,False,en,Asia/Kolkata,free
81512d35-274d-540d-898b-12d9c0311294,2026-04-19 03:29:03+00:00,social_ads,IN,mobile,low,early_career,True,en,Asia/Kolkata,free
24bdd922-23c9-5982-956a-bbc9428a9fd5,2026-04-26 03:25:45+00:00,referral,IN,desktop,low,student,True,en,Asia/Kolkata,free
21ea864e-7e75-538b-8c26-ce1ba0c67b16,2026-04-24 00:08:09+00:00,campus_event,IN,tablet,medium,student,True,en,Asia/Kolkata,free
9e7e002a-23d3-5e2f-82e3-3c90765b4e61,2026-04-28 03:30:46+00:00,social_ads,IN,mobile,low,new_graduate,False,en,Asia/Kolkata,free
7497132b-9649-5807-8faa-c069506ef93a,2026-04-28 09:31:16+00:00,content_marketing,CN,desktop,medium,student,False,zh,Asia/Shanghai,free
5c684667-3e01-5c62-a8cf-5aadfbef5ae0,2026-04-14 13:35:27+00:00,social_ads,US,mobile,medium,student,True,en,America/New_York,free
53e945e8-c299-5a6e-bf13-c47b5f21a94a,2026-04-08 20:08:54+00:00,campus_event,GB,desktop,medium,new_graduate,False,en,Europe/London,free
65fabb2b-2409-5510-b407-dac5fd4eb8f8,2026-05-02 02:57:37+00:00,organic_search,FR,tablet,high,new_graduate,True,fr,Europe/Paris,free
aac87a9a-8a2d-5a1d-8435-c2f947f87ab2,2026-03-28 00:19:55+00:00,organic_search,CN,tablet,low,new_graduate,True,zh,Asia/Shanghai,free
f8af74e8-dc2c-5818-8dd1-78fd289d49a0,2026-03-10 18:05:39+00:00,organic_search,BR,mobile,high,student,False,pt,America/Sao_Paulo,free
f1a25d45-e544-5dd7-aad1-1ea2c278c1aa,2026-04-24 21:15:01+00:00,organic_search,AU,mobile,medium,student,False,en,Australia/Sydney,free
4e0b4de6-f760-5ef6-9fe9-0d936c3e76bb,2026-03-23 00:55:46+00:00,social_ads,CN,tablet,medium,early_career,True,zh,Asia/Shanghai,free
ed08ba87-9e4a-523e-aaa4-014ac7860a06,2026-05-10 12:58:54+00:00,organic_search,IN,mobile,high,student,True,en,Asia/Kolkata,free
21daef59-fb03-5f46-91cd-98796474e4c0,2026-04-01 13:52:39+00:00,campus_event,IN,tablet,low,student,True,en,Asia/Kolkata,free
b7fae69d-5ea2-5ad6-9c67-5defd7cd99d8,2026-05-01 18:34:07+00:00,organic_search,US,desktop,high,student,True,en,America/New_York,free
76766ad1-6247-5bf8-8634-5bd7726ca8c8,2026-03-06 22:18:36+00:00,organic_search,US,tablet,low,student,False,en,America/New_York,free
358433fc-7cb7-5b9b-a037-e86215277283,2026-04-18 11:41:08+00:00,content_marketing,CN,mobile,high,new_graduate,True,zh,Asia/Shanghai,free
417be6cd-e36f-5ee3-bf7c-31a7c94e3916,2026-04-03 22:14:44+00:00,campus_event,GB,desktop,low,student,True,en,Europe/London,free
da1fb01a-4ee9-57fc-9ad7-932fe722120b,2026-04-04 22:04:08+00:00,content_marketing,US,tablet,medium,new_graduate,True,en,America/New_York,free
cc67675b-103e-5817-9f80-c6e5cf513edd,2026-03-22 07:11:35+00:00,social_ads,GB,mobile,low,student,True,en,Europe/London,free
1a1eb01a-87bb-506d-9fbf-2c96ca89ce77,2026-05-10 00:17:46+00:00,organic_search,IN,tablet,medium,early_career,True,en,Asia/Kolkata,free
c74ec31d-bcdf-5aeb-b5c7-a2b4ec66ee56,2026-03-31 02:22:08+00:00,social_ads,IN,desktop,low,new_graduate,True,en,Asia/Kolkata,free
19ecb7f7-ac83-55ca-aefe-eb57dc517c03,2026-05-01 16:23:39+00:00,social_ads,US,mobile,low,student,True,en,America/New_York,free
36e5e3b2-f0ee-5b10-9dd0-017c04db8199,2026-04-02 07:58:10+00:00,organic_search,CN,mobile,low,early_career,True,zh,Asia/Shanghai,free
b6c426e7-cac1-519e-a74d-cd3aef6e5bb9,2026-03-07 07:56:40+00:00,referral,US,desktop,low,early_career,True,en,America/New_York,free
7deedf61-358e-5507-b725-ab10705f7767,2026-05-03 16:18:19+00:00,campus_event,US,mobile,medium,student,False,en,America/New_York,free
622e711d-1f94-553b-9390-5a1444824ddc,2026-03-16 18:32:28+00:00,campus_event,US,mobile,medium,new_graduate,True,en,America/New_York,free
65be16b5-9568-51e0-80f4-ebab49ab0120,2026-03-22 15:41:03+00:00,social_ads,US,desktop,low,new_graduate,True,en,America/New_York,free
59250edd-c242-5d7a-965f-0e771e967b4f,2026-05-02 09:59:33+00:00,campus_event,US,mobile,high,new_graduate,False,en,America/New_York,free
81179b25-5219-5c7f-91ac-5c67d0d9fb1b,2026-05-04 16:02:18+00:00,organic_search,CN,desktop,medium,student,True,zh,Asia/Shanghai,free
75a723f6-5a70-5145-bd40-aba6333f9458,2026-05-06 06:08:42+00:00,content_marketing,CN,mobile,low,student,True,zh,Asia/Shanghai,free
cbedc9b2-fad1-550d-9e21-feaf20dc2cab,2026-04-02 09:24:27+00:00,social_ads,US,tablet,medium,student,True,en,America/New_York,free
a0cf84c5-eb5f-598b-b399-3e817d4aac0d,2026-04-25 05:32:47+00:00,organic_search,DE,mobile,medium,student,True,de,Europe/Berlin,free
611e90b0-ad50-53fa-88bd-9a6118da1be2,2026-03-26 14:50:57+00:00,organic_search,CN,mobile,medium,student,True,zh,Asia/Shanghai,free
886d0978-79ec-56c6-953b-1b38f47f769d,2026-04-24 02:05:12+00:00,campus_event,CA,desktop,high,early_career,False,en,America/Toronto,free
3847427e-844b-5b4e-9c20-2bb1100e813d,2026-04-07 16:09:34+00:00,content_marketing,IN,desktop,medium,student,True,en,Asia/Kolkata,free
c614d503-65ee-513a-8afa-54c6644036bf,2026-03-07 14:02:38+00:00,referral,US,tablet,high,student,True,en,America/New_York,free
d81f70f6-3ec6-5499-b0dc-34d7edcee543,2026-04-01 19:46:57+00:00,campus_event,CA,desktop,medium,student,False,en,America/Toronto,free
b3360391-e903-57d4-9a96-7a0f8c78dd9d,2026-04-05 06:33:16+00:00,content_marketing,DE,desktop,high,student,True,de,Europe/Berlin,free
cbec5131-1ece-5f32-8ad3-d6eaf5a3fc4b,2026-03-21 18:12:29+00:00,campus_event,IN,desktop,medium,early_career,True,en,Asia/Kolkata,free
1b0622ca-dfe7-53a1-9d57-3514332d1b96,2026-03-29 20:07:16+00:00,organic_search,CN,mobile,medium,early_career,True,zh,Asia/Shanghai,free
b2f4800e-ccea-5bcd-9b80-2d85b1d3ca0e,2026-04-07 16:26:12+00:00,campus_event,CN,mobile,medium,student,True,zh,Asia/Shanghai,free
c2609fbe-527b-553e-ae26-89344a15b6ab,2026-03-07 10:18:22+00:00,organic_search,CN,desktop,high,student,True,zh,Asia/Shanghai,free
a6b5769e-8038-53eb-8ddf-c53196cc0237,2026-03-14 11:23:00+00:00,organic_search,GB,desktop,low,student,True,en,Europe/London,free
2b84a31f-1aa8-50be-b87f-648820408c6f,2026-04-25 21:47:33+00:00,social_ads,CN,desktop,low,early_career,False,zh,Asia/Shanghai,free
147002c5-4cb7-5430-95ee-989480e3fcef,2026-03-28 06:47:44+00:00,organic_search,US,desktop,low,student,False,en,America/New_York,free
73b83f6c-216d-5919-846b-3c04777848d2,2026-04-14 23:29:06+00:00,content_marketing,US,desktop,low,student,False,en,America/New_York,free
6a4b1bd3-f57d-5c93-b76d-baad5b013388,2026-04-12 00:56:53+00:00,content_marketing,US,mobile,high,student,True,en,America/New_York,free
7d3a1d5a-72af-5d66-b438-4f07092801e2,2026-04-11 00:49:01+00:00,social_ads,US,mobile,medium,student,True,en,America/New_York,free
d01601b3-1c3b-57e7-a45f-d51edf7e6c02,2026-04-01 12:36:13+00:00,campus_event,CN,desktop,low,student,True,zh,Asia/Shanghai,free
e5c5a419-3979-50ec-9b14-5a61c4773f1c,2026-04-06 08:22:09+00:00,social_ads,DE,mobile,medium,early_career,True,de,Europe/Berlin,free
a0ed7397-5d5a-5a01-aecf-ab589d52afe8,2026-04-29 20:23:54+00:00,organic_search,US,mobile,low,student,True,en,America/New_York,free
7c4d2ca2-2fb5-53ee-92de-0292cd747eba,2026-05-09 14:07:19+00:00,organic_search,US,desktop,high,student,True,en,America/New_York,free
c838849e-7083-5875-8178-7920e837f9f9,2026-03-21 17:07:51+00:00,organic_search,US,desktop,high,student,True,en,America/New_York,free
70f52488-68d2-538f-8a17-c3ce30e048ff,2026-04-19 04:38:56+00:00,organic_search,CN,mobile,low,student,True,zh,Asia/Shanghai,free
3c723f80-d511-5f9a-a3c0-4eccd16cb31e,2026-05-09 21:56:29+00:00,organic_search,IN,desktop,medium,early_career,True,en,Asia/Kolkata,free
3353df16-2d83-5406-9e76-f219390e8920,2026-03-04 12:33:33+00:00,organic_search,CN,mobile,high,new_graduate,False,zh,Asia/Shanghai,free
b5421d46-ca06-5aed-9aa1-78f751cfb1e6,2026-04-27 03:29:57+00:00,organic_search,FR,mobile,medium,early_career,True,fr,Europe/Paris,free
dd2530a8-f238-58a2-99b1-91d8895ed7d8,2026-04-07 06:44:06+00:00,content_marketing,AU,tablet,high,early_career,True,en,Australia/Sydney,free
9a9bbb6f-bbad-5f66-96b9-e2dde0faa16b,2026-05-09 18:20:01+00:00,organic_search,GB,desktop,medium,new_graduate,True,en,Europe/London,free
cb12827d-3b97-5978-9b78-88f0f2333e06,2026-04-12 21:36:38+00:00,organic_search,GB,desktop,low,new_graduate,True,en,Europe/London,free
c6b671b7-682d-5e62-86f2-796425337227,2026-04-30 19:57:13+00:00,social_ads,CN,tablet,medium,new_graduate,True,zh,Asia/Shanghai,free
9663ba21-4899-5e1d-bcd0-72a13335cf45,2026-03-15 10:55:11+00:00,social_ads,CN,mobile,low,new_graduate,True,zh,Asia/Shanghai,free
093cdeda-d5fd-51f4-8901-2da0c4696d02,2026-03-13 19:19:25+00:00,social_ads,CN,desktop,high,new_graduate,True,zh,Asia/Shanghai,free
e29a9040-669c-5fce-b637-676450f063b2,2026-05-06 22:24:58+00:00,organic_search,GB,mobile,high,new_graduate,True,en,Europe/London,free
ef38f64f-f9a1-55fd-b78a-0e98b1219b54,2026-04-09 07:49:03+00:00,campus_event,US,desktop,medium,student,True,en,America/New_York,free
3d09a773-f393-5003-bedc-8545649e127a,2026-04-11 12:36:53+00:00,social_ads,US,mobile,medium,new_graduate,True,en,America/New_York,free
66c34fb3-4238-5bb1-bee3-a18a9495ff76,2026-03-15 17:29:02+00:00,campus_event,US,tablet,high,student,True,en,America/New_York,free
e1770255-f447-5e75-8531-49cbba51fe45,2026-03-19 15:27:53+00:00,social_ads,IN,mobile,high,new_graduate,True,en,Asia/Kolkata,free
e6bb4ded-51ef-5ab0-8045-8b348c9fda22,2026-04-29 10:59:03+00:00,social_ads,IN,mobile,medium,new_graduate,True,en,Asia/Kolkata,free
6ed3ab0f-9177-59d7-ba36-631d475e7409,2026-03-24 22:18:46+00:00,social_ads,US,tablet,high,new_graduate,True,en,America/New_York,free
766ef1e2-7c6c-5337-8c6c-7d68bcc5bc9d,2026-04-13 07:22:20+00:00,organic_search,CN,mobile,low,new_graduate,True,zh,Asia/Shanghai,free
71696eba-a998-528b-8a41-0cd687b27218,2026-03-25 20:10:46+00:00,social_ads,CN,desktop,high,early_career,True,zh,Asia/Shanghai,free
251dcd35-e2c3-5edd-bb3f-c83c4d12694f,2026-03-22 04:16:18+00:00,organic_search,GB,mobile,medium,early_career,False,en,Europe/London,free
fd774a98-e984-50c7-b1a0-a6e0a1e60add,2026-03-15 10:55:46+00:00,organic_search,US,desktop,low,student,False,en,America/New_York,free
91ffd080-f924-50c3-9a36-382d69ae64ab,2026-05-07 03:24:56+00:00,campus_event,US,desktop,medium,student,False,en,America/New_York,free
12e69b77-66ef-5cbb-97c5-a62c60dbf306,2026-05-07 20:44:35+00:00,organic_search,IN,mobile,medium,student,True,en,Asia/Kolkata,free
a39530f7-5737-51ef-b21a-ca954a2bbfcf,2026-03-11 22:44:52+00:00,organic_search,CN,desktop,medium,student,True,zh,Asia/Shanghai,free
075807ff-82bf-5362-ab78-8e8271c06a1f,2026-03-28 08:58:57+00:00,campus_event,GB,desktop,medium,student,True,en,Europe/London,free
e2c30fec-b26c-587a-9569-af0c3003a725,2026-04-11 21:45:21+00:00,social_ads,CN,mobile,medium,early_career,True,zh,Asia/Shanghai,free
07ef0e79-1af7-5691-8825-61251ae5490b,2026-03-30 10:43:17+00:00,referral,BR,desktop,high,early_career,True,pt,America/Sao_Paulo,free
c0ab1e87-15ea-5212-bb61-a40942447890,2026-04-22 18:02:34+00:00,content_marketing,US,mobile,medium,student,False,en,America/New_York,free
0e205756-8c17-56db-9359-92c41e1d03e2,2026-03-21 22:56:26+00:00,content_marketing,CN,desktop,low,early_career,False,zh,Asia/Shanghai,free
68aa4f5a-b002-58a2-a877-358b259253cd,2026-03-08 01:27:10+00:00,social_ads,JP,mobile,high,student,True,ja,Asia/Tokyo,free
c3ac111a-e5ae-5cb6-ac48-3b97ac1dbb64,2026-03-27 05:57:49+00:00,organic_search,US,tablet,medium,early_career,True,en,America/New_York,free
ca805fbd-898b-54b0-8f66-a23175e1addf,2026-04-14 06:02:57+00:00,campus_event,GB,desktop,medium,new_graduate,False,en,Europe/London,free
dabc5d0a-7628-580a-aaa7-08c51f59f77c,2026-03-16 11:08:16+00:00,campus_event,US,mobile,high,new_graduate,False,en,America/New_York,free
2f2e8afc-f70e-5e30-98f2-02a864204475,2026-04-29 07:07:55+00:00,campus_event,CN,desktop,low,student,True,zh,Asia/Shanghai,free
de207af7-dfb7-5cc8-880f-04ca4a086fcc,2026-03-04 20:17:01+00:00,organic_search,US,desktop,high,student,True,en,America/New_York,free
c7368d75-a307-573c-b31e-81c76e3ad074,2026-03-08 15:49:29+00:00,organic_search,CN,desktop,medium,student,True,zh,Asia/Shanghai,free
26d8373f-31f8-5161-9266-7c5d4f345f1f,2026-04-08 02:37:57+00:00,organic_search,GB,desktop,low,new_graduate,True,en,Europe/London,free
2b7cc2ee-f00c-5b20-b333-7f72279495fa,2026-04-08 08:16:26+00:00,organic_search,US,desktop,high,early_career,True,en,America/New_York,free
6f0828c7-e425-5cdc-a46c-35f8f3e7d31f,2026-03-24 08:19:42+00:00,organic_search,US,mobile,high,new_graduate,True,en,America/New_York,free
f5a487bc-d660-5f10-9144-84a970636894,2026-03-21 20:10:13+00:00,content_marketing,US,mobile,low,early_career,True,en,America/New_York,free
0c280505-eadd-5e47-b29a-a9f00bb6a563,2026-03-08 19:36:30+00:00,organic_search,US,tablet,high,student,True,en,America/New_York,free
318c5eb3-c3a8-539e-8035-bd8092861de4,2026-04-18 17:48:09+00:00,campus_event,CN,tablet,high,early_career,False,zh,Asia/Shanghai,free
892a707b-9e90-5de9-8f44-8b40bc418078,2026-03-30 03:40:02+00:00,content_marketing,FR,desktop,high,early_career,True,fr,Europe/Paris,free
8e003b24-6341-5f76-b55d-b4bb4271ccbd,2026-03-12 04:31:45+00:00,social_ads,US,desktop,low,student,True,en,America/New_York,free
5d8cfd62-115e-5fd7-8fa0-6be0bf08e4f9,2026-03-31 14:07:58+00:00,social_ads,CN,desktop,low,new_graduate,True,zh,Asia/Shanghai,free
0bb336d9-d378-5c10-8742-375baa4e1517,2026-05-07 15:45:24+00:00,campus_event,CN,mobile,high,student,False,zh,Asia/Shanghai,free
f888224e-b430-5368-b8d4-e4e65408acdc,2026-03-22 00:36:29+00:00,organic_search,US,tablet,high,student,True,en,America/New_York,free
7c4f17f9-1fc2-5a64-a1bf-7e1d93fd660b,2026-05-04 17:40:12+00:00,social_ads,US,desktop,low,student,True,en,America/New_York,free
1569b80d-e754-5153-b334-d6e7d46c22d5,2026-03-21 20:28:43+00:00,referral,IN,desktop,medium,new_graduate,True,en,Asia/Kolkata,free
156b0b98-11c1-5c7a-811b-02bbecb30e56,2026-03-16 19:58:24+00:00,campus_event,IN,desktop,low,early_career,True,en,Asia/Kolkata,free
2f7783f2-c546-53f1-b394-04ba752aa99e,2026-03-21 23:37:24+00:00,referral,GB,tablet,medium,student,False,en,Europe/London,free
d27261f3-1f2f-5aec-8ea7-f8c0b016f61f,2026-03-26 07:19:40+00:00,content_marketing,CN,mobile,medium,early_career,True,zh,Asia/Shanghai,free
11858b3d-4510-559f-b267-ea8b068c3ebc,2026-03-12 07:43:42+00:00,social_ads,IN,mobile,low,early_career,True,en,Asia/Kolkata,free
002bab17-00e5-5b77-bf7b-55ed08b03968,2026-04-13 13:07:23+00:00,campus_event,DE,mobile,medium,new_graduate,True,de,Europe/Berlin,free
7a4fee7d-d5a3-5a0f-a9d1-02feed602fae,2026-03-27 00:11:25+00:00,campus_event,DE,desktop,medium,early_career,True,de,Europe/Berlin,free
089ce751-4307-5701-b73d-77ea20e119f9,2026-04-22 13:06:39+00:00,campus_event,CA,desktop,medium,early_career,True,en,America/Toronto,free
d5c01406-de4e-5fc5-b598-b0dc6740ff44,2026-04-06 21:04:42+00:00,campus_event,US,mobile,high,student,True,en,America/New_York,free
9193f48e-6c3c-599c-8d82-39f64cf930a5,2026-04-03 13:02:17+00:00,campus_event,JP,mobile,low,early_career,False,ja,Asia/Tokyo,free
b16e769f-dcc0-5eca-8fc8-fac884cd6370,2026-04-05 11:58:00+00:00,referral,GB,desktop,low,student,True,en,Europe/London,free
6d501a9d-9d5d-541e-9a08-ec499269e216,2026-03-14 18:49:05+00:00,organic_search,GB,desktop,medium,student,True,en,Europe/London,free
2b91d2a5-bf10-57d7-ab47-2672c3b68e88,2026-04-22 04:31:47+00:00,campus_event,IN,desktop,medium,student,False,en,Asia/Kolkata,free
f677fe53-3e76-5643-acab-811b52c92b44,2026-03-11 04:28:28+00:00,organic_search,JP,desktop,low,new_graduate,True,ja,Asia/Tokyo,free
ebfee51e-70ed-5b74-b566-f986ab7f0bf0,2026-04-22 18:51:05+00:00,social_ads,CN,desktop,high,early_career,False,zh,Asia/Shanghai,free
8b7a2e13-a109-5cbc-a3ae-327e525c761e,2026-05-11 23:36:40+00:00,campus_event,IN,desktop,low,student,True,en,Asia/Kolkata,free
a16b3a7e-4eb8-5496-b8fc-16daf0121ac1,2026-04-25 17:10:50+00:00,campus_event,IN,mobile,low,new_graduate,True,en,Asia/Kolkata,free
1e9823c8-3111-565d-a597-768c515e3496,2026-04-04 10:03:46+00:00,social_ads,IN,mobile,high,student,False,en,Asia/Kolkata,free
36b9aad5-979a-52e2-9c94-10e7ef2ee195,2026-03-25 16:46:17+00:00,social_ads,GB,mobile,high,early_career,True,en,Europe/London,free
8cdd1c4c-f2f9-5b09-8c92-b28f002a828a,2026-05-03 04:54:44+00:00,organic_search,US,mobile,medium,student,True,en,America/New_York,free
8e77e4d9-402b-5d25-b773-5c0d90dcfd26,2026-03-21 17:54:29+00:00,organic_search,US,tablet,low,new_graduate,True,en,America/New_York,free
840bc5b8-092c-5c21-9149-2cdf4de1e52e,2026-04-06 06:48:51+00:00,organic_search,CN,tablet,medium,new_graduate,True,zh,Asia/Shanghai,free
f5341b36-1b57-5fd4-92f1-2c2e04015b76,2026-04-26 04:33:56+00:00,content_marketing,IN,desktop,low,student,True,en,Asia/Kolkata,free
f6b66342-b3a4-5f7c-be95-e58b5ee59c02,2026-05-06 15:25:26+00:00,organic_search,IN,desktop,medium,early_career,True,en,Asia/Kolkata,free
d0de1334-2d5b-5d8b-9c1d-eac45f025525,2026-05-06 13:06:10+00:00,content_marketing,GB,desktop,medium,early_career,False,en,Europe/London,free
2313e304-2a18-5a9f-93cc-fa504ab811d7,2026-03-10 01:19:45+00:00,organic_search,GB,tablet,medium,new_graduate,True,en,Europe/London,free
51aa1ca3-6b9f-5634-8443-b989a327061e,2026-05-04 23:31:25+00:00,campus_event,CN,desktop,medium,new_graduate,True,zh,Asia/Shanghai,free
3df55a3d-cfd0-573b-aa7a-adabbc847823,2026-03-11 20:48:55+00:00,social_ads,US,desktop,high,early_career,True,en,America/New_York,free
a4c4450b-c334-5f9f-a25c-423697b2e94a,2026-04-13 07:53:32+00:00,campus_event,IN,mobile,low,student,True,en,Asia/Kolkata,free
38d78586-378a-5d8b-9b4b-6b98d6e4eaca,2026-05-07 03:28:14+00:00,campus_event,DE,mobile,low,student,True,de,Europe/Berlin,free
ae31a634-f29b-5f17-bab2-185278f256a5,2026-04-18 04:21:31+00:00,campus_event,IN,mobile,high,new_graduate,True,en,Asia/Kolkata,free
eb968b70-aa4f-519d-a9a3-3e36b289338c,2026-05-08 09:02:53+00:00,content_marketing,DE,mobile,low,new_graduate,True,de,Europe/Berlin,free
ab2b0eb7-735b-5f93-a6ad-83ab24e1fd62,2026-03-27 18:13:01+00:00,social_ads,AU,mobile,low,new_graduate,False,en,Australia/Sydney,free
d41b6ef8-fccd-5027-ac84-cf3403518e8f,2026-03-25 17:10:18+00:00,organic_search,CN,tablet,low,new_graduate,False,zh,Asia/Shanghai,free
9a72086e-1923-5c49-9207-48babf134716,2026-03-26 12:12:45+00:00,organic_search,IN,desktop,medium,new_graduate,False,en,Asia/Kolkata,free
3669b731-ee5d-579a-b16e-a9487614e87b,2026-03-28 12:09:09+00:00,campus_event,CN,tablet,medium,student,True,zh,Asia/Shanghai,free
1a7f6082-1a83-5497-b9de-9555e7ac843f,2026-04-20 02:43:35+00:00,social_ads,CN,mobile,medium,student,True,zh,Asia/Shanghai,free
13bcb2ae-a6c4-5cf5-a2cd-bca47bdab02d,2026-04-04 05:15:26+00:00,social_ads,US,desktop,medium,student,True,en,America/New_York,free
314edbd3-232a-5ede-bb8c-c8aeb7587f67,2026-04-23 21:10:59+00:00,social_ads,US,tablet,medium,student,True,en,America/New_York,free
1c3dc9d4-c109-54c3-89a0-0dafc9302c72,2026-04-01 17:09:48+00:00,social_ads,US,tablet,low,early_career,True,en,America/New_York,free
f64588c9-02c6-5edc-bcff-02acfc18f87b,2026-03-25 05:35:34+00:00,campus_event,IN,mobile,high,early_career,True,en,Asia/Kolkata,free
30851da3-5144-54c5-8aa5-8a8fb4940527,2026-03-17 02:42:52+00:00,campus_event,US,tablet,high,student,True,en,America/New_York,free
e88ca4df-661f-5b8e-a065-ee1255165607,2026-04-11 00:33:03+00:00,campus_event,CN,desktop,medium,new_graduate,True,zh,Asia/Shanghai,free
bd1b3f5c-7ad4-57d2-9fb0-8afb62a83a25,2026-05-04 23:42:33+00:00,campus_event,CN,desktop,medium,student,True,zh,Asia/Shanghai,free
8d9704f7-b904-5600-80c6-42b30f64c503,2026-05-02 06:26:53+00:00,referral,CN,desktop,high,new_graduate,False,zh,Asia/Shanghai,free
bf45eb11-373f-5d5d-9c67-bae4084fbb5d,2026-03-21 11:28:37+00:00,social_ads,DE,tablet,low,early_career,True,de,Europe/Berlin,free
6ce3db98-e186-5a9d-ab06-e9a16c488b38,2026-04-05 22:57:43+00:00,content_marketing,CN,mobile,medium,student,True,zh,Asia/Shanghai,free
cde328a8-831e-5224-83b7-91d2b1a731c2,2026-04-21 15:55:50+00:00,organic_search,US,tablet,high,early_career,True,en,America/New_York,free
a3c0145c-ca8c-5091-8dc4-e32298813822,2026-04-15 06:10:26+00:00,campus_event,AU,mobile,low,student,True,en,Australia/Sydney,free
4dac356d-e5ca-5360-92d0-eab998ff7ae5,2026-03-08 15:12:34+00:00,campus_event,GB,mobile,low,student,False,en,Europe/London,free
a011ec5b-cb71-53c3-9c94-d4ec55c4cbdc,2026-04-13 18:47:32+00:00,social_ads,IN,desktop,medium,new_graduate,True,en,Asia/Kolkata,free
d6897af4-4dbe-5b05-9e11-63a2adfb8cf2,2026-03-06 16:10:18+00:00,organic_search,GB,desktop,medium,early_career,True,en,Europe/London,free
56481670-6b03-5181-9596-7c7a2069836b,2026-03-12 00:55:19+00:00,social_ads,US,mobile,medium,new_graduate,True,en,America/New_York,free
f3c43db4-c7a7-5226-b5f6-ff6791eb83c1,2026-04-18 02:34:38+00:00,social_ads,GB,mobile,low,early_career,True,en,Europe/London,free
b33af989-c34f-5554-866f-c54db95857fb,2026-03-11 01:49:05+00:00,content_marketing,US,desktop,medium,early_career,True,en,America/New_York,free
049aa762-c04b-55e0-bc00-2d2b47591275,2026-03-27 09:24:35+00:00,social_ads,CN,tablet,low,new_graduate,False,zh,Asia/Shanghai,free
6b14f304-8173-50d1-b355-33eeea3264de,2026-04-13 14:26:01+00:00,organic_search,US,mobile,high,student,True,en,America/New_York,free
5c7c2652-90bc-592a-be7a-b1c341f18150,2026-04-18 05:26:25+00:00,social_ads,GB,desktop,low,student,True,en,Europe/London,free
5ff92042-cf23-514c-98cc-010b3facd6f0,2026-04-03 18:07:47+00:00,social_ads,US,tablet,low,new_graduate,True,en,America/New_York,free
c53c8f72-9a79-5f66-9c37-1e52f84ef442,2026-03-10 11:41:55+00:00,organic_search,US,mobile,medium,new_graduate,False,en,America/New_York,free
a25da42a-d426-5b97-ab25-10f235793e03,2026-04-28 03:19:00+00:00,social_ads,US,mobile,low,student,True,en,America/New_York,free
e59353b8-ff6c-5a01-9f48-8b63cefcf116,2026-05-08 12:57:12+00:00,social_ads,IN,desktop,medium,student,True,en,Asia/Kolkata,free
033c3eef-16a1-5369-ae39-5a1d0bddb04c,2026-05-04 07:43:11+00:00,organic_search,US,desktop,low,student,True,en,America/New_York,free
f4e0ecbd-c873-5a16-ad55-2d5300bd8f22,2026-04-24 15:32:22+00:00,social_ads,CN,desktop,medium,student,True,zh,Asia/Shanghai,free
f1abfd72-f3ab-5865-9c32-f6de7af8cb13,2026-03-31 18:04:29+00:00,social_ads,US,mobile,low,new_graduate,True,en,America/New_York,free
59e2d0b9-fa6b-5ded-ab16-fad28f12d746,2026-05-03 11:05:53+00:00,campus_event,GB,mobile,medium,early_career,True,en,Europe/London,free
6987c1af-bbc1-5381-b4ad-95ac3ddae1be,2026-04-06 16:25:03+00:00,social_ads,US,tablet,low,early_career,False,en,America/New_York,free
1b57a2dc-f458-5e5b-8f62-d7bdbcdb7b51,2026-03-13 09:59:41+00:00,organic_search,BR,tablet,medium,early_career,True,pt,America/Sao_Paulo,free
a26f849a-2af3-58c4-bd6a-43b17412cdf9,2026-05-01 16:30:22+00:00,content_marketing,US,desktop,low,new_graduate,True,en,America/New_York,free
30509e83-540c-5a3c-b387-f5b7d918ac2d,2026-03-26 02:11:10+00:00,social_ads,US,tablet,high,student,True,en,America/New_York,free
b608330c-cab4-5346-a966-9422966446e9,2026-05-07 18:29:22+00:00,organic_search,US,desktop,medium,new_graduate,True,en,America/New_York,free
0c206ae7-3fbd-5f01-b19b-40588b514faf,2026-03-29 09:58:39+00:00,referral,US,desktop,low,early_career,True,en,America/New_York,free
6022bf87-865c-58f5-be76-3e4e1849ffcd,2026-05-02 23:43:03+00:00,organic_search,CN,mobile,low,new_graduate,False,zh,Asia/Shanghai,free
f213cd38-6830-596b-9fce-0a75fdbe8efe,2026-04-10 01:33:27+00:00,campus_event,US,tablet,low,new_graduate,True,en,America/New_York,free
43b2b58b-a450-591e-bd4e-93e6f1dc67cf,2026-04-05 06:00:18+00:00,campus_event,DE,tablet,low,new_graduate,True,de,Europe/Berlin,free
22da8b7f-9503-5d46-947d-292a647b312e,2026-03-24 11:36:50+00:00,content_marketing,CN,mobile,medium,student,False,zh,Asia/Shanghai,free
afe171ae-8b92-5b13-9bfb-162e5d7b9713,2026-04-30 15:55:25+00:00,content_marketing,US,desktop,medium,student,True,en,America/New_York,free
372be368-81ab-5198-9218-f49ce9e7ae31,2026-03-08 04:24:15+00:00,organic_search,CN,desktop,high,student,True,zh,Asia/Shanghai,free
028b415c-f151-5e73-9d44-78859e2de443,2026-04-05 08:27:12+00:00,campus_event,US,desktop,high,student,True,en,America/New_York,free
f4e42047-313c-569b-934f-9fb0e88f4815,2026-03-29 10:51:44+00:00,organic_search,US,mobile,low,early_career,True,en,America/New_York,free
db4f222b-ab73-54c4-8f31-0b8b0a77714d,2026-04-10 11:51:21+00:00,campus_event,US,mobile,low,student,True,en,America/New_York,free
057f3326-2c17-5904-9c0b-151089f988ab,2026-03-21 13:32:00+00:00,social_ads,US,desktop,low,student,True,en,America/New_York,free
b650ed3d-2a09-5c43-93da-ac043750982b,2026-04-18 20:33:51+00:00,organic_search,US,mobile,low,early_career,True,en,America/New_York,free
66c3ef71-4bfa-5b92-9cc9-8966950e29c1,2026-03-30 15:05:07+00:00,organic_search,BR,mobile,medium,early_career,True,pt,America/Sao_Paulo,free
deec3fb6-c57f-5356-b2a6-ad704ff59bda,2026-03-16 23:32:40+00:00,organic_search,IN,mobile,low,new_graduate,True,en,Asia/Kolkata,free
5a2462e5-952b-5c82-bcf2-f1ddd9caf623,2026-03-17 14:09:53+00:00,organic_search,CA,desktop,low,student,False,en,America/Toronto,free
d7445540-70cd-590e-936f-e9d58d3d6d70,2026-04-21 01:24:44+00:00,organic_search,US,desktop,low,student,True,en,America/New_York,free
9792b949-2467-5c46-98dd-158c65fbc504,2026-03-22 01:42:00+00:00,content_marketing,DE,mobile,medium,new_graduate,True,de,Europe/Berlin,free
a344aa8d-1b39-5b94-8023-c4b58397aec3,2026-03-25 04:48:38+00:00,social_ads,CN,mobile,low,early_career,True,zh,Asia/Shanghai,free
8f7ae6da-ae83-5039-b87f-811ed6a1cadb,2026-04-16 06:13:58+00:00,campus_event,US,desktop,high,student,True,en,America/New_York,free
810efafc-3641-5534-9a7c-9fa37f714c30,2026-03-26 18:07:18+00:00,referral,GB,desktop,medium,early_career,True,en,Europe/London,free
a9078869-e271-5f42-b6ea-4fb24e37f6e8,2026-03-30 18:46:56+00:00,campus_event,US,tablet,medium,new_graduate,False,en,America/New_York,free
cb86f81f-c3da-543b-ba4e-3240e8ad28d6,2026-03-20 20:51:22+00:00,social_ads,CN,mobile,medium,new_graduate,False,zh,Asia/Shanghai,free
6d606fe8-d18f-567b-b113-b3a64f390f84,2026-03-27 19:57:16+00:00,referral,GB,desktop,medium,student,True,en,Europe/London,free
b361417b-3366-5066-9e73-066694409336,2026-04-20 19:14:33+00:00,campus_event,IN,mobile,medium,early_career,True,en,Asia/Kolkata,free
1b041e5c-fdea-588f-a476-ebcc9bf717fa,2026-04-09 20:08:50+00:00,campus_event,CN,mobile,medium,new_graduate,True,zh,Asia/Shanghai,free
2723e50b-1b34-5e5c-b7d3-e5d98e7dc969,2026-05-11 19:54:56+00:00,content_marketing,CN,desktop,medium,student,True,zh,Asia/Shanghai,free
1275848e-d357-5ce6-92fc-f5f7dee8e824,2026-04-26 06:12:02+00:00,social_ads,US,desktop,medium,student,True,en,America/New_York,free
80712566-3bed-5c00-88e5-1cb9a4b5c92e,2026-03-05 03:52:24+00:00,social_ads,AU,tablet,low,student,False,en,Australia/Sydney,free
292583a4-cd30-557d-9276-6770ac30d8bc,2026-03-30 03:24:18+00:00,referral,US,mobile,medium,student,True,en,America/New_York,free
1070a65d-c372-52d4-a35a-ce5b5f561d1a,2026-03-23 23:59:33+00:00,social_ads,US,desktop,medium,student,True,en,America/New_York,free
4a712d2d-301e-567b-9f88-a0a814bb528a,2026-04-13 12:55:55+00:00,referral,US,mobile,medium,student,False,en,America/New_York,free
beaf463b-be04-5e89-acbc-c04d099b88b3,2026-03-22 07:55:41+00:00,organic_search,CA,mobile,high,new_graduate,True,en,America/Toronto,free
8a1e3f46-249c-50d6-9862-0fddd30aca19,2026-05-09 16:01:52+00:00,organic_search,GB,mobile,medium,new_graduate,True,en,Europe/London,free
af039f59-a487-590e-a028-76cde67fc9b1,2026-03-24 15:45:58+00:00,social_ads,CN,desktop,high,new_graduate,False,zh,Asia/Shanghai,free
bb37430f-6934-54d5-81b0-7710fa19ad73,2026-04-09 00:23:55+00:00,organic_search,FR,desktop,medium,new_graduate,True,fr,Europe/Paris,free
d73d6b4b-f416-5755-bdfe-b1045ae5fac2,2026-03-12 11:32:27+00:00,content_marketing,US,desktop,medium,student,True,en,America/New_York,free
148e20fa-7a27-51e3-b14e-5b1494253e13,2026-05-05 18:37:28+00:00,organic_search,DE,tablet,medium,student,True,de,Europe/Berlin,free
31f650f7-5912-5451-916b-77bdee32050d,2026-05-05 22:01:25+00:00,campus_event,US,mobile,low,new_graduate,True,en,America/New_York,free
743b2971-7c2f-51f7-9bda-03e771fb468c,2026-04-27 18:19:17+00:00,organic_search,CN,mobile,low,new_graduate,True,zh,Asia/Shanghai,free
0bf2a1b6-a372-58a7-add3-010d72c4f5e3,2026-03-28 06:17:47+00:00,content_marketing,US,desktop,medium,student,False,en,America/New_York,free
103a193d-6896-57b6-ade1-65c295e09a57,2026-03-08 01:14:16+00:00,social_ads,AU,mobile,low,early_career,True,en,Australia/Sydney,free
f764fa6b-b42b-568d-9e98-2b09f4aec397,2026-04-22 01:21:33+00:00,organic_search,CA,mobile,low,early_career,True,en,America/Toronto,free
ea802685-dd48-5c49-b36e-004c5b8d9b4e,2026-04-02 14:35:14+00:00,organic_search,CN,mobile,high,early_career,False,zh,Asia/Shanghai,free
4216af4c-5188-5d41-8cde-023f6be40950,2026-05-11 08:03:39+00:00,social_ads,US,desktop,medium,new_graduate,False,en,America/New_York,free
1c34a4c6-b25b-5dae-8d6c-fe6dafd510a1,2026-04-21 04:24:54+00:00,content_marketing,US,mobile,low,student,False,en,America/New_York,free
2d0ff755-9b7a-5f6e-bdb6-f3307e5bd73c,2026-04-10 03:58:39+00:00,content_marketing,CN,desktop,low,early_career,False,zh,Asia/Shanghai,free
876fd6bb-427a-5c77-86a2-82f5fc325bf7,2026-05-11 01:59:40+00:00,organic_search,US,desktop,high,early_career,False,en,America/New_York,free
15dc8e48-db64-5eb5-861b-52bd8b3d5c4f,2026-04-28 05:34:43+00:00,social_ads,US,mobile,high,early_career,False,en,America/New_York,free
3eaff8ad-2647-5395-933c-011f9e270ee4,2026-04-04 15:04:15+00:00,organic_search,IN,desktop,medium,early_career,True,en,Asia/Kolkata,free
a06c7ebf-fa68-5198-92ff-651f1f63a900,2026-03-05 07:13:21+00:00,social_ads,IN,desktop,low,early_career,True,en,Asia/Kolkata,free
d50db0d2-ace7-5389-9b16-2fd47d337c5b,2026-03-10 09:39:08+00:00,social_ads,CA,tablet,medium,new_graduate,True,en,America/Toronto,free
f06d15eb-8eb5-50f0-ab6e-dd8c445f1154,2026-04-03 14:47:46+00:00,organic_search,CN,desktop,medium,student,True,zh,Asia/Shanghai,free
531830f9-9201-5a43-8d00-6e17890a47a6,2026-04-11 18:41:12+00:00,campus_event,US,mobile,high,new_graduate,True,en,America/New_York,free
a7462a32-472b-5a75-9a3f-ab76257504f8,2026-03-06 01:55:53+00:00,referral,CN,mobile,medium,new_graduate,True,zh,Asia/Shanghai,free
6284da8b-fe50-5788-830d-7651b85eb7ad,2026-03-12 17:35:21+00:00,organic_search,US,mobile,high,early_career,True,en,America/New_York,free
b9aaee67-c61d-5971-9c36-3f5c15bd5aa4,2026-04-21 14:18:45+00:00,organic_search,IN,desktop,medium,new_graduate,True,en,Asia/Kolkata,free
ba91e0de-31bf-54ba-ade5-4aff1ab6608f,2026-04-24 20:30:58+00:00,organic_search,GB,mobile,high,new_graduate,True,en,Europe/London,free
411abe49-4b3e-5fcc-a586-31de6713e57a,2026-03-06 01:22:02+00:00,organic_search,US,mobile,medium,early_career,True,en,America/New_York,free
0c08fb09-4bf1-5fdd-a831-8069d5e1726a,2026-04-08 00:42:46+00:00,organic_search,US,desktop,medium,new_graduate,True,en,America/New_York,free
ac89c982-53e2-5633-93e9-fd3e9fc91eaf,2026-03-09 14:05:36+00:00,campus_event,DE,mobile,medium,student,True,de,Europe/Berlin,free
26842537-1da2-518c-8155-f943da525428,2026-04-22 22:00:07+00:00,organic_search,CN,tablet,medium,new_graduate,True,zh,Asia/Shanghai,free
22ace38b-e771-59c6-91c5-282e0fbfda73,2026-04-30 13:13:30+00:00,campus_event,CN,desktop,high,student,True,zh,Asia/Shanghai,free
787cd59c-defd-580e-8a95-5f309a15ff6a,2026-05-02 23:39:46+00:00,referral,IN,desktop,medium,student,True,en,Asia/Kolkata,free
97a0885a-aa6f-5ef4-a069-403e51cc8f74,2026-04-14 06:34:38+00:00,content_marketing,CN,mobile,high,new_graduate,False,zh,Asia/Shanghai,free
16ed847f-5bc6-56dc-96eb-53b7570b2e37,2026-04-16 09:32:15+00:00,campus_event,US,mobile,medium,early_career,True,en,America/New_York,free
6aeafee7-e6cd-511c-8eaa-ee40988fcfee,2026-05-06 22:26:03+00:00,organic_search,GB,mobile,medium,student,False,en,Europe/London,free
90d99d19-49bd-5245-ae0c-7932f8c5aba2,2026-04-15 06:11:57+00:00,organic_search,CA,desktop,low,student,False,en,America/Toronto,free
d1501c72-7c12-5396-a88b-3254df0afacb,2026-04-03 19:01:48+00:00,organic_search,US,desktop,low,new_graduate,False,en,America/New_York,free
bc5e4cea-acde-5b32-af71-2110cd4d22a3,2026-04-25 01:34:05+00:00,content_marketing,US,mobile,high,new_graduate,False,en,America/New_York,free
19e3792e-2446-5749-a4ba-08035e03e40d,2026-04-13 18:25:46+00:00,content_marketing,IN,tablet,low,student,True,en,Asia/Kolkata,free
7be0a3c9-4489-5910-9bfb-a5338e36a63a,2026-05-01 03:06:18+00:00,social_ads,IN,desktop,medium,student,True,en,Asia/Kolkata,free
e708dd8b-26fd-5aa8-9b64-91769eb6d105,2026-04-09 04:54:14+00:00,organic_search,CN,tablet,low,new_graduate,True,zh,Asia/Shanghai,free
727cf39d-4112-54ad-a3c9-30c903f022b7,2026-05-02 23:09:10+00:00,social_ads,CN,desktop,medium,early_career,True,zh,Asia/Shanghai,free
206348fa-7452-58c3-9da6-8b6f6171de18,2026-03-07 02:17:41+00:00,organic_search,IN,desktop,high,student,True,en,Asia/Kolkata,free
5ec38b56-2eee-50d5-8d75-f86faff57255,2026-03-06 12:19:41+00:00,content_marketing,CN,mobile,high,new_graduate,False,zh,Asia/Shanghai,free
9c7e2fd0-f536-5b7a-a954-a5766d0dc570,2026-03-10 20:00:27+00:00,organic_search,US,desktop,medium,early_career,True,en,America/New_York,free
0db68bbd-0613-592b-8c26-8fc479763aec,2026-04-11 09:03:03+00:00,social_ads,US,mobile,medium,student,True,en,America/New_York,free
39afa695-b856-5f2b-b314-86f971a08af7,2026-04-21 22:03:49+00:00,social_ads,CN,desktop,low,early_career,False,zh,Asia/Shanghai,free
db1dcafa-0f63-534c-951a-dd212a23753c,2026-03-18 22:08:30+00:00,organic_search,CA,mobile,high,student,True,en,America/Toronto,free
cdcbdf98-df0e-5b46-a37b-b21e1d081b54,2026-03-14 17:55:04+00:00,social_ads,CN,desktop,low,student,True,zh,Asia/Shanghai,free
a5f22f90-55ad-5fa0-8186-9a1fedec028b,2026-05-02 08:43:57+00:00,referral,CN,mobile,high,student,True,zh,Asia/Shanghai,free
5c15e621-5499-5ad5-8be3-352593e4e5c0,2026-04-24 18:53:34+00:00,organic_search,CA,tablet,high,student,True,en,America/Toronto,free
5c1a7f2b-598b-5688-a164-068be078e1f2,2026-04-17 17:44:46+00:00,social_ads,CN,desktop,medium,early_career,True,zh,Asia/Shanghai,free
20fa7355-d298-57a5-8b9a-7f67d294b96d,2026-04-06 16:44:11+00:00,social_ads,CN,desktop,high,new_graduate,True,zh,Asia/Shanghai,free
c00060ac-04b9-5685-8d33-1f800f3eab2b,2026-04-01 23:53:17+00:00,organic_search,US,tablet,medium,early_career,True,en,America/New_York,free
8b3e651e-700b-5853-ba55-d7c757fa86f7,2026-03-05 09:59:37+00:00,organic_search,IN,desktop,low,early_career,True,en,Asia/Kolkata,free
b39c95e5-9b31-5433-9c06-8f2c7bc7b8c1,2026-03-16 23:30:01+00:00,organic_search,IN,mobile,medium,student,True,en,Asia/Kolkata,free
cc51844d-3b33-5653-95c8-afeb83b1a3f5,2026-05-04 21:25:11+00:00,organic_search,GB,mobile,low,early_career,True,en,Europe/London,free
e45e496e-0a19-567b-8a8e-426d570fb96e,2026-03-27 09:25:22+00:00,social_ads,US,tablet,medium,early_career,True,en,America/New_York,free
634257d4-3170-5213-9a33-dddd3b7db7db,2026-04-21 14:43:19+00:00,referral,CN,desktop,medium,student,True,zh,Asia/Shanghai,free
acbaa997-e804-504a-8ae3-f46ccd98de1b,2026-04-21 13:27:20+00:00,campus_event,US,desktop,high,early_career,False,en,America/New_York,free
e96ac306-d6bf-54b4-bd38-bf081ddbcddc,2026-03-25 08:24:09+00:00,content_marketing,FR,desktop,high,early_career,True,fr,Europe/Paris,free
5db58ca7-be4d-54e5-81fb-d88fb0218dfe,2026-03-18 02:25:08+00:00,social_ads,US,desktop,low,new_graduate,True,en,America/New_York,free
42baacc2-1f3c-50aa-9a25-c7b53dce9a1b,2026-04-20 17:23:59+00:00,campus_event,IN,desktop,low,student,True,en,Asia/Kolkata,free
e910028b-604f-5303-a872-02334df4ad76,2026-03-10 10:58:23+00:00,campus_event,IN,tablet,medium,student,True,en,Asia/Kolkata,free
98d55714-51d1-5ba0-9c0a-430ba191196f,2026-04-07 03:25:35+00:00,organic_search,US,desktop,low,early_career,False,en,America/New_York,free
5303b788-cc49-512a-b098-680af826e72e,2026-05-04 06:34:31+00:00,organic_search,CN,desktop,medium,new_graduate,False,zh,Asia/Shanghai,free
d87cbf1d-3010-5af5-8649-af8f2a9c2f45,2026-04-22 01:57:39+00:00,social_ads,US,desktop,medium,early_career,True,en,America/New_York,free
e0e5ba71-981e-5c17-bb7c-033b229469ad,2026-04-25 17:31:55+00:00,campus_event,CN,desktop,medium,early_career,True,zh,Asia/Shanghai,free
ebd7ce9e-726d-5de2-bd21-3387b6d6b057,2026-03-09 17:53:26+00:00,social_ads,AU,mobile,medium,student,True,en,Australia/Sydney,free
c896a7aa-4fb7-516f-8075-faf87ca8c2ea,2026-03-17 18:51:36+00:00,organic_search,CN,desktop,high,early_career,True,zh,Asia/Shanghai,free
c06a6d8d-018d-57f6-8c93-9221be866dde,2026-03-22 23:33:44+00:00,content_marketing,AU,mobile,medium,new_graduate,True,en,Australia/Sydney,free
998e8ac4-7468-55cd-944d-f580cdf4ddfa,2026-03-24 04:04:03+00:00,organic_search,US,mobile,high,new_graduate,True,en,America/New_York,free
e68e647f-2421-5c58-9165-d77896d953e5,2026-03-17 09:23:55+00:00,content_marketing,CN,desktop,high,student,False,zh,Asia/Shanghai,free
02279ee8-bb79-538d-b874-897fe24140d3,2026-05-10 01:44:52+00:00,referral,CA,mobile,medium,student,True,en,America/Toronto,free
a79e9d37-f865-5ef8-a886-18dedbc5a6d8,2026-03-15 09:09:51+00:00,referral,DE,desktop,low,student,False,de,Europe/Berlin,free
916e56fb-561a-58e1-aaf7-39cbb13bbfd0,2026-04-21 20:45:11+00:00,campus_event,US,desktop,high,student,True,en,America/New_York,free
e065c5d5-5fc0-58a7-86e1-1b54174896b8,2026-04-13 11:39:37+00:00,organic_search,IN,tablet,medium,student,False,en,Asia/Kolkata,free
d6f79821-a1c6-50a0-be21-cb5c860c625b,2026-04-15 03:01:26+00:00,campus_event,DE,tablet,medium,student,False,de,Europe/Berlin,free
314e803c-28d4-5c5e-8b7a-bc65af71eed7,2026-03-18 19:27:53+00:00,campus_event,GB,desktop,medium,new_graduate,True,en,Europe/London,free
163fc3bd-3fdf-5b6a-9943-b2da39f05b16,2026-03-25 05:25:56+00:00,campus_event,IN,mobile,medium,early_career,True,en,Asia/Kolkata,free
562d9cf5-7ed4-5620-9602-4d3429c5888f,2026-04-14 20:21:39+00:00,organic_search,US,desktop,low,student,True,en,America/New_York,free
36565098-ee12-595b-9af3-dbe2e3b445dc,2026-03-24 15:21:03+00:00,organic_search,US,mobile,low,student,True,en,America/New_York,free
c5c45f06-1935-5852-9c93-2232d446e111,2026-04-20 21:27:10+00:00,organic_search,IN,mobile,high,new_graduate,True,en,Asia/Kolkata,free
5609f118-d7c1-58e6-bd34-c6f379172abb,2026-03-06 17:27:03+00:00,social_ads,CN,desktop,medium,new_graduate,False,zh,Asia/Shanghai,free
002f5635-6ba0-5146-a9a1-e8b3ca5993da,2026-03-09 00:35:25+00:00,social_ads,US,tablet,high,new_graduate,False,en,America/New_York,free
a5dc5d89-72c5-5420-adc6-52538cef0e19,2026-04-23 06:21:56+00:00,referral,US,mobile,high,early_career,False,en,America/New_York,free
a0761d93-63a6-5e9a-af06-84025e698442,2026-04-15 13:21:10+00:00,campus_event,CN,desktop,medium,student,True,zh,Asia/Shanghai,free
77fb4db6-f448-55ed-896c-17a5f157ead6,2026-03-06 23:29:52+00:00,campus_event,CN,tablet,high,new_graduate,True,zh,Asia/Shanghai,free
dfddcbda-a1fb-51c6-b540-ee0709fd03aa,2026-05-05 00:48:31+00:00,organic_search,CN,mobile,medium,early_career,True,zh,Asia/Shanghai,free
9e7ddc40-4bad-5e09-8227-cf615fbcdc2b,2026-03-04 08:02:36+00:00,social_ads,CN,desktop,low,new_graduate,True,zh,Asia/Shanghai,free
e5a17a0e-0e95-569e-be31-ca7440b0d59b,2026-05-08 22:23:40+00:00,organic_search,US,mobile,high,new_graduate,True,en,America/New_York,free
14240ee3-fcbe-5e4c-8734-952a16ce4f5a,2026-04-23 08:02:36+00:00,organic_search,DE,tablet,high,early_career,True,de,Europe/Berlin,free
16ab84fa-1e77-57bc-bd72-71cc9b21cb8f,2026-05-11 04:21:34+00:00,organic_search,IN,tablet,low,student,True,en,Asia/Kolkata,free
fada91f6-1db9-55a3-a4dc-5d6e4de8bb49,2026-05-08 11:20:04+00:00,organic_search,US,desktop,high,student,True,en,America/New_York,free
064a142e-fdc6-59a6-a054-1381fe1d2edf,2026-03-25 14:32:09+00:00,organic_search,CN,mobile,low,student,True,zh,Asia/Shanghai,free
9433683f-3f01-513d-9e49-bdabeebfa4d6,2026-04-25 04:46:07+00:00,social_ads,CN,tablet,high,early_career,True,zh,Asia/Shanghai,free
bb1c4201-1109-5da8-a480-51964e91470e,2026-03-18 13:16:14+00:00,organic_search,IN,tablet,medium,early_career,True,en,Asia/Kolkata,free
9d6b75af-5ad6-5a03-aa6f-236d9744abef,2026-04-05 13:02:09+00:00,organic_search,IN,desktop,low,student,False,en,Asia/Kolkata,free
c478ffe6-e640-530c-bafb-fca5ecbb03df,2026-03-20 13:37:07+00:00,organic_search,IN,mobile,high,new_graduate,True,en,Asia/Kolkata,free
d1f15dfb-a0c9-5252-884f-39b03bc7649f,2026-04-06 12:53:26+00:00,campus_event,IN,tablet,medium,new_graduate,True,en,Asia/Kolkata,free
8a0a1a79-a4d4-50b7-8f4a-114ece4a8ca5,2026-05-03 04:35:49+00:00,social_ads,US,desktop,low,student,True,en,America/New_York,free
85731893-aa99-5f8b-806c-c2277bad13a0,2026-04-03 02:14:29+00:00,organic_search,US,desktop,high,early_career,True,en,America/New_York,free
6a2d217e-fae2-5cd9-866b-0ce7bfba6b38,2026-03-10 09:00:14+00:00,organic_search,US,mobile,high,student,True,en,America/New_York,free
b2b135b1-ec08-5134-a61e-5aa3a2c9cda1,2026-03-26 09:36:34+00:00,content_marketing,CN,mobile,medium,early_career,True,zh,Asia/Shanghai,free
8522603b-0fb2-59d5-9128-831b6c5ac066,2026-04-27 06:28:53+00:00,social_ads,CN,mobile,medium,early_career,False,zh,Asia/Shanghai,free
1201602f-2d08-5d61-98c4-0a945e5f4a3c,2026-04-08 23:57:30+00:00,campus_event,IN,desktop,low,student,True,en,Asia/Kolkata,free
d6f5e1c5-3b42-5ec6-a0cb-2fc5d923436d,2026-04-11 15:40:09+00:00,social_ads,US,mobile,medium,new_graduate,True,en,America/New_York,free
7e6b1fd2-52ef-5f62-ab59-0da6a475cfd2,2026-04-02 17:59:08+00:00,referral,IN,desktop,medium,new_graduate,True,en,Asia/Kolkata,free
bdb9d001-81ab-5048-9766-6d723d2628eb,2026-03-24 04:50:29+00:00,referral,US,mobile,low,student,False,en,America/New_York,free
f05494e6-0dc1-5711-87d7-5aa5992819b4,2026-04-14 06:33:56+00:00,social_ads,CN,desktop,medium,student,True,zh,Asia/Shanghai,free
fecd343a-43ef-5ba4-8045-d642a51a19a1,2026-04-16 16:23:39+00:00,campus_event,IN,desktop,high,early_career,False,en,Asia/Kolkata,free
40969430-50cc-528d-952b-d8046a95bd19,2026-05-04 23:17:11+00:00,organic_search,US,tablet,high,new_graduate,False,en,America/New_York,free
431b55b8-219e-5f27-99d5-698f0b59a6db,2026-04-15 15:02:44+00:00,campus_event,US,mobile,medium,new_graduate,False,en,America/New_York,free
f7932303-8649-5116-8e74-22e63cb2128f,2026-05-11 15:44:07+00:00,social_ads,CN,desktop,medium,student,True,zh,Asia/Shanghai,free
dd4e4593-cf30-5644-9b57-c87a029620b3,2026-04-30 00:48:40+00:00,organic_search,IN,desktop,high,new_graduate,True,en,Asia/Kolkata,free
187484b6-5eae-5dab-892a-de8184a45954,2026-03-09 10:23:54+00:00,content_marketing,US,mobile,high,new_graduate,False,en,America/New_York,free
7d7720b6-b9ef-5ce2-8218-9baa4aa30c79,2026-03-31 01:26:10+00:00,referral,BR,tablet,low,student,False,pt,America/Sao_Paulo,free
1b86730b-a34f-55b4-b620-4c900a253673,2026-03-30 13:02:07+00:00,organic_search,AU,desktop,medium,student,False,en,Australia/Sydney,free
e3c57627-46c6-54e8-8221-6ee88de2d36c,2026-03-04 05:00:07+00:00,content_marketing,GB,tablet,low,student,False,en,Europe/London,free
6c5a2afb-0f8b-570c-a747-6c3b2075a94c,2026-03-16 11:14:57+00:00,organic_search,US,desktop,low,new_graduate,True,en,America/New_York,free
965e71d8-1337-5675-9486-87372c5a3e3e,2026-04-25 14:10:59+00:00,social_ads,IN,mobile,low,student,True,en,Asia/Kolkata,free
a353a617-28dc-5cd4-a41c-c85e82ef854c,2026-03-28 07:06:40+00:00,referral,US,desktop,medium,early_career,True,en,America/New_York,free
5c06f4e3-96da-55a9-b66b-28653ce57b48,2026-03-14 04:53:11+00:00,organic_search,DE,desktop,high,student,True,de,Europe/Berlin,free
ada8e56d-5380-510b-9151-73f03998efce,2026-03-23 20:03:18+00:00,social_ads,CN,tablet,high,early_career,True,zh,Asia/Shanghai,free
31cf9b78-9168-5474-8e46-5dbac99414cf,2026-03-22 22:54:28+00:00,campus_event,US,desktop,medium,student,True,en,America/New_York,free
c68a5d0d-9311-582b-8812-9a775f509982,2026-03-16 01:01:59+00:00,organic_search,US,tablet,medium,new_graduate,True,en,America/New_York,free
31124f7a-20c6-537c-9232-d13cfef8b5b3,2026-03-10 23:34:25+00:00,social_ads,GB,desktop,low,new_graduate,True,en,Europe/London,free
96b669b3-a412-590c-ae34-41303c78f4d8,2026-04-25 17:18:34+00:00,organic_search,DE,desktop,low,new_graduate,True,de,Europe/Berlin,free
ea12b20e-b8cb-5c0d-80a0-ca45d4f57efb,2026-04-29 21:24:34+00:00,campus_event,CN,tablet,low,early_career,True,zh,Asia/Shanghai,free
ad6add39-022f-5e88-bb38-11b30992d8f7,2026-04-07 05:51:13+00:00,organic_search,CN,mobile,high,student,True,zh,Asia/Shanghai,free
c61e2678-f76b-5a44-93ef-d481b6241d92,2026-04-15 11:12:29+00:00,organic_search,GB,desktop,low,student,True,en,Europe/London,free
3799ace1-56fc-5835-9ad3-69d180886cd9,2026-05-06 10:16:13+00:00,campus_event,GB,mobile,high,student,True,en,Europe/London,free
0f8f8258-0a98-50cc-9e7b-34a9b2ec57c6,2026-05-01 03:27:00+00:00,organic_search,GB,desktop,medium,new_graduate,True,en,Europe/London,free
0c4c1875-a2a8-5c6b-a942-77121d8ab015,2026-03-06 05:58:22+00:00,social_ads,CN,tablet,medium,early_career,True,zh,Asia/Shanghai,free
632708ef-f285-5374-96b0-7e289191817c,2026-05-08 18:05:38+00:00,campus_event,IN,desktop,high,student,True,en,Asia/Kolkata,free
4c9a635b-d36a-5eca-a375-8146457492ed,2026-03-08 14:54:55+00:00,campus_event,DE,mobile,high,early_career,True,de,Europe/Berlin,free
7b76f740-727a-55a5-8c7b-6c9a32181d8b,2026-03-05 20:00:11+00:00,organic_search,US,desktop,low,student,True,en,America/New_York,free
7934c6ec-4982-55e4-93bb-fd5802f04b51,2026-03-31 19:49:14+00:00,referral,CN,mobile,high,early_career,False,zh,Asia/Shanghai,free
a662ad67-772b-5c9c-8c35-b80604b9f394,2026-04-24 11:07:56+00:00,campus_event,US,tablet,low,student,True,en,America/New_York,free
f39f773d-0d0a-561b-bfce-3b8fe3e1c2f7,2026-03-09 12:56:20+00:00,organic_search,CN,mobile,high,early_career,False,zh,Asia/Shanghai,free
c12d5ca3-bfbb-52c3-ab38-2b84e30c8564,2026-03-24 05:11:23+00:00,campus_event,GB,desktop,low,new_graduate,True,en,Europe/London,free
cbea2d3d-5a7e-53d3-b7f0-2d113126dfec,2026-03-22 03:04:47+00:00,campus_event,US,desktop,medium,early_career,True,en,America/New_York,free
e0e214cf-18fc-54b5-9017-7b8d4869f94a,2026-03-31 10:03:47+00:00,campus_event,CN,desktop,medium,new_graduate,False,zh,Asia/Shanghai,free
8897a2e4-f7a7-5c62-87dc-9250fbfe9934,2026-05-11 00:51:53+00:00,social_ads,US,tablet,high,student,True,en,America/New_York,free
94e220e3-4507-5c2d-9a66-beaef223310b,2026-03-26 20:49:19+00:00,campus_event,DE,desktop,high,early_career,True,de,Europe/Berlin,free
af5d1b6d-daa7-5e42-a592-b72dbc7e7f86,2026-03-18 10:02:12+00:00,content_marketing,GB,mobile,low,new_graduate,True,en,Europe/London,free
7b51b8ee-af17-5ff3-b70a-fefc6c9475b2,2026-03-12 10:33:09+00:00,social_ads,CN,desktop,high,student,True,zh,Asia/Shanghai,free
a5a63c3d-f380-5a16-b8f9-b777553bbcde,2026-03-17 16:04:57+00:00,referral,IN,tablet,medium,new_graduate,True,en,Asia/Kolkata,free
a8a39cc7-d6df-5183-9868-21c965d8abad,2026-03-13 04:28:35+00:00,campus_event,US,mobile,low,early_career,True,en,America/New_York,free
d16e58f3-769c-59d6-af85-db3126b5e14a,2026-04-12 13:56:55+00:00,referral,GB,mobile,low,new_graduate,True,en,Europe/London,free
571af21b-ed07-56ac-8e44-e3343aac0760,2026-04-02 00:21:29+00:00,content_marketing,IN,tablet,low,student,True,en,Asia/Kolkata,free
bc49c983-66a6-5b86-a597-73ff6810bfa4,2026-04-07 08:41:05+00:00,organic_search,US,tablet,low,early_career,False,en,America/New_York,free
a6a1f2f5-bb1b-5d12-a4ea-8994d81a4d5c,2026-04-30 10:02:04+00:00,organic_search,JP,mobile,medium,student,True,ja,Asia/Tokyo,free
417ae90a-a94a-5656-8317-9c9af025f27d,2026-04-13 01:12:19+00:00,social_ads,US,mobile,low,student,False,en,America/New_York,free
a393364c-d099-57bd-b5a3-04fbbf49f267,2026-03-14 16:57:38+00:00,social_ads,IN,mobile,medium,student,True,en,Asia/Kolkata,free
ebfbe32d-3768-52df-9641-29ca96491ed4,2026-03-29 23:52:24+00:00,social_ads,US,desktop,low,student,True,en,America/New_York,free
e6ea9d3a-426f-5ce8-a61e-6c7a2c934ac2,2026-03-25 13:37:54+00:00,campus_event,IN,desktop,medium,new_graduate,True,en,Asia/Kolkata,free
9e533d01-2575-56ad-8978-6c9413fe0a2e,2026-04-30 01:07:05+00:00,content_marketing,US,mobile,low,student,True,en,America/New_York,free
3d22fdc0-4760-5d3d-84df-a37e27e09ee2,2026-03-25 04:25:51+00:00,social_ads,US,mobile,medium,student,True,en,America/New_York,free
ff29dcc3-c73c-5484-9e5f-45986eb2fca1,2026-03-13 13:29:20+00:00,campus_event,CN,desktop,medium,student,True,zh,Asia/Shanghai,free
6202b28c-4620-5446-bbea-ac659dc4008d,2026-04-23 18:49:30+00:00,organic_search,AU,desktop,high,early_career,True,en,Australia/Sydney,free
2f3c0166-79e4-538f-a873-1087666d5076,2026-04-02 13:25:04+00:00,social_ads,US,mobile,high,new_graduate,True,en,America/New_York,free
533b330a-4e7f-5111-bf28-eacbfaae7da0,2026-03-10 14:44:54+00:00,organic_search,IN,desktop,medium,new_graduate,True,en,Asia/Kolkata,free
620c8e74-696b-5d34-947f-220b82c9efaf,2026-04-20 14:14:43+00:00,social_ads,CN,mobile,high,new_graduate,True,zh,Asia/Shanghai,free
45ad831e-ae89-5e3e-b31e-1e4277b5f820,2026-03-18 12:36:24+00:00,social_ads,GB,mobile,medium,student,True,en,Europe/London,free
7815eea6-d999-5721-96e8-61e1616c8ad9,2026-05-02 21:47:57+00:00,campus_event,US,desktop,high,early_career,True,en,America/New_York,free
84bf4c10-b3b9-5eae-bf69-3e0bc5f3ae77,2026-04-30 10:33:13+00:00,campus_event,CN,desktop,low,student,True,zh,Asia/Shanghai,free
8a56e116-6289-5b2c-8e9b-cd08a2f4841c,2026-03-29 12:00:37+00:00,social_ads,FR,desktop,low,student,True,fr,Europe/Paris,free
8182c081-58cd-527e-a9f5-352796223f33,2026-04-11 08:03:56+00:00,organic_search,US,desktop,low,student,False,en,America/New_York,free
ae026484-4be1-57c3-9ecd-af45f8af3c4c,2026-04-12 04:11:11+00:00,organic_search,CN,mobile,high,student,False,zh,Asia/Shanghai,free
5c939311-a5af-5c61-9944-ada6e8521651,2026-04-18 02:04:29+00:00,content_marketing,DE,mobile,low,student,True,de,Europe/Berlin,free
7af84dd1-0cdc-5061-9e7c-3b120e08e582,2026-03-08 18:29:43+00:00,content_marketing,US,tablet,low,new_graduate,True,en,America/New_York,free
5c1dc0a9-cd3f-5b80-91d4-e60d118d6c9b,2026-03-26 09:56:51+00:00,organic_search,CN,desktop,medium,student,False,zh,Asia/Shanghai,free
8102c42e-6b0b-5d18-8f84-a19e60768178,2026-03-15 18:02:53+00:00,organic_search,US,mobile,high,student,True,en,America/New_York,free
df5dda89-6c36-51c0-b107-bf434f6f9910,2026-04-21 03:03:13+00:00,social_ads,GB,desktop,medium,new_graduate,True,en,Europe/London,free
43f06e5d-9507-5b47-80cc-ed99dba7fc53,2026-03-08 18:29:33+00:00,campus_event,BR,mobile,medium,new_graduate,True,pt,America/Sao_Paulo,free
8f54e250-191c-5006-b469-b55f2c612c1b,2026-04-08 16:05:07+00:00,social_ads,IN,desktop,low,early_career,True,en,Asia/Kolkata,free
f3a69ec3-2393-56c7-8d1e-188c93a055a8,2026-04-23 05:22:13+00:00,organic_search,IN,mobile,high,student,True,en,Asia/Kolkata,free
9ae07e03-1108-575d-8f37-bfac2bc3c77a,2026-05-08 10:30:46+00:00,social_ads,CN,mobile,low,early_career,False,zh,Asia/Shanghai,free
b4211f8b-e3b3-507d-8e4f-4f81e9fa506e,2026-03-23 21:01:37+00:00,organic_search,US,desktop,low,new_graduate,True,en,America/New_York,free
3767ee52-078d-5e6e-900a-0a79991e9fe2,2026-03-04 13:12:11+00:00,organic_search,US,tablet,medium,new_graduate,True,en,America/New_York,free
fb4a419c-fb0e-5a7a-81ee-717d713b1639,2026-04-22 22:31:18+00:00,organic_search,US,desktop,low,student,True,en,America/New_York,free
02f0f13f-3612-57dd-b21f-49ba199030d4,2026-03-04 02:33:39+00:00,campus_event,US,desktop,medium,new_graduate,True,en,America/New_York,free
b734d83f-14b5-526d-9f45-2b0c20680029,2026-03-08 13:57:18+00:00,social_ads,IN,mobile,medium,student,False,en,Asia/Kolkata,free
680768cb-89db-59a1-a27e-f058f582d94c,2026-05-11 08:15:26+00:00,organic_search,US,mobile,low,new_graduate,False,en,America/New_York,free
8ee613ed-5610-5bb2-a2b4-231b62fe54c6,2026-05-02 12:22:43+00:00,social_ads,US,desktop,low,new_graduate,False,en,America/New_York,free
8023747f-0008-591f-8803-7285fd59c05d,2026-04-21 19:41:07+00:00,social_ads,CN,desktop,low,student,True,zh,Asia/Shanghai,free
0c663c91-fd1f-5603-800c-8d7cc9aa3d50,2026-04-30 15:38:15+00:00,campus_event,US,desktop,low,student,False,en,America/New_York,free
02dfe1d8-7668-582b-bf24-3b3b31929f6f,2026-03-09 04:46:54+00:00,content_marketing,US,tablet,high,early_career,True,en,America/New_York,free
1e9e51a2-1ffb-55b1-be2c-9a3e52d7b57c,2026-03-10 03:15:56+00:00,organic_search,US,mobile,medium,new_graduate,True,en,America/New_York,free
247a3235-8dca-5196-9c25-531e4ad61e5e,2026-03-24 18:10:21+00:00,referral,US,desktop,low,new_graduate,True,en,America/New_York,free
8f87b0e6-b886-52fe-b9a9-2d3c065b1d25,2026-03-05 15:20:25+00:00,campus_event,CN,desktop,low,early_career,True,zh,Asia/Shanghai,free
b39079fb-a1a0-5dc1-8f03-32a2a5556b9e,2026-05-04 07:02:44+00:00,campus_event,GB,tablet,high,student,True,en,Europe/London,free
770f09cc-e913-5adf-8f65-41b63de5ff87,2026-03-07 21:12:50+00:00,social_ads,DE,tablet,high,new_graduate,True,de,Europe/Berlin,free
65408192-b4ef-5f1f-a8d7-422d700556df,2026-04-10 12:55:48+00:00,organic_search,GB,desktop,high,early_career,False,en,Europe/London,free
77520186-65e1-5b9a-ace3-e64d28289728,2026-05-01 21:36:40+00:00,organic_search,IN,mobile,low,student,True,en,Asia/Kolkata,free
0a722c5c-446c-51d1-b6e2-0f77e2a11f19,2026-04-23 17:08:14+00:00,content_marketing,CA,desktop,medium,student,True,en,America/Toronto,free
5bf3a49c-4f24-549a-bc0a-619c7999cfb6,2026-03-20 04:40:07+00:00,campus_event,CN,desktop,low,early_career,True,zh,Asia/Shanghai,free
7f698d7d-41a9-51f3-a8b2-b35e61f74cbc,2026-04-05 10:52:18+00:00,social_ads,IN,tablet,high,student,True,en,Asia/Kolkata,free
66fe05cf-ab17-5ada-b187-6e2baea5a1de,2026-04-10 19:56:25+00:00,social_ads,CN,tablet,medium,student,True,zh,Asia/Shanghai,free
b94a8cc1-2e9c-5a26-b1c8-7ad630e2b930,2026-04-25 23:40:48+00:00,organic_search,US,desktop,medium,student,True,en,America/New_York,free
4b6f469c-33ff-548e-8631-f65141934966,2026-04-02 09:51:36+00:00,organic_search,US,tablet,low,early_career,True,en,America/New_York,free
4b63aa4b-f3dc-5848-bf84-7f479210097c,2026-03-23 16:01:10+00:00,campus_event,US,mobile,high,new_graduate,True,en,America/New_York,free
5396dcf4-e082-557d-a49a-11b6f4ea24d8,2026-04-27 21:23:23+00:00,social_ads,GB,mobile,low,student,False,en,Europe/London,free
cb0572f1-920c-516b-8ff5-f6c917c29ad8,2026-05-04 04:00:33+00:00,campus_event,US,mobile,high,student,False,en,America/New_York,free
3a0d61b3-ee3a-54ef-a8c2-d0241130c950,2026-04-06 17:36:55+00:00,campus_event,IN,mobile,low,student,True,en,Asia/Kolkata,free
a7b4594e-faeb-525e-aa90-1bf390499411,2026-03-05 22:24:07+00:00,campus_event,DE,tablet,high,new_graduate,True,de,Europe/Berlin,free
a895356c-877c-50f5-8bbf-91ce55b7a84e,2026-04-07 13:05:38+00:00,referral,CN,desktop,low,early_career,True,zh,Asia/Shanghai,free
0e4cdf2d-05e0-56cf-962c-e9af96176a87,2026-05-04 08:39:58+00:00,organic_search,US,mobile,medium,student,True,en,America/New_York,free
71adf038-857c-5475-a239-424f3890fd48,2026-05-11 05:56:09+00:00,campus_event,CN,desktop,high,new_graduate,False,zh,Asia/Shanghai,free
9960fa13-f39f-59f0-a38a-b5e8127cfd1f,2026-03-31 16:06:51+00:00,campus_event,US,mobile,medium,new_graduate,True,en,America/New_York,free
6328f395-b6ca-59b2-b3cb-b470b34d6af2,2026-03-14 08:36:51+00:00,organic_search,JP,desktop,low,early_career,True,ja,Asia/Tokyo,free
d53ed081-f3ef-5e39-92c4-34c1e39e4392,2026-04-12 11:30:05+00:00,organic_search,IN,desktop,medium,new_graduate,True,en,Asia/Kolkata,free
4e8721cf-09f5-563d-b6d4-792ae568cc39,2026-04-30 07:38:43+00:00,organic_search,IN,mobile,low,student,False,en,Asia/Kolkata,free
dfd51a07-b439-508e-b22b-3fdae63ef678,2026-05-08 04:55:40+00:00,organic_search,CN,desktop,medium,new_graduate,False,zh,Asia/Shanghai,free
83977713-ae8b-5398-9d09-45267e2f6a50,2026-03-07 13:41:50+00:00,social_ads,IN,desktop,low,new_graduate,True,en,Asia/Kolkata,free
95d23a53-f5e3-5513-8078-b91996761dd1,2026-03-24 01:08:57+00:00,organic_search,IN,desktop,low,new_graduate,False,en,Asia/Kolkata,free
42267fdb-1025-5a94-9ffc-3752c53f33c7,2026-04-05 22:59:09+00:00,campus_event,US,mobile,low,student,True,en,America/New_York,free
757c2057-6a32-5079-82e8-5158a6072c33,2026-03-10 18:42:33+00:00,organic_search,US,desktop,low,student,True,en,America/New_York,free
ab42e8fd-1e76-51c5-a986-635766441742,2026-05-04 03:46:12+00:00,organic_search,US,desktop,low,student,False,en,America/New_York,free
125722c7-55bc-5b11-be75-a1a50735bfb1,2026-03-11 17:45:11+00:00,organic_search,CN,mobile,medium,student,True,zh,Asia/Shanghai,free
4d25d160-08b2-5b4c-8d89-a30ca28e9f65,2026-04-18 21:35:38+00:00,organic_search,DE,tablet,low,student,True,de,Europe/Berlin,free
f5549e1f-85cd-5e14-8633-c8e21e8c7363,2026-05-06 09:15:00+00:00,content_marketing,IN,mobile,high,student,True,en,Asia/Kolkata,free
6e3f838a-38d9-5e70-aca5-f0f6be7bd753,2026-04-20 06:42:54+00:00,organic_search,CN,desktop,high,student,True,zh,Asia/Shanghai,free
d19d9bda-adc2-5fdc-b27c-6651ef988592,2026-04-25 15:52:12+00:00,organic_search,CA,tablet,medium,student,True,en,America/Toronto,free
b50dcc6e-3d5c-5716-8746-3f4b997c968e,2026-03-22 04:03:11+00:00,organic_search,US,mobile,high,early_career,True,en,America/New_York,free
56e54314-c6b2-57d4-9bdc-c91886cb9ad2,2026-04-30 02:17:22+00:00,social_ads,US,mobile,medium,new_graduate,True,en,America/New_York,free
787465ca-7f04-52be-89f3-346379699190,2026-04-01 21:09:34+00:00,campus_event,CA,mobile,medium,student,True,en,America/Toronto,free
1a825e70-05e8-5997-9c86-c54ed711279d,2026-03-08 05:32:52+00:00,campus_event,CA,desktop,medium,new_graduate,True,en,America/Toronto,free
e41f95ce-31ca-53c5-9489-6dfa9f350c10,2026-03-29 07:03:28+00:00,social_ads,IN,mobile,medium,new_graduate,True,en,Asia/Kolkata,free
dbe77aca-d0e2-5bc9-8862-edefa45a789e,2026-03-28 03:20:07+00:00,campus_event,US,mobile,low,student,False,en,America/New_York,free
5657f52b-5f52-52ad-94ae-bd817a78d7d1,2026-04-08 23:30:34+00:00,social_ads,FR,desktop,medium,new_graduate,True,fr,Europe/Paris,free
ec49de80-6436-5296-ae90-4acfcb341979,2026-03-22 06:33:13+00:00,referral,GB,desktop,low,student,True,en,Europe/London,free
fa1c04a0-94bc-50fe-8957-87db4f9d95eb,2026-04-04 21:26:57+00:00,social_ads,IN,desktop,medium,new_graduate,True,en,Asia/Kolkata,free
f59541a4-931b-5ed6-9236-7c81ee3d5643,2026-04-02 12:43:02+00:00,organic_search,US,mobile,medium,student,True,en,America/New_York,free
2167eead-1ea1-570d-802a-726c22881d99,2026-03-26 13:20:36+00:00,campus_event,CN,desktop,low,new_graduate,True,zh,Asia/Shanghai,free
c2fa8442-cafe-57b7-9a42-c23669dad508,2026-04-21 00:57:17+00:00,referral,GB,mobile,low,student,True,en,Europe/London,free
8b384cda-cd0f-50c9-839f-8c2b97a2c4cf,2026-03-25 01:52:32+00:00,social_ads,DE,mobile,high,student,True,de,Europe/Berlin,free
59bcce5c-50c7-5663-9118-e21299976017,2026-04-25 20:07:59+00:00,content_marketing,CN,desktop,low,new_graduate,False,zh,Asia/Shanghai,free
9e1d9cca-c211-588c-b4ef-1e2a61be2228,2026-03-21 07:24:43+00:00,referral,CN,desktop,low,student,True,zh,Asia/Shanghai,free
3dbd3406-4674-51e4-bbfc-229f69acd51c,2026-05-02 16:14:01+00:00,organic_search,IN,desktop,medium,student,True,en,Asia/Kolkata,free
1b84eb75-7679-513d-b25e-02e8bd15919b,2026-03-29 04:31:04+00:00,campus_event,CN,desktop,high,student,False,zh,Asia/Shanghai,free
8fd3dea6-0567-5572-b7bf-7293fa7d2354,2026-03-06 19:23:35+00:00,campus_event,CN,mobile,medium,new_graduate,False,zh,Asia/Shanghai,free
c5afbb99-11a1-5d53-891b-ba2bb6621d1a,2026-03-14 08:18:10+00:00,social_ads,US,mobile,medium,new_graduate,True,en,America/New_York,free
cacc4571-163f-5de1-89f4-e4d7c955b0af,2026-04-28 15:09:42+00:00,social_ads,US,tablet,high,early_career,True,en,America/New_York,free
d301fd12-9e77-51dc-bd4e-d00b6c26dc05,2026-05-03 04:12:16+00:00,referral,GB,tablet,medium,new_graduate,True,en,Europe/London,free
b4accef6-3603-52fd-9c10-7684ad389d1e,2026-03-18 15:02:18+00:00,campus_event,US,desktop,high,early_career,True,en,America/New_York,free
e3ced2f5-4b89-51a4-857b-b4dd83c3fbad,2026-04-14 13:06:33+00:00,social_ads,US,mobile,medium,student,True,en,America/New_York,free
3a006604-ffda-5f90-a50c-5ff20a68da8e,2026-04-12 15:07:03+00:00,organic_search,CA,mobile,high,new_graduate,True,en,America/Toronto,free
503fcffb-19b5-5f6d-8213-d8268df5a871,2026-03-13 05:33:00+00:00,social_ads,IN,mobile,medium,student,True,en,Asia/Kolkata,free
5dc24b80-f65d-5122-b4b4-8f12a76596e7,2026-04-04 04:30:14+00:00,content_marketing,US,desktop,low,student,True,en,America/New_York,free
b322de22-e11d-5f66-9381-a629c83c5449,2026-04-20 21:01:50+00:00,campus_event,US,desktop,low,new_graduate,True,en,America/New_York,free
8e382ae5-510c-5a1d-8d12-1094e6c97ce2,2026-05-09 17:33:36+00:00,organic_search,GB,mobile,low,early_career,False,en,Europe/London,free
4c0b42f5-d7c7-5a0e-af76-65c6209e272e,2026-05-01 11:44:07+00:00,referral,CN,mobile,medium,early_career,True,zh,Asia/Shanghai,free
28b3e41c-7e1c-5eba-ac18-8aee68f8ed3b,2026-03-10 18:00:43+00:00,referral,CN,desktop,high,student,False,zh,Asia/Shanghai,free
ecff9d76-915f-52ce-9d6a-241abac2a27a,2026-03-20 09:21:31+00:00,social_ads,CN,desktop,high,new_graduate,True,zh,Asia/Shanghai,free
edbcfb88-ea98-581b-8d44-1a295b698a61,2026-04-03 03:11:37+00:00,organic_search,US,mobile,high,student,True,en,America/New_York,free
00c34c21-61ed-5865-ac89-2845d1a219d2,2026-03-14 09:23:39+00:00,social_ads,IN,mobile,medium,new_graduate,True,en,Asia/Kolkata,free
ccfec929-5382-5fdd-8a26-8ecf22e37a8e,2026-04-12 09:03:33+00:00,organic_search,US,mobile,high,student,True,en,America/New_York,free
1c023b9f-a977-5c23-bbc5-3dff38245880,2026-03-04 14:16:11+00:00,organic_search,CN,desktop,medium,student,True,zh,Asia/Shanghai,free
fbf1f776-4373-54e2-8238-e4c1fa6d9b79,2026-03-11 19:59:31+00:00,campus_event,US,desktop,low,student,True,en,America/New_York,free
916ec2c9-1c1d-5ae2-a0d8-de915a7110e7,2026-03-07 06:14:46+00:00,content_marketing,US,mobile,medium,early_career,True,en,America/New_York,free
5062dc68-1f3c-5cb3-8e12-0850a214e9f4,2026-03-24 09:19:38+00:00,social_ads,US,mobile,medium,student,True,en,America/New_York,free
186d085a-6a66-5903-ad83-5f94a342d320,2026-04-25 14:17:16+00:00,referral,DE,desktop,low,student,False,de,Europe/Berlin,free
53cc3a72-8e26-57c2-b59b-c7c8a4bca475,2026-03-16 05:33:45+00:00,content_marketing,US,mobile,low,student,True,en,America/New_York,free
b307ae9a-e510-50dc-a2a0-44d429524267,2026-05-11 02:46:49+00:00,organic_search,US,desktop,low,new_graduate,False,en,America/New_York,free
9a49edeb-e022-580f-9661-715ba6843e2d,2026-03-22 14:21:41+00:00,organic_search,US,mobile,low,student,False,en,America/New_York,free
59cca7b2-02eb-5350-9c64-2d985467e4cc,2026-03-07 02:19:17+00:00,campus_event,IN,desktop,low,new_graduate,True,en,Asia/Kolkata,free
63f86eb8-a302-555b-86be-48ad63b2a7cb,2026-03-27 03:34:34+00:00,campus_event,CN,mobile,high,student,True,zh,Asia/Shanghai,free
31f76c52-a8ff-5a80-b63c-61ed869a9f70,2026-04-24 14:48:18+00:00,social_ads,BR,tablet,medium,student,True,pt,America/Sao_Paulo,free
113d5c97-6226-540f-ab3c-0b1eea2b1558,2026-03-11 08:36:56+00:00,campus_event,IN,desktop,high,student,True,en,Asia/Kolkata,free
ab34882f-f5be-52f9-b72b-e39a1b374515,2026-03-08 23:00:12+00:00,campus_event,CN,desktop,low,student,False,zh,Asia/Shanghai,free
2a44440e-2f0b-5338-b07f-c46566db9c74,2026-05-01 14:30:46+00:00,campus_event,IN,desktop,high,new_graduate,False,en,Asia/Kolkata,free
a873c06e-e917-54b9-b34d-ffdbb2422abd,2026-04-13 20:34:18+00:00,campus_event,US,desktop,high,student,True,en,America/New_York,free
fbe8669d-903c-5823-a69d-101d56015e56,2026-03-27 16:24:49+00:00,organic_search,FR,tablet,high,new_graduate,False,fr,Europe/Paris,free
0866bb05-db28-55fd-8775-a917a4766bc7,2026-04-25 04:03:37+00:00,organic_search,FR,tablet,medium,student,True,fr,Europe/Paris,free
77e6fdcd-c8e7-596f-b944-d89cdbbf01df,2026-05-01 06:12:09+00:00,organic_search,US,desktop,medium,student,True,en,America/New_York,free
ca695e52-4877-5c8d-b9a7-1d902aa0a513,2026-03-28 18:50:31+00:00,content_marketing,IN,tablet,medium,student,True,en,Asia/Kolkata,free
cb6c5b8e-a44c-58ba-9af7-18986afea72e,2026-04-11 17:18:59+00:00,content_marketing,US,desktop,medium,new_graduate,True,en,America/New_York,free
752c509d-4b3f-5c0e-a1db-bc49614633f7,2026-03-04 18:06:27+00:00,campus_event,CN,mobile,high,student,True,zh,Asia/Shanghai,free
de4874c6-b40a-5eaf-a607-568453844ccd,2026-03-25 02:57:18+00:00,organic_search,GB,mobile,low,new_graduate,True,en,Europe/London,free
4e7fe682-f1b9-5d5b-ab55-fea438029da9,2026-04-14 01:37:59+00:00,social_ads,BR,desktop,low,early_career,True,pt,America/Sao_Paulo,free
ced95f64-0727-59d9-8b2c-78db27c138a3,2026-03-17 14:23:54+00:00,organic_search,US,mobile,high,student,False,en,America/New_York,free
2a4932b9-1c27-568e-9bf2-3f2ca5fe0b1c,2026-05-11 09:30:02+00:00,social_ads,IN,mobile,low,student,True,en,Asia/Kolkata,free
f1a5916d-095c-59ba-8bc0-76f4de83e0cc,2026-05-10 00:12:45+00:00,organic_search,IN,desktop,medium,student,True,en,Asia/Kolkata,free
65981dd6-3e92-5dab-875f-01fa709768a5,2026-03-21 18:36:51+00:00,referral,US,tablet,low,student,True,en,America/New_York,free
857ab538-898c-58b2-bce7-62b5ed6a4106,2026-03-31 08:22:36+00:00,organic_search,IN,desktop,medium,student,True,en,Asia/Kolkata,free
3d3cb328-f6fd-51a4-8f4a-49d8b7bbc141,2026-03-17 01:47:50+00:00,campus_event,IN,desktop,low,new_graduate,True,en,Asia/Kolkata,free
86a542a1-c665-5451-9447-b007bb11864b,2026-04-07 18:32:28+00:00,content_marketing,GB,tablet,medium,new_graduate,True,en,Europe/London,free
30e3626b-e3a7-5e1c-9aff-9d688b8e0106,2026-03-12 13:13:15+00:00,campus_event,AU,desktop,high,new_graduate,True,en,Australia/Sydney,free
f6b3d499-31e7-5ecb-8587-ce3d50ee5c7f,2026-03-30 23:24:35+00:00,organic_search,US,desktop,high,student,True,en,America/New_York,free
5860ade3-d0fe-5a68-ba82-db45a2ad64d4,2026-04-11 07:30:10+00:00,content_marketing,US,desktop,low,new_graduate,True,en,America/New_York,free
4d310b7e-1514-5e30-a894-818db6780201,2026-04-15 05:12:52+00:00,campus_event,US,desktop,medium,early_career,True,en,America/New_York,free
caf0f00b-6c38-54c7-a6bc-82caa30db3fd,2026-04-14 03:42:46+00:00,social_ads,US,desktop,high,new_graduate,True,en,America/New_York,free
c0ae3932-f387-548f-a44f-814bf77eb98e,2026-03-19 06:40:12+00:00,campus_event,CN,desktop,low,new_graduate,True,zh,Asia/Shanghai,free
dde29310-740a-55b0-9b32-fd8a051c21d4,2026-04-27 16:00:00+00:00,referral,DE,mobile,low,new_graduate,True,de,Europe/Berlin,free
fce756ba-bfd3-5dfa-84ae-25ec828727f5,2026-04-20 17:32:09+00:00,social_ads,CN,mobile,medium,new_graduate,False,zh,Asia/Shanghai,free
ad9b32d0-09c7-58e9-8563-d3d79864c6a8,2026-04-24 23:05:20+00:00,social_ads,IN,tablet,high,student,True,en,Asia/Kolkata,free
3460a1b0-e84f-5543-882e-760280ba13cb,2026-04-05 06:45:56+00:00,social_ads,CN,tablet,medium,new_graduate,True,zh,Asia/Shanghai,free
f6a26969-bfbd-5dec-9a35-06331cec3d5c,2026-05-04 14:02:54+00:00,organic_search,US,desktop,low,new_graduate,False,en,America/New_York,free
ddc2799c-f2e6-558c-8452-f707dd3b0e87,2026-03-30 21:36:16+00:00,campus_event,GB,tablet,high,student,True,en,Europe/London,free
a2158580-6f36-5613-946f-3a8a33867463,2026-04-28 14:21:33+00:00,organic_search,IN,tablet,high,student,False,en,Asia/Kolkata,free
12a8e815-3acc-56fa-a347-e390956f2719,2026-03-18 01:02:38+00:00,social_ads,CN,tablet,medium,student,True,zh,Asia/Shanghai,free
ad2e6ab3-9457-5b9f-95f9-75d9f33910b2,2026-03-21 01:28:26+00:00,social_ads,CA,mobile,medium,new_graduate,True,en,America/Toronto,free
7e4e1bdf-33e5-5f37-94ec-909f83737dc2,2026-04-09 08:17:21+00:00,organic_search,CN,desktop,high,student,False,zh,Asia/Shanghai,free
8eeeae4d-e0a9-5934-925f-5e527ae67bd8,2026-04-11 08:31:57+00:00,social_ads,US,desktop,medium,early_career,True,en,America/New_York,free
43770853-ca2c-5455-ad44-6f6c4684fa98,2026-04-24 11:43:59+00:00,campus_event,CN,tablet,high,early_career,True,zh,Asia/Shanghai,free
20d39fc7-6bf4-51a9-b7aa-eb440b5effd5,2026-03-24 12:30:50+00:00,organic_search,IN,mobile,medium,early_career,True,en,Asia/Kolkata,free
4b49771c-c826-5bb9-9de7-d64515df07fb,2026-05-03 05:06:31+00:00,organic_search,CN,tablet,low,student,True,zh,Asia/Shanghai,free
a60cc016-37d0-5e9e-9562-a5017e947b8c,2026-03-26 18:07:27+00:00,referral,GB,mobile,high,new_graduate,True,en,Europe/London,free
ea80e1b3-576f-5eb9-a181-1d6d58f64826,2026-04-09 20:36:26+00:00,content_marketing,CN,desktop,medium,early_career,True,zh,Asia/Shanghai,free
7a8be8ee-1dcc-5a60-b393-cb9e247da064,2026-05-07 07:17:58+00:00,social_ads,CN,desktop,low,new_graduate,False,zh,Asia/Shanghai,free
fd6175db-bf14-5224-b303-e45b59bf7a0b,2026-04-10 05:14:56+00:00,organic_search,DE,tablet,medium,student,True,de,Europe/Berlin,free
a3850449-d588-55ea-87a3-dff37084a821,2026-04-20 01:13:09+00:00,organic_search,CN,desktop,high,early_career,True,zh,Asia/Shanghai,free
ce4dbcd7-e1d7-5f3d-ad8a-9338037c8e9a,2026-05-05 16:40:56+00:00,organic_search,CN,mobile,low,new_graduate,True,zh,Asia/Shanghai,free
697dbd32-0cbe-5890-bf6d-45713e06835c,2026-05-10 05:55:17+00:00,social_ads,US,tablet,high,new_graduate,True,en,America/New_York,free
91652e6c-84ca-51ba-b6f4-2536ca1679bb,2026-04-07 11:01:04+00:00,content_marketing,CN,desktop,low,early_career,True,zh,Asia/Shanghai,free
b3b54182-4668-5cd5-af0c-542681c89284,2026-04-01 18:24:24+00:00,campus_event,CN,desktop,medium,early_career,True,zh,Asia/Shanghai,free
d3122039-eae8-57d1-9036-3fd4663e3581,2026-03-17 14:07:01+00:00,organic_search,US,mobile,high,new_graduate,False,en,America/New_York,free
aa20abb9-3ada-552e-9017-94cb2ae1bb78,2026-04-10 01:59:46+00:00,content_marketing,CN,mobile,high,student,True,zh,Asia/Shanghai,free
2c545b45-20b6-555e-8dfb-7399944583d8,2026-05-06 08:46:05+00:00,social_ads,US,mobile,high,new_graduate,True,en,America/New_York,free
e5872b3c-ec5f-52f3-8bd1-d646963758fa,2026-04-06 14:39:46+00:00,organic_search,US,desktop,medium,new_graduate,True,en,America/New_York,free
7346c342-b968-5831-94d4-647fbe22edd1,2026-03-28 01:04:45+00:00,social_ads,CN,desktop,medium,new_graduate,True,zh,Asia/Shanghai,free
8228e2a4-fe04-5b73-b40f-57e2cbc529c7,2026-03-11 09:40:01+00:00,organic_search,US,desktop,medium,student,True,en,America/New_York,free
4eb21245-5ef5-55a4-b778-e7ef3961f667,2026-03-30 21:23:48+00:00,referral,IN,desktop,medium,new_graduate,True,en,Asia/Kolkata,free
8ce188f1-751d-5aec-b0ec-cfc6a14b64ba,2026-03-20 07:58:41+00:00,social_ads,IN,desktop,medium,new_graduate,True,en,Asia/Kolkata,free
8b8fc6cd-75fa-5650-8d03-f3e3f3971e96,2026-05-10 09:26:16+00:00,campus_event,US,mobile,medium,early_career,True,en,America/New_York,free
120469fb-2457-5650-bc62-57189787bb20,2026-04-09 09:45:55+00:00,social_ads,US,desktop,medium,early_career,False,en,America/New_York,free
ba221d15-e405-5b10-8f23-d9760973295b,2026-03-13 10:50:59+00:00,content_marketing,CN,mobile,medium,student,False,zh,Asia/Shanghai,free
4695c4b2-a52f-50bb-aa69-5f9bff2fbd66,2026-03-08 15:34:17+00:00,campus_event,US,tablet,medium,new_graduate,True,en,America/New_York,free
73a1b95e-838e-5185-87a9-0b2440c4af2e,2026-05-01 16:49:51+00:00,social_ads,CN,mobile,medium,new_graduate,True,zh,Asia/Shanghai,free
21d08898-fce9-56bc-b99f-4b3be1ccff12,2026-05-07 06:30:02+00:00,organic_search,IN,mobile,low,new_graduate,False,en,Asia/Kolkata,free
d3543d8e-1ca4-5c5a-ae97-77bbd14dd4c1,2026-04-25 15:32:00+00:00,content_marketing,IN,desktop,medium,student,True,en,Asia/Kolkata,free
5eac1543-a8e5-512c-81dc-831f6c80a382,2026-03-12 13:05:05+00:00,social_ads,CN,mobile,low,new_graduate,True,zh,Asia/Shanghai,free
01ad888d-76af-5fcd-868e-c133d42f582d,2026-03-10 18:45:37+00:00,organic_search,BR,desktop,high,new_graduate,True,pt,America/Sao_Paulo,free
d019946c-8347-5835-8330-a9860334561a,2026-03-17 15:51:21+00:00,referral,US,desktop,low,new_graduate,True,en,America/New_York,free
b5049e99-06e6-5591-a8bd-389910927ea3,2026-04-24 19:52:54+00:00,organic_search,DE,mobile,high,early_career,False,de,Europe/Berlin,free
644c1570-4bfb-5c06-8039-6d28075c6d69,2026-04-25 19:22:18+00:00,organic_search,GB,desktop,low,early_career,True,en,Europe/London,free
06057e3c-3f5a-53eb-ac9b-20cb824a868f,2026-04-30 19:28:33+00:00,social_ads,CN,desktop,high,early_career,True,zh,Asia/Shanghai,free
c4288e4f-f306-5141-a91a-674b08db648b,2026-03-10 16:31:23+00:00,organic_search,US,mobile,medium,early_career,True,en,America/New_York,free
3f04e5df-8835-5d1e-9fb2-e0c10b034bbd,2026-03-14 13:43:17+00:00,social_ads,US,mobile,high,new_graduate,True,en,America/New_York,free
77fbb359-339b-5e63-8ffe-8ee4007ce05c,2026-05-05 02:51:36+00:00,organic_search,CA,desktop,high,early_career,False,en,America/Toronto,free
8482ce19-fefd-5d1e-b4c1-9aadb7dc2749,2026-05-07 02:00:01+00:00,organic_search,US,desktop,medium,early_career,True,en,America/New_York,free
2a6ec322-aae7-503e-aec8-8d732ef33934,2026-04-23 01:45:37+00:00,organic_search,DE,desktop,low,new_graduate,False,de,Europe/Berlin,free
a6864e95-998f-5eb8-8f7e-ad1866507130,2026-03-11 07:35:56+00:00,organic_search,CN,mobile,medium,student,True,zh,Asia/Shanghai,free
0f65b41c-06f6-50d2-8eb5-84b87525558d,2026-03-08 17:38:09+00:00,content_marketing,CN,mobile,medium,student,False,zh,Asia/Shanghai,free
761c0045-855d-5954-b810-8eed1c0603b4,2026-03-07 20:03:06+00:00,social_ads,IN,desktop,high,new_graduate,False,en,Asia/Kolkata,free
2aa93e22-22b0-5a31-9f07-307eca2bcf50,2026-04-20 17:41:54+00:00,social_ads,US,mobile,high,new_graduate,True,en,America/New_York,free
d0c72c1d-cac3-5908-b46f-034aeaeba2ed,2026-05-01 08:55:16+00:00,social_ads,CN,tablet,medium,new_graduate,False,zh,Asia/Shanghai,free
7381f247-a1cf-5736-b4a5-5008aa9671df,2026-04-16 13:58:35+00:00,campus_event,BR,mobile,medium,early_career,True,pt,America/Sao_Paulo,free
4b1a0435-1214-5587-92e3-2e24d08dac60,2026-03-22 02:02:28+00:00,organic_search,US,mobile,medium,early_career,True,en,America/New_York,free
5362c407-a0c5-5eaf-ad57-3c2db8cb21aa,2026-04-25 06:10:13+00:00,organic_search,CA,mobile,medium,student,True,en,America/Toronto,free
520d1a42-afff-539b-a166-44adedac0dbc,2026-03-08 01:55:09+00:00,campus_event,AU,tablet,medium,student,True,en,Australia/Sydney,free
bf2a9791-d950-5c01-a3be-f70569bb3bf0,2026-04-30 03:29:43+00:00,social_ads,US,tablet,medium,new_graduate,False,en,America/New_York,free
6d0a1d97-3246-50f7-b25f-437baf0e5ca8,2026-05-04 12:57:29+00:00,campus_event,CN,desktop,high,student,False,zh,Asia/Shanghai,free
79c10f73-6f63-5f3a-b1c4-92c70d78f171,2026-04-22 13:35:17+00:00,referral,US,desktop,low,early_career,True,en,America/New_York,free
4bfbdae4-fc00-5b21-8570-39cfad5f582b,2026-05-03 16:03:41+00:00,referral,IN,desktop,high,early_career,False,en,Asia/Kolkata,free
83f52073-68a1-5e21-aa3f-60d70b5c40c4,2026-04-13 10:42:27+00:00,organic_search,JP,mobile,medium,new_graduate,True,ja,Asia/Tokyo,free
3eeee5b3-d3d7-53cc-8272-242c7fbcd9e9,2026-04-05 07:36:41+00:00,organic_search,DE,desktop,low,new_graduate,True,de,Europe/Berlin,free
1c197e30-6994-5d75-91df-45ed53573cd6,2026-03-26 05:59:56+00:00,organic_search,CA,tablet,medium,early_career,False,en,America/Toronto,free
0f3df9ba-baaf-5692-b954-089f91ef7317,2026-05-06 14:21:00+00:00,campus_event,US,desktop,low,early_career,True,en,America/New_York,free
15aaa42a-28e2-574b-96b5-1d13dd2595ed,2026-04-21 02:41:05+00:00,content_marketing,CN,mobile,medium,new_graduate,False,zh,Asia/Shanghai,free
89011a82-f524-5a0e-99fd-c2c811c7daf8,2026-03-17 03:27:30+00:00,content_marketing,US,desktop,high,early_career,True,en,America/New_York,free
a64ee589-749a-5833-bf6e-c403a0ec0909,2026-05-09 00:44:40+00:00,organic_search,DE,mobile,low,new_graduate,True,de,Europe/Berlin,free
24f1b425-fd23-5f88-ac26-9c783819ab26,2026-03-08 02:02:34+00:00,referral,US,desktop,low,student,True,en,America/New_York,free
ef90b83c-96ef-5a17-a182-c9c36d3c2758,2026-04-13 12:56:08+00:00,social_ads,US,mobile,medium,new_graduate,True,en,America/New_York,free
e7474312-8b95-5b8e-99d8-5e424b76f1c1,2026-03-17 03:32:21+00:00,referral,US,mobile,low,early_career,True,en,America/New_York,free
837630ad-b46d-5a62-b0aa-be7c8dcd811e,2026-04-18 20:09:17+00:00,social_ads,US,desktop,low,early_career,True,en,America/New_York,free
54673f35-7fd5-5092-a277-43204af8d5de,2026-04-01 11:21:07+00:00,organic_search,US,mobile,medium,student,True,en,America/New_York,free
fc0085b7-2572-5b82-805f-e010bc15ed88,2026-04-03 03:53:01+00:00,organic_search,US,tablet,medium,student,False,en,America/New_York,free
57da2784-b077-56e6-ad9b-8e9298fe358c,2026-04-19 08:04:28+00:00,content_marketing,DE,mobile,high,new_graduate,True,de,Europe/Berlin,free
2bc28725-751a-50ce-9b57-8e21786a0ca2,2026-04-25 04:08:08+00:00,social_ads,GB,mobile,medium,early_career,True,en,Europe/London,free
68193b24-25ec-5c50-a437-7c80d300243c,2026-03-30 05:21:00+00:00,social_ads,US,mobile,medium,new_graduate,True,en,America/New_York,free
abed1845-0072-5d57-b425-36ff90aca246,2026-05-11 20:08:12+00:00,social_ads,GB,tablet,medium,student,True,en,Europe/London,free
1e824c83-7af7-538d-82f2-28f4987fd232,2026-04-07 09:28:11+00:00,social_ads,CN,mobile,low,early_career,True,zh,Asia/Shanghai,free
3b0be250-f664-51ad-a7a7-c8f3812f6403,2026-03-15 01:36:15+00:00,content_marketing,GB,tablet,medium,new_graduate,True,en,Europe/London,free
c3babfb5-8dad-570a-82b2-dd35890861da,2026-03-04 10:35:45+00:00,organic_search,US,mobile,medium,early_career,True,en,America/New_York,free
7bde3184-8933-5bdc-84b6-cc4ab2e2fe58,2026-03-17 23:10:58+00:00,organic_search,CN,desktop,high,early_career,False,zh,Asia/Shanghai,free
fb832728-c5b6-55ac-8370-14af67d34662,2026-04-20 16:27:03+00:00,campus_event,CN,desktop,low,student,True,zh,Asia/Shanghai,free
fd9df83a-f2be-5be0-a5c6-befca5c72455,2026-04-10 05:18:31+00:00,social_ads,US,mobile,medium,early_career,True,en,America/New_York,free
39e659d6-5e52-58e2-afb2-d0c2341e02b4,2026-03-27 07:26:49+00:00,organic_search,CN,mobile,medium,new_graduate,True,zh,Asia/Shanghai,free
b6e65740-0075-5fe0-aa9a-2dca08678bf3,2026-04-06 05:09:26+00:00,organic_search,GB,mobile,low,early_career,True,en,Europe/London,free
d92fcd39-bed8-53b8-980f-b9726a80eb78,2026-04-30 19:56:04+00:00,organic_search,GB,tablet,high,student,True,en,Europe/London,free
7f35c88d-4856-5768-b4e0-d9993a13995a,2026-04-12 10:31:09+00:00,organic_search,CN,mobile,low,early_career,True,zh,Asia/Shanghai,free
a5bf5aa7-bd06-56e1-bf8b-88051a5d0954,2026-03-08 00:12:26+00:00,organic_search,CN,desktop,high,student,True,zh,Asia/Shanghai,free
58ffb9ba-c698-5eef-bf11-3f14ecbcfd74,2026-03-07 09:15:58+00:00,organic_search,GB,mobile,medium,student,False,en,Europe/London,free
2922439a-1bf6-56b4-b28f-3dec5090b550,2026-04-06 06:16:31+00:00,campus_event,US,desktop,low,early_career,True,en,America/New_York,free
86415632-4c9f-56a7-9106-56e7d855f763,2026-03-31 21:28:53+00:00,referral,US,mobile,medium,student,False,en,America/New_York,free
31d6c992-a045-50b3-887e-9381db33ca05,2026-05-01 16:25:47+00:00,referral,CN,tablet,low,student,True,zh,Asia/Shanghai,free
9dff338f-1251-5efd-9df1-95012cbcf216,2026-04-13 05:24:42+00:00,social_ads,US,desktop,medium,early_career,True,en,America/New_York,free
3a960b2d-c246-5d98-b17a-9c9488c92f97,2026-04-25 05:21:47+00:00,organic_search,CN,mobile,high,student,True,zh,Asia/Shanghai,free
d4c73f57-ee0f-5438-bbd7-56658978bf62,2026-04-13 09:04:35+00:00,content_marketing,US,mobile,medium,new_graduate,False,en,America/New_York,free
83d94617-3b39-5ec2-a0d3-77bf2d493317,2026-03-27 19:46:55+00:00,campus_event,CN,desktop,low,early_career,True,zh,Asia/Shanghai,free
878948e0-2ca7-528d-baf4-95b5ef16f4e0,2026-04-18 08:32:41+00:00,social_ads,IN,mobile,medium,new_graduate,True,en,Asia/Kolkata,free
2af9d353-0310-513d-8977-c145a7d285fa,2026-04-15 21:05:07+00:00,organic_search,GB,mobile,medium,student,True,en,Europe/London,free
33624085-2c20-5bc2-9298-d33a4bbaf16f,2026-04-22 16:40:38+00:00,organic_search,IN,mobile,medium,new_graduate,False,en,Asia/Kolkata,free
2ef1616a-90f9-57ff-b739-873e0fec54d4,2026-03-17 01:22:58+00:00,social_ads,CN,desktop,medium,new_graduate,True,zh,Asia/Shanghai,free
a4a8d448-f569-54dc-b0a0-be80de29e271,2026-04-17 06:24:06+00:00,social_ads,BR,desktop,medium,student,True,pt,America/Sao_Paulo,free
f7b6c8b6-2670-5979-9d67-6f9657aab757,2026-03-23 16:44:16+00:00,organic_search,IN,mobile,high,new_graduate,False,en,Asia/Kolkata,free
c380339a-ea40-5d11-841d-a53a3d2476cb,2026-04-27 12:38:32+00:00,content_marketing,CN,desktop,high,student,False,zh,Asia/Shanghai,free
3d473f9d-af63-5e9f-b2ca-c35b3e1bcb8c,2026-04-28 02:21:24+00:00,social_ads,US,desktop,medium,student,True,en,America/New_York,free
b3db0c1f-8f82-5965-a4a1-2b2b6102a10d,2026-04-16 02:36:11+00:00,social_ads,IN,tablet,low,student,True,en,Asia/Kolkata,free
6eb31f79-8b0f-597a-8ee3-4bcc176f8d12,2026-05-08 07:43:54+00:00,organic_search,CN,mobile,medium,early_career,True,zh,Asia/Shanghai,free
fe8630be-a158-5d46-b914-4ebd31baed34,2026-04-10 02:06:44+00:00,campus_event,IN,mobile,medium,student,False,en,Asia/Kolkata,free
2effabf2-d337-591b-9202-1300933e6a19,2026-03-05 17:37:40+00:00,campus_event,GB,tablet,high,student,True,en,Europe/London,free
aa7cdefb-5108-5ba8-a392-e112c435f9c7,2026-04-14 19:51:39+00:00,organic_search,CA,desktop,high,early_career,False,en,America/Toronto,free
b612f2bc-9815-5809-ada8-635c34cda299,2026-04-26 15:51:55+00:00,social_ads,BR,desktop,high,student,True,pt,America/Sao_Paulo,free
d825b08d-83fc-5a61-a55a-78d6af4515e7,2026-03-10 23:34:33+00:00,campus_event,IN,mobile,low,early_career,False,en,Asia/Kolkata,free
8c60f2eb-9b58-5adc-8180-fbd67eb0a09e,2026-03-11 05:13:05+00:00,referral,FR,desktop,medium,early_career,True,fr,Europe/Paris,free
47c33055-31ae-58c4-a6a4-14b3106ecd76,2026-03-22 20:20:49+00:00,organic_search,CA,desktop,high,new_graduate,True,en,America/Toronto,free
d8fbdaee-01c2-58d7-8e71-7d59c190f10d,2026-05-01 06:04:21+00:00,referral,US,mobile,low,student,False,en,America/New_York,free
3dfcfa72-bf50-5c27-8594-db8b9388ab95,2026-04-09 09:22:25+00:00,social_ads,IN,desktop,low,student,False,en,Asia/Kolkata,free
62493a67-d273-5c16-9e9f-37467a2b7bef,2026-05-10 08:59:02+00:00,organic_search,US,mobile,low,student,False,en,America/New_York,free
e873f05c-dca1-556d-9a79-8b9ab9bf80c1,2026-05-03 05:39:59+00:00,organic_search,US,mobile,medium,student,True,en,America/New_York,free
fe90169a-9ae2-53fb-ab5f-e0c68410372c,2026-04-11 06:48:15+00:00,organic_search,US,mobile,medium,new_graduate,True,en,America/New_York,free
8d94a6bb-4626-52dd-8db0-74d60cab56aa,2026-04-19 20:30:32+00:00,organic_search,CN,desktop,low,student,False,zh,Asia/Shanghai,free
7b53322f-3475-5fd2-a48c-7ef1298d9b56,2026-03-26 20:08:19+00:00,social_ads,US,desktop,medium,early_career,True,en,America/New_York,free
7c727616-64b2-5e84-90d8-d65a5caa7357,2026-03-10 05:42:55+00:00,campus_event,US,tablet,high,student,True,en,America/New_York,free
aa3db1e6-5983-52f2-8235-934f017a9491,2026-03-31 12:18:33+00:00,organic_search,US,tablet,high,student,True,en,America/New_York,free
19aee337-403a-53bb-a4e6-75535d7b3340,2026-04-13 20:48:25+00:00,content_marketing,IN,mobile,high,student,True,en,Asia/Kolkata,free
72cb3c94-0e64-5189-891c-ff2a33032cc6,2026-03-16 13:42:38+00:00,organic_search,DE,desktop,high,student,True,de,Europe/Berlin,free
0d20833c-9e50-5601-92d9-1361438a800a,2026-03-19 07:11:52+00:00,social_ads,AU,mobile,medium,early_career,True,en,Australia/Sydney,free
06821d29-6d6f-5279-b48f-bc06e08f2ba6,2026-03-05 00:49:47+00:00,content_marketing,CN,desktop,high,new_graduate,False,zh,Asia/Shanghai,free
4e96da78-7220-5193-9199-cd78fe111426,2026-04-23 15:31:52+00:00,referral,US,desktop,medium,student,True,en,America/New_York,free
82172a42-4b5a-5bba-9402-c1709632dabf,2026-05-05 01:27:15+00:00,campus_event,DE,desktop,high,new_graduate,True,de,Europe/Berlin,free
44210efc-2675-5a0b-b2d2-8b451416c116,2026-04-30 02:14:30+00:00,campus_event,US,desktop,high,new_graduate,True,en,America/New_York,free
bce9cc67-837a-50fb-8c3b-63158349661d,2026-03-30 05:16:29+00:00,organic_search,JP,desktop,medium,early_career,True,ja,Asia/Tokyo,free
675a4d1d-52e6-5383-ad6e-d785d61b67ff,2026-04-13 22:45:47+00:00,organic_search,IN,desktop,medium,student,False,en,Asia/Kolkata,free
f7d47eac-691f-504f-96d7-475fd09b8504,2026-05-09 07:05:29+00:00,social_ads,CN,mobile,low,new_graduate,False,zh,Asia/Shanghai,free
8beb0309-337e-5bf2-8097-00757cecc180,2026-04-13 19:17:46+00:00,organic_search,US,mobile,medium,student,True,en,America/New_York,free
ed5a0bf3-1f31-54f9-862b-58644ca25be4,2026-03-24 09:59:22+00:00,social_ads,US,desktop,low,student,False,en,America/New_York,free
17d91a27-595f-5428-af61-d56090d7d809,2026-03-27 08:42:25+00:00,organic_search,CN,desktop,low,new_graduate,True,zh,Asia/Shanghai,free
1291dc42-83db-5107-8d99-5259bfb7c92c,2026-04-23 04:07:50+00:00,content_marketing,CN,tablet,medium,student,True,zh,Asia/Shanghai,free
7b338502-8476-5f1d-bfca-6b8dfb35f90c,2026-04-03 18:59:23+00:00,referral,GB,desktop,low,new_graduate,False,en,Europe/London,free
69f28b17-b6a6-5ada-bf6b-940f4650d5d9,2026-04-30 18:34:40+00:00,referral,IN,desktop,high,new_graduate,False,en,Asia/Kolkata,free
d82f453f-3007-52a6-ad5b-9c0096bd5250,2026-05-02 14:57:47+00:00,campus_event,CN,mobile,medium,student,True,zh,Asia/Shanghai,free
96783bdd-6f00-5ca4-828e-aa669b4c7268,2026-03-06 11:20:25+00:00,organic_search,US,mobile,high,early_career,True,en,America/New_York,free
60e9f81a-bd56-50d2-9fbc-3b0eb15500a9,2026-04-22 21:49:05+00:00,organic_search,CN,mobile,medium,student,True,zh,Asia/Shanghai,free
8d4ee774-d7e0-50d0-aa5a-61754f43914e,2026-03-29 12:39:09+00:00,campus_event,US,desktop,low,early_career,True,en,America/New_York,free
3965204f-8177-5bba-bebe-fb892d947573,2026-04-08 20:42:42+00:00,campus_event,IN,desktop,low,new_graduate,True,en,Asia/Kolkata,free
f107bc75-c72a-5b57-8fee-3037540de578,2026-03-22 06:29:53+00:00,social_ads,IN,desktop,high,student,True,en,Asia/Kolkata,free
11fd0314-4ad3-5fac-ac56-f1e2c704b44d,2026-03-29 09:47:33+00:00,social_ads,GB,mobile,low,student,True,en,Europe/London,free
bf52ae22-d93a-5bff-bb7d-aa04270fa6c7,2026-03-26 19:06:34+00:00,social_ads,CN,desktop,medium,new_graduate,True,zh,Asia/Shanghai,free
064ee10c-a04d-52e3-8c29-2d0b2b6c5897,2026-03-07 11:25:42+00:00,organic_search,US,desktop,low,early_career,True,en,America/New_York,free
126bc5f9-b691-5ac0-9a2c-04e2cf003135,2026-04-27 00:16:08+00:00,organic_search,GB,desktop,medium,new_graduate,True,en,Europe/London,free
ae502b81-847f-5892-a9c6-2a2e9805085e,2026-03-13 20:49:11+00:00,social_ads,IN,tablet,low,student,True,en,Asia/Kolkata,free
09180f1c-7192-53fc-9358-21a4decc9847,2026-03-29 22:19:18+00:00,campus_event,IN,desktop,medium,student,True,en,Asia/Kolkata,free
9a9c2521-f2ec-5878-b2f4-853b6f0cd1eb,2026-03-17 07:38:57+00:00,content_marketing,CN,desktop,low,early_career,False,zh,Asia/Shanghai,free
a0298fda-f2ad-55a8-94ec-715b0da6420a,2026-03-15 01:58:08+00:00,social_ads,DE,tablet,high,early_career,True,de,Europe/Berlin,free
2a6444bc-d32e-560f-84e0-69eb89b3ede6,2026-03-29 18:19:22+00:00,campus_event,US,mobile,low,student,True,en,America/New_York,free
dd85c8ea-e5f1-58b2-8ad8-e5ca8605fb94,2026-05-06 09:28:33+00:00,referral,CN,mobile,low,early_career,True,zh,Asia/Shanghai,free
411200e0-150c-51f9-a4fd-e702b5e5296c,2026-05-08 03:30:05+00:00,organic_search,GB,mobile,low,new_graduate,True,en,Europe/London,free
043b5fc4-0a0b-5def-a68c-c6f8febcb93c,2026-03-30 08:05:43+00:00,campus_event,US,desktop,high,new_graduate,True,en,America/New_York,free
b79563d0-9d34-5b0a-8da1-5daeb1e04404,2026-04-07 20:32:01+00:00,social_ads,GB,mobile,medium,new_graduate,False,en,Europe/London,free
dba5891f-5732-5fb2-bae3-6f05912316c8,2026-05-11 00:18:59+00:00,social_ads,CN,desktop,medium,student,False,zh,Asia/Shanghai,free
f1dba744-e084-5dd8-a300-10548b5973e5,2026-03-20 04:53:42+00:00,organic_search,US,tablet,medium,student,True,en,America/New_York,free
69c5661d-a082-5549-b0ac-b97a3c722dfe,2026-05-08 04:26:07+00:00,content_marketing,US,desktop,high,new_graduate,True,en,America/New_York,free
43148060-43f5-5f59-ae84-9e1a8fac15b3,2026-03-11 07:07:19+00:00,content_marketing,GB,mobile,low,early_career,False,en,Europe/London,free
6341a2da-606c-5fd3-befa-18b252283217,2026-03-19 14:00:51+00:00,organic_search,GB,mobile,high,new_graduate,True,en,Europe/London,free
c8cb0310-2460-5733-a01b-5870afc6af42,2026-03-27 08:14:01+00:00,organic_search,US,desktop,high,student,True,en,America/New_York,free
0c79d8bb-4bf7-541f-9967-3497fc875fa3,2026-03-06 13:24:40+00:00,organic_search,US,desktop,low,student,True,en,America/New_York,free
14413702-b1fa-533f-a20c-c53f75da7f0c,2026-04-29 06:50:58+00:00,campus_event,US,mobile,low,new_graduate,True,en,America/New_York,free
fbbd5948-b281-5036-808d-3c34c575fc0a,2026-05-02 00:34:06+00:00,social_ads,US,desktop,medium,new_graduate,True,en,America/New_York,free
7712ab0e-0320-57c6-ab06-325cc001709e,2026-03-30 10:48:55+00:00,organic_search,IN,tablet,low,student,False,en,Asia/Kolkata,free
5829e046-df81-5e46-aa3b-947fff333139,2026-04-30 17:03:17+00:00,referral,US,desktop,low,student,True,en,America/New_York,free
5483f63b-3ec9-5a23-9b71-e35035bbb517,2026-04-26 07:16:09+00:00,social_ads,US,mobile,medium,new_graduate,False,en,America/New_York,free
6aa9711f-3122-5a66-bb90-9a3bd2faf1b0,2026-04-28 07:07:38+00:00,social_ads,US,mobile,low,student,False,en,America/New_York,free
420a1377-b34d-514e-b46a-54f6f40256d7,2026-04-28 09:16:44+00:00,social_ads,CN,mobile,medium,student,False,zh,Asia/Shanghai,free
21690091-e6a7-5327-8867-9c69f9f3dda9,2026-04-12 13:41:10+00:00,social_ads,IN,mobile,medium,new_graduate,False,en,Asia/Kolkata,free
93484911-8b27-57b2-a3d7-4b1d3540f41d,2026-03-11 15:31:08+00:00,social_ads,IN,mobile,medium,student,True,en,Asia/Kolkata,free
f1fee8ae-9af1-5c74-9fcd-ead72e180af6,2026-05-06 17:17:35+00:00,organic_search,CN,mobile,medium,student,True,zh,Asia/Shanghai,free
64083d44-9787-52b7-aefb-fe1f497aa38e,2026-04-14 23:56:24+00:00,social_ads,FR,mobile,medium,student,True,fr,Europe/Paris,free
d3304c2b-bab4-5c28-8f44-882d7d315d6f,2026-05-05 04:29:36+00:00,content_marketing,CN,mobile,medium,student,True,zh,Asia/Shanghai,free
5bd2628a-4db9-5c08-863b-fd649085184f,2026-05-09 04:15:46+00:00,social_ads,DE,desktop,high,early_career,True,de,Europe/Berlin,free
4bee48cf-7bc0-5e53-a5fa-fb5f4444712d,2026-03-16 21:56:27+00:00,content_marketing,IN,desktop,medium,new_graduate,False,en,Asia/Kolkata,free
c955e9e3-d038-5be8-8120-2480fad25375,2026-03-31 17:56:25+00:00,social_ads,US,desktop,medium,student,False,en,America/New_York,free
6e3a2465-20cd-54e9-b939-4d947ddde616,2026-03-17 06:46:11+00:00,campus_event,GB,mobile,high,student,True,en,Europe/London,free
33abc3ba-be17-5532-8f64-cbc9adf166fa,2026-03-07 12:21:47+00:00,organic_search,CN,tablet,medium,student,True,zh,Asia/Shanghai,free
d8b95549-6ac3-5a9b-a253-ebba49c65a23,2026-05-09 16:22:07+00:00,campus_event,IN,desktop,low,early_career,True,en,Asia/Kolkata,free
cb5351ac-ab48-5408-bdfb-a005973a803c,2026-05-06 16:59:20+00:00,organic_search,US,mobile,low,new_graduate,True,en,America/New_York,free
abe92dc0-0a0b-5de6-9ce3-ff13929067c5,2026-05-07 06:57:52+00:00,organic_search,CN,desktop,medium,new_graduate,False,zh,Asia/Shanghai,free
7864ff8c-5510-5694-9210-7fbe2deee9f6,2026-05-03 23:21:03+00:00,organic_search,DE,mobile,medium,student,True,de,Europe/Berlin,free
aa52319d-6ca7-5f08-a65e-f0f911943f6e,2026-04-17 18:22:07+00:00,organic_search,US,mobile,high,early_career,True,en,America/New_York,free
142c0e1e-6877-55ec-b679-3737976c4bbb,2026-04-09 00:39:57+00:00,content_marketing,US,mobile,medium,early_career,False,en,America/New_York,free
2e015198-6662-50db-9e13-c586822adb40,2026-05-11 09:52:49+00:00,content_marketing,US,mobile,low,student,True,en,America/New_York,free
38fba538-eb4b-5c45-982e-6b06a7467c4d,2026-04-11 02:31:51+00:00,campus_event,CN,mobile,high,student,False,zh,Asia/Shanghai,free
0e3a94d8-dafc-5285-bd68-d1da08803670,2026-04-17 07:51:57+00:00,organic_search,GB,desktop,medium,student,True,en,Europe/London,free
cdcff819-c557-5f9e-8ed7-a9678a5b9e73,2026-03-18 14:38:34+00:00,referral,IN,mobile,high,new_graduate,True,en,Asia/Kolkata,free
5396a87c-a0fb-53d2-b80f-a52f5361a6d4,2026-04-24 12:32:54+00:00,campus_event,CA,desktop,high,student,True,en,America/Toronto,free
283d0b06-adac-5698-b385-c5e8c4a0c542,2026-04-29 13:00:36+00:00,organic_search,CN,tablet,medium,student,False,zh,Asia/Shanghai,free
cad1f21d-7064-5727-981a-b521acb20da9,2026-04-19 19:38:30+00:00,social_ads,CN,mobile,medium,new_graduate,True,zh,Asia/Shanghai,free
4af9088a-6c10-5901-84d2-3aae2e2f0f78,2026-04-07 09:40:52+00:00,campus_event,US,desktop,medium,new_graduate,False,en,America/New_York,free
e5357c36-ac8a-5be2-a0b8-aa675ebb2310,2026-03-17 15:40:09+00:00,organic_search,US,desktop,medium,student,False,en,America/New_York,free
6449848f-be19-50f4-b061-403c904ec285,2026-03-06 08:06:04+00:00,social_ads,IN,mobile,medium,new_graduate,False,en,Asia/Kolkata,free
0da31997-c497-5fc1-911f-ceccac73ceeb,2026-04-16 06:49:31+00:00,campus_event,US,tablet,low,student,False,en,America/New_York,free
